text,label
"10/16/20, 4:43 PM - Group creator created group ""AFRICA NATION""",1
"10/16/20, 4:43 PM - You were added",1
J'ai besoin de personnes 30 demain matin,1
Travail de chantier,1
9h à 18h,1
Метро Люблино,1
Sortie 3 du métro,1
Après le bus Numéro 657,1
Улица Краснодонская дом 40,1
La payé est chaque jour 2700 rouble payé après le travail.,1
Intéressé écrit ton nom sur la liste,1
1,1
2,1
3,1
4,1
5,1
6,1
7,1
8,1
9,1
10,1
11,1
12,1
13,1
14,1
15,1
16,1
17,1
18,1
19,1
20,1
21,1
22,1
23,1
24,1
25,1
26,1
27,1
28,1
29,1
30,1
Ajouter les noms sur la liste,1
Need *40* people tomorrow at the lublino metro exit *1 from *9:00 a.m. to 5:50 p.m. 2800 rubles* just after the work Need *40* people tomorrow at the lublino metro exit *1 from *9:00 a.m. to 5:50 p.m. 2800 rubles* just after the work,1
1-leoneal,1
2 Franck,1
3 abbu,1
4 dineal,1
5  Patrick,1
6 Manu,1
7,1
8,1
9,1
10,1
11,1
12,1
13,1
14,1
15,1
16Need *40* people tomorrow at the lublino metro exit *1 from *9:00 a.m. to 5:50 p.m. 2800 rubles* just after the work Need *40* people tomorrow at the lublino metro exit *1 from *9:00 a.m. to 5:50 p.m. 2800 rubles* just after the work,1
1-leoneal,1
2 Franck,1
3 abbu,1
4 dineal,1
5  Patrick,1
6 Manu,1
7,1
8,1
9,1
10,1
11,1
12,1
13,1
14,1
15,1
16,1
17,1
18,1
19,1
20,1
21,1
22,1
23,1
24,1
25-,1
26-,1
27-,1
28-,1
29- ´,1
30-,1
31,1
32,1
33,1
34,1
35,1
36,1
37,1
38,1
39,1
40,1
**Please do not be late and please do not register if you know you will not come. The meeting at the metro is at 8:20 a.m.*,1
CLOSE 🔐,1
1-leoneal,1
2 Franck,1
3 abbu,1
4 dineal,1
5  Patrick,1
6 Manu,1
7 desmond,1
8  pius,1
9 mousa,1
10,1
11,1
12,1
13,1
14,1
15,1
16,1
17,1
18,1
19,1
20,1
21,1
22,1
23,1
24,1
25-,1
26-,1
27-,1
28-,1
29- ´,1
30-,1
31,1
32,1
33,1
34,1
35,1
36,1
37,1
38,1
39,1
40,1
**Please do not be late and please do gnot register if you know you will not come. The meeting at the metro is at 8:20 a.m.*,1
CLOSE 🔐,1
17,1
18,1
19,1
20,1
21,1
22,1
23,1
24,1
25-,1
26-,1
27-,1
28-,1
29- ´,1
30-,1
31,1
32,1
33,1
34,1
35,1
36,1
37,1
38,1
39,1
40,1
**Please do not be late and please do not register if you know you will not come. The meeting at the metro is at 8:20 a.m.*,1
CLOSE 🔐,1
1-leoneal,1
2 Franck,1
3 abbu,1
4 dineal,1
5  Patrick,1
6 Manu,1
7 desmond,1
8  pius,1
9 mousa,1
10,1
11,1
12,1
13,1
14,1
15,1
16,1
17,1
18,1
19,1
20,1
21,1
22,1
23,1
24,1
25-,1
26-,1
27-,1
28-,1
29- ´,1
30-,1
31,1
32,1
33,1
34,1
35,1
36,1
37,1
38,1
39,1
40,1
**Please do not be late and please do gnot register if you know you will not come. The meeting at the metro is at 8:20 a.m.*,1
CLOSE 🔐,1
Besoin demain de *40* personnes au métro konkova sortie *10* de *9h00- 17h 50 . 2500 roubles* juste après le oulot.,1
1- Momo,1
2 Bishop,1
3 Alain,1
4 Daniel,1
5  Oumar,1
6 Nathan,1
7 Herman,1
8  Tomas,1
9 Zeka,1
10 Kanida,1
11 Emmanuel,1
12 Cédric,1
13 Fetsom,1
14 Dreany,1
15 Akira,1
16 Edwi,1
17 Sami,1
18 Hugues,1
19 Diallo,1
20 Ibrahim,1
21 Laurent,1
22  Beli,1
23  Diané,1
24-Brain,1
25-Karis,1
26- Cris,1
27- Lepe,1
28-Prince,1
29- Sam´,1
30-Roma,1
31 Israel,1
32  Auguy,1
33 Kemy,1
34  Chads,1
35  Dada,1
36 Amadou,1
37,1
38,1
39,1
40,1
**S'il vous plaît pas de retard et prière de ne pas s'inscrire si tu sais tu ne viendra pas. La rencontre au métro c'est a 8h 20*,1
FERMER 🔐🔐🔐🔐,1
✈️Départ imminent ✈️,1
Douala 🇨🇲 ✈️ ✈️ Moscou 🇷🇺,1
* *11 juin 2024*,1
✅ 23 kilos disponibles,1
✅ Documents attendus,1
✅ Appareils électronique,1
✅ Médicaments et autres.,1
"*Le facilitateur, vous faciliter la tâche c'est mon credo* 🫡",1
Contactez: +79888341550,1
Besoin encore de 30 personnes 🚨🚨🚨🚨🚨🚨🚨🚨🚨🚨🚨🚨🚨🚨🚨🚨🚨🚨🚨demain matin au métro borisovo sortie 2 juste aller tirer photos et se promener dans le chantier 🏗️ jusqu’au soir pour montrer à la commission qu’il y’a beaucoup de personnes au chantier travail léger 09h 17h50 fini payer 2300p,1
1-,1
2-,1
3-,1
4-,1
5-,1
6-,1
7-,1
8-,1
9-,1
10-,1
Regroupement à 08h10 ;,1
Bookings flys✈️🛫🔐,1
Besoin maintenant de 15 personnes au métro борисово au plutard à 10h15 juste pour nettoyage de chantier et faire acte de présence car la commission sera là tout à l'heure à la pause.,1
Travail de la pause à 18h00 payé 2100r après boulot.,1
Juste les hommes,1
Besoin maintenant de 12 personnes au métro борисово au plutard à 11h00 juste pour faire acte de présence car la commission sera là tout à l'heure à la pause.,1
Travail c'est de la pause à 18h00 payé 2100r après boulot.,1
Juste les hommes,1
"*Continuez à parler du MINSEP/ FECAFOOT, voilà le Parle G qui commence déjà à sortir 3 biscuits dans le paquet au lieu de 4*",1
Besoins d'une personne sérieuse pour un boulot permanent homme/femme 10h 22h 2600r finis payé ne m'écrives que si vous avez un enregistrement,1
Transférez de l'argent rapidement et en toute sécurité.,1
Gagnez du temps et de l'argent avec nos services de transactions.,1
Nous transférons votre argent en toute sécurité et sans tracas.,1
Un service pratique de transfert d'argent - toujours à portée de main!.avec les excellents frais ....,2
Bonsoir pour ceux qui cherchent travail d'entreprise,1
Besoin de 20 personnes dans une entreprise,1
- logement gratuite,1
- nourriture gratuite 3 fois la journée,1
- paiement 2500 chaque semaine,1
- document demandé seulement le passport,1
Ceux qui sont intéressés veuillez me contacter en inbox,1
NB : stp si tu n'es pas intéressé ne dérange pas,1
"Voyage prévu le *11 juillet 2024* ✈️ MOSCOU ~ DOUALA ✈️, kilos disponible.",1
✈️ envoyez vos documents,1
✈️ téléphones,1
✈️ petit colis,1
Faites plaisir à vos proches,1
‪+7(995) 288‑74‑55,1
"Besoin maintenant d'une personne proche du métro ukhtomskaya pour travail de nettoyage de chantier de 11h à 18h00 avec 1h de pause donc travail de 6h de temps, payé 2100r après boulot.",1
Travail pour homme.,1
Désolé de t’écrire tard s’il te plaît j’ai besoin une nounou,1
De lundi a vendredi elle peut venir rester si elle veut chez moi la une semaine il y’a une chambre où elle pourra dormir seule ou alors elle vient en rentre nous allons nous entendre sur les heures 2000₽ la journée,1
🚨disponible 10kg au 🇨🇲,1
Départ douala12juin ———13juin moscou,1
🚨🚨🚨🚨🚨🚨🚨🚨🚨🚨🚨🚨🚨🚨🚨🚨🚨🚨 Depart confirmé,1
Moscou🇷🇺 —— Douala/ ydé 🇨🇲 le 18 juin 2024,1
✅      23 kg DISPONIBLE,1
"✅ Envoyer vos documents ( diplomes, passports, invitations etc..)",1
"✅ Envoyer vos petits appareils (Telephones, laptops, planchettes etc.. )",1
YAN TRAVEL ✈️( Bien vous servir guarantie notre durée de vie🥳),2
besoin de 5 personnes pour travailler les fleurs avec moi 2500 la journée 9h -18 avec 1 heure de pose,1
Saint petersbourg,1
Quel modèle de iPhone ?,1
6+,1
Iphone 6 plus,1
🙆🏿‍♂️,1
"Bonsoir, s'il vous plaît s'il y'a quelqu'un qui quitte d'ici pour le Cameroun ces jours bien vouloir me faire signe.",2
"6/9/24, 3:45 PM - +7 929 604-82-71 joined using this group's invite link",1
"6/9/24, 3:46 PM - +7 910 479-28-42 joined using this group's invite link",1
"6/9/24, 3:46 PM - +224 664 58 21 61 joined using this group's invite link",1
"6/9/24, 3:46 PM - +7 995 555-47-91 joined using this group's invite link",1
"6/9/24, 3:51 PM - +237 6 56 37 90 05 joined using this group's invite link",1
"6/9/24, 4:03 PM - +7 900 305-50-63 joined using this group's invite link",1
"6/9/24, 4:04 PM - Theo Arnold Ltd joined using this group's invite link",1
"6/9/24, 4:27 PM - +7 902 019-80-29 joined using this group's invite link",1
"6/9/24, 4:32 PM - +7 969 032-18-69 joined using this group's invite link",1
Besoin demain de *30* personnes au métro konkova sortie *10* de *9h00- 17h 50 . 2500 roubles* juste après le oulot.,1
1- Momo,1
2 Bishop,1
3 Alain,1
4 Diallo,1
5  Nathan,1
6 Emmanuel,1
7 Zeka,1
8  le petit,1
9 Daniel,1
10 Cédric,1
11  Ibrahim,1
12 Kaninda,1
13 Glodi,1
14,1
15,1
16,1
17,1
18,1
19,1
20,1
21,1
22,1
23,1
24-,1
25-,1
26-,1
27-,1
28-,1
29-,1
30-,1
31,1
32,1
33,1
34,1
35,1
**S'il vous plaît pas de retard et prière de ne pas s'inscrire si tu sais tu ne viendra pas. La rencontre au métro c'est a 8h 20*,1
FERMER 🔐🔐🔐🔐,1
Besoin demain de *30* personnes au métro konkova sortie *10* de *9h00- 17h 50 . 2500 roubles* juste après le oulot.,1
1- Momo,1
2 Bishop,1
3 Alain,1
4 Diallo,1
5  Nathan,1
6 Emmanuel,1
7 Zeka,1
8  le petit,1
9 Daniel,1
10 Cédric,1
11  Ibrahim,1
12 Kaninda,1
13 Glodi,1
14 Hugues,1
15 Sami,1
16,1
17,1
18,1
19,1
20,1
21,1
22,1
23,1
24-,1
25-,1
26-,1
27-,1
28-,1
29-,1
30-,1
31,1
32,1
33,1
34,1
35,1
**S'il vous plaît pas de retard et prière de ne pas s'inscrire si tu sais tu ne viendra pas. La rencontre au métro c'est a 8h 20*,1
FERMER 🔐🔐🔐🔐,1
Besoin demain de *30* personnes au métro konkova sortie *10* de *9h00- 17h 50 . 2500 roubles* juste après le oulot.,1
1- Momo,1
2 Bishop,1
3 Alain,1
4 Diallo,1
5  Nathan,1
6 Emmanuel,1
7 Zeka,1
8  le petit,1
9 Daniel,1
10 Cédric,1
11  Ibrahim,1
12 Kaninda,1
13 Glodi,1
14 Hugues,1
15 Sami,1
16,1
17,1
18,1
19,1
20,1
21,1
22,1
23,1
24-,1
25-,1
26-,1
27-,1
28-,1
29-,1
30-,1
31,1
32,1
33,1
34,1
35,1
**S'il vous plaît pas de retard et prière de ne pas s'inscrire si tu sais tu ne viendra pas. La rencontre au métro c'est a 8h 20*,1
FERMER 🔐🔐🔐🔐,1
"6/9/24, 5:02 PM - +7 906 646-24-80 joined using this group's invite link",1
"6/9/24, 5:27 PM - +237 97996519 joined using this group's invite link",1
"6/9/24, 6:37 PM - +7 977 752-38-25 joined using this group's invite link",1
🎉 UNITY PARTY CHALLENGE - LE CONCOURS ULTIME POUR LA MEILLEURE SOIRÉE DE L'UNITÉ 🎉,1
"Après des semaines de préparatifs intenses et de créativité débordante, elles sont 10 villes à avoir relevé le défi ! Maintenant, c'est à vous de jouer pour élire la meilleure soirée de l'unité. Bienvenue à l'UNITY PARTY CHALLENGE, où chaque soirée est une célébration de la diversité, de la solidarité et de l'unité.",2
Les Prix à Gagner :,1
🏆 1er Prix : 50 000 roubles,1
🥈 2ème Prix : 25 000 roubles,1
🥉 3ème Prix : 15 000 roubles,1
Comment Participer au Vote ?,1
C'est simple ! Rendez-vous dans le forum Telegram WORLD WIDE AFRICA MARKET --- Rubrique--- UNITY PARTY CHALLENGE et votez pour la meilleur ville.,1
*#UNITY PARTY CHALLENGE*,1
*Join 🌎  WOLRD WIDE AFRICA MARKET ici*,1
Critères de Notation :,1
En plus de la voix de la population Un jury spécialement désigné pour l'occasion attribuera des notes selon des critères bien définis :,2
- Respect du thème choisi par la ville dans la décoration,1
- Dress code des participants,1
- Ambiance générale de la soirée,1
LES VOTES : Du 10 Juin 2024 Au 20 Juin 2024 à 20H,1
"6/9/24, 7:13 PM - +224 624 62 49 42 joined using this group's invite link",1
Besoin demain de *30* personnes au métro konkova sortie *10* de *9h00- 17h 50 . 2500 roubles* juste après le oulot.,1
1- Momo,1
2 Bishop,1
3 Alain,1
4 Diallo,1
5  Nathan,1
6 Emmanuel,1
7 Zeka,1
8  le petit,1
9 Daniel,1
10 Cédric,1
11  Ibrahim,1
12 Kaninda,1
13 Glodi,1
14  Zidane,1
15  bano,1
16 aziz,1
17 Shimendi,1
18Ftsum,1
19 Berhane,1
20 Ermias,1
21 tesfit,1
22  Herman,1
23,1
24-,1
25-,1
26-,1
27-,1
28-,1
29-,1
30-,1
31,1
32,1
33,1
34,1
35,1
**S'il vous plaît pas de retard et prière de ne pas s'inscrire si tu sais tu ne viendra pas. La rencontre au métro c'est a 8h 20*,1
FERMER 🔐🔐🔐🔐,1
Deux places disponibles pour les garçons intéressé écrivez-moi,1
Besoin demain de *30* personnes au métro konkova sortie *10* de *9h00- 17h 50 . 2500 roubles* juste après le oulot.,1
1- Momo,1
2 Bishop,1
3 Alain,1
4 Diallo,1
5  Nathan,1
6 Emmanuel,1
7 Zeka,1
8  le petit,1
9 Daniel,1
10 Cédric,1
11  Ibrahim,1
12 Kaninda,1
13 Glodi,1
14  Zidane,1
15  bano,1
16 aziz,1
17 Shimendi,1
18Ftsum,1
19 Berhane,1
20 Ermias,1
21 tesfit,1
22  Herman,1
23 Karis,1
24-Cris,1
25-Lepe,1
26- Prince,1
27-Sam,1
28-Roma,1
29- Israël,1
30-Auguy,1
31 Kemy,1
32 Chads,1
33 Dada,1
34  Genov,1
35,1
36,1
37,1
38,1
39,1
40,1
**S'il vous plaît pas de retard et prière de ne pas s'inscrire si tu sais tu ne viendra pas. La rencontre au métro c'est a 8h 20*,1
FERMER 🔐🔐🔐🔐,1
🚨🚨🚨Besoin de 10 personne pour compléter l’effectif demain pour un travail de 🏗️ au métro filatov lug,1
Pas de taches difficiles car demain est un jours de commission et les grands patrons seront là .,1
9h -18:00 avec 1 heure de pause (13:00-14:00)salaire 2500p directement après le boulot.,1
Intéressez écrivez ib,1
Merci,2
Il reste 2 place libre,1
🚨🚨🚨Need 10 people to complete the workforce tomorrow for 🏗️ work at the filatov lug metro,1
No difficult tasks because tomorrow is commission day and the big bosses will be there.,1
9 a.m. - 6 p.m. with 1 hour break (1 p.m. - 2 p.m.) salary 2500p directly after work.,1
Interest write ib,1
Bookings flys✈️🛫🔐,1
"6/9/24, 11:30 PM - +7 999 715-32-42 joined using this group's invite link",1
"6/10/24, 12:53 AM - +7 993 614-28-10 joined using this group's invite link",1
"6/10/24, 12:54 AM - +7 991 588-71-60 joined using this group's invite link",1
"6/10/24, 12:54 AM - +224 623 12 65 53 joined using this group's invite link",1
"6/10/24, 12:54 AM - Фогангим Замбо joined using this group's invite link",1
"6/10/24, 12:57 AM - +32 467 85 85 54 joined using this group's invite link",1
"6/10/24, 1:01 AM - +7 903 006-13-63 joined using this group's invite link",1
"6/10/24, 1:33 AM - +237 6 20 08 39 33 joined using this group's invite link",1
"6/10/24, 3:00 AM - +228 79 53 78 09 joined using this group's invite link",1
"6/10/24, 3:26 AM - +237 6 83 93 12 25 joined using this group's invite link",1
"Voyage prévu le *11 juillet 2024* ✈️ MOSCOU ~ DOUALA ✈️, kilos disponible.",1
✈️ envoyez vos documents,1
✈️ téléphones,1
✈️ petit colis,1
Faites plaisir à vos proches,1
‪+7(995) 288‑74‑55,1
Besoin de 02 personnes(hommes) ce matin pour travail de chantier de 9h00 à 18h00 payé 2500r après boulot au métro Филатов луг,1
"6/10/24, 6:02 AM - +233 24 518 0531 joined using this group's invite link",1
"6/10/24, 6:19 AM - +7 926 065-69-18 joined using this group's invite link",1
🛑🛑🛑🛑🛑🛑🛑🛑🛑🛑🛑🛑🛑 🛑🛑🛑🛑🛑🛑🛑🛑🛑🛑🛑🛑🛑🛑🛑🛑🛑🛑🛑🛑🛑🛑🛑🛑🛑🛑🛑🛑🛑🛑🛑 besoin de 60 personnes aujourd'hui de 9h - 17h45 Metro kaluzhskaya sortie 04 fini payer 2500p,1
Rassemblement 08h au metro,1
1- Джонни,1
2-billi,1
3-Fabrice,1
4-christ,1
5- bodrick,1
6-Ftsum,1
7-shimendi,1
8-frsum,1
9-berhane,1
10-ermias,1
11-tesfit,1
12-Henri,1
13-madocheé,1
14-samba,1
15-samba,1
16-bienvenue,2
17-djo,1
18 Joseph,1
19-nicola,1
20-Gr,1
21-djuni,1
22-augustin,1
23-seydoule,1
24-Gad,1
25-tychick,1
26-seth,1
27-pitchou,1
28-ricky,1
29-joel,1
30-jose,1
31-roger,1
32- Hervé,1
33-Christian,1
34- mike,1
35-elisee,1
36-sniper,1
37-,1
38-,1
39-,1
40-,1
Celui qui n'est pas sur de venir ne mets pas son nom.,1
"6/10/24, 6:56 AM - +237 6 90 27 99 39 joined using this group's invite link",1
"6/10/24, 6:59 AM - +7 929 968-89-06 joined using this group's invite link",1
"6/10/24, 7:24 AM - +7 977 837-78-53 joined using this group's invite link",1
Good morning guys.,1
3 guys needed now for a construction job at metro Domodedevskay exit 10.,1
working time 9am to 6pm.,1
payment 2700r after work.,1
Bonjour les gars.,1
Besoin de 3 peronnes maintenant pour un travail de chantier à la métro Domodedovskaya sortie 10.,1
temps de travail de 9h à 18h.,1
paiement 2700r après le travail.,1
Besoin maintenant d'une personne(homme) au métro Филатов луг pour travail de chantier payé 2500r après boulot,1
"6/10/24, 9:14 AM - +7 926 065-98-93 joined using this group's invite link",1
"6/10/24, 12:08 PM - +7 985 058-57-96 joined using this group's invite link",1
"6/10/24, 12:14 PM - +7 985 264-46-28 joined using this group's invite link",1
"6/10/24, 12:16 PM - ~ SniperSGK added +7 977 677-09-46",1
Ok bby wel come,1
Besoin de 8 personnes rapidement au métro koncovo sortie 10 chantiers 13h30 17h50  salaire 2000p,1
1-Tomas,1
2-zozo,1
3-Guiy,1
4-Marcel,1
5-Knox,1
6-,1
7-,1
8-,1
Venez en même temps les gars,1
Besoin de 8 personnes rapidement au métro koncovo sortie 10 chantiers 13h30 17h50  salaire 2000p,1
1-Tomas,1
2-zozo,1
3-Guiy,1
4-Marcel,1
5-Knox,1
6-,1
7-,1
8-,1
Venez en même temps les gars,1
🚨🚨🚨Besoin de 10 personne pour compléter l’effectif demain pour un travail de 🏗️ au métro filatov lug,1
Pas de taches difficiles car demain est un jours de commission et les grands patrons seront là .,1
9h -18:00 avec 1 heure de pause (13:00-14:00)salaire 2500p directement après le boulot.,1
Intéressez écrivez ib ( envoyez votre nom en ib ),1
1,1
2,1
3,1
4,1
5,1
6,1
7,1
8,1
9,1
10,1
‎Open this link to join my WhatsApp Group: https://chat.whatsapp.com/E1qcc8fymKk9ywjdFmNckx,1
Venez rapidement Les gars,1
Chambre disponible,1
Métro Medvedkovo,1
20 minutes en bus,1
Loyer:23000,1
Caution :10000,1
Commission :2000,1
✈️✈️DEPART imminent CONFIRME,1
Douala 🇨🇲 ✈️ ✈️ Moscou 🇷🇺,1
* *11.06.24*,1
✅ Encore quelques kilogrammes disponibles!!,1
✅Les documents soc soc,1
Nous avons encore jusqu'à 18h00 heure de Douala 🇨🇲 pour déposer les colis 📦,1
"* *Le facilitateur, vous faciliter la tâche c'est mon credo* 🫡",1
"6/10/24, 1:01 PM - +223 74 03 64 46 joined using this group's invite link",1
"6/10/24, 1:24 PM - Kevin joined using this group's invite link",1
null,1
Bookings flys✈️🛫🔐,1
Besoin de 10 personnes (hommes) demain pour un boulot très facile (nettoyage).,1
Paiement 2400 après le travail,1
Métro: Slavyanskiy bulvar sortie 4,1
Le travail c’est de 9h00 à 18h00,1
Regroupement au métro à 8h00,1
NB: si tu arrives après 8h05 tu vas pas me trouver à la sortie du métro.,1
LE 13 HEURES JOURNAL,1
THE 1 PM NEWS,1
Départ le 12 juin,1
(Yde - Moscou 🇷🇺,1
23 kilo disponible,1
Nous prenons aussi les documents,1
Ancien en Russie 🇷🇺,1
*Appartement disponible à partir de demain 12h.*,1
Réservez à l’avance svp🛑🛑🛑🛑.,1
*Apartment available from tomorrow 12pm.*,1
Please book in advance🛑🛑🛑🛑.,1
Besoin demain de *30* personnes au métro konkova sortie *10* de *9h00- 17h 50 . 2500 roubles* juste après le oulot.,1
1- Momo,1
2 Bishop,1
3 Alain,1
4 Pierre,1
5   Sami,1
6  Zeka,1
7 Nathan,1
8   Emmanuel,1
9 Fetsoun,1
10  Tesfoun,1
11   Chimendi,1
12 remis,1
13 Brayan,1
14   Fofana,1
15 Sam,1
16 Hugues,1
17 Herman,1
18 Abraham,1
19 Christ,1
20 Tomas,1
21,1
22,1
23,1
24-,1
25-,1
26-,1
27-,1
28-,1
29-,1
30-,1
31,1
32,1
33,1
34,1
35,1
36,1
37,1
38,1
39,1
40,1
**S'il vous plaît pas de retard et prière de ne pas s'inscrire si tu sais tu ne viendra pas. La rencontre au métro c'est a 8h 20*,1
FERMER 🔐🔐🔐🔐,1
Besoin demain de *30* personnes au métro konkova sortie *10* de *9h00- 17h 50 . 2500 roubles* juste après le oulot.,1
1- Momo,1
2 Bishop,1
3 Alain,1
4 Pierre,1
5   Sami,1
6  Zeka,1
7 Nathan,1
8   Emmanuel,1
9 Fetsoun,1
10  Tesfoun,1
11   Chimendi,1
12 remis,1
13 Brayan,1
14   Fofana,1
15 Sam,1
16 Hugues,1
17 Herman,1
18 Abraham,1
19 Christ,1
20 Tomas,1
21,1
22,1
23,1
24-,1
25-,1
26-,1
27-,1
28-,1
29-,1
30-,1
31,1
32,1
33,1
34,1
35,1
36,1
37,1
38,1
39,1
40,1
**S'il vous plaît pas de retard et prière de ne pas s'inscrire si tu sais tu ne viendra pas. La rencontre au métro c'est a 8h 20*,1
FERMER 🔐🔐🔐🔐,1
Besoin demain de *30* personnes au métro konkova sortie *10* de *9h00- 17h 50 . 2500 roubles* juste après le oulot.,1
1- Momo,1
2 Bishop,1
3 Alain,1
4 Pierre,1
5   Sami,1
6  Zeka,1
7 Nathan,1
8   Emmanuel,1
9 Fetsoun,1
10  Tesfoun,1
11   Chimendi,1
12 remis,1
13 Brayan,1
14   Fofana,1
15 Sam,1
16 Hugues,1
17 Herman,1
18 Abraham,1
19 Christ,1
20 Tomas,1
21 Edwi,1
22,1
23,1
24-,1
25-,1
26-,1
27-,1
28-,1
29-,1
30-,1
31,1
32,1
33,1
34,1
35,1
36,1
37,1
38,1
39,1
40,1
**S'il vous plaît pas de retard et prière de ne pas s'inscrire si tu sais tu ne viendra pas. La rencontre au métro c'est a 8h 20*,1
FERMER 🔐🔐🔐🔐,1
Besoin demain de *30* personnes au métro konkova sortie *10* de *9h00- 17h 50 . 2500 roubles* juste après le oulot.,1
1- Momo,1
2 Bishop,1
3 Alain,1
4 Pierre,1
5   Sami,1
6  Zeka,1
7 Nathan,1
8   Emmanuel,1
9 Fetsoun,1
10  Tesfoun,1
11   Chimendi,1
12 remis,1
13 Brayan,1
14   Fofana,1
15 Sam,1
16 Hugues,1
17 Herman,1
18 Abraham,1
19 Christ,1
20 Tomas,1
21 Edwi,1
22,1
23,1
24-,1
25-,1
26-,1
27-,1
28-,1
29-,1
30-,1
31,1
32,1
33,1
34,1
35,1
36,1
37,1
38,1
39,1
40,1
**S'il vous plaît pas de retard et prière de ne pas s'inscrire si tu sais tu ne viendra pas. La rencontre au métro c'est a 8h 20*,1
FERMER 🔐🔐🔐🔐,1
Besoin demain de *30* personnes au métro konkova sortie *10* de *9h00- 17h 50 . 2500 roubles* juste après le oulot.,1
1- Momo,1
2 Bishop,1
3 Alain,1
4 Pierre,1
5   Sami,1
6  Zeka,1
7 Nathan,1
8   Emmanuel,1
9 Fetsoun,1
10  Tesfoun,1
11   Chimendi,1
12 remis,1
13 Brayan,1
14   Fofana,1
15 Sam,1
16 Hugues,1
17 Herman,1
18 Abraham,1
19 Christ,1
20 Tomas,1
21 Edwi,1
22,1
23,1
24-,1
25-,1
26-,1
27-,1
28-,1
29-,1
30-,1
31,1
32,1
33,1
34,1
35,1
36,1
37,1
38,1
39,1
40,1
**S'il vous plaît pas de retard et prière de ne pas s'inscrire si tu sais tu ne viendra pas. La rencontre au métro c'est a 8h 20*,1
FERMER 🔐🔐🔐🔐,1
"6/10/24, 5:39 PM - +229 96 22 82 28 joined using this group's invite link",1
Transférez de l'argent rapidement et en toute sécurité.,1
Gagnez du temps et de l'argent avec nos services de transactions.,1
Nous transférons votre argent en toute sécurité et sans tracas.,1
Un service pratique de transfert d'argent - toujours à portée de main!.avec les excellents frais ....,2
25 sambaBesoin demain de *30* personnes au métro konkova sortie *10* de *9h00- 17h 50 . 2500 roubles* juste après le oulot.,1
1- Momo,1
2 Bishop,1
3 Alain,1
4 Pierre,1
5   Sami,1
6  Zeka,1
7 Nathan,1
8   Emmanuel,1
9 Fetsoun,1
10  Tesfoun,1
11   Chimendi,1
12 remis,1
13 Brayan,1
14   Fofana,1
15 Sam,1
16 Hugues,1
17 Herman,1
18 Abraham,1
19 Christ,1
20 Tomas,1
21 Edwi,1
22 samba,1
23 samba,1
24-Olivier,1
25-,1
26-,1
27-,1
28-,1
29-,1
30-,1
31,1
32,1
33,1
34,1
35,1
36,1
37,1
38,1
39,1
40,1
25 sambaBesoin demain de *30* personnes au métro konkova sortie *10* de *9h00- 17h 50 . 2500 roubles* juste après le oulot.,1
1- Momo,1
2 Bishop,1
3 Alain,1
4 Pierre,1
5   Sami,1
6  Zeka,1
7 Nathan,1
8   Emmanuel,1
9 Fetsoun,1
10  Tesfoun,1
11   Chimendi,1
12 remis,1
13 Brayan,1
14   Fofana,1
15 Sam,1
16 Hugues,1
17 Herman,1
18 Abraham,1
19 Christ,1
20 Tomas,1
21 Edwi,1
22 samba,1
23 samba,1
24-Olivier,1
25- Daniel,1
26- Samuel,1
27-Bénie,1
28-Rossy,1
29-,1
30-,1
31,1
32,1
33,1
34,1
35,1
36,1
37,1
38,1
39,1
40,1
"6/10/24, 7:17 PM - +7 991 883-82-28 joined using this group's invite link",1
Besoin demain de *30* personnes au métro konkova sortie *10* de *9h00- 17h 50 . 2500 roubles* juste après le oulot.,1
1- Momo,1
2 Bishop,1
3 Alain,1
4 Pierre,1
5   Sami,1
6  Zeka,1
7 Nathan,1
8   Emmanuel,1
9 Fetsoun,1
10  Tesfoun,1
11   Chimendi,1
12 remis,1
13 Brayan,1
14   Fofana,1
15 Sam,1
16 Hugues,1
17 Herman,1
18 Abraham,1
19 Christ,1
20 Tomas,1
21 Edwi,1
22 samba,1
23 samba,1
24-Olivier,1
25- Daniel,1
26- Samuel,1
27-Bénie,1
28-Rossy,1
29- Messi,1
30-Rodney,1
31,1
32,1
33,1
34,1
35,1
36,1
37,1
38,1
39,1
40,1
🛑🛑🛑🛑🛑🛑🛑🛑🛑🛑🛑🛑🛑 🛑🛑🛑🛑🛑🛑🛑🛑🛑🛑🛑🛑🛑🛑🛑🛑🛑🛑🛑🛑🛑🛑🛑🛑🛑🛑🛑🛑🛑🛑🛑 besoin de 60 personnes demain de 9h - 17h45 Metro kaluzhskaya sortie 04 fini payer 2500p,1
Rassemblement 08h au metro,1
1-Elisee,1
2-Onesime,1
3-henry,1
4-joel,1
5- nicolas,1
6- jires,1
7- prisca,1
8-djuni,1
9-jose,1
10-roger,1
11- joe,1
12-red,1
13-bienvenu,2
14-Hilaire,1
15-,1
16-,1
17-,1
18-,1
19-,1
20-,1
21-,1
22-,1
23-,1
24-,1
25-,1
26-,1
27-,1
28-,1
29-,1
30-,1
Celui qui n'est pas sur de venir ne mets pas son nom.,1
Besoin demain de *30* personnes au métro konkova sortie *10* de *9h00- 17h 50 . 2500 roubles* juste après le oulot.,1
1- Momo,1
2 Bishop,1
3 Alain,1
4 Pierre,1
5   Sami,1
6  Zeka,1
7 Nathan,1
8   Emmanuel,1
9 Fetsoun,1
10  Tesfoun,1
11   Chimendi,1
12 remis,1
13 Brayan,1
14   Fofana,1
15 Sam,1
16 Hugues,1
17 Herman,1
18 Abraham,1
19 Christ,1
20 Tomas,1
21 Edwi,1
22 samba,1
23 samba,1
24-Olivier,1
25- Daniel,1
26- Samuel,1
27-Bénie,1
28-Rossy,1
29- Messi,1
30-Rodney,1
31,1
32,1
33,1
34,1
35,1
36,1
37,1
38,1
39,1
40,1
🚨🚨🚨Besoin de 5 personne pour compléter l’effectif demain pour un travail de 🏗️ au métro filatov lug,1
Pas de taches difficiles car demain est un jours de commission et les grands patrons seront là .,1
9h -18:00 avec 1 heure de pause (13:00-14:00)salaire 2500p directement après le boulot.,1
Intéressez écrivez ib ( envoyez votre nom en ib ),1
1,1
2,1
3,1
4,1
5,1
🛑🛑🛑🛑🛑🛑🛑🛑🛑🛑🛑🛑🛑 🛑🛑🛑🛑🛑🛑🛑🛑🛑🛑🛑🛑🛑🛑🛑🛑🛑🛑🛑🛑🛑🛑🛑🛑🛑🛑🛑🛑🛑🛑🛑 besoin de 60 personnes demain de 9h - 17h45 Metro kaluzhskaya sortie 04 fini payer 2500p,1
Rassemblement 08h au metro,1
1-Elisee,1
2-Onesime,1
3-henry,1
4-joel,1
5- nicolas,1
6- jires,1
7- prisca,1
8-djuni,1
9-jose,1
10-roger,1
11- joe,1
12-red,1
13-bienvenu,2
14-Hilaire,1
15- suleyman sonko,1
16- Lamine djattta,1
17- sniper,1
18- Kundé,1
19- Traoré,1
20-Franck kabuya,1
21-Mike wimbilo,1
22- yuri,1
23- bernard,1
24- carin,1
25-,1
26-,1
27-,1
28-,1
29-,1
30-,1
31-,1
32-,1
33-,1
34-,1
35-,1
36-,1
37-,1
38-,1
39-,1
40-,1
41-,1
42-,1
43-,1
44-,1
45-,1
Celui qui n'est pas sur de venir ne mets pas son nom.,1
🛑🛑🛑🛑🛑🛑🛑🛑🛑🛑🛑🛑🛑 🛑🛑🛑🛑🛑🛑🛑🛑🛑🛑🛑🛑🛑🛑🛑🛑🛑🛑🛑🛑🛑🛑🛑🛑🛑🛑🛑🛑🛑🛑🛑 besoin de 60 personnes demain de 9h - 17h45 Metro kaluzhskaya sortie 04 fini payer 2500p,1
Rassemblement 08h au metro,1
1-Elisee,1
2-Onesime,1
3-henry,1
4-joel,1
5- nicolas,1
6- jires,1
7- prisca,1
8-djuni,1
9-jose,1
10-roger,1
11- joe,1
12-red,1
13-bienvenu,2
14-Hilaire,1
15- suleyman sonko,1
16- Lamine djattta,1
17- sniper,1
18- Kundé,1
19- Traoré,1
20-Franck kabuya,1
21-Mike wimbilo,1
22- yuri,1
23- bernard,1
24- christ,1
25-,1
26-,1
27-,1
28-,1
29-,1
30-,1
31-,1
32-,1
33-,1
34-,1
35-,1
36-,1
37-,1
38-,1
39-,1
40-,1
41-,1
42-,1
43-,1
44-,1
45-,1
Celui qui n'est pas sur de venir ne mets pas son nom.,1
"6/10/24, 9:07 PM - +375 33 302-41-02 joined using this group's invite link",1
Besoin de 04 personnes demain pour travail de chantier de 9h00 à 18h00 payé 2500r après boulot au métro Филатов луг,1
Cameroun,1
Rapatriement volontaire des réfugiés centrafricains (301) via Gado-Garoua Boulaï-Beloko.,1
Cameroon,1
Voluntary repatriation of Central African refugees (301) via Gado-Garoua Boulaï-Beloko.,1
LE 17 HEURES JOURNAL,1
THE 5 PM NEWS,1
"Travail de chantier demain de 9h00 à 18h00 payé 2500r après boulot, besoin de 02 personnes au métro Филатов луг.",1
Départ prévue le 12 juin,1
(Yde - Moscou),1
23 kilo disponible,1
-nous prenons les documents et vos petits colis,1
"Voyage prévu le *11 juillet 2024* ✈️ MOSCOU ~ DOUALA ✈️, kilos disponible.",1
✈️ envoyez vos documents,1
✈️ téléphones,1
✈️ petit colis,1
Faites plaisir à vos proches,1
‪+7(995) 288‑74‑55,1
"6/11/24, 6:05 AM - +237 6 99 68 19 44 joined using this group's invite link",1
"Travail de chantier de 9h00 à 18h00 payé 2500r après boulot, besoin de 03 personnes encore ce matin au métro Филатов луг.",1
Bookings flys✈️🛫🔐,1
Chambre disponible,1
Métro Medvedkovo,1
20 minutes en bus,1
Loyer:23000,1
Caution :10000,1
Commission :2000,1
"6/11/24, 10:08 AM - +237 6 54 88 90 02 joined using this group's invite link",1
Comment voter dans UNITY PARTY CHALLENGE ? Très simple :,1
"1 - Pour commencer, joignez-vous au forum Telegram WORLD WIDE AFRICA MARKET à travers ce lien :  https://t.me/+3r6k7cDWMYNiNzcy.",1
"2 -Ensuite, accédez au topic UNITY PARTY CHALLENGE directement dans le groupe WWAM ou par le lien spécifique.   https://t.me/c/2109403803/1261.",1
"3 - Enfin, cliquez sur la barre en haut de votre écran qui porte les messages épinglés.",1
4 - Retrouvez le SONDAGE dans la liste des messages épinglés,1
Et cliquez sur la ville de votre choix pour transmettre votre voix,1
Grande chambre disponible pour fille avec 3filles tomilino ib pour plus d'informations,1
🚨🚨🚨Besoin de 10 personne pour compléter l’effectif demain pour un travail de 🏗️ au métro filatov lug,1
Pas de taches difficiles car demain est un jours de commission et les grands patrons seront là .,1
9h -18:00 avec 1 heure de pause (13:00-14:00)salaire 2500p directement après le boulot.,1
Intéressez écrivez ib ( envoyez votre nom en ib ),1
1,1
2,1
3,1
4,1
5,1
one bedroom apartment available for rent,1
Rent 35000r,1
Deposit 17500r,1
Commission 15000r,1
appartement d'une chambre disponible à la location,1
Loyer 35000r,1
Dépôt 17500r,1
Commission 15000 r,1
Bookings flys✈️🛫🔐,1
LA UNE DES JOURNAUX DU 11-006-2024/ THE NEWS PAPERS FRONT PAGES FROM 06-11-2024,1
CAMEROUN,1
Une parti de la population du Grand Batanga manifeste leur colère vis à vis des autorités compétentes en charge des infrastructures et de l' énergie.,1
"Route bloquée ( voie qui mène au port de kribi ) . Raison , elle revendique la lumière car depuis une semaine elle vit sans énergie dû aux poteaux électriques renversés qu'elle réclame le rétablissement en vain .",1
CAMEROON,1
Part of the population of Grand Batanga is demonstrating their anger towards the competent authorities in charge of infrastructures and energy.,1
"The road is blocked (leading to the port of Kribi). They are demanding light, as they have been without power for a week due to toppled electricity poles, which they are calling on the authorities to restore, to no avail.",1
Okay,1
BESOIN DE DEUX PERSONNES PONCTUELLES POUR UN TRAVAIL CE SOIR .,1
18:00-03:00,1
2500 roubles,1
Payer à la fin du travail.,1
C’est un travail de déchargement,1
🅿️,1
"Voyage prévu le *11 juillet 2024* ✈️ MOSCOU ~ DOUALA ✈️, kilos disponible.",1
✈️ envoyez vos documents,1
✈️ téléphones,1
✈️ petit colis,1
Faites plaisir à vos proches,1
‪+7(995) 288‑74‑55,1
✈️✈️✈️✈️✈️✈️✈️✈️✈️✈️✈️✈️✈️✈️✈️✈️ ✈️✈️,1
*DEPART PROGRAMMÉ*,1
✈️✈️✈️✈️✈️✈️✈️✈️✈️✈️✈️✈️✈️✈️✈️✈️✈️✈️,1
*MOSCOU - DAKAR*,1
*DATE*:2️⃣0️⃣ *JUIN* 2️⃣0️⃣2️⃣4️⃣,1
"✅    4️⃣6️⃣ kg DISPONIBLE,le prix par kilo c'est 1000₽(1000r/kg).",1
"✅  Envoyez vos documents (Diplome, invitation etc...)",1
"✅ Envoyez vos appareils (Telephone, planchette, laptop etc...)",1
"✅ Envoyez vos divers colis (chaussures, tenues, ...)",1
Infoline: +7 915 218 80 28,1
Appartement chambre disponible à lesnaya 6,1
Métro bulvar Dimitri donskova,1
Sécurité garantie,1
Coût de location,1
42000,1
Caution 42000,1
Agence 20000,1
Inbox spectacle ouvert actuellement,1
Les premiers venus premiers servis,1
CAMEROUN,1
"Discours d’ouverture du Très Honorable Cavaye Yéguié Djibril, Président de l’Assemblée nationale du Cameroun",1
"– Excellences,",1
"– Honorables Députés et chers collègues,",1
"– Chers invités,",1
– Mesdames et messieurs.,1
Contenus SponsorisésÀ Découvrir Aussi,1
Un adolescent de Douala montre comment réduire la graisse du ventre,1
Matcha Slim,1
par Taboola,1
"Dans nos rangs à l’Assemblée Nationale, la mort a encore frappé suite au décès de notre collègue l’Honorable, MEMOUNA MAHAMAT. Député RDPC du Manyo Banyo, région de l’Adamaoua, la défunte était à son premier mandat dans cet hémicycle.",1
Afin d’honorer sa mémoire je vous prie de bien vouloir vous lever pour observer une minute de silence,2
SILENCE !!!!!!,1
"– Excellences,",1
"– Honorables Députés et chers collègues,",1
"– Chers invités,",1
– Mesdames et messieurs.,1
"Malgré la tristesse que nous éprouvons, il est de mon devoir de vous souhaiter une chaleureuse bienvenue à l’Assemblée Nationale. Nos travaux s’ouvrent au lendemain de la célébration de la 52ème édition de la Fête Nationale du Cameroun, la Fête de l’Unité, le 20 mai 2024. Cette année encore la Fête Nationale aura été, l’occasion pour les compatriotes de manifester leur attachement à l’unité nationale, à la paix et au vivre ensemble.",2
"Le Cameroun, malgré la difficile conjoncture, ce pays continue d’engranger de grandes victoires, à l’instar de celle relative à la désignation de notre compatriote et collègue, l’Honorable Hilarion ETONG, pour accéder, dès juillet 2024, au prestigieux poste de Président de l’Assemblée Parlementaire de la Francophonie.",1
"Aux Nations Unies, le Cameroun, encore le Cameroun qui brille de mille feux avec l’élection d’un autre compatriote, Monsieur YANG PHILEMON, à ce poste tout aussi prestigieux de Président de la 79e Assemblée Générale de l’Organisation Mondiale.",1
"Je voudrais ici adresser à ces dignes fils de notre pays, nos sincères félicitations. Des victoires qu’il faut inscrire dans le registre des Très Hauts Faits d’Armes du Chef de l’Etat, Son Excellence Monsieur Paul BIYA, infatigable à la manœuvre afin d’impulser personnellement, l’évolution et le rayonnement de la diplomatie camerounaise sur la scène internationale.",1
"S’agissant de la 30ème Assemblée Régionale Afrique de l’Assemblée Parlementaire de la Francophonie que notre pays vient d’abriter, je voudrais relever, pour m’en réjouir, l’éclatant succès qu’a connu l’événement. Nos hôtes venus des parlements frères et de diverses organisations interparlementaires, étaient intarissables d’éloges pour saluer la parfaite organisation des travaux, la grande hospitalité à eux réservée, admirant au passage, l’architecture de la communication autour de l’événement.",2
"Je voudrais ainsi dire ma profonde satisfaction et adresser mes vives félicitations, à l’ensemble du Comité d’Organisation.",1
"Autres motifs de célébration, le calme et la sérénité qui auront régné tout au long du déroulement des examens scolaires pour le compte de l’exercice 2023-2024.",1
"Enfin, je voudrais me faire ici l’écho des 4 milles 270 pèlerins Camerounais actuellement en Arabie Saoudite pour le Hadj annuel. J’ai l’insigne honneur de transmettre la profonde gratitude des fidèles musulmans à Son Excellence, Monsieur PAUL BIYA, Président de la République, Chef de l’Etat, pour son Très Haut Soutien ces dernières années assorti des facilités quant à l’organisation des voyages des pèlerins. Ils apprécient particulièrement des innovations telles que : la mise à disposition des avions gros porteurs, leur évitant ainsi les longues attentes d’antan dans les aéroports à l’aller comme au retour, l’organisation des départs désormais effectifs à partir de Yaoundé Nsimalen. Cette innovation vient s’ajouter aux dessertes de Garoua et de Douala qui étaient les seules opérationnelles jusque-là sur le plan national.",1
"A l’occasion du Hadj 2024, les pèlerins s’engagent à consacrer toutes leurs prières et bénédictions pour la paix au Cameroun et à demander la protection d’ALLAH Tout Puissant pour le Chef de l’Etat et sa famille. Je voudrais personnellement relever, pour m’en féliciter, la parfaite exécution des Très Hautes Instructions du Président de la République par le Ministère de l’Administration Territoriale dans la gestion de ces Pèlerinages. Je souhaite qu’il en soit toujours ainsi dans l’avenir.",2
– Excellences ;,1
– Mesdames et Messieurs ;,1
"En plus du football, l’un des sujets qui captive l’opinion en ce moment, est à n’en point douter, les prochaines échéances électorales.",1
"En attendant que soient dévoilées les dates des différentes consultations, la scène politique s’anime et bouillonne, témoignant ainsi de l’engouement des uns et des autres, témoignant surtout de la vitalité de la démocratie camerounaise.",1
"L’honnêteté nous oblige à rendre grâce à Son Excellence, Monsieur Paul BIYA, Président de la République, Chef de l’Etat, artisan de ce vent d’ouverture dans notre pays.",1
"D’ores et déjà, des compatriotes, devrais-je dire frappés d’une certaine myopie politique ou tout simplement mus par leur soif du pouvoir, d’ores et déjà disais-je, certains compatriotes promettent la violence postélectorale, voire le chaos en cas de victoire d’un camp adverse. Est-cela la démocratie ?",1
"Depuis des décennies, avec méthode, sagesse et l’adhésion de l’immense majorité des compatriotes, le Cameroun bâtit son édifice démocratique. Avons-nous consenti tant d’efforts, pour récolter de la violence au détour d’une élection? Que non, non et non !!! A ceux-là Je voudrais rappeler, s’il en était encore besoin, que les camerounaises et les camerounais ont cessé d’être dupes. Ils ont acquis la maturité nécessaire qui leur permet désormais de distinguer le bon grain de l’ivraie.",1
"J’invite les compatriotes à rester sereins et vigilants face à ces hiboux de mauvais augure. Leur posture actuelle, n’est que l’aveu de leur faiblesse, de l’absence d’une stratégie payante de leur part, parce qu’ils n’ont rien de valable à proposer aux camerounais.",1
"Je voudrais du reste saisir cette occasion pour adresser mes sincères félicitations, également mes encouragements à Elections Cameroon (ELECAM), pour le travail abattu sur le terrain.",1
– Excellences ;,1
– Mesdames et Messieurs ;,1
"Pour clore mon propos, je voudrais à présent évoquer un autre sujet qui me tient à cœur. Il s’agit de la Couverture Santé Universelle dans laquelle le Cameroun est engagé depuis quelque temps. A titre de rappel, ce projet est une initiative majeure, entérinée personnellement par le Président de la République dans le cadre de sa politique de justice sociale et de promotion du bien-être de ses concitoyens.",2
"Actuellement dans sa première phase conduite progressivement et avec méthode dans les régions pilotes du Grand Nord, de l’Est et du Sud, selon des informations puisées à bonne source, les premiers résultats sont plutôt encourageants.",1
"À ce jour, les statistiques portant sur les opérations de pré-enrôlement et d’enrôlement sont respectivement de 3 millions 177 milles 914 personnes et de 2 millions 487 milles 853. Pour cette dernière catégorie, il s’agit des enfants de zéro à cinq ans et des femmes enceintes qui bénéficient déjà de la gratuité de traitement pour les cas de paludisme simple ou grave. Les contributions pour les consultations prénatales et les accouchements sont ramenées à la modique somme de 6 mille francs, soit 10% des précédents taux et les séances de dialyse à 15 mille francs l’an. Ce qui représente un taux d’environ 3% par rapport à ceux pratiqués jusque-là. Voilà des chiffres qui parlent d’eux- mêmes.",1
"Je voudrais du haut de cette tribune, mettre les compatriotes en garde quant au vent de désinformation, de manipulation et d’intoxication dont est victime cette initiative publique, à travers les réseaux sociaux et autres média. Ceci interpelle le Gouvernement qui doit ainsi mettre sur pied, une stratégie de communication adaptée et densifiée, à l’effet d’informer et de sensibiliser l’opinion sur le bien-fondé, le déroulement des opérations ainsi que sur les objectifs de la Couverture Santé Universelle. J’invite les collectivités territoriales décentralisées et les élus de la nation que nous sommes, à s’impliquer dans ce processus d’information et de sensibilisation.",2
"Par ailleurs, il ne saurait avoir de Couverture Santé Universelle viable sans des ressources humaines de qualité, dévouées et engagées. Je me réjouis ainsi de l’accalmie qui règne en ce moment dans les rangs des personnels de la santé après une longue période de tension. Ceci est, à n’en pas douter, le fruit du dialogue social mené conjointement par la tutelle et les syndicats. Je souhaite que ce dialogue se poursuive. C’est pourquoi je salue l’initiative portant sur la création d’un comité permanent du dialogue social au sein du Ministère de la Santé Publique.",1
"Tout en exhortant le Gouvernement à veiller à la résolution des préoccupations et des revendications des personnels, je voudrais rappeler à ces derniers, la nécessité pour les uns et les autres d’être en poste partout où la République les appelle. Il y va du respect du serment qu’ils ont prêté. C’est également un acte de patriotisme.",1
"Sur ce, je déclare ouvertes les délibérations de notre Chambre pour le compte de la deuxième session ordinaire de l’année législative 2024.",1
– Vive l’Assemblée Nationale ;,1
"– Vive, Son Excellence, Monsieur Paul BIYA, Président de la République, Chef de l’Etat ;",1
– Pour que vive le Cameroun notre cher et beau pays.,1
Je vous remercie.,2
LE 13 HEURES JOURNAL,1
THE 1 PM NEWS,1
Bookings flys✈️🛫🔐,1
"🚨🚨🚨🚨🚨🚨🚨🚨🚨🚨🚨🚨🚨🚨🚨🚨🚨🚨🚨🚨🚨🚨Bonsoir les gars,demain besoin de 6personne pour un boulot de chantier au métro Савеловская de 10h à 19h 2500p",1
après boulot. les intéressés écrivez moi en privé.,1
1-vétéran le grand,1
2-Caleb,1
3 - Yvan,1
4-darol,1
5- Momo,1
6-Ourwata,1
7-,1
8-,1
9-,1
10-,1
Écrivez vos noms,1
"6/11/24, 8:00 PM - You added Vitalis",1
Cameroun,1
Les communiqués relatifs aux concours d'entrée à l'Ecole Nationale Supérieure des Travaux Publics année académique 2024/2025 publiés dans le Cameroun tribune de ce lundi 10 juin 2024 Page 30.,1
"The press releases relating to the entrance examinations for the Ecole Nationale Supérieure des Travaux Publics academic year 2024/2025 published in the Cameroon tribune of this Monday, June 10, 2024 Page 30.",1
LE 17 HEURES JOURNAL,1
THE 5 PM NEWS,1
🚨🚨🚨Besoin de 4 personne pour compléter l’effectif demain pour un travail de 🏗️ au métro filatov lug,1
Pas de taches difficiles car demain est un jours de commission et les grands patrons seront là .,1
9h -18:00 avec 1 heure de pause (13:00-14:00)salaire 2500p directement après le boulot.,1
Intéressez écrivez ib ( envoyez votre nom en ib ),1
1,1
2,1
3,1
4,1
Place disponible pour fille dans une grande chambre avec 3filles tomilino ib.8000r,1
"6/11/24, 9:44 PM - +237 6 96 90 26 99 joined using this group's invite link",1
"Voyage prévu le *11 juillet 2024* ✈️ MOSCOU ~ DOUALA ✈️, kilos disponible.",1
✈️ envoyez vos documents,1
✈️ téléphones,1
✈️ petit colis,1
Faites plaisir à vos proches,1
+7(995) 288‑74‑55,1
"J'ai besoin de quelqu'un qui quitte d'ici pour le Cameroun cette semaine... J'ai besoin d'envoyer des médicaments, c'est urgent svp.",1
Bookings flys✈️🛫🔐,1
Chambre disponible,1
Métro Medvedkovo,1
20 minutes en bus,1
Loyer:23000,1
Caution :10000,1
Commission :2000,1
LA UNE DES JOURNAUX DU 12-06-2024/ THE NEWS PAPERS FRONT PAGES FROM 06-12-2024,1
LA UNE DES JOURNAUX DU 12-06-2024/ THE NEWS PAPERS FRONT PAGES FROM 06-12-2024,1
LA UNE DES JOURNAUX DU 12-06-2024/ THE NEWS PAPERS FRONT PAGES FROM 06-12-2024,1
"*Besoin de 10 personnes pour un travail dans un chantier hors de Moscou, le paiement se fait tous les jours 3000r par personne*",1
*Logement offert plus deux repas par jour*,1
*départ dimanche matin à 9h00*,1
🚨🚨🚨Besoin de 4 personne pour compléter l’effectif demain pour un travail de 🏗️ au métro filatov lug,1
Pas de taches difficiles car demain est un jours de commission et les grands patrons seront là .,1
9h -18:00 avec 1 heure de pause (13:00-14:00)salaire 2500p directement après le boulot.,1
Intéressez écrivez ib ( envoyez votre nom en ib ),1
1,1
2,1
3,1
4,1
"*Besoin de 10 personnes pour un travail dans un chantier hors de Moscou, le paiement se fait tous les jours 3000r par personne*",1
*Logement offert plus deux repas par jour*,1
*départ dimanche matin à 9h00*,1
✈️✈️✈️✈️✈️✈️✈️✈️✈️✈️✈️✈️✈️✈️✈️✈️ ✈️✈️,1
*DEPART PROGRAMMÉ*,1
✈️✈️✈️✈️✈️✈️✈️✈️✈️✈️✈️✈️✈️✈️✈️✈️✈️✈️,1
*MOSCOU - DAKAR*,1
*DATE*:2️⃣0️⃣ *JUIN* 2️⃣0️⃣2️⃣4️⃣,1
"✅    4️⃣6️⃣ kg DISPONIBLE,le prix par kilo c'est 1000₽(1000r/kg).",1
"✅  Envoyez vos documents (Diplome, invitation etc...)",1
"✅ Envoyez vos appareils (Telephone, planchette, laptop etc...)",1
"✅ Envoyez vos divers colis (chaussures, tenues, ...)",1
Infoline: +7 915 218 80 28,1
✈️✈️✈️✈️✈️✈️✈️✈️✈️✈️✈️✈️✈️✈️✈️✈️ ✈️✈️,1
*DEPART PROGRAMMÉ*,1
✈️✈️✈️✈️✈️✈️✈️✈️✈️✈️✈️✈️✈️✈️✈️✈️✈️✈️,1
*MOSCOU - DAKAR*,1
*DATE*:2️⃣0️⃣ *JUIN* 2️⃣0️⃣2️⃣4️⃣,1
"✅    4️⃣6️⃣ kg DISPONIBLE,le prix par kilo c'est 1000₽(1000r/kg).",1
"✅  Envoyez vos documents (Diplome, invitation etc...)",1
"✅ Envoyez vos appareils (Telephone, planchette, laptop etc...)",1
"✅ Envoyez vos divers colis (chaussures, tenues, ...)",1
Infoline: +7 915 218 80 28,1
Bookings flys✈️🛫🔐,1
🛑🛑🛑🛑🛑🛑🛑🛑🛑🛑🛑🛑🛑🛑🛑🛑🛑🛑🛑🛑🛑🛑🛑🛑🛑🛑🛑🛑🛑🛑🛑 besoin de 30 personnes ce soir  de 20h - 06h métro  kaluzhskaya sortie 4  travail de nuit,1
Rassemblement 19h au métro,1
1-,1
2-,1
3-,1
4-,1
5-,1
6-,1
7-,1
8-,1
9-,1
10-,1
11-,1
12-,1
13-,1
14-,1
15-,1
16-,1
17-,1
18-,1
19-,1
20-,1
Ne mettez pas vos noms si Vous ne venez pas.,1
For Sale 7000r,1
Metro Kotelniki,1
DM me if you're interested,1
"6/12/24, 5:06 PM - +7 977 808-44-30 joined using this group's invite link",1
"J'ai besoin d'un espace à côté du métro, envoie-moi un message si tu as",1
Cameroun,1
"Un gang de 6 malfrats, auteurs d’un braquage et vol aggravé perpétré dans une micro-finance dans la nuit du 15 au 16 mai 2024 a été présenté à la presse ce 12 juin 2024 dans la localité de Nkolmetet, département du Nyong et So’o.",1
Cameroon,1
"A gang of 6 thugs, perpetrators of a hold-up and aggravated robbery at a micro-finance company on the night of May 15 to 16, 2024, was presented to the press on June 12, 2024 in the locality of Nkolmetet, Nyong et So'o department.",1
LE 13 HEURES JOURNAL,1
THE 1 PM NEWS,1
PIB 2023 - Le Cameroun doit 111 milliards FCFA aux entreprises https://cameroon-eco-business.info/2024/06/11/pib-2023-le-cameroun-doit-111-milliards-fcfa-aux-entreprises/,1
"Énergie solaire - 28,6 mégawatts de plus pour la région de l'Extrême-Nord https://cameroon-eco-business.info/2024/06/11/energie-solaire-286-megawatts-de-plus-pour-la-region-de-lextreme-nord/",1
🚨🚨🚨Besoin de 4 personne pour compléter l’effectif demain pour un travail de 🏗️ au métro filatov lug,1
Pas de taches difficiles car demain est un jours de commission et les grands patrons seront là .,1
9h -18:00 avec 1 heure de pause (13:00-14:00)salaire 2500p directement après le boulot.,1
Intéressez écrivez ib ( envoyez votre nom en ib ),1
1,1
2,1
3,1
4,1
Appartement 3 chambres,1
*Avec meubles* disponible à lesnaya 16,1
Métro bulvar Dimitri donskova,1
Sécurité garantie,1
Coût de location,1
58000,1
Caution 58000,1
Agence 29500,1
Inbox spectacle ouvert actuellement,1
Les premiers venus premiers servis,1
demain matin travail des fleurs 2 personnes 2500,1
10h/18h,1
Saint petersbourg,1
Besoin d'une personne demain pour un boulot de restaurant 10h 22h 2600r fini payé intéressé ib,1
Besoin d'une personne demain pour un boulot de restaurant 10h 22h 2600r fini payé intéressé ib,1
BESOIN DUNE PERSONNE POUR UN TRAVAIL DE TRANSPORT DE MATÉRIEL AVEC LE LIFT DEMAIN MATIN .,1
Métro Rasskazovka,1
8:40,1
9:00-16:40,1
2500 roubles .,1
Paye après le travail,1
🛑🛑🛑🛑🛑🛑🛑🛑🛑🛑🛑🛑🛑🛑🛑🛑🛑🛑🛑🛑🛑🛑🛑🛑🛑🛑🛑🛑🛑🛑🛑 besoin de 60 personnes demain matin de 9h à 17h 40 métro  kaluzhskaya sortie 4,1
1-Jonny,1
2-Ali,1
3-landry,1
4-Kenfack,1
5- leo,1
6-Gad,1
7-seth,1
8-Ricardo,1
9- sniper,1
10-bamba,1
11- jose,1
12- roger,1
13-henry,1
14-joel,1
15- christ,1
16-roder,1
17-Anglo,1
18-son frère,1
19-jean,1
20-Hillaire,1
21-Thierry,1
22-baron,1
23-nicolas,1
24-giress,1
25-jr,1
26-diva,1
27-destin,1
28.prisca,1
29-joel,1
30-lassinie,1
31-,1
32-,1
33-,1
Ne mettez pas vos noms si Vous ne venez pas.,1
🛑🛑🛑🛑🛑🛑🛑🛑🛑🛑🛑🛑🛑 venez seulement au métro à la sortie 4 au nom de Boris et Jonny  .,1
🚨🚨🚨Besoin de 10 personne pour compléter l’effectif demain pour un travail de 🏗️ au métro filatov lug,1
Pas de taches difficiles car demain est un jours de commission et les grands patrons seront là .,1
9h -18:00 avec 1 heure de pause (13:00-14:00)salaire 2500p directement après le boulot.,1
Intéressez écrivez ib ( envoyez votre nom en ib ),1
1 -Kenzy,1
2-christian,1
3-Abdoul,1
4-Stéphane,1
5-Denis,1
6-fambeta,1
7-occupé,1
8-,1
9-,1
10-,1
Écrivez moi un pour l’ajout de votre nom,1
"6/12/24, 10:45 PM - +7 999 110-19-32 joined using this group's invite link",1
Bookings flys✈️🛫🔐,1
"Voyage prévu le *11 juillet 2024* ✈️ MOSCOU ~ DOUALA ✈️, kilos disponible.",1
✈️ envoyez vos documents,1
✈️ téléphones,1
✈️ petit colis,1
Faites plaisir à vos proches,1
+7(995) 288‑74‑55,1
🛑🛑🛑🛑🛑🛑🛑🛑🛑🛑🛑🛑🛑🛑🛑🛑🛑🛑🛑🛑🛑🛑🛑🛑🛑🛑🛑🛑🛑🛑🛑 besoin de 60 personnes demain matin de 9h à 17h 40 métro  kaluzhskaya sortie 4,1
1-Jonny,1
2-Ali,1
3-landry,1
4-Kenfack,1
5- leo,1
6-Gad,1
7-seth,1
8-Ricardo,1
9- sniper,1
10-bamba,1
11- jose,1
12- roger,1
13-henry,1
14-joel,1
15- christ,1
16-roder,1
17-Anglo,1
18-son frère,1
19-jean,1
20-Hillaire,1
21-Thierry,1
22-baron,1
23-nicolas,1
24-giress,1
25-jr,1
26-diva,1
27-destin,1
28.prisca,1
29-joel,1
30-lassinie,1
31- jatta,1
32- sonko,1
33- belane,1
34- orelien,1
35-Francis,1
36-yaya,1
37-ema,1
38-laurent,1
39-able,1
40- conte,1
41-,1
42-,1
43-,1
44-,1
45-,1
46-,1
47-,1
48-,1
49-,1
50-,1
51-,1
Ne mettez pas vos noms si Vous ne venez pas.,1
🛑🛑🛑🛑🛑🛑🛑🛑🛑🛑🛑🛑🛑 venez seulement au métro à la sortie 4 au nom de Boris et Jonny  .,1
Besoin maintenant de 2 personnes pour compléter l’effectif filatov lug metro 2500(9:00-18:00),1
"🔴🔵Bonjour à tous, c'est l'été et vous avez besoin d'un travail stable, pas compliqué, qui paye bien et directement🥳, j'ai l'opportunité qu'il vous faut.  Actuellement Ozon recrute, il s'agit d'une opportunité dans la ville de Moscou, vous payez 3300 roubles à la fin du travail 🤑🤑🤑",2
Pour un régime 10-10⏳.,1
"Le travail consiste à scanner des produits, rien de lourd (max 10kg) 💪🏽et de les ranger dans les cartons.  travail de longue durée.😍😍",1
NB : la personne doit être en fédération de Russie😔,1
"Si tu es intéressé, ib moi🤩",1
Paiement quotidien ?,1
Oui bro,1
La fédération de Ruissie c’est à dire ?,1
"Puisque j'ai travaillé 20 jours le mois d janvier,  j'ai rien reçu...  c'est d l'arnaque 😿",1
Tu parles aux gens du salaire que les russes gagnent là bas? Ou soit du salaire qui l'Africain va commencer à gagner là bas.,1
"Si c'est l'Africain, c'est trop bon pour être vrai, surtout sans preuve.",1
"Et plus le paiement total de ton argent c'est après 1 mois j'espère. Parce que à l'ozon, c'est toujours comme ça.",1
Il faut juste que ton visa soit à jour,1
Besoin d'une personne maintenant proche du métro pykhtino pour compléter l'effectif pour travail de chantier de 9h00 à 18h00 payé 2500r après boulot.,1
😂😂😂😂😂,2
"Je comprends ta réaction bro, je vois souvent les salaires publiés ici.",1
"Mais bon crois moi c'est vrai, je peux témoigner parce que j'y ai travaillé l'été dernier.",1
"Arrêtes de croire que les africains sont faits pour souffrir,  le problème c'est parfois l'ignorance.",0
Pourquoi tu ne travailles plus là bas? C'est après avoir compris les réalités que tu ignoraient ?,1
Et en plus ils exigent le visa à jour ?,1
Dus-leur d'attendre les gens en hiver,1
"Non, parce que j'étais de Kazan à mon recrutement,  et j'ai quitté quand les cours ont recommencé",1
Ok,1
Le mode de paiement c'est comment ? Sois clair surtout,1
Moi je sais qu'il paie tout l'argent après 1 mois,1
Car j'ai travaillé dans beaucoup d'entrepôt d'ozon,1
Et en plus il y a trop de straf de 5.000,1
😂,2
"Tu bavardes beaucoup,  si tu veux pas y'en a qui veulent...",1
"Continues dans ce que tu fais, et ne te pleins pas si tu gagnes moins que les autres en faisant beaucoup plus qu'eux 🙌🏽",1
"C'est sberbank,  virement direct",1
Tout les jours après le travail...,1
"Mais pour ceux qui veulent un logement,  ils ont une auberge qui leurs ait proposé et déduit de leurs salaires... et ils sont payés par semaine",1
Tu as travaillé pour combien et quand ??,2
*COMMENT S'EFFECTUE LE PAIEMENT D'UN TRAVAIL DE 3.000 ROUBLES (par jour) 2 FOIS PAR MOIS.*,1
"Si par exemple tu débutes le travail le 01/05/2024, tu auras d'abord une avance  de 10.000 roubles après  2 semaines (donc le 15/05/2024). Cet argent te permettra de payer le transport pour aller au boulot.",1
"Une fois que tu obtiens cette première avance, tu obtiendras encore la deuxième avance de 10.000 roubles à la fin du mois (30/05/2024).",1
"Maintenant pour obtenir tout ton argent, tu vas calculer le nombre de jours que tu as travaillé multiplié par le montant de ton salaire (3.000 roubles) moins le montant total de l'argent que tu as reçu comme avance (donc 20.000 roubles). Donc tout ton argent là, tu vas l'obtenir le 15/06/2024.",1
"Après avoir obtenu ton salaire, tu dois continuer ton travail et tu vas encore obtenir l'autre avance (de 10.000 roubles) le 01/07/2024. Et après, tu vas encore obtenir l'autre avance le 15/07/2024. Et après, tout salaire tu l'auras le 15/08/2024.",1
Salaire= Nombre de jours que tu as travaillé X montant de ton salaire (3.000). La somme générale obtenue moins 20.000 roubles (l'argent des avances que tu avais déjà reçu le 1er et le 15).,1
N.B: Cet type de boulot paie 3.000 roubles mais il faut savoir qu'il y a trop de straf (5.000 roubles à 10.000 roubles).,1
"Et en plus tu es censé partir tous les jours au boulot et tu n'auras qu'un jour de repos dans la semaine. Si tu es absent au boulot sans raison valable, on te straf (5.000 roubles).",1
*Voilà un peu comment ça se passe.*,1
Ce n'est pas comme ça ? 👆,1
Pas où je travaillais...,1
"Les amendes, seront de ta faute, retard ou branlage...",0
"Non, je n'ai rien à voir avec ça... je t'ai dit, 3300 roubles et payé après le boulot...",1
C'est clair ou pas?,1
"Si tu le dis, c'est bien",2
Super 😂,2
"Besoin de deux personnes pour travail dans un restaurant. Lieu  sur la rue nevky prospect. Salaire, 2500 à 3000 la journée. Intéressée ib",1
"C'est très très très bien expliqué, je confirme, c'est exactement ça. Ce système est valable pour tous les boulots dans les entrepôts.",2
Éditorial du jour,1
LA UNE DES JOURNAUX DU 13-06-2024/ THE NEWS PAPERS FRONT PAGES FROM 06-13-2024,1
"6/13/24, 2:37 PM - +7 999 848-85-59 joined using this group's invite link",1
LE 13 HEURES JOURNAL,1
THE 1 PM NEWS,1
📍 Place disponible pour une fille metro Dimitri danskova,1
Besoin d'une place pour homme à Dimitridoskova,1
Vous pouvez me Ib en cas d'information favorable,1
"6/13/24, 8:24 PM - +7 996 786-28-96 joined using this group's invite link",1
Bookings flys✈️🛫🔐,1
"Voyage prévu le *11 juillet 2024* ✈️ MOSCOU ~ DOUALA ✈️, kilos disponible.",1
✈️ envoyez vos documents,1
✈️ téléphones,1
✈️ petit colis,1
Faites plaisir à vos proches,1
+7(995) 288‑74‑55,1
La liste officielle des manuels scolaires de l'enseignement primaire et maternel au Cameroun comptant pour l'année scolaire 2024-2025 est déjà disponible. Cette liste de manuels officiels s'applique à tous les établissements publics et privés sur toute l'étendue du territoire national du Cameroun toute cette année scolaire 2024-2025.,1
*Les parents prévoyants peuvent déjà chercher à mieux s'organiser et/ou commencer à se procurer les manuels scolaires de leurs enfants pour ne pas avoir plus de pression fin août début septembre.*,1
Besoin de 6 personnes sérieux pour un travail permanant demain à 8:30 au métro kotelniki sortie 3,1
Intéressés inbox,1
Je ne te comprends pas,1
Chambre disponible,1
Métro Medvedkovo,1
20 minutes en bus,1
Loyer:23000,1
Caution :10000,1
Commission :2000,1
Bookings flys✈️🛫🔐,1
Besoin de 15 personnes ce matin au métro тушинская pour petit nettoyage du site mais c'est la présence qui importe car la grande commission sera là et on  a besoin d'effectif sur le site juste.,1
Travail de 9h à 18h40 payé 2700r après boulot SUR PLACE DIRECTEMENT.,1
Transférez de l'argent rapidement et en toute sécurité.,1
Gagnez du temps et de l'argent avec nos services de transactions.,1
Nous transférons votre argent en toute sécurité et sans tracas.,1
Un service pratique de transfert d'argent - toujours à portée de main!.avec les excellents frais ....,2
Bonjour . Besoin d’une personne pour un travail de chantier intérieur.,1
Metro Rasskazovka,1
Sortie 4,1
2500 roubles .,1
Doit être au métro à 9:20,1
10:00-18:00,1
"Voyage prévu le *11 juillet 2024* ✈️ MOSCOU ~ DOUALA ✈️, kilos disponible.",1
✈️ envoyez vos documents,1
✈️ téléphones,1
✈️ petit colis,1
Faites plaisir à vos proches,1
+7(995) 288‑74‑55,1
Chambre disponible,1
Métro Medvedkovo,1
20 minutes en bus,1
Loyer:23000,1
Caution :10000,1
Commission :2000,1
http://infosot.buzz/UCw2jpe/76838255393269676715280ac7,1
Bookings flys✈️🛫🔐,1
✈️✈️✈️✈️✈️✈️✈️✈️✈️✈️✈️✈️✈️✈️✈️✈️✈️✈️ Depart confirmé,1
"MOSCOU🇷🇺 — DLA , YDÉ 🇨🇲",1
Le 20 juin  2024,1
✅        23 kg disponible,1
"✅ Envoyer vos Documents(diplomes, passports etc....)",1
"✅ Envoyer vos petits appareils (telephones, planchettes, laptops etc..)",1
YAN TRAVEL ✈️,1
(Vous servir est une passion pour nous),1
Merci,2
2 bedroom apartment available.,1
"Rent 46,000r",1
"Caution 40,000r",1
"Commission 20,000r",1
"If Interested, +79205155974",1
appartement de 2 chambres disponible.,1
Loyer 46 000 r,1
Caution 40 000 r,1
Commission 20 000 r,1
"Si Vous êtes intéressé, +79205155974",1
"6/14/24, 5:20 PM - +7 969 032-12-77 joined using this group's invite link",1
"6/14/24, 5:23 PM - +220 216 2693 joined using this group's invite link",1
"🩸🩸🩸🩸🩸🩸🩸🩸🩸🩸🩸🩸🩸🩸🩸🩸Bonsoir a tous besoins de 15 personnes ( hommes) pour un travail de chantier de 9h a 17h40 aux metro же Домодедово sortie 1 , 2500 après le travail",1
Besoin de 05 personnes(hommes) demain pour Travail de chantier de 9h00 à 18h00 payé 2500r après boulot,1
"Depart confirmé (((Douala >>> Moscou , ))). 17 juin 2024",1
Document uniquement,1
Depart conformé [[[ Douala >>>>>>Moscou]]] 19 juin 2024 23kg disponible  + document  IB,1
BESOIN DEMAIN DE 5 HOMMES POUR UN TRAVAIL DE NETTOYAGE DE CHANTIER. Pas difficile…,1
2600 roubles,1
MÉTRO KOTELNIKI,1
SORTIE 5,1
9:00-18:00,1
Rdv au métro à 8:30,1
Travail est à 5 mins à pied du métro .,1
1- Rostand,1
2- fabrice,1
3- william,1
4-,1
5-,1
"Bjr boss,je voulais juste connaitre l'équivalence de la monnaie russe et du frs CFA ?",1
🚨🚨🚨🚨🚨🚨🚨🚨🚨🚨🚨🚨🚨🚨🚨🚨🚨🚨🚨🚨🚨🚨,1
Urgent,1
💵💵💵💵💵💵💵💵💵💵💵💵💵💵💵💵💵💵💵💵💵💵💵💵💵💵💵💵💵💵💵💵💵💵💵,1
Bonsoir tt le monde. Je suis à la recherche d'un moyen pour amener des documents ici en Russie.,1
********************************,1
Je cherche des vols quittant les pays qui suivent :,1
-Mali,1
-Cameroun,1
-Sénégal,1
-Burkina Faso,1
********,1
Si vous avez des vols ✈✈✈ qui quittent l'un de ces pays pour la Russie svp veuillez me contacter.,1
Je vous remercie d'avance et bonne fin de journée à tous.,2
Chambre disponible,1
Métro Medvedkovo,1
20 minutes en bus,1
Loyer:23000,1
Caution :10000,1
Commission :2000,1
"Voyage prévu le *11 juillet 2024* ✈️ MOSCOU ~ DOUALA ✈️, kilos disponible.",1
✈️ envoyez vos documents,1
✈️ téléphones,1
✈️ petit colis,1
Faites plaisir à vos proches,1
+7(995) 288‑74‑55,1
"Studio/Apartments Available,",1
"Rent 30,000r",1
"Deposit 30,000r. Can be paid in 2 months.",1
"Commission 15,000r",1
if Interested Tel: +79205155974,1
"Studio / Appartements Disponibles,",1
Loyer 30 000 r,1
Dépôt de 30 000 r. Peut être payé en 2 mois.,1
Commission 15 000 r,1
si intéressé Tél: +79205155974,1
this Studio/apartments is available today morning.,1
ce Studio / appartements est disponible aujourd'hui matin,1
🚨🚨🚨 Permanent restaurant job in the night is available for a lady. Time 21:00-09:00. Payment 2500 rub. Contact+79687107286,1
Besoin d’une personne pour un travail de nettoyage chantier,1
Métro raskasovka,1
Sortie 4,1
2500,1
10:00-18:00,1
Paiement directement après le travail,1
Bonsoir besoin de 2 personnes en urgence métro aminevskaya ligne 11 sortie 2,1
Travail chantier,1
9:00 - 18:00,1
2700 fini payer,1
Intéressés inbox,1
"Studio/Apartments Available,",1
"Rent 35,000r",1
"Deposit 35,000r. Can be paid in 2 months.",1
"Commission 15,000r",1
Metro Annina,1
if Interested Tel: +79205155974,1
"Studio / Appartements Disponibles,",1
Loyer 35 000 r,1
Dépôt de 35 000 r. Peut être payé en 2 mois.,1
Commission 15 000 r,1
Metro Annina,1
si intéressé Tél: +79205155974,1
Besoin d’une personne pour un travail de nettoyage chantier,1
Métro raskasovka,1
Sortie 4,1
2700 roubles,1
10:00-18:00,1
Paiement directement après le travail,1
départ confirmée,1
✈️✈️✈️Douala- Moscou✈️✈️✈️,1
Mardi le 18 juin,1
"23 kg disponibles et documents 📃 au choix,",1
NB:je ne suis qu'intermédiaire (1000 ₽ le kg),1
null,1
null,1
Bookings flys✈️🛫🔐,1
Moscou - ——->Paris 🇫🇷,1
Départ prévue le (23 juin),1
-46 kilos disponible,1
- nous prenons les documents et vos petits colis,1
🚨🚨Une chambre disponible bien propre dans un appartement de trois pieces pour une seul personne dans le rayon du metro Филатов Луг ligne rouge en bas...,2
****20 000 par mois,1
***Deposit 20 000 divisable en deux et rembourser lorsque tu quitte si rien n'est gâter,1
*** Commission 10000 roubles.,1
"6/15/24, 4:48 PM - +237 76675692 joined using this group's invite link",1
✈️✈️✈️✈️✈️✈️✈️✈️✈️✈️✈️✈️voyage confirmée pour demain,1
dimanche 16 juin,1
Cameroun -Moscou,1
23kg × 2 = 46kg,1
Nous prenons aussi les documents,1
Appareil,1
Téléphone,1
500r. Le kg,1
Intéressé. Inbox,1
Besoin de 10 personnes (hommes) demain pour un boulot très facile (nettoyage).,1
Paiement 2400 après le travail,1
Métro: Slavyanskiy bulvar sortie 4,1
Le travail c’est de 9h00 à 18h00,1
Regroupement au métro à 8h00,1
NB: si tu arrives après 8h05 tu vas pas me trouver à la sortie du métro.,1
"Besoin demain d'une fille pour nettoyage et repassage dans un hôtel payé 2400r après boulot, travail de 8h de temps.",1
Svp il faut quelqu'une qui sait se repérer à partir du map 🙏🏽,1
"Voyage prévu le *11 juillet 2024* ✈️ MOSCOU ~ DOUALA ✈️, kilos disponible.",1
✈️ envoyez vos documents,1
✈️ téléphones,1
✈️ petit colis,1
Faites plaisir à vos proches,1
+7(995) 288‑74‑55,1
Besoin d’une place pour homme,1
Bookings flys✈️🛫🔐,1
départ confirmée,1
✈️✈️✈️Douala- Moscou✈️✈️✈️,1
Mardi le 18 juin,1
"23 kg disponibles et documents 📃 au choix,",1
NB:je ne suis qu'intermédiaire (1000 ₽ le kg),1
🚨🚨🚨 Permanent restaurant job in the night is available for a lady. Time 21:00-09:00. Payment 2500 rub. Contact+79687107286,1
How much,1
Message me,1
départ confirmé le 21 juin,1
✈️✈️✈️Douala- Moscou✈️✈️✈️,1
Nous prenons juste les documents 📃 jusqu'àu 20 juin,1
NB:je ne suis qu'intermédiaire (1000 ₽ l'enveloppe). Intéresser ib,1
Besoin de 50 personnes demain matin au  Метро Мычуринский проспект 5 вход  Pour un boulot facile chantier 🏗️ 09h00 17h45 regroupement à 08h10 au métro 🚇 Salaire 2500p après le boulot,1
1-Momo,1
2-Bishop,1
3-Alain,1
4-Christ,1
5-Trésor,1
6-Elohim,1
7-juste,1
8-grâce,1
9-Diallo,1
10-Jinior,1
11-Hugues,1
12- Sami,1
13 Daniel,1
14 zeka,1
15 Arthur,1
16 Nathan,1
17- Tomas,1
18- Mohamed,1
19-Abdoul fall,1
20-,1
21-,1
22-,1
23-,1
24-,1
25-,1
26-,1
27-,1
28-,1
29-,1
30-,1
Transférez de l'argent rapidement et en toute sécurité.,1
Gagnez du temps et de l'argent avec nos services de transactions.,1
Nous transférons votre argent en toute sécurité et sans tracas.,1
Un service pratique de transfert d'argent - toujours à portée de main!.avec les excellents frais ....,2
Besoin de 50 personnes demain matin au  Метро Мычуринский проспект 5 вход  Pour un boulot facile chantier 🏗️ 09h00 17h45 regroupement à 08h10 au métro 🚇 Salaire 2500p après le boulot,1
1-Momo,1
2-Bishop,1
3-Alain,1
4-Christ,1
5-Trésor,1
6-Elohim,1
7-juste,1
8-grâce,1
9-Diallo,1
10-Jinior,1
11-Hugues,1
12- Sami,1
13 Daniel,1
14 zeka,1
15 Arthur,1
16 Nathan,1
17- Tomas,1
18- Mohamed,1
19-Abdoul fall,1
20-kenny,1
21-Akur,1
22-,1
23-,1
24-,1
25-,1
26-,1
27-,1
28-,1
29-,1
30-,1
Besoin de 50 personnes demain matin au  Метро Мычуринский проспект 5 вход  Pour un boulot facile chantier 🏗️ 09h00 17h45 regroupement à 08h10 au métro 🚇 Salaire 2500p après le boulot,1
1-Momo,1
2-Bishop,1
3-Alain,1
4-Christ,1
5-Trésor,1
6-Elohim,1
7-juste,1
8-grâce,1
9-Diallo,1
10-Jinior,1
11-Hugues,1
12- Sami,1
13 Daniel,1
14 zeka,1
15 Arthur,1
16 Nathan,1
17- Tomas,1
18- Mohamed,1
19-Abdoul fall,1
20-kenny,1
21-Akur,1
22-Hadji,1
23-,1
24-,1
25-,1
26-,1
27-,1
28-,1
29-,1
30-,1
Besoin de 50 personnes demain matin au  Метро Мычуринский проспект 5 вход  Pour un boulot facile chantier 🏗️ 09h00 17h45 regroupement à 08h10 au métro 🚇 Salaire 2500p après le boulot,1
1-Momo,1
2-Bishop,1
3-Alain,1
4-Christ,1
5-Trésor,1
6-Elohim,1
7-juste,1
8-grâce,1
9-Diallo,1
10-Jinior,1
11-Hugues,1
12- Sami,1
13 Daniel,1
14 zeka,1
15 Arthur,1
16 Nathan,1
17- Tomas,1
18- Mohamed,1
19-Abdoul fall,1
20-kenny,1
21-Akur,1
22-Hadji,1
23-Babigue,1
24-Abraham,1
25-,1
26-,1
27-,1
28-,1
29-,1
30-,1
Besoin de 50 personnes demain matin au  Метро Мычуринский проспект 5 вход  Pour un boulot facile chantier 🏗️ 09h00 17h45 regroupement à 08h10 au métro 🚇 Salaire 2500p après le boulot,1
1-Momo,1
2-Bishop,1
3-Alain,1
4-Christ,1
5-Trésor,1
6-Elohim,1
7-juste,1
8-grâce,1
9-Diallo,1
10-Jinior,1
11-Hugues,1
12- Sami,1
13 Daniel,1
14 zeka,1
15 Arthur,1
16 Nathan,1
17- Tomas,1
18- Mohamed,1
19-Abdoul fall,1
20-kenny,1
21-Akur,1
22-Hadji,1
23-Babigue,1
24-Abraham,1
25-,1
26-,1
27-,1
28-,1
29-,1
30-,1
Besoin de 50 personnes demain matin au  Метро Мычуринский проспект 5 вход  Pour un boulot facile chantier 🏗️ 09h00 17h45 regroupement à 08h10 au métro 🚇 Salaire 2500p après le boulot,1
1-Momo,1
2-Bishop,1
3-Alain,1
4-Christ,1
5-Trésor,1
6-Elohim,1
7-juste,1
8-grâce,1
9-Diallo,1
10-Jinior,1
11-Hugues,1
12- Sami,1
13 Daniel,1
14 zeka,1
15 Arthur,1
16 Nathan,1
17- Tomas,1
18- Mohamed,1
19-Abdoul fall,1
20-kenny,1
21-Akur,1
22-Hadji,1
23-Babigue,1
24-Abraham,1
25-Atiamutu,1
26-Masampu,1
27-Edwit,1
28-Braite,1
29-,1
30-,1
31-,1
32-,1
33-,1
34-,1
35-,1
36-,1
37-,1
38-,1
39-,1
40-,1
Besoin de 50 personnes demain matin au  Метро Мычуринский проспект 5 вход  Pour un boulot facile chantier 🏗️ 09h00 17h45 regroupement à 08h10 au métro 🚇 Salaire 2500p après le boulot,1
1-Momo,1
2-Bishop,1
3-Alain,1
4-Christ,1
5-Trésor,1
6-Elohim,1
7-juste,1
8-grâce,1
9-Diallo,1
10-Jinior,1
11-Hugues,1
12- Sami,1
13 Daniel,1
14 zeka,1
15 Arthur,1
16 Nathan,1
17- Tomas,1
18- Mohamed,1
19-Abdoul fall,1
20-kenny,1
21-Akur,1
22-Hadji,1
23-Babigue,1
24-Abraham,1
25-Atiamutu,1
26-Masampu,1
27-Edwit,1
28-Braite,1
29-Karis,1
30-Cris,1
31-Lepe,1
32-Prince,1
33-Sam,1
34-Roma,1
35-Israel,1
36-,1
37-,1
38-,1
39-,1
40-,1
Besoin de 50 personnes demain matin au  Метро Мычуринский проспект 5 вход  Pour un boulot facile chantier 🏗️ 09h00 17h45 regroupement à 08h10 au métro 🚇 Salaire 2500p après le boulot,1
1-Momo,1
2-Bishop,1
3-Alain,1
4-Christ,1
5-Trésor,1
6-Elohim,1
7-juste,1
8-grâce,1
9-Diallo,1
10-Jinior,1
11-Hugues,1
12- Sami,1
13 Daniel,1
14 zeka,1
15 Arthur,1
16 Nathan,1
17- Tomas,1
18- Mohamed,1
19-Abdoul fall,1
20-kenny,1
21-Akur,1
22-Hadji,1
23-Babigue,1
24-Abraham,1
25-Atiamutu,1
26-Masampu,1
27-Edwit,1
28-Braite,1
29-Karis,1
30-Cris,1
31-Lepe,1
32-Prince,1
33-Sam,1
34-Roma,1
35-Israel,1
36-,1
37-,1
38-,1
39-,1
40-,1
Besoin de 50 personnes demain matin au  Метро Мычуринский проспект 5 вход  Pour un boulot facile chantier 🏗️ 09h00 17h45 regroupement à 08h10 au métro 🚇 Salaire 2500p après le boulot,1
1-Momo,1
2-Bishop,1
3-Alain,1
4-Christ,1
5-Trésor,1
6-Elohim,1
7-juste,1
8-grâce,1
9-Diallo,1
10-Jinior,1
11-Hugues,1
12- Sami,1
13 Daniel,1
14 zeka,1
15 Arthur,1
16 Nathan,1
17- Tomas,1
18- Mohamed,1
19-Abdoul fall,1
20-kenny,1
21-Akur,1
22-Hadji,1
23-Babigue,1
24-Abraham,1
25-Atiamutu,1
26-Masampu,1
27-Edwit,1
28-Braite,1
29-Karis,1
30-Cris,1
31-Lepe,1
32-Prince,1
33-Sam,1
34-Roma,1
35-Israel,1
36-Bangs,1
37-,1
38-,1
39-,1
40-,1
"Voyage prévu le *11 juillet 2024* ✈️ MOSCOU ~ DOUALA ✈️, kilos disponible.",1
✈️ envoyez vos documents,1
✈️ téléphones,1
✈️ petit colis,1
Faites plaisir à vos proches,1
+7(995) 288‑74‑55,1
🛑🛑🛑🛑🛑🛑🛑🛑🛑🛑🛑🛑🛑🛑🛑🛑🛑 demain besoin de 60 personnes au métro savyolovskaya,1
Sortie 1,1
fini payer,1
2500p,1
9h -18h,1
pas de retard,1
1-Jonny,1
2-Ali,1
3-Landry,1
4-Billy,1
5-Fabrice,1
6-bodrick,1
7-Glody,1
8-lourd,1
9-Thierry,1
10-Theo,1
11-yahaya,1
12-Emmanuel,1
13-Ibrahim,1
14-mardochee,1
15-tychick,1
16-seth,1
17-Romarick,1
18-matty heto'o,1
19 -Ntonga ateba,1
20- nelly,1
21- son frere,1
22- Herman,1
23- gad,1
24- ricardo,1
25-Ibrahim,1
26-jatta,1
27-sonko,1
28- christ,1
29- conde,1
30- Camara,1
31-,1
32-,1
33-,1
34-,1
35-,1
36-,1
Demain besoin de 1 hommepour un travail de nettoyage de chantier,1
9:00-16:40,1
Métro raskazovkaya,1
Sortie 4,1
Rdv au métro à 8:30,1
2500 roubles après le travail cash,1
🛑🛑🛑🛑🛑🛑🛑🛑🛑🛑🛑🛑🛑🛑🛑🛑🛑 demain besoin de 60 personnes au métro savyolovskaya,1
Sortie 1,1
fini payer,1
2500p,1
9h -18h,1
pas de retard,1
1-Jonny,1
2-Ali,1
3-Landry,1
4-Billy,1
5-Fabrice,1
6-bodrick,1
7-Glody,1
8-lourd,1
9-Thierry,1
10-Theo,1
11-yahaya,1
12-Emmanuel,1
13-Ibrahim,1
14-mardochee,1
15-tychick,1
16-seth,1
17-Romarick,1
18-matty heto'o,1
19 -Ntonga ateba,1
20- nelly,1
21- son frere,1
22- Herman,1
23- gad,1
24- ricardo,1
25-Ibrahim,1
26-jatta,1
27-sonko,1
28- christ,1
29- conde,1
30- Camara,1
31-guan,1
32- Ebenezer,1
33- bernard,1
34- bismark,1
35- Philip,1
36- donald,1
37- francis,1
38-,1
39-,1
40-,1
41-,1
42-,1
43-,1
44-,1
45-,1
46-,1
47-,1
48-,1
49-,1
50-,1
Bookings flys✈️🛫🔐,1
Besoin maintenant ce matin d'une personne pour compléter effectif proche du métro pykhtino pour travail de chantier de 9h00 à 18h00 payé 2500r après boulot,1
🛑🛑🛑 Bonjour à tous besoin de 10 personnes filles comme garçon dans un entrepôt à Moscou. Salaires 2850 (garçons) et 2500 (filles) payable chaque vendredi.,1
"Travail permanent logement, transport et enregistrement gratuit.",1
Ib pour plus d'informations.,1
NB: ⛔seulement les personnes à jour.,1
one bedroom apartment available at Butovo today 7pm,1
"Rent: 31,000r",1
"Deposit: 31,000r can be paid twice",1
Commission: 17000r,1
appartement d'une chambre disponible à Butovo aujourd'hui à 19h,1
Loyer: 31 000 r,1
Dépôt: 31 000 r peuvent être payés deux fois,1
Commission: 17000 r,1
Bjr je suis à la recherche d’une chambre pour homme urgent,1
Place disponible pour une fille non loin du metro,1
✈️✈️Départ prévue le 18 juin,1
Yde✈️✈️Dla ✈️Moscou,1
- nous prenons uniquement les documents,1
Ancien en Russie 🇷🇺 avec passport russe,1
Place disponible pour 3 garçon non loin du metro,1
Bonjour,1
Besoin de 4 personnes au métro amineskaya ligne 11 sortie 2 à 8:00,1
Travail de chantier,1
9:00-18:00,1
Paiement 2700 fini payer,1
Heure de rencontre 8:00,1
Intéressés inbox,1
Place disponible pour 3 garçon non loin du metro,1
Place disponible pour une fille non loin du metro,1
one bedroom apartment available at Butovo,1
"Rent: 30,000r",1
"Deposit: 30,000r can be paid twice",1
Commission: 15000r,1
appartement d'une chambre disponible à Butovo.,1
Loyer: 30 000 r,1
Dépôt: 30 000 r peuvent être payés deux fois,1
Commission: 15000 r,1
Bro why commission is 15k for what to get the person the house he need to pay you 15k,1
"6/18/24, 7:36 AM - ~ SniperSGK added ~ Muxamad",1
Mind your business young man,1
Not even 5k commission u calling 15k,1
Bro chill I’m here jus to ask,1
How come,1
Oga forget this thing wey u de talk e don do sha,1
lol dude I do but not 1k lol,1
Ok to find person house u said na 15k okay ooo good luck  sha nothing spoil,1
Besoin maintenant de 04 personnes proches du métro Багратионовская pour travail de déchargement pendant 8h de temps payé 2500r après boulot,1
one bedroom apartment available at Butovo,1
"Rent: 30,000r",1
"Deposit: 30,000r can be paid twice",1
Commission: 15000r,1
appartement d'une chambre disponible à Butovo.,1
Loyer: 30 000 r,1
Dépôt: 30 000 r peuvent être payés deux fois,1
Commission: 15000 r,1
"Voyage prévu le *11 juillet 2024* ✈️ MOSCOU ~ DOUALA ✈️, kilos disponible.",1
✈️ envoyez vos documents,1
✈️ téléphones,1
✈️ petit colis,1
Faites plaisir à vos proches,1
+7(995) 288‑74‑55,1
Bookings flys✈️🛫🔐,1
"Studio/apartment available at Metro, Тропарёво",1
"Rent: 27,000r",1
"Deposit: 27,000r can be paid twice",1
Commission: 13000r,1
Studio/appartement disponible à Тропарёво metro,1
Loyer: 27 000 r,1
Dépôt: 27 000 r peuvent être payés deux fois,1
Commission: 13000 r,1
"В Альфа-Банке дают 500 ₽, если оформишь Альфа-Карту по моей ссылке. Она бесплатная, с суперкэшбэком до 100% каждый месяц и ещё по 5% в четырёх категориях на выбор. Вот моя ссылка: https://alfa.me/xjBgKw",1
je vous le conseil meilleur banque,1
suivez le liens pour commander votre crte c'est gratuit,1
Chambre disponible,1
Métro Medvedkovo,1
20 minutes en bus,1
Loyer:23000,1
Caution :10000,1
Commission :2000,1
"Chambre, il y a caution dedans?",1
"Faut pas rire un frère, c'est à dire qu'à Moscou les gens nous prennent pour des vendus",1
The commission is really cheap bro 🤣,2
🛑🛑🛑🛑🛑🛑🛑🛑🛑🛑🛑🛑🛑🛑🛑🛑🛑 demain besoin de 20 personnes au métro *begovaya*  boulot très facil,1
Sortie 2,1
fini payer directement,1
2500p,1
9h -18h,1
pas de retard 8h 00 au métro,1
1-  jhonny,1
2-  désire,1
3- nelly,1
4- Zacharie,1
5- Joel,1
6-  Daniel,1
7- Arthur,1
8-,1
9-,1
10-,1
11-,1
12-,1
13-,1
14-,1
15-,1
16-,1
17-,1
18-,1
19-,1
20-,1
null,1
"6/18/24, 7:21 PM - +49 160 1832288 added +237 6 95 92 75 62",1
Salut a' tous besoin de 15 personnes au métro Домодедовская sortie1.9hr-17hr50 . Rassemblement 08Hrs paye 2600,1
Écrivez moi en PV,1
🚨🚨🚨 Permanent restaurant job is available. Time 08:00-18:00. Payment 2600 rub. Contact  +79687107286,1
Bonsoir,1
Besoin de 6 personnes demain métro kotelniki sortie 3 à 8:00,1
Travail de chantier,1
9:00-18:00,1
Paiement 2600 fini payer,1
Intéressés inbox,1
🔐🔐🔐🔐🔐🔐,1
Place disponible pour une fille non loin du metro,1
Place disponible pour 3 garçon non loin du metro,1
Besoin maintenant d'une personne(homme) proche du métro lyublino ligne 10 pour travail de chantier de 9h00 à 18h00 payé 2500r après boulot.,1
"Voyage prévu le *11 juillet 2024* ✈️ MOSCOU ~ DOUALA ✈️, kilos disponible.",1
✈️ envoyez vos documents,1
✈️ téléphones,1
✈️ petit colis,1
Faites plaisir à vos proches,1
+7(995) 288‑74‑55,1
BESOIN DE 4 HOMMES POUR UN TRAVAIL DE CHANTIER,1
10:00-20:00,1
2800 roubles,1
M.Lefortovo,1
Sortie 1,1
BESOIN DE 4 HOMMES POUR UN TRAVAIL DE CHANTIER,1
10:00-20:00,1
2800 roubles,1
M.Lefortovo,1
Sortie 1,1
Deux places disponibles pour homme au métro Novogieerevo ligne 8,1
Deux places disponibles pour homme au métro Novogieerevo ligne 8,1
Besoin de 02 personnes maintenant proches du métro Филатов луг pour travail de chantier de 10h30 à 18h00,1
🚨🚨🚨🚨🚨,1
Départ prévue le 21 juin,1
Lomé 🇹🇬—-> Moscou 🇷🇺,1
- expédition de vos documents,1
- ⁠expédition de vos petits colis,1
—————————————————,1
-🚨🚨🚨Départ prévu le 21 juin,1
Cotonou 🇧🇯——-> Moscou 🇷🇺,1
- expédition de vos documents,1
- ⁠expédition de vos petits colis,1
Nb: ancien en Russie 🇷🇺 je prend les colis aujourd’hui et demain,1
——————————————————🚨🚨🚨 départ prévue le 19 et le 21 juin ( Dla🇨🇲 —>moscou 🇷🇺),1
•expédition de vos documents,1
•expédition de vos petit colis,1
•20 kilo disponible à vendre,1
Ancien en Russie 🇷🇺,1
départ prévue le 20  juin ( Dla🇨🇲 —>moscou 🇷🇺 saint Pétersbourg,1
Document uniquement,1
one Bedroom Apartment available.,1
"Rent, 31000r",1
"Caution, 31000r can be paid twice.",1
Commission 15000r.,1
appartement d'une chambre disponible.,1
"Loyer, 31000r",1
"Coution, 31000r peut être payé deux fois.",1
Commission 15000r.,1
Transférez de l'argent rapidement et en toute sécurité.,1
Gagnez du temps et de l'argent avec nos services de transactions.,1
Nous transférons votre argent en toute sécurité et sans tracas.,1
Un service pratique de transfert d'argent - toujours à portée de main!.avec les excellents frais ....,2
"6/19/24, 12:43 PM - +237 6 58 76 11 97 joined using this group's invite link",1
"6/19/24, 12:45 PM - +7 977 984-19-37 joined using this group's invite link",1
Place disponible pour 3 garçon non loin du metro,1
Place disponible pour une fille non loin du metro,1
Moscou 🇷🇺✈️—->paris 🇫🇷🇫🇷,1
Départ prévue le 23 juin,1
46 - kilo disponible prix cadeau,1
- expédition 🚚 de vos documents,1
- ⁠expédition de vos petits colis,1
- ⁠expédition de vos valises et autres,1
Réception des colis moscou,1
Passez déjà remettre vos colis pour Paris 🇫🇷,1
🇷🇺🇷🇺✈️✈️✈️✈️🇫🇷🇫🇷🇫🇷,1
2 bedroom apartment available,1
"Rent, 45000r",1
"Deposit, 45000r can be paid twice.",1
Commission 20000r,1
"6/19/24, 7:46 PM - +237 6 70 75 74 65 changed to +237 6 20 84 22 43",1
Besoin de 8 personnes demain matin au métro Пыхтино pour travail de chantier payé 2500r après boulot de 9h00 à 18h00,1
"🩸🩸🩸🩸🩸🩸Bsr a tous besoins de 15 personnes  pour un travail de chantier de 9h00 à 17h45  aux metro домодедовская ligne verte , sortie 1  ( 2600 ) apres le travail  Nb : etre aux mtro a 7h45 aux plutard car nous devons prendre le bus 🩸🩸🩸🩸",1
"🩸🩸🩸🩸🩸🩸Bsr a tous besoins de 15 personnes  pour un travail de chantier de 9h00 à 17h45  aux metro домодедовская ligne verte , sortie 1  ( 2600 ) apres le travail  Nb : etre aux mtro a 7h45 aux plutard car nous devons prendre le bus 🩸🩸🩸🩸",1
"🩸🩸🩸🩸🩸🩸Bsr a tous besoins de 15 personnes  pour un travail de chantier de 9h00 à 17h45  aux metro домодедовская ligne verte , sortie 1  ( 2600 ) apres le travail  Nb : etre aux mtro a 7h45 aux plutard car nous devons prendre le bus 🩸🩸🩸🩸",1
Bookings flys✈️🛫🔐,1
10 person needed at the construction site tomorrow morning.,1
Metro Domodedovskaya Exit 10,1
working time 9am to 6pm,1
"payment, 2700r after work",1
"interested person person should contact, +79205155974",1
Besoin de 10 person pur le travail de chantier demain matin.,1
Métro Domodedovskaya sortie 10,1
temps de travail 9h à 18h,1
"paiement, 2700r après le travail",1
"la personne intéressée doit contacter,+ 79205155974",1
Besoin de 03 personnes demain au métro Пыхтино pour travail de chantier de 9h00 à 18h00 payé 2500r après boulot,1
Besoin de 20 personnes demain matin au métro Savioloskaya sortie 5  travail chantier 9h00 17h45 regroupement a 08h 10 Salaire 2600p juste après boulot,1
1-Bishop,1
2-Alain,1
3-Ibrahim,1
Tomorrow,1
Metro Bibirevo exit 4 line 9,1
2400 form 9to 6pm,1
If you are interested call my brother Eric: +7 901 554-92-80,1
Place disponible pour une fille non loin du metro,1
✈️✈️Plus de stress d'attendre un voyage avant d'acheter vos choses pour expédition.,1
🇨🇲  ↔️ 🇷🇺,1
*déposez désormais votre colis dans nos bureaux et attendez le à destination dès le prochain voyage*,1
Prochains départs,1
*16.Juillet 2024*.,1
Saint petrsburg - Moscou 🇷🇺 ✈️ ✈️ Douala 🇨🇲,1
*24.06.2024*,1
*01.07.2024*,1
*02.07.2024*,1
Douala 🇨🇲 ✈️ ✈️ Moscou 🇷🇺,1
✅ 23 kilos disponibles à chaque date,1
✅ Documents attendus,1
✅ Etc...,1
+79888341550,1
Boiler washer needed tomorrow 2800rub,1
Time  11:00 to 23:00,1
Inbox 📥 if interested,1
Omo,1
"Besoin de 09 personnes maintenant au métro Пыхтино pour travail de nettoyage chantier, besoin de faire juste l'effectif car la commission sera là...",1
Travail de 9h à 18h00 payé 2500r après boulot,1
"Voyage prévu le *11 juillet 2024* ✈️ MOSCOU ~ DOUALA ✈️, kilos disponible.",1
✈️ envoyez vos documents,1
✈️ téléphones,1
✈️ petit colis,1
Faites plaisir à vos proches,1
+7(995) 288‑74‑55,1
2 bedroom apartment available,1
"Rent, 45000r",1
"Deposit, 45000r can be paid twice.",1
Commission 17000r,1
Place disponible pour 3 garçon non loin du metro,1
Transférez de l'argent rapidement et en toute sécurité.,1
Gagnez du temps et de l'argent avec nos services de transactions.,1
Nous transférons votre argent en toute sécurité et sans tracas.,1
Un service pratique de transfert d'argent - toujours à portée de main!.avec les excellents frais ....,2
Besoin maintenant d'une personne proche du métro Давыдково pour travail de chantier de 8h de temps à compté de l'arrivée de la personne payé 2700r après boulot.,1
Travail pour homme,1
"6/20/24, 4:47 PM - +974 7059 0712 joined using this group's invite link",1
"🩸🩸🩸🩸🩸🩸Bsr a tous besoins de 15 personnes  pour un travail de chantier de 9h00 à 17h45  aux metro домодедовская ligne verte , sortie 1  ( 2600 ) apres le travail  Nb : etre aux mtro a 7h45 aux plutard car nous devons prendre le bus 🩸🩸🩸🩸",1
Studio pour deux personne à lesnaya 14.,1
"Propre et nouvellement construit, Prix adordable, pour plus d'infos veuillez me contactez en privée.",1
"🩸🩸🩸🩸🩸🩸Bsr a tous besoins de 15 personnes  pour un travail de chantier de 9h00 à 17h45  aux metro домодедовская ligne verte , sortie 1  ( 2600 ) apres le travail  Nb : etre aux mtro a 7h45 aux plutard car nous devons prendre le bus 🩸🩸🩸🩸",1
Place disponible pour 3 garçon non loin du metro,1
2 Place disponible pour garçon,1
"🩸🩸🩸🩸🩸🩸Bsr a tous besoins de 15 personnes  pour un travail de chantier de 9h00 à 17h45  aux metro домодедовская ligne verte , sortie 1  ( 2600 ) apres le travail  Nb : etre aux mtro a 7h45 aux plutard car nous devons prendre le bus 🩸🩸🩸🩸",1
✈️✈️✈️✈️✈️✈️✈️✈️✈️✈️✈️✈️,1
DÉPART CONFIRMÉ,1
Moscou🇷🇺 ——Douala🇨🇲,1
le 24 juin et le 28 juin,1
✅ 46 kg disponible,1
"✅ Envoyez vos documents(Diplômes, invitations, passports etc..)",1
"✅ Envoyés vos petits appareils( téléphones,laptop, planchettes)",1
—————————————,1
Douala🇨🇲 - Moscou,1
le 26 juin,1
✅  Uniquement les documents 📃,1
Anciennes en Russ avec passports russes,1
Yan travel ✈️,1
✈️✈️✈️✈️✈️✈️✈️🛩✈️🛩✈️✈️🛩🛩✈️✈️✈️✈️,1
Départ confirmée,1
Le 24  juin,1
Douala  - Moscou,1
23kg  × 2 = 46kg,1
Nous prenons aussi les appareils,1
Téléphone,1
Documents,1
Intéressé inbox,1
"Voyage prévu le *11 juillet 2024* ✈️ MOSCOU ~ DOUALA ✈️, kilos disponible.",1
✈️ envoyez vos documents,1
✈️ téléphones,1
✈️ petit colis,1
Faites plaisir à vos proches,1
+7(995) 288‑74‑55,1
Дрожжино . Новое Шоссе 6к1,1
38к per month,1
Deposit can be divided into 2 months,1
Бульвар Дмитрия донского metro station,1
Besoin maintenant d'une personne proche du métro Бульвар Дмитрия Донского pour travail de 02h de temps payé 1000r après boulot.,1
Tâche: faire monter le matériel via l'ascenseur,1
"Groupe pour transfert d'argent partout dans le monde 💸💵 , invitation✉️ pour la russie et *enregistrement*🤝",1
"🩸🩸🩸🩸🩸Slt a tous départ du 24 juin ( Moscow , Douala , Yaoundé) si tu veux envoyé tes documents c'est le moment ib",1
Улица Брусилова 35к1,1
37к,1
Besoin de 05 personnes maintenant proches du métro rechnoy vokzal pour travail de chantier ce soir pour 04h de temps payé 2000r après boulot de 18h à 22h,1
Transférez de l'argent rapidement et en toute sécurité.,1
Gagnez du temps et de l'argent avec nos services de transactions.,1
Nous transférons votre argent en toute sécurité et sans tracas.,1
Un service pratique de transfert d'argent - toujours à portée de main!.avec les excellents frais ....,2
Place disponible pour garçon et fille métro stupistane 5 minutes en bus d'état 🚨🚨🚨🚨🚨 intéressé ib🚨🚨🚨🚨🚨,1
Besoin d’une personne pour un travail facile demain 2500r après travail des taches facile,1
"6/23/24, 12:43 AM - Ali Guinéen joined using this group's invite link",1
Ok,1
"6/23/24, 12:44 AM - +7 991 291-26-98 joined using this group's invite link",1
"6/23/24, 12:47 AM - +7 906 781-40-76 joined using this group's invite link",1
"6/23/24, 12:52 AM - +7 999 883-75-97 joined using this group's invite link",1
Besoin dune place pour homme pas tres loin du métro budget 10000 roubles,1
"Voyage prévu le *11 juillet 2024* ✈️ MOSCOU ~ DOUALA ✈️, kilos disponible.",1
✈️ envoyez vos documents,1
✈️ téléphones,1
✈️ petit colis,1
Faites plaisir à vos proches,1
+7(995) 288‑74‑55,1
"Studio/apartment Available today at Metro, Bulvar Dmitry Donskogo.",1
"Rent, 25k.",1
"Caution, 25k, can be paid twice.",1
"Commission, 15k.",1
"if Interested, can contact +79205155974.",1
"Studio/appartement Disponible aujourd'hui à Metro, Bulvar Dmitry Donskogo.",1
"Loyer, 25k.",1
"Caution, 25k, peut être payée en deux fois.",1
"Commission, 15k.",1
Les personnes intéressées peuvent contacter +79205155974.,1
"6/23/24, 7:01 AM - ~ Стефан was added",1
"6/23/24, 7:01 AM - +7 999 003-89-45 joined using this group's invite link",1
Bookings flys✈️🛫🔐,1
"6/23/24, 7:13 AM - +241 07 20 13 23 joined using this group's invite link",1
"Besoin d’un gars qui est proche du métro Filatov lug pour un travail 2500r, très facile qui peut arriver avant 9h.",1
‎Suivez ce lien pour intégrer mon Groupe WhatsApp  : https://chat.whatsapp.com/KQ1IzQ3NgWI9ZtcZYWhjvh,1
25к per month + 25k deposit,1
Transférez de l'argent rapidement et en toute sécurité.,1
Gagnez du temps et de l'argent avec nos services de transactions.,1
Nous transférons votre argent en toute sécurité et sans tracas.,1
Un service pratique de transfert d'argent - toujours à portée de main!.avec les excellents frais ....,2
"6/23/24, 10:11 AM - +7 985 138-42-22 joined using this group's invite link",1
"6/23/24, 10:26 AM - +237 96303456 joined using this group's invite link",1
"6/23/24, 11:09 AM - Russend joined using this group's invite link",1
*Bonsoir à tous svp recherche d'une  ou d'un garçon de bonne moralité pour résider dans un appartement proche de métro babushkinskaya svp ayant un visa à jour*,1
✈️✈️✈️✈️✈️✈️✈️✈️✈️✈️✈️✈️✈️,1
Depart,1
Douala🇨🇲- Moscou🇷🇺,1
Le 26 juin 2024,1
"✅ Envoyez vos documents 📃 ( Diplomes, actes, passport et",1
"✅ Petit colis ( greffes, telephones, power bank,baume françois etc....)",1
Yan travel ✈️,1
j'ai besoin de 8 personnes pour un travail de chantier,1
"Demain 9h à 18h. Une heure déjeuner, 8 heures de temps de travail)",1
Adresse: улица Дмитрия Кабалевского д 6,1
Payé après le travail 2500 par jour,1
*places pour filles et garçons disponibles au métro babouskinkaya à 15min du métro bus d'état et à 2min d'arrêt bus. Ib si intéressé*,1
Place pour les fille disponible au metro Boulevard Dmitri donscova a 8.000r,1
"Besoin de 08 personnes FILLES  comme GARÇONS qui comprennent la langue demain pour travail à partir de 9h00 à 21h00 payé 3300r après boulot, travail consiste à trier les fruits et légumes dans l'entrepôt et les décharger.",1
Payé après boulot,1
Métro Домодедовская,1
Where?,1
Transférez de l'argent rapidement et en toute sécurité.,1
Gagnez du temps et de l'argent avec nos services de transactions.,1
Nous transférons votre argent en toute sécurité et sans tracas.,1
Un service pratique de transfert d'argent - toujours à portée de main!.avec les excellents frais ....,2
32k + deposit 32k,1
46 kilo dispo,1
(Yde ✈️Dla✈️Moscou 🇷🇺,1
Départ prévue le 03. 07.2024,1
Nous prenons aussi les documents et vos petits colis,1
35k per month + deposit 35k,1
"Voyage prévu le *11 juillet 2024* ✈️ MOSCOU ~ DOUALA ✈️, kilos disponible.",1
✈️ envoyez vos documents,1
✈️ téléphones,1
✈️ petit colis,1
Faites plaisir à vos proches,1
+7(995) 288‑74‑55,1
"*Besoin de 10 personnes pour un travail dans un chantier hors de Moscou, le paiement se fait tous les jours 3000r par personne*",1
*Logement offert plus deux repas par jour*,1
*départ demain matin à 9h00*,1
Les heures de travail par jr !,1
Bonsoir a tous besoin d'un départ pour un colis Dakar Sénégal/Moscou Russie bien vouloir me ib,2
🚨🚨Départ prévue le 26 juin,1
Uniquement les Documents,1
(Yde - Dla -Moscou),1
🚨🚨Départ prévue le 3 juillet,1
(Yde — Dla -moscou 🇷🇺),1
•46 kilo disponible,1
•expédition de vos documents,1
•expédition de vos petits colis,1
Réception des colis tout les jours,1
Nb: c’est un Ancien en Russie 🇷🇺 avec passport russe ( pas d’inquiétude),1
"*Besoin de 10 personnes pour un travail dans un chantier hors de Moscou (ville: Kalyazin), le paiement se fait tous les jours 3000r par personne*",1
*Logement offert plus deux repas par jour*,1
*départ mercredi matin à 9h00*,1
🚨🚨 *JOB METRO MARYINA ROSCHA*,1
Besoin de 7 garcons demain pour un travail de très longue durée au chantier,1
*Metro Maryina Roscha*,1
Ligne 10,1
Sortie 1,1
Heure de rencontre : 08:30,1
Heure du travail : 09:00 - 18:00,1
Pause: 13:00 - 18:00,1
Payement 2800 Roubles après le travail,1
*Travail sur hypskarton. Il y a tous les instruments*,1
Voir images.,1
*Interesses écrivez vos noms ou me contacter inbox*,1
LISTE DES PERSONNES INTÉRESSÉES :,1
1- Eusebio;,1
2-Djamen;,1
3- Alex Hervé,1
4- Jordan,1
5-,1
6-,1
7-,1
🛑🛑🛑🛑🛑🛑🛑🛑🛑🛑🛑🛑🛑🛑🛑🛑🛑 demain besoin de 20 personnes au,1
métro kaluzhskaya,1
Sortie 4,1
boulot très facil,1
Sortie 1,1
fini payer directement,1
2500p,1
9h -18h,1
pas de retard 8h 00 au métro,1
1-  jhonny,1
2-  nelly,1
3-  alpha,1
4- billy,1
5- fabrice,1
6-  bodrick,1
7- glody,1
8- lourd,1
9- thierry,1
10- Ibrahim,1
11- Basil,1
12-Kenfack,1
13-mayi,1
14-nanga,1
15-,1
16-,1
17-,1
18-,1
19-,1
20-,1
NB : finir payer directement sur le chantier,1
"Besoin de 04 personnes les hommes au métro ольховая pour travail dans une école, déplacer les meubles de l'école, des tâches matériels et objets etc... De 9h00 à 18h00 payé 2500r après boulot.",1
NB: IL FAUT ÊTRE LÀ À L'HEURE,1
"Besoin de 9 personnes le matin au métro римская pour travail de nettoyage de chantier, la commission sera là demain donc besoin des gens pour le nettoyage de 9h00 à 18h00 payé 2500r après boulot.",1
"Besoin de 5 personnes le matin au métro римская pour travail de nettoyage de chantier, la commission sera là demain donc besoin des gens pour le nettoyage de 9h00 à 18h00 payé 2500r après boulot.",1
Transférez de l'argent rapidement et en toute sécurité.,1
Gagnez du temps et de l'argent avec nos services de transactions.,1
Nous transférons votre argent en toute sécurité et sans tracas.,1
Un service pratique de transfert d'argent - toujours à portée de main!.avec les excellents frais ....,2
Bonjour besoin de 2 bons soudeurs qualifiés pour un travail d'entreprise,1
Paiement 3500 la journée,1
Temps de travail 9:00 - 18:00,1
Intéressés Inbox,1
Stp ne déranger pas si vous n'êtes pas qualifiés,1
Besoin maintenant d'une personne homme proche du métro krylatskoe pour travail chantier de 9h00 à 18h00 payé 2500r après boulot,1
‎Suivez ce lien pour intégrer mon Groupe WhatsApp  : https://chat.whatsapp.com/Iu61JQFKwAZFXtHctmarga,1
35к + 35к deposit,1
Bonsoir à tous besoin d'une place pour fille maintenant S'il vous plaît,1
Dans quel ville ?,1
Quelque soit la ville n'est pas tu es mariée 🤣🤣🤣,2
"Nous sommes Africains, un homme peut avoir plusieurs femmes 🫡",1
🤣,2
D'autant plus qu'elles sont plus nombreux que les hommes tu mérites au minimum 3 choco 👍👍👍,1
🤣,2
Merci doyen 🤝,2
Nombreuses,1
où sont les filles du groupe déclarez-vous,1
"Vraiment, après elle dirons que nous préférons les blanches 😀",1
En vrai mon champion 🤣🤣🤣,2
Mon frere laisse tous sont les filles indépendantes et fortes qui n'ont pas besoin d'un homme dans leurs vies,1
"Bonsoir à tous, s'il vous plaît je cherche un travail constant pour une fille.",1
"6/25/24, 8:48 PM - +7 993 615-98-71 joined using this group's invite link",1
Place disponible pour garçon 10  minutes en bus d'état 🚨🚨🚨🚨🚨 intéressé ib🚨🚨🚨🚨🚨,1
Départ prévue le,1
27 juin 2024,1
Moscou ✈️Dla ✈️Yaoundé,1
- 46 kilo disponible,1
- ⁠nous prenons les documents les téléphones et vos petits colis,1
Address?,1
🛑🛑🛑🛑🛑🛑🛑🛑🛑🛑🛑🛑🛑🛑🛑🛑🛑 demain besoin de 30  personnes au,1
métro kaluzhskaya,1
Sortie 4,1
boulot très facil,1
Sortie 1,1
fini payer directement,1
2500p,1
9h -18h,1
pas de retard 8h 00 au métro,1
2 groupes différents chez nous le travail est sans pression.,1
1-  jhonny,1
2-  nelly,1
3- jacque,1
4- Donald,1
5- Landry,1
6- mec d'ici,1
7- Joseph,1
8- djo,1
9-alvin,1
10- joel,1
11- basil,1
12-Kenfack,1
13-mayi,1
14-faustin,1
15-john,1
16-oh es,1
17- alpha,1
18-dan,1
19- billy,1
20- Fabrice,1
21- bodrick,1
22-glody,1
23- thiery,1
24- theo,1
25- fredy,1
26-,1
27-,1
28-,1
29-,1
30-,1
31-,1
32-,1
33-,1
34-,1
35-,1
"6/25/24, 11:02 PM - ~ Фуад added +7 993 139-30-07",1
"Voyage prévu le *11 juillet 2024* ✈️ MOSCOU ~ DOUALA ✈️, kilos disponible.",1
✈️ envoyez vos documents,1
✈️ téléphones,1
✈️ petit colis,1
Faites plaisir à vos proches,1
+7(995) 288‑74‑55,1
Nous sommes africains essayons de nous respecter,1
Ce vn est pour tous ceux qui veulent rabaisser les efforts de leurs frères noirs,1
Le.nokam ils sont.partout,1
J'espere que meme dix franc tu N'as pas remboursé,1
🚨🚨🚨  Visa extension in private university in Moscow for 2024 -2025 academic year. Very affordable FEES and GENUINE Contact+79687107286.,1
Transférez de l'argent rapidement et en toute sécurité.,1
Gagnez du temps et de l'argent avec nos services de transactions.,1
Nous transférons votre argent en toute sécurité et sans tracas.,1
Un service pratique de transfert d'argent - toujours à portée de main!.avec les excellents frais ....,2
"*Besoin de 15 personnes pour un travail dans un chantier de construction d’une ferme de production de lait hors Moscou, le paiement se fait tous les jours 3000r par personne*",1
*Logement offert plus deux repas par jour*,1
*départ vendredi matin à 9h00*,1
*NB: ce n’est pas OZON*,1
Bonsoir la famille besoin de 5 personnes demain métro seligerskaya sortie 4 travail de chantier 9h-18h 💰 2500 ruble,1
1-,1
2-,1
3-,1
4-,1
5-,1
Slt chambre disponible au métro лермонтовский проспект ligne violette vers le bas interressé ib🙏,1
Besoin de 05 personnes demain pour chantier 9h00 à 18h00 payé 2500r après boulot au métro lyublino ligne 10,1
🚨🚨🚨🚨Départ prévue demain,1
(Moscou - Dla - yde),1
- 46 kilo disponible,1
- ⁠expédition de vos documents,1
- ⁠expédition de vos colis,1
🛑🛑🛑🛑🛑🛑🛑🛑🛑🛑🛑🛑🛑🛑🛑🛑🛑 demain besoin de 30  personnes au,1
métro kaluzhskaya,1
Sortie 4,1
boulot très facil,1
Sortie,1
fini payer directement,1
2500p,1
9h -18h,1
pas de retard 8h00 au métro,1
2 groupes différents chez moi le travail est sans pression.,1
1-  jhonny,1
2-  nelly,1
3-  seth,1
4-  emanu,1
5- basil,1
6-  alpha,1
7- beta,1
8- kapa,1
9-Gad,1
10-ricardo,1
11- ones,1
12- theo,1
13- billy,1
14-Fabrice,1
15- bodrick,1
16- glody,1
17- thierry,1
18-lourd,1
19- landry,1
20- herman,1
21-christian rex,1
22-Djamen,1
23-emm,1
24-,1
25-,1
26-,1
27-,1
28-,1
29-,1
30-,1
31-,1
32-,1
33-,1
34-,1
35-,1
36-,1
null,1
"🚨🚨🚨🚨 aujourd’hui en Russie , les gens ne dirons plus : je ne savais pas . Telle est notre projet . New post 🆕✉️ : Le 1er juillet entrera en vigueur une loi augmentant le montant des taxes sur un certain nombre de services gouvernementaux.",1
👍vas t’informer gratuitement si tu ne savais pas,1
Please I am looking for a room to rent price range 20-25,1
Tu fais ta publicité en menaçant tes potentiels clients ??? C est pas tres malin,1
Où sont les menaces dans ce que j’ai écrit,1
Faut réélire ce que tu as écris c'est pas professionnel c'est ce qu'il voulait dire,1
Ah le fait que je dise que si mon prix ne t’arrange pas tu peux aller chez le blanc ?,1
Le monde de l’art est très complexe si tu n’as pas d’argent et un esprit affûté ne cherche pas à faire ce que ceux qui en ont font <This message was edited>,1
Mon message est simple je suis sur de mes compétences si mon prix ne t’arrange pas il y’aura quelqu’un que ça arrangera,1
Notre problème c’est le fait qu’ on veut montrer qu’on maitrise tout pourtant on ne maîtrise rien,0
1 Space Available for a girl in a 2 Rooms Apartment. 2 per Room,1
Rent 10k,1
Commission 2k,1
"Metro, Kotelniki",1
1 Place Disponible pour une fille dans un Appartement 2 Pièces. 2 par chambre,1
Louer 10k,1
Commissions 2k,1
"Métro, Kotelniki",1
Besoin maintenant de 02 personnes proches du métro беговая pour nettoyage pour 4h de temps payé 1500r après boulot.,1
Uniquement hommes,1
"Besoin demain de 02 personnes qui comprennent un peu la langue au métro Medvedkovo pour travailler avec des techniciens russe durant 8h de temps, les aider durant le travail de fixation des fenêtres à partir de 8h40 payé 2700r après boulot.",1
Donc 8h40 à 16h40,1
*SAIS-TU QUE ?*,1
Les *Russes* se solidarisent pour leur sort en général.,1
Les *Africains* se désolidarisent à cause des intérêts égoïstes.,1
"Et enfin de compte, on dit que la Russie est un mauvais pays.",1
*N.B:* Le jardin d'Éden n'existe que dans la Bible.,1
✈️✈️ DEPART imminent CONFIRME,1
Douala 🇨🇲 ✈️ Moscou 🇷🇺,1
*01 juin 2024*,1
*02 juillet 2024*,1
✅ 46 kilos disponibles,1
✅ Documents attendus,1
✅ Appareils électriques et petits colis 📦,1
"Pour ceux qui connaissent déjà nos bureaux, passez juste déposer et contactez nos numéros habituels.",1
*vous faciliter la tâche c'est mon credo*🫡,1
Bonsoir besoin de 3 personnes demain métro govorovo sortie 1 à 8:00,1
Travail chantier,1
9:00-18:00,1
2700 fini payer,1
Intéressés Inbox,1
Besoin de 04 personnes pour chantier demain au métro lyublino ligne 10 payé 2500r après boulot de 9h00 à 18h00.,1
NB: le retard après 9h00 n'est pas admis,1
"6/28/24, 12:21 AM - ~ Offman added ~ Lil Tunchy Euro Boss",1
🚨🚨🚨🚨Départ prévue le 2 juillet 2024 ( moscou-Dla-yaounde),1
-23kilo disponibles,1
- expédition de vos documents,1
- ⁠expédition de vos petits colis,1
Voyage Yaounde-Douala Moscou 1juillet 30kilo disponible,1
Yaounde-Douala-Tambov 10juillet 46kilo disponible,1
10juilletYaounde-Douala-Petersbourg 46kilo disponible,1
10juilletYaounde-Douala-Ekaterinbourg 46kilo disponible,1
10juilletYaounde-Douala-Briansk 46kilo disponible,1
10juillet Yaounde-Douala-Ninji Novgorod 46kilo disponible,1
Yaoundé 10juillet Douala-Moscou 46kilo disponible,1
10Juillet Yaoundé -Douala-Krasnodar,1
‎Suivez ce lien pour intégrer mon Groupe WhatsApp  : https://chat.whatsapp.com/Iu61JQFKwAZFXtHctmarga,1
Studio for Rent,1
Rent 28000r,1
Deposit 28000r,1
Commission 17000r,1
New house 🏡 🏠,1
*places pour filles et garçons disponibles au métro babouskinkaya à 15min du métro bus d'état et à 2min d'arrêt bus. Ib si intéressé*,1
Chambre disponible au métro лермонтовский проспект ligne violette vers le bas 5 minutes en bus du métro ib est ouvert 🙏🙏,1
Bonjour à tous urgemment besoin d'une personne tout prêt du métro marina rocha travail de restaurant 12h-21h 2500,1
Chambre disponible au métro лермонтовский проспект ligne violette vers le bas 5 minutes en bus du métro ib est ouvert 🙏🙏,1
"6/28/24, 11:42 AM - ~ Belle added +7 925 091-76-47",1
"6/28/24, 11:42 AM - ~ Belle added ~ Bakary Marega and ~ Ibe Choco😎",1
Bonjour 3 place disponible dans la chambre pour,1
homme métro domodedovskaya,1
C’est un appartement,1
Bonjour à tous,1
Départ en vue 🇨🇲,1
Yaoundé/Dla — Moscou.,1
Date 08/07/2024,1
Ancien en 🇷🇺,1
Kilos 46 disponible,1
Intéressé ib,1
"Grande chambre disponible pour deux filles métro domodova 25000 commission ,5000 intéressée ib",1
🛑🛑🛑🛑🛑🛑🛑🛑🛑🛑🛑🛑🛑🛑🛑🛑  Besoin de 10  personnes au,1
métro kaluzhskaya,1
Sortie 4,1
boulot très facil,1
Chez jhonny c'est sans pression L'argent vient toujours,1
fini payer,1
2500p,1
20h -05h,1
pas de retard 19h 30 au métro,1
1-  jhonny,1
2-,1
3-,1
4-,1
5-,1
6-,1
7-,1
8-,1
9-,1
10-,1
Bonsoir 3 place disponible dans la chambre pour,1
homme métro domodedovskaya,1
Bsr,1
🛑🛑🛑🛑🛑🛑🛑🛑🛑🛑🛑🛑🛑🛑🛑🛑  Besoin de 15 personnes au,1
métro kaluzhskaya,1
Sortie 4,1
boulot très facil,1
Le travail est annulé les gars défaut de matériel,1
20h -05h,1
pas de retard 19h 30 au métro,1
1-  jhonny,1
2-  Zidane,1
3- joel,1
4- gildas,1
5-   ozias,1
6-  desiré,1
7-  Joel Yamamoto,1
8-  christ,1
9-  Ephraime,1
10-zidane,1
11- Joel,1
12- herman,1
13- esdras,1
14-,1
15-,1
🛑🛑🛑🛑🛑🛑🛑🛑🛑🛑🛑🛑🛑🛑🛑🛑  Besoin de 15 personnes au,1
métro kaluzhskaya,1
Sortie 4,1
boulot très facil,1
Le travail est annulé les gars défaut de matériel,1
20h -05h,1
pas de retard 19h 30 au métro,1
1-  jhonny,1
2-  Zidane,1
3- joel,1
4- gildas,1
5-   ozias,1
6-  desiré,1
7-  Joel Yamamoto,1
8-  christ,1
9-  Ephraime,1
10-zidane,1
11- Joel,1
12- herman,1
13- esdras,1
14-,1
15-,1
"Svp, veuillez cliquez sur le lien en bas de la vidéo pour vous abonner et recevoir les prochaines videos en mode mise à jour regardant l'immigration américaine.",1
Merci,2
Les gars le travail de nuit est annulé defaut de matériel,1
🚨🚨🚨🚨🇨🇲🇨🇲🇨🇲Départ prévue le 2 juillet 2024 ( moscou-Dla-yaounde),1
-23kilo disponibles,1
- expédition de vos documents,1
- ⁠expédition de vos petits colis,1
"Bonsoir,",1
"S’il vous plaît, y’aurait-il un départ de Douala pour Moscou cette semaine?",1
"6/28/24, 9:52 PM - +7 985 138-42-22 changed their phone number to a new number. Tap to message or add the new number.",1
Bonsoir,1
#3place disponibles pour garçon#,1
dans une chambre pour 4 personnes.,1
Commission ❌,1
garantie❌,1
loyer : 9000  métro domodeskaya  15 minutes du métro,1
"#Si vous n'êtes pas prêt, ne me dérange pas#",1
Slt ♦️♦️♦️ besoin de 10 personnes demain aux metro Домодедовская ligne verte sortie 1  être là a 7h50 aux plutard ( 2600) après  le travail  🤝♦️♦️♦️,1
Besoin de 4 personnes demain au métro govorovo sortie 1,1
Travail chantier,1
Paiement 2800,1
Intéressés Inbox,1
Metro Дмитрия донского,1
26к Rent. 26k deposit,1
*SAIS-TU QUE ?*,1
Les *Russes* se solidarisent pour leur sort en général.,1
Les *Africains* se désolidarisent à cause des intérêts égoïstes.,1
"Et enfin de compte, on dit que la Russie est un mauvais pays.",1
*N.B:* Le jardin d'Éden n'existe que dans la Bible.,1
Metro Дмитрия донского,1
26к Rent. 26k deposit,1
🚨🚨🚨🚨🚨 Départ prévue le,1
4 juillet 2024,1
Moscou 🇷🇺✈️pour Dla 🇨🇲),1
Moscou———->Dla,1
- expédition de vos documents,1
- ⁠expédition de vos petits colis,1
Étudiant boursier de RUDEN venant en vaccance au Cameroun 🇨🇲,1
Bonsoir,1
#3place disponibles pour garçon#,1
dans une chambre pour 4 personnes.,1
Commission ❌,1
garantie❌,1
loyer : 9000  métro domodeskaya  15 minutes du métro,1
"#Si vous n'êtes pas prêt, ne me dérange pas#",1
*LES PAYS AFRICAINS N'ONT JAMAIS CONNU D'INDÉPENDANCE*,1
"L'homme blanc était arrivé en Afrique, a trouvé un système politique, sanitaire, religieux et communicationnelle existant déjà, pratiqués par nos ancêtres.",1
"Comme cet homme blanc, avait l'idée d'une domination, il a détruit tous ces systèmes cités ci-haut ; nous a séduit et après nous assujettis jusqu'à ce qu'on a parlé des termes comme *esclavagisme* et *colonialisme* en Afrique.",1
"Comme rien ne dure éternellement sur cette terre, l'homme noir a commencé à se réveiller mais malheureusement l'homme blanc a anticipé, et a vite changé son *système de domination directe (paléo colonialisme)* en *système de domination indirecte (néocolonialisme)*.",0
"Pour preuve, tout ce que nous pratiquons actuellement en Afrique, notre mode de vie,... sont un héritage de la colonisation de l'homme blanc, imposé jusqu'à ce jour par les blancs. Il existe *3 types d'indépendance*: *politique*, *religieuse* et *économique*. Actuellement et au regard de ce que nous avons dit ci-haut, *l'Afrique n'a jamais connu ces 3 types d'indépendance*. Nos dirigeants sont choisis à l'étranger par les blancs; notre économie dépend de ces blancs; n'en parlons même pas en ce qui concerne notre religion.",1
*N.B:* Nous nous dirons indépendants le jour où nous aurons instauré notre propre système politique en Afrique; notre autosuffisance économique et la reconnaissance en Dieu de nos ancêtres.,1
"Israël était sous la domination africaine (en Egypte) pendant longtemps. Mais après sa libération, elle n'a jamais appliqué jusqu'à ce jour les pratiques des Egyptiens, chez lui une fois libéré de l'esclavage. Mais pourquoi celà ne doit pas nous inspirer ?",1
"*Bref, sortons de cette ignorance* car doit-on, *Mon peuple périt par manque de connaissance*.",1
"Москва, Новомосковский административный округ, р-н Коммунарка, СНТ Гавриково, 241с2",1
Besoin de 10 personnes (hommes) demain pour un boulot très facile (nettoyage).,1
Paiement 2400 après le travail,1
Métro: Slavyanskiy bulvar sortie 4,1
Le travail c’est de 9h00 à 18h00,1
Regroupement au métro à 8h00,1
NB: si tu arrives après 8h05 tu vas pas me trouver à la sortie du métro.,1
2 Rooms Apartments Available for Rent,1
"Rent 50,000r",1
"Caution 50,000r can be divided by 2.",1
"Commotion 20,000r",1
"Metro, Bulvar Admirala Ushakova",1
"6/29/24, 6:27 PM - +224 629 40 26 09 joined using this group's invite link",1
Ok,1
✈️✈️ DEPARTs imminents CONFIRMES,1
Douala 🇨🇲 ✈️ Moscou 🇷🇺,1
*01 juillet 2024*,1
*02 juillet 2024*,1
✅ 7 kilos disponibles,1
✅ Documents attendus socsoc,1
✅ Appareils électriques et petits colis 📦,1
"Pour ceux qui connaissent déjà nos bureaux, passez juste déposer et contactez nos numéros habituels.",1
*vous faciliter la tâche c'est mon credo*🫡,1
Besoin de 10 personnes (hommes) demain pour un boulot très facile (nettoyage).,1
Paiement 2400 après le travail,1
Métro: Slavyanskiy bulvar sortie 4,1
Le travail c’est de 9h00 à 18h00,1
Regroupement au métro à 8h00,1
NB: si tu arrives après 8h05 tu vas pas me trouver à la sortie du métro.,1
🛑🛑🛑🛑🛑🛑🛑🛑🛑🛑🛑🛑🛑🛑🛑🛑  Besoin de 15  personnes demain au,1
métro kaluzhskaya,1
Sortie 4,1
boulot très facil,1
Chez jhonny c'est sans pression L'argent vient toujours.,1
fini payer,1
2500p,1
09h -18h,1
pas de retard 8h 00 au métro,1
1-  jhonny,1
2-  randy,1
3- soulaiman,1
4- zacharia,1
5-  mayi,1
6-  Mohamed,1
7-  docteur,1
8-,1
9-,1
10-,1
11-,1
12-,1
13-,1
14-,1
15-,1
16-,1
17-,1
18-,1
Transférez de l'argent rapidement et en toute sécurité.,1
Gagnez du temps et de l'argent avec nos services de transactions.,1
Nous transférons votre argent en toute sécurité et sans tracas.,1
Un service pratique de transfert d'argent - toujours à portée de main!.avec les excellents frais ....,2
🚨🚨🚨🚨🇨🇲🇨🇲Départ prévue le 2 juillet 2024 ( moscou-Dla-yaounde),1
-23kilo disponibles,1
- expédition de vos documents,1
- ⁠expédition de vos petits colis,1
🚨🚨🚨🚨🇨🇲🇨🇲Départ prévue le 11juillet 2024 ( moscou-Dla),1
-23kilo disponibles,1
- expédition de vos documents,1
- ⁠expédition de vos petits colis,1
-moin cher le killo,1
Besoin de 30 personnes demain matin au métro koncovo sortie 10 travail chantier fini payé 2500p L'heure 09h00 17h50 Regroupement a 08h00,1
1-Mhd,1
2-Bisop,1
3-King,1
4-Gugeus,1
5-Sami,1
6-Haïdara,1
7-Cris,1
8-Coulybali,1
9-Ousmane,1
10-Ibrahim,1
11-Donald,1
12-Guiy,1
13-Oumar,1
14 Amadou,1
15- Trabi,1
Besoin de 30 personnes demain matin au métro koncovo sortie 10 travail chantier fini payé 2500p L'heure 09h00 17h50 Regroupement a 08h00,1
1-Mhd,1
2-Bisop,1
3-King,1
4-Gugeus,1
5-Sami,1
6-Haïdara,1
7-Cris,1
8-Coulybali,1
9-Ousmane,1
10-Ibrahim,1
11-Donald,1
12-Guiy,1
13-Oumar,1
14 Amadou,1
15- Trabi,1
16-Edwi,1
17-jenov,1
"6/30/24, 8:17 AM - +237 6 71 14 33 93 joined using this group's invite link",1
Studio Available for Rent Today,1
Rent 32k,1
Caution 32k can be divided,1
Commission 15k,1
Studio Disponible pour le loyer aujourd’hui,1
Loyer 32k,1
Caution 32k,1
Commission 15k,1
Restaurant job is available today. Time 11:00-22:00. Payment 2600. +79687107286,1
J'ai besoin d'une chambre maintenant pour 3 personnes au métro boulevard Dmitry,1
🚨🚨🚨🚨🇨🇲🇨🇲Départ prévue le 2 juillet 2024 ( moscou-Dla-yaounde),1
-23kilo disponibles,1
- expédition de vos documents,1
- ⁠expédition de vos petits colis,1
Tu rentres au pays?,1
🚨🚨🚨 une place tres propre pour femme ( filles? Tout pres du metro ismaïlovskaya  dans un studio juste vous serez deux filles dans l' apartment pas de voisin pour une vie paisible 👏,1
*SAIS-TU QUE ?*,1
Les *Russes* se solidarisent pour leur sort en général.,1
Les *Africains* se désolidarisent à cause des intérêts égoïstes.,1
"Et enfin de compte, on dit que la Russie est un mauvais pays.",1
*N.B:* Le jardin d'Éden n'existe que dans la Bible.,1
"Боброво, Крымская ул., 13",1
Metro бульвар Дмитрия донского,1
One bedroom apartment,1
♦️♦️♦️♦️ bonsoirs a tous besoin de 10 personnes demain ( homme ) aux metro=(Царицыно ligne verte )  sortie 7 a  7h45  aux 2600 après le travail être là à l'heure  ♦️♦️♦️♦️♦️♦️,1
"One Bedroom Apartment Available for Rent,",1
Rent 32k,1
Caution 32k,1
Commission 15k,1
"Metro, бульвар Дмитрия донского Exit 9",1
‎Suivez ce lien pour intégrer mon Groupe WhatsApp  : https://chat.whatsapp.com/Iu61JQFKwAZFXtHctmarga,1
Vous allez nous finir avec les iPhone 14 pro profitez bien avec les modifications des images,2
En vrai les filtres 🤣🤣🤣🤣,2
Bonsoir besoin d’un garçon et d’une fille pour travailler au kfc le payement chaque deux semaine,1
Nb: les personnes doivent être en règles,1
De quelle indépendance parle-t-on en Afrique ?,1
Indép. politique où nos dirigeants sont choisis par les blancs ?,1
Indép. économique où nous avons toujours la main tendue vers les blancs ?,1
Ou soit indép. religieuse où nous prions toujours les dieux des blancs.,1
Expliquez moi car je ne comprends rien.,1
Qui t'explique? Tu t'es mis dans tes réflexions faut sortir dans ça seul on a nos problèmes,0
"Voyage prévu le *11 juillet 2024* ✈️ MOSCOU ~ DOUALA ✈️, kilos disponible.",1
✈️ envoyez vos documents,1
✈️ téléphones,1
✈️ petit colis,1
Faites plaisir à vos proches,1
+7(995) 288‑74‑55,1
"Besoin de 02 personnes maintenant pour travail de déplacement de table, chaises etc... Dans une école de 9h00 à 18h00 payé 2500r après boulot.",1
Transférez de l'argent rapidement et en toute sécurité.,1
Gagnez du temps et de l'argent avec nos services de transactions.,1
Nous transférons votre argent en toute sécurité et sans tracas.,1
Un service pratique de transfert d'argent - toujours à portée de main!.avec les excellents frais ....,2
"Studio/Apartment Available for Rent,",1
Rent 29k,1
Caution 29k,1
Commission 15k,1
"Metro, Domodedovskaya",1
"One Bedroom Apartment Available for Rent,",1
Rent 32k,1
Caution 32k,1
Commission 15k,1
"Metro, бульвар Дмитрия донского Exit 9",1
*places pour garçons disponibles au métro babuskinskaya à 10min du métro bus d'état et à 2min d'arrêt bus. Ib si intéressé*,1
23 kilos Disponible petit colis Documents KINSHASA 🇨🇩🇨🇩🇨🇩🛩️🛩️🛩️🛩️MOSCOU 🇷🇺🇷🇺🇷🇺 Le 10 juillet …… les Concernés Contacté moi en privé *Ephraim* *ephra* ……….  Clôture le 7juillet à 17h……🛬🛫,1
+79850938634,1
Bookings flys✈️🛫🔐,1
2 Bedroom Apartments Available At Metro Annino,1
Rent 48k,1
Caution 48k,1
Commission 20k,1
"2 Bedroom Apartments Available At Metro, Сколково",1
Rent 47k,1
Caution 47k,1
Commission 18k,1
Besoin de 20 personnes demain matin au métro Schelkovskaya sortie 3 pour un boulot de chantier très facile fini payer 2500p Rapidement l’heure 09h00 17h45 regroupement à 08h,1
1-MHD,1
2-Bischop,1
3-King,1
4- Cris,1
5- Guiy,1
6-Fernando,1
7-Cris,1
8-,1
9-,1
10-,1
Besoin de 20 personnes demain matin au métro Schelkovskaya sortie 3 pour un boulot de chantier très facile fini payer 2500p Rapidement l’heure 09h00 17h45 regroupement à 08h,1
1-MHD,1
2-Bischop,1
3-King,1
4- Cris,1
5- Guiy,1
6-Fernando,1
7-Cris,1
8-Alexandre,1
9-Sangaré,1
10-Trabi,1
11-,1
12-,1
13-,1
14-,1
15-,1
Besoin de 20 personnes demain matin au métro Schelkovskaya sortie 3 pour un boulot de chantier très facile fini payer 2500p Rapidement l’heure 09h00 17h45 regroupement à 08h,1
1-MHD,1
2-Bischop,1
3-King,1
4- Cris,1
5- Guiy,1
6-Fernando,1
7-Cris,1
8-Alexandre,1
9-Sangaré,1
10-Trabi,1
11-,1
12-,1
13-,1
14-,1
15-,1
Besoin de 20 personnes demain matin au métro Schelkovskaya sortie 3 pour un boulot de chantier très facile fini payer 2500p Rapidement l’heure 09h00 17h45 regroupement à 08h,1
1-MHD,1
2-Bischop,1
3-King,1
4- Cris,1
5- Guiy,1
6-Fernando,1
7-Cris,1
8-Alexandre,1
9-Sangaré,1
10-Trabi,1
11-Nathan,1
12-,1
13-,1
14-,1
15-,1
MBesoin de 20 personnes demain matin au métro Schelkovskaya sortie 3 pour un boulot de chantier très facile fini payer 2500p Rapidement l’heure 09h00 17h45 regroupement à 08h,1
1-MHD,1
2-Bischop,1
3-King,1
4- Cris,1
5- Guiy,1
6-Fernando,1
7-Cris,1
8-Alexandre,1
9-Sangaré,1
10-Trabi,1
11-Théo,1
12Occupé,1
13-Occupé,1
14-Gaël,1
15-Isac,1
MBesoin de 20 personnes demain matin au métro Schelkovskaya sortie 3 pour un boulot de chantier très facile fini payer 2500p Rapidement l’heure 09h00 17h45 regroupement à 08h,1
1-MHD,1
2-Bischop,1
3-King,1
4- Cris,1
5- Guiy,1
6-Fernando,1
7-Cris,1
8-Alexandre,1
9-Sangaré,1
10-Trabi,1
11-Théo,1
12Occupé,1
13-Occupé,1
14-Gaël,1
15-Isac,1
16- Evans,1
MBesoin de 20 personnes demain matin au métro Schelkovskaya sortie 3 pour un boulot de chantier très facile fini payer 2500p Rapidement l’heure 09h00 17h45 regroupement à 08h,1
1-MHD,1
2-Bischop,1
3-King,1
4- Cris,1
5- Guiy,1
6-Fernando,1
7-Cris,1
8-Alexandre,1
9-Sangaré,1
10-Trabi,1
11-Théo,1
12Occupé,1
13-Occupé,1
14-Gaël,1
15-Isac,1
16- Evans,1
17-Dabiel,1
MBesoin de 20 personnes demain matin au métro Schelkovskaya sortie 3 pour un boulot de chantier très facile fini payer 2500p Rapidement l’heure 09h00 17h45 regroupement à 08h,1
1-MHD,1
2-Bischop,1
3-King,1
4- Cris,1
5- Guiy,1
6-Fernando,1
7-Cris,1
8-Alexandre,1
9-Sangaré,1
10-Trabi,1
11-Théo,1
12Occupé,1
13-Occupé,1
14-Gaël,1
15-Isac,1
16- Evans,1
17-Dabiel,1
Ça gagne ??,1
"One Bedroom Apartment Available at Metro, Nekrasovka, Exit 2",1
Rent 30k,1
Caution 30k,1
Commission 15k,1
"appartement d'une chambre Disponible au métro, Nekrasovka, Sortie 2",1
Loyer 30k,1
Caution 30k,1
Commission 15k,1
Soyez la a l'heure,1
"Bonjour, besoin maintenant ce matin de 08 personnes FILLES et GARÇONS dont 04 FILLES et 04 GARÇONS pour nettoyage du sol dans un parc payé 2500r après boulot au métro rechnoy vokzal de 9h00 à 18h00.",1
"Comme c'est 04 contre 04 après le travail si vous voulez vous changez de contact après entre vous, ne dites pas après que le mariage est difficile ici à Moscou voilà opportunité je vous lance...",1
"Bonjour, besoin maintenant ce matin de 08 personnes FILLES et GARÇONS dont 04 FILLES et 04 GARÇONS pour nettoyage du sol dans un parc payé 2500r après boulot au métro rechnoy vokzal de 9h00 à 18h00.",1
"Les filles sont déjà au complets, juste les garçons il reste maintenant...",1
N'allez pas chercher seulement les femmes russes alors que nos sœurs sont là,1
Départ 8 juillet,1
(Yde -Dla - Moscou ✈️,1
- 20 kilo disponible,1
- ⁠documents et petits colis venez remettre,1
Ancien en Russie,1
Salut à tous,1
Urgemment besoin d'une fille tout prêt du métro marina rocha pour un travail de restaurant 13h-21h 2500,1
23kg disponibles le 10 juillet,1
Douala_ Moscou,1
Documents et petits colis 🗽✅ <This message was edited>,1
"Ça fonctionne sur smart TV, Phone et PC",1
"Hello hello, j'espère que vous allez bien.",2
"Plus besoin de chercher des liens pour regarder vos programmes TV du monde entier. Depuis la Russie tu te mets zo, tu regardes tes émissions TV, tes programmes de match. Je dis même les chaînes por*****😅🤣🤣.  Seulement 4000r l'année.",2
Besoin de 04 personnes hommes ce soir pour travail chantier de 22h00 à 06h00 payé 2600r après boulot,1
"On relance encore avec du contenu percutant et agréable, tu connais déjà la chanson.",1
"Like, le commentaire et les partages stp pour agrandir la communauté. 🙏🏾🔥🇭🇷",1
Combien,2
*Bonsoir à la communauté africaine en fédération de Russie* 🇷🇺🇨🇲🇨🇩🇲🇱🇬🇭🇬🇦🇨🇩🇦🇴🇿🇦🇩🇿🇸🇳,1
Une loi est entrée en vigueur augmentant le montant des taxes sur un certains nombre de services gouvernementaux.,1
Une loi fédérale prévoyant une augmentation des taxes de l'État sur un certain nombre de services est entrée en vigueur depuis hier,1
Le document a été signé par le père Poutine et publié sur le site officiel des actes juridiques en décembre de l'année dernière.,1
"Selon la loi, le coût d'obtention d'un permis de séjour temporaire (visa normal ,étudiant ) est passé de 1 600 à 1 920 roubles. Les frais pour l'obtention d'un permis de séjour (permis de séjour) sont passés de 5 000 à 6 000 roubles et pour l'obtention de la citoyenneté de la Fédération de Russie, de 3 500 à 4 200 roubles.",1
"🙌Il prévoit également une augmentation des frais d'enregistrement au lieu de résidence de 350 à 420 roubles, de prolongation de visa de 1 000 à 1 200 roubles et d'émission d'invitations vers la Fédération de Russie de 800 à 960 roubles. Le coût d'un permis de travail est également passé de 3 500 à 4 200 roubles.",1
"Une augmentation significative a également touché les frais d'autorisation d'attirer des travailleurs étrangers, qui sont passés de 10 000 à 12 000 roubles. Les frais de délivrance des passeports internationaux augmentent également : pour les adultes - de 5 000 à 6 000 roubles et pour les enfants de moins de 14 ans - de 2 500 à 3 000 roubles.",1
"L'article de la loi avec ces modifications est entré en vigueur aujourd'hui, 1er juillet 2024.",1
Pour moi : L'homme est né libre!!!!!…,1
+79520253274,1
*Consultation gratuite*,1
Watzapp : https://chat.whatsapp.com/BhhqvgniUqB7ksGl6jsu54,1
------,1
*Claude le russe*,1
Faut faire circuler le message dans tous les groupes pour ceux qui travaillent pour moins de 3000 roubles ici en Russie surtout à Moscou,1
Besoin maintenant de 01 personne1 homme ce soir pour travail chantier de 22h00 à 06h00 payé 2600r après boulot...,1
01 personne proche du métro rechnoy vokzal,1
Urgent 🚨 demain besoin de 4 personnes pour un boulot de chantier  payé sur place 2500₽,1
De 9h00à 18:00,1
Метро : Пыхтино,1
Sortie 1,1
1-Kenzy,1
2-Kenzy,1
3-,1
4-,1
🚨🚨 *JOB. METRO KHOVRINO BESOIN DEMAIN DE 08 GARS TRAVAIL DE CHANTIER*,1
Metro Khovrino ( Метро Ховрино ),1
Ligne ( Линия): 2,1
Heure de rencontre: 08:00,1
Heure de Travail: 08:45- 18:50,1
Pause: 13:00 - 14:00,1
*PAYEMENT 2600 ROUBLES APRES LE TRAVAIL CHAQUE JOUR*,1
Intéressés envoyez moi la photo de votre passeport pour le passe d'entrée.,1
*Отправьте фото паспорта для пропуска*,1
Tu as le smart tv?,1
URGENT: Besoin de 5 personnes (hommes) pour un boulot de chantier,1
Metro Khovrino,1
Ligne 2,1
Sortie 2,1
Travail de chantier,1
Payement 2900 roubles apres le travail,1
‎Suivez ce lien pour intégrer mon Groupe WhatsApp  : https://chat.whatsapp.com/Iu61JQFKwAZFXtHctmarga,1
Studio Available for Rent,1
Rent 35000r,1
Caution 35000r,1
Commission 15000r,1
Studio Disponible pour Loyer,1
Loyer 35000r,1
Caution 35000r,1
Commission 15000r,1
15 kilos Disponible petit colis Documents KINSHASA 🇨🇩🇨🇩🇨🇩🛩️🛩️🛩️🛩️MOSCOU 🇷🇺🇷🇺🇷🇺 Le 10 juillet …… les Concernés Contacté moi en privé *Ephraim ……….  Clôture le 7 juillet à 17h……🛬🛫 +79850938634,1
📣📣📣📣📣📣📣,1
C'est du Cho Cho bonjour la grande famille 46 kilos disponible pour le 11 juillet Moscou -Douala et Yaoundé au prix de 23000 roubles. Place aussi pour les documents petits colis téléphones  et autres intéressé mon ib est ouvert,1
Besoin de 30 personnes demain matin au métro aminovskaya sorti 1 travail chantier très facile fini payer 2600p rapidement 09h00 17h45 regroupement à 08h00,1
1-MHD,1
2-Bishop,1
3-Alain,1
4-Gaël,1
5Prince,1
6-Achille,1
7-Cris,1
8-,1
9-,1
10-,1
11-,1
12-,1
13-,1
14-,1
15-,1
16-,1
17-,1
18-,1
19-,1
20-,1
21-,1
22-,1
23-,1
24-,1
25-,1
26-,1
27-,1
28-,1
29-,1
30-,1
Pas de retard s’il vous plaît,1
Besoin de 30 personnes demain matin au métro aminovskaya sorti 1 travail chantier très facile fini payer 2600p rapidement 09h00 17h45 regroupement à 08h00,1
1-MHD,1
2-Bishop,1
3-Alain,1
4-Gaël,1
5Prince,1
6-Achille,1
7-Cris,1
8-Amadou,1
9-,1
10-,1
11-,1
12-,1
13-,1
14-,1
15-,1
16-,1
17-,1
18-,1
19-,1
20-,1
21-,1
22-,1
23-,1
24-,1
25-,1
26-,1
27-,1
28-,1
29-,1
30-,1
Pas de retard s’il vous plaît,1
Besoin de 30 personnes demain matin au métro aminovskaya sorti 1 travail chantier très facile fini payer 2600p rapidement 09h00 17h45 regroupement à 08h00,1
1-MHD,1
2-Bishop,1
3-Alain,1
4-Gaël,1
5Prince,1
6-Achille,1
7-Cris,1
8-Amadou,1
9-Roger,1
10-,1
11-,1
12-,1
13-,1
14-,1
15-,1
16-,1
17-,1
18-,1
19-,1
20-,1
21-,1
22-,1
23-,1
24-,1
25-,1
26-,1
27-,1
28-,1
29-,1
30-,1
Pas de retard s’il vous plaît,1
Besoin de 30 personnes demain matin au métro aminovskaya sorti 1 travail chantier très facile fini payer 2600p rapidement 09h00 17h45 regroupement à 08h00,1
1-MHD,1
2-Bishop,1
3-Alain,1
4-Gaël,1
5Prince,1
6-Achille,1
7-Cris,1
8-Amadou,1
9-Roger,1
10-,1
11-,1
12-,1
13-,1
14-,1
15-,1
16-,1
17-,1
18-,1
19-,1
20-,1
21-,1
22-,1
23-,1
24-,1
25-,1
26-,1
27-,1
28-,1
29-,1
30-,1
Pas de retard s’il vous plaît,1
Besoin de 30 personnes demain matin au métro aminovskaya sorti 1 travail chantier très facile fini payer 2600p rapidement 09h00 17h45 regroupement à 08h00,1
1-MHD,1
2-Bishop,1
3-Alain,1
4-Gaël,1
5Prince,1
6-Achille,1
7-Cris,1
8-Amadou,1
9-Roger,1
10-Gabana,1
11-,1
12-,1
13-,1
14-,1
15-,1
16-,1
17-,1
18-,1
19-,1
20-,1
21-,1
22-,1
23-,1
24-,1
25-,1
26-,1
27-,1
28-,1
29-,1
30-,1
Pas de retard s’il vous plaît ici c'est la liste original,1
*Ton ennemi c'est celui là qui fait semblant de t'aimer*,1
*places pour filles et garçons disponibles au métro babouskinkaya à 15min du métro bus d'état et à 2min d'arrêt bus. Ib si intéressé*,1
Travail au KFC.  Tu travailles selon ton graphics . Plus Info ib,1
Besoin de 30 personnes demain matin au métro aminovskaya sorti 1 travail chantier très facile fini payer 2600p rapidement 09h00 17h45 regroupement à 08h00,1
1-MHD,1
2-Bishop,1
3-Alain,1
4-Gaël,1
5Prince,1
6-Achille,1
7-Cris,1
8-Amadou,1
9-Roger,1
10-Gabana,1
11-Booba,1
12- Bangs,1
13-Ayoub,1
14-,1
15-,1
16-,1
17-,1
18-,1
19-,1
20-,1
21-,1
22-,1
23-,1
24-,1
25-,1
26-,1
27-,1
28-,1
29-,1
30-,1
Pas de retard s’il vous plaît ici c'est la liste original,1
Besoin de 30 personnes demain matin au métro aminovskaya sorti 1 travail chantier très facile fini payer 2600p rapidement 09h00 17h45 regroupement à 08h00,1
1-MHD,1
2-Bishop,1
3-Alain,1
4-Gaël,1
5Prince,1
6-Achille,1
7-Cris,1
8-Amadou,1
9-Roger,1
10-Gabana,1
11-Booba,1
12- Bangs,1
13-Ayoub,1
14-Riadh,1
15-,1
16-,1
17-,1
18-,1
19-,1
20-,1
21-,1
22-,1
23-,1
24-,1
25-,1
26-,1
27-,1
28-,1
29-,1
30-,1
Pas de retard s’il vous plaît ici c'est la liste original,1
🛑🛑🛑,1
Besoin urgent de 8 personnes (filles et garçons) dans la ville de Радумлю c'est à 1h30 de Moscou pour un boulot de nettoyage uniquement. Vous êtes logé nourris et payé 2500 par jour payable chaque semaine.,1
Conditions être à jour et avoir un *Справка* de ton université.,1
Plus de détails Ib.,1
"Travail de chantier pour demain matin, 9h à 18h",1
Besoin de 4 personnes,1
"Métro, Domodedovskaya sortie 10. à 8:15h",1
2700r après la travail,1
"Constriction work available for tomorrow morning, 9am to 6pm",1
4 Persons need at,1
"Metro, Domodedovskaya Exit 10. 8:15am",1
Payment 2700r after work,1
👍👍👍,1
🙏🙏🙏,1
Besoin demain de 05 personnes pour Travail de chantier de 9h00 à 18h00 payé 2500r après boulot au lyublino ligne 10.,1
"7/3/24, 8:40 PM - +237 6 98 54 79 91 joined using this group's invite link",1
Besoin de 30 personnes demain matin au métro aminovskaya sorti 1 travail chantier très facile fini payer 2600p rapidement 09h00 17h45 regroupement à 08h00,1
1-MHD,1
2-Bishop,1
3-Alain,1
4-Gaël,1
5Prince,1
6-Achille,1
7-Cris,1
8-Amadou,1
9-Roger,1
10-Gabana,1
11-Booba,1
12- Bangs,1
13-Ayoub,1
14-Riadh,1
15- Nathan,1
16-,1
17-,1
18-,1
19-,1
20-,1
21-,1
22-,1
23-,1
24-,1
25-,1
26-,1
27-,1
28-,1
29-,1
30-,1
Pas de retard s’il vous plaît ici c'est la liste original,1
Besoin de 30 personnes demain matin au métro aminovskaya sorti 1 travail chantier très facile fini payer 2600p rapidement 09h00 17h45 regroupement à 08h00,1
1-MHD,1
2-Bishop,1
3-Alain,1
4-Gaël,1
5Prince,1
6-Achille,1
7-Cris,1
8-Amadou,1
9-Roger,1
10-Gabana,1
11-Booba,1
12- Bangs,1
13-Ayoub,1
14-Riadh,1
15- Nathan,1
16-Ibrahim,1
17-,1
18-,1
19-,1
20-,1
21-,1
22-,1
23-,1
24-,1
25-,1
26-,1
27-,1
28-,1
29-,1
30-,1
Pas de retard s’il vous plaît ici c'est la liste original,1
Chantier numéro 3 Demain besoin de 25 personnes pour un boulot très facile au grand Park le payement ce en main le travail début de 9h a 17h payement 2600,1
N.b : chaque heure supplémentaire ce à 1000 rouble/1h,1
Mettez vos nom,1
1.israel,1
2.joel,1
3.charo,1
4.jeancy,1
5.tony,1
6.fred,1
7.riadh,1
8.Elie,1
9.wata,1
10.fedi,1
11.Jados,1
12.Divin,1
13.Ones,1
14.jonas,1
15.japhet,1
16.,1
17.,1
18.,1
19.,1
20.,1
21.,1
22.,1
23.,1
24,1
25,1
N.b: heure du rencontre 8h 00 à la sortie 1 du métro Rumyantsevo,1
Mettez vos nom s'il vous plaît 🙏,1
Besoin de 30 personnes demain matin au métro aminovskaya sorti 1 travail chantier très facile fini payer 2600p rapidement 09h00 17h45 regroupement à 08h00,1
1-MHD,1
2-Bishop,1
3-Alain,1
4-Gaël,1
5Prince,1
6-Achille,1
7-Cris,1
8-Amadou,1
9-Roger,1
10-Gabana,1
11-Booba,1
12- Bangs,1
13-Ayoub,1
14-Riadh,1
15- Nathan,1
16-Ibrahim,1
17-pogba,1
18-,1
19-,1
20-,1
21-,1
22-,1
23-,1
24-,1
25-,1
26-,1
27-,1
28-,1
29-,1
30-,1
Pas de retard s’il vous plaît ici c'est la liste original,1
Besoin de 30 personnes demain matin au métro aminovskaya sorti 1 travail chantier très facile fini payer 2600p rapidement 09h00 17h45 regroupement à 08h00,1
1-MHD,1
2-Bishop,1
3-Alain,1
4-Gaël,1
5Prince,1
6-Achille,1
7-Cris,1
8-Amadou,1
9-Roger,1
10-Gabana,1
11-Booba,1
12- Bangs,1
13-Ayoub,1
14-Riadh,1
15- Nathan,1
16-Ibrahim,1
17-pogba,1
18-,1
19-,1
20-,1
21-,1
22-,1
23-,1
24-,1
25-,1
26-,1
27-,1
28-,1
29-,1
30-,1
Pas de retard s’il vous plaît ici c'est la liste original,1
Besoin de 30 personnes demain matin au métro aminovskaya sorti 1 travail chantier très facile fini payer 2600p rapidement 09h00 17h45 regroupement à 08h00,1
1-MHD,1
2-Bishop,1
3-Alain,1
4-Gaël,1
5Prince,1
6-Achille,1
7-Cris,1
8-Amadou,1
9-Roger,1
10-Gabana,1
11-Booba,1
12- Bangs,1
13-Ayoub,1
14-Riadh,1
15- Nathan,1
16-Ibrahim,1
17-pogba,1
18-Jean Claude,1
19-,1
20-,1
21-,1
22-,1
23-,1
24-,1
25-,1
26-,1
27-,1
28-,1
29-,1
30-,1
Pas de retard s’il vous plaît ici c'est la liste original,1
Besoin de 30 personnes demain matin au métro aminovskaya sorti 1 travail chantier très facile fini payer 2600p rapidement 09h00 17h45 regroupement à 08h00,1
1-MHD,1
2-Bishop,1
3-Alain,1
4-Gaël,1
5Prince,1
6-Achille,1
7-Cris,1
8-Amadou,1
9-Roger,1
10-Gabana,1
11-Booba,1
12- Bangs,1
13-Ayoub,1
14-Riadh,1
15- Nathan,1
16-Ibrahim,1
17-pogba,1
18-Jean Claude,1
19-,1
20-,1
21-,1
22-,1
23-,1
24-,1
25-,1
26-,1
27-,1
28-,1
29-,1
30-,1
Pas de retard s’il vous plaît ici c'est la liste original,1
Besoin de 30 personnes demain matin au métro aminovskaya sorti 1 travail chantier très facile fini payer 2600p rapidement 09h00 17h45 regroupement à 08h00,1
1-MHD,1
2-Bishop,1
3-Alain,1
4-Gaël,1
5Prince,1
6-Achille,1
7-Cris,1
8-Amadou,1
9-Roger,1
10-Gabana,1
11-Booba,1
12- Bangs,1
13-Ayoub,1
14-Riadh,1
15- Nathan,1
16-Ibrahim,1
17-pogba,1
18-Jean Claude,1
19- Freddy,1
20-,1
21-,1
22-,1
23-,1
24-,1
25-,1
26-,1
27-,1
28-,1
29-,1
30-,1
Pas de retard s’il vous plaît ici c'est la liste original,1
Besoin de 30 personnes demain matin au métro aminovskaya sorti 1 travail chantier très facile fini payer 2600p rapidement 09h00 17h45 regroupement à 08h00,1
1-MHD,1
2-Bishop,1
3-Alain,1
4-Gaël,1
5Prince,1
6-Achille,1
7-Cris,1
8-Amadou,1
9-Roger,1
10-Gabana,1
11-Booba,1
12- Bangs,1
13-Ayoub,1
14-Riadh,1
15- Nathan,1
16-Ibrahim,1
17-pogba,1
18-Jean Claude,1
19- Freddy,1
20-,1
21-,1
22-,1
23-,1
24-,1
25-,1
26-,1
27-,1
28-,1
29-,1
30-,1
Pas de retard s’il vous plaît ici c'est la liste original,1
🛑🛑🛑🛑🛑🛑🛑🛑🛑🛑🛑🛑🛑🛑🛑🛑 🛑🛑🛑🛑🛑🛑🛑🛑🛑🛑🛑🛑🛑🛑🛑🛑🛑🛑🛑🛑 Besoin de 70 personnes demain au,1
métro kaluzhskaya,1
Sortie 4,1
boulot très facil,1
Chez jhonny c'est sans pression L'argent vient toujours.,1
fini payer,1
2500p,1
09h -18h,1
pas de retard 8h 00 au métro,1
1-  jhonny,1
2- mec d'ici,1
3- andrew,1
4- Landry,1
5-  Herman,1
6- djo,1
7-  ibrahim,1
8-  nelly,1
9- Emanuel,1
10- marley,1
11- djatta,1
12- conde,1
13-,1
14-,1
15-,1
16-,1
17-,1
18-,1
19-,1
20-,1
NB : 🛑🛑🛑boulot très très facil,1
Besoin de 30 personnes demain matin au métro aminovskaya sorti 1 travail chantier très facile fini payer 2600p rapidement 09h00 17h45 regroupement à 08h00,1
1-MHD,1
2-Bishop,1
3-Alain,1
4-Gaël,1
5Prince,1
6-Achille,1
7-Cris,1
8-Amadou,1
9-Roger,1
10-Gabana,1
11-Booba,1
12- Bangs,1
13-Ayoub,1
14-Riadh,1
15- Nathan,1
16-Ibrahim,1
17-pogba,1
18-Jean Claude,1
19- Freddy,1
20-Ulrich Brandon,1
21-,1
22-,1
23-,1
24-,1
25-,1
26-,1
27-,1
28-,1
29-,1
30-,1
Pas de retard s’il vous plaît ici c'est la liste original,1
Besoin de 30 personnes demain matin au métro aminovskaya sorti 1 travail chantier très facile fini payer 2600p rapidement 09h00 17h45 regroupement à 08h00,1
1-MHD,1
2-Bishop,1
3-Alain,1
4-Gaël,1
5Prince,1
6-Achille,1
7-Cris,1
8-Amadou,1
9-Roger,1
10-Gabana,1
11-Booba,1
12- Bangs,1
13-Ayoub,1
14-Riadh,1
15- Nathan,1
16-Ibrahim,1
17-pogba,1
18-Jean Claude,1
19- Freddy,1
20-Ulrich Brandon,1
21-Guiy,1
22-,1
23-,1
24-,1
25-,1
26-,1
27-,1
28-,1
29-,1
30-,1
Pas de retard s’il vous plaît ici c'est la liste original,1
Besoin de 30 personnes demain matin au métro aminovskaya sorti 1 travail chantier très facile fini payer 2600p rapidement 09h00 17h45 regroupement à 08h00,1
1-MHD,1
2-Bishop,1
3-Alain,1
4-Gaël,1
5Prince,1
6-Achille,1
7-Cris,1
8-Amadou,1
9-Roger,1
10-Gabana,1
11-Booba,1
12- Bangs,1
13-Ayoub,1
14-Riadh,1
15- Nathan,1
16-Ibrahim,1
17-pogba,1
18-Jean Claude,1
19- Freddy,1
20-Ulrich Brandon,1
21-Guiy,1
22-Ibrahim 2,1
23-Ousseynou loum,1
24-Amadou Diallo,1
25-Ousmane Dramé,1
26-,1
27-,1
28-,1
29-,1
30-,1
Pas de retard s’il vous plaît ici c'est la liste original,1
"Besoin de 04 personnes ce matin pour travail de rangement des meubles chaises, tables, dans une école de 9h00 à 18h00 payé 2500r après boulot.",1
NB: juste les hommes,1
"Besoin de 04 personnes ce matin pour travail de rangement des meubles chaises, tables, dans une école de 9h00 à 18h00 payé 2500r après boulot.",1
NB: juste les hommes,1
Besoin de 02 personnes maintenant au métro lyublino ligne 10 pour travail de chantier de 9h00 à 18h00 payé 2500r après boulot.,1
Bonjour les gars je suis en route,1
Utilise ce lien pour intégrer mon groupe WhatsApp : https://chat.whatsapp.com/Ixa1XLUVURrCiKCJRD9AqJ,1
"Bonjour à tous,je cherche une chambre pour un couple où une place pour fille.",1
Pour ceux qui en a veillez m'écrire en inbox .,1
Un appartement de deux chambres disponibles au métro domodova.un nouveau appartement très propre avec des nouveaux meubles sans tache,1
Demain besoin de 15 personnes 9h00 a 16h30 2600p métro (( Перово )),1
Besoin de 02 personnes maintenant hommes pour travail de démontage de 15h00 à 23h donc 8h de temps de travail payé 2700r après boulot.,1
метро краснопресненская,1
"Bonjour, j’ai besoin de 20 personnes pour un travail de chantier",1
"Nettoyer le défilé, jeter les poubelles, nettoyer, etc.",1
20 personnes nécessaires,1
Calendrier,1
9h00-18h00,1
Adresse жилой комплекс Новое Медведково,1
"микрорайон 17А,",1
Paiement juste après le travail 2700 rouble,1
"Bonjour, j’ai besoin de 20 personnes pour un travail de chantier",1
"Nettoyer le défilé, jeter les poubelles, nettoyer, etc.",1
20 personnes nécessaires,1
Calendrier,1
9h00-18h00,1
Adresse жилой комплекс Новое Медведково,1
"микрорайон 17А,",1
Paiement juste après le travail 2800 rouble,1
1,1
2,1
3,1
4,1
5,1
6,1
7,1
8,1
9,1
10,1
11,1
Besoin de 40 personnes demain matin au métro aminovskaya sorti 1 travail chantier très facile fini payer 2800p rapidement 09h00 18h45 regroupement à 08h00,1
1-Momo,1
2-Bishop,1
3-Alain,1
4-Gaël,1
5Prince,1
6-Achille,1
7-Cris,1
8-Nathan,1
9-,1
10-,1
11-,1
12-,1
13-,1
14-,1
15-,1
16-,1
17-,1
18-,1
19-,1
20-,1
21-,1
22-,1
23-,1
24-,1
25-,1
26-,1
27-,1
28-,1
29-,1
30-,1
Pas de retard s’il vous plaît ici c'est la liste original,1
Besoin de 40 personnes demain matin au métro aminovskaya sorti 1 travail chantier très facile fini payer 2800p rapidement 09h00 18h45 regroupement à 08h00,1
1-Momo,1
2-Bishop,1
3-Alain,1
4-Gaël,1
5Prince,1
6-Achille,1
7-Cris,1
8-Nathan,1
9-,1
10-,1
11-,1
12-,1
13-,1
14-,1
15-,1
16-,1
17-,1
18-,1
19-,1
20-,1
21-,1
22-,1
23-,1
24-,1
25-,1
26-,1
27-,1
28-,1
29-,1
30-,1
Pas de retard s’il vous plaît ici c'est la liste original,1
Besoin de 40 personnes demain matin au métro aminovskaya sorti 1 travail chantier très facile fini payer 2800p rapidement 09h00 18h45 regroupement à 08h00,1
1-Momo,1
2-Bishop,1
3-Alain,1
4-Gaël,1
5Prince,1
6-Achille,1
7-Cris,1
8-Nathan,1
9-Rassoul,1
10-,1
11-,1
12-,1
13-,1
14-,1
15-,1
16-,1
17-,1
18-,1
19-,1
20-,1
21-,1
22-,1
23-,1
24-,1
25-,1
26-,1
27-,1
28-,1
29-,1
30-,1
Pas de retard s’il vous plaît ici c'est la liste original,1
Besoin de 40 personnes demain matin au métro aminovskaya sorti 1 travail chantier très facile fini payer 2800p rapidement 09h00 18h45 regroupement à 08h00,1
1-Momo,1
2-Bishop,1
3-Alain,1
4-Gaël,1
5Prince,1
6-Achille,1
7-Cris,1
8-Nathan,1
9-Rassoul,1
10-,1
11-,1
12-,1
13-,1
14-,1
15-,1
16-,1
17-,1
18-,1
19-,1
20-,1
21-,1
22-,1
23-,1
24-,1
25-,1
26-,1
27-,1
28-,1
29-,1
30-,1
Pas de retard s’il vous plaît ici c'est la liste original,1
Besoin de 40 personnes demain matin au métro aminovskaya sorti 1 travail chantier très facile fini payer 2800p rapidement 09h00 18h45 regroupement à 08h00,1
1-Momo,1
2-Bishop,1
3-Alain,1
4-Gaël,1
5Prince,1
6-Achille,1
7-Cris,1
8-Nathan,1
9-Rassoul,1
10-Bernad,1
11-,1
12-,1
13-,1
14-,1
15-,1
16-,1
17-,1
18-,1
19-,1
20-,1
21-,1
22-,1
23-,1
24-,1
25-,1
26-,1
27-,1
28-,1
29-,1
30-,1
Pas de retard s’il vous plaît ici c'est la liste original,1
Besoin de 40 personnes demain matin au métro aminovskaya sorti 1 travail chantier très facile fini payer 2800p rapidement 09h00 18h45 regroupement à 08h00,1
1-Momo,1
2-Bishop,1
3-Alain,1
4-Gaël,1
5Prince,1
6-Achille,1
7-Cris,1
8-Nathan,1
9-Rassoul,1
10-Bernad,1
11-Antonin,1
12- Antonin 2,1
13-Quesney,1
14-,1
15-,1
16-,1
17-,1
18-,1
19-,1
20-,1
21-,1
22-,1
23-,1
24-,1
25-,1
26-,1
27-,1
28-,1
29-,1
30-,1
Pas de retard s’il vous plaît ici c'est la liste original,1
Besoin de 40 personnes demain matin au métro aminovskaya sorti 1 travail chantier très facile fini payer 2800p rapidement 09h00 18h45 regroupement à 08h00,1
1-Momo,1
2-Bishop,1
3-Alain,1
4-Gaël,1
5Prince,1
6-Achille,1
7-Cris,1
8-Nathan,1
9-Rassoul,1
10-Bernad,1
11-Antonin,1
12- Antonin 2,1
13-Quesney,1
14-Djibril,1
15-  Roma,1
16-Karis,1
17-le petit,1
18- lemuel,1
19-  Genov,1
20-Jean claud,1
21-Woodzer,1
22-Bok,1
23-Samuel,1
24-Smith,1
25-Ousmane,1
26-Amadou,1
27-Ibrahim,1
28-Booba,1
29-Roger,1
30-cheik,1
31-cisse,1
32-Omar,1
33-aditja,1
34-immanuel,1
35- ebebe,1
36- joe,1
37-Junior,1
38-,1
39-,1
40,1
Pas de retard s’il vous plaît ici c'est la liste original,1
Besoin de 40 personnes demain matin au métro aminovskaya sorti 1 travail chantier très facile fini payer 2800p rapidement 09h00 18h45 regroupement à 08h00,1
1-Momo,1
2-Bishop,1
3-Alain,1
4-Gaël,1
5Prince,1
6-Achille,1
7-Cris,1
8-Nathan,1
9-Rassoul,1
10-Bernad,1
11-Antonin,1
12- Antonin 2,1
13-Quesney,1
14-Djibril,1
15-  Roma,1
16-Karis,1
17-le petit,1
18- lemuel,1
19-  Genov,1
20-Jean claud,1
21-Woodzer,1
22-Bok,1
23-Samuel,1
24-Smith,1
25-Ousmane,1
26-Amadou,1
27-Ibrahim,1
28-Booba,1
29-Roger,1
30-cheik,1
31-cisse,1
32-Omar,1
33-aditja,1
34-immanuel,1
35- ebebe,1
36- joe,1
37-Junior,1
38-Georges,1
39-frank,1
40- Gedeon,1
41-gasindi,1
42-,1
43-,1
44-,1
45-,1
46-,1
47-,1
49-,1
49-,1
50-,1
Pas de retard s’il vous plaît ici c'est la liste original,1
🛑🛑🛑🛑🛑🛑🛑🛑🛑🛑🛑🛑🛑🛑🛑🛑 🛑🛑🛑🛑🛑🛑🛑🛑🛑🛑🛑🛑🛑🛑🛑🛑🛑🛑🛑🛑 Besoin de 70 personnes demain au,1
métro kaluzhskaya,1
Sortie 4,1
boulot très facil,1
Chez jhonny c'est sans pression L'argent vient toujours.,1
fini payer,1
2500p,1
09h -18h,1
pas de retard 8h 00 au métro,1
1-  jhonny,1
2- mec d'ici,1
3- Nelly,1
4- Landry,1
5-  Herman,1
6- Ibrahim,1
7-  Pogba,1
8- Jacques,1
9- Eric,1
10- Roma,1
11- le petit,1
12- Djibril,1
13-lemuel,1
14- andrew,1
15- sniper,1
16- tychick,1
17- billy,1
18- fabrice,1
19- bodrick,1
20- theo,1
21- glody,1
22- Joseph,1
23- djo,1
24-,1
25-,1
26-,1
27-,1
28-,1
29-,1
30-,1
NB : 🛑🛑🛑boulot très très facile,1
Chacun a reçu son argent merci 🙏 les gars demain on n’est ensemble 2800p ils restent encore la place besoin de 50 personnes demain,2
Besoin de 40 personnes demain matin au métro aminovskaya sorti 1 travail chantier très facile fini payer 2800p rapidement 09h00 18h45 regroupement à 08h00,1
1-Momo,1
2-Bishop,1
3-Alain,1
4-Gaël,1
5Prince,1
6-Achille,1
7-Cris,1
8-Nathan,1
9-Rassoul,1
10-Bernad,1
11-Antonin,1
12- Antonin 2,1
13-Quesney,1
14-Djibril,1
15-  Roma,1
16-Karis,1
17-le petit,1
18- lemuel,1
19-  Genov,1
20-Jean claud,1
21-Woodzer,1
22-Bok,1
23-Samuel,1
24-Smith,1
25-Ousmane,1
26-Amadou,1
27-Ibrahim,1
28-Booba,1
29-Roger,1
30-cheik,1
31-cisse,1
32-Omar,1
33-aditja,1
34-immanuel,1
35- ebebe,1
36- joe,1
37-Junior,1
38-Georges,1
39-frank,1
40- Gedeon,1
41-gasindi,1
42-,1
43-,1
44-,1
45-,1
46-,1
47-,1
49-,1
49-,1
50-,1
Pas de retard s’il vous plaît ici c'est la liste original,1
Chacun a reçu son argent merci 🙏 les gars demain on n’est ensemble 2800p ils restent encore la place besoin de 50 personnes demain,2
Besoin de 40 personnes demain matin au métro aminovskaya sorti 1 travail chantier très facile fini payer 2800p rapidement 09h00 18h45 regroupement à 08h00,1
1-Momo,1
2-Bishop,1
3-Alain,1
4-Gaël,1
5Prince,1
6-Achille,1
7-Cris,1
8-Nathan,1
9-Rassoul,1
10-Bernad,1
11-Antonin,1
12- Antonin 2,1
13-Quesney,1
14-Djibril,1
15-  Roma,1
16-Karis,1
17-le petit,1
18- lemuel,1
19-  Genov,1
20-Jean claud,1
21-Woodzer,1
22-Bok,1
23-Samuel,1
24-Smith,1
25-Ousmane,1
26-Amadou,1
27-Ibrahim,1
28-Booba,1
29-Roger,1
30-cheik,1
31-cisse,1
32-Omar,1
33-aditja,1
34-immanuel,1
35- ebebe,1
36- joe,1
37-Junior,1
38-Georges,1
39-frank,1
40- Gedeon,1
41-gasindi,1
42-,1
43-,1
44-,1
45-,1
46-,1
47-,1
49-,1
49-,1
50-,1
Pas de retard s’il vous plaît ici c'est la liste original,1
Besoin de 40 personnes demain matin au métro aminovskaya sorti 1 travail chantier très facile fini payer 2800p rapidement 09h00 18h45 regroupement à 08h00,1
1-Momo,1
2-Bishop,1
3-Alain,1
4-Gaël,1
5Prince,1
6-Achille,1
7-Cris,1
8-Nathan,1
9-Rassoul,1
10-Bernad,1
11-Antonin,1
12- Antonin 2,1
13-Quesney,1
14-Djibril,1
15-  Roma,1
16-Karis,1
17-le petit,1
18- lemuel,1
19-  Genov,1
20-Jean claud,1
21-Woodzer,1
22-Bok,1
23-Samuel,1
24-Smith,1
25-Ousmane,1
26-Amadou,1
27-Ibrahim,1
28-Booba,1
29-Roger,1
30-cheik,1
31-cisse,1
32-Omar,1
33-aditja,1
34-immanuel,1
35- ebebe,1
36- joe,1
37-Junior,1
38-Georges,1
39-frank,1
40- Gedeon,1
41-gasindi,1
42-Daniel,1
43-Fengbam,1
44-,1
45-,1
46-,1
47-,1
49-,1
49-,1
50-,1
Pas de retard s’il vous plaît ici c'est la liste original,1
Demain le travail commence à 09h00 donc le dernier arrivé au métro doit être là à 08h35 Faites un effort les gars,1
Demain le travail commence à 09h00 donc le dernier arrivé au métro doit être là à 08h35 Faites un effort les gars,1
Besoin de 40 personnes demain matin au métro aminovskaya sorti 1 travail chantier très facile fini payer 2800p rapidement 09h00 18h45 regroupement à 08h00,1
1-Momo,1
2-Bishop,1
3-Alain,1
4-Gaël,1
5Prince,1
6-Achille,1
7-Cris,1
8-Nathan,1
9-Rassoul,1
10-Bernad,1
11-Antonin,1
12- Antonin 2,1
13-Quesney,1
14-Djibril,1
15-  Roma,1
16-Karis,1
17-le petit,1
18- lemuel,1
19-  Genov,1
20-Jean claud,1
21-Woodzer,1
22-Bok,1
23-Samuel,1
24-Smith,1
25-Ousmane,1
26-Amadou,1
27-Ibrahim,1
28-Booba,1
29-Roger,1
30-cheik,1
31-cisse,1
32-Omar,1
33-aditja,1
34-immanuel,1
35- ebebe,1
36- joe,1
37-Junior,1
38-Georges,1
39-frank,1
40- Gedeon,1
41-gasindi,1
42-Daniel,1
43-Fengbam,1
44-Choco,1
45-,1
46-,1
47-,1
49-,1
49-,1
50-,1
Pas de retard s’il vous plaît ici c'est la liste original,1
Besoin de 40 personnes demain matin au métro aminovskaya sorti 1 travail chantier très facile fini payer 2800p rapidement 09h00 18h45 regroupement à 08h00,1
1-Momo,1
2-Bishop,1
3-Alain,1
4-Gaël,1
5Prince,1
6-Achille,1
7-Cris,1
8-Nathan,1
9-Rassoul,1
10-Bernad,1
11-Antonin,1
12- Antonin 2,1
13-Quesney,1
14-Djibril,1
15-  Roma,1
16-Karis,1
17-le petit,1
18- lemuel,1
19-  Genov,1
20-Jean claud,1
21-Woodzer,1
22-Bok,1
23-Samuel,1
24-Smith,1
25-Ousmane,1
26-Amadou,1
27-Ibrahim,1
28-Booba,1
29-Roger,1
30-cheik,1
31-cisse,1
32-Omar,1
33-aditja,1
34-immanuel,1
35- ebebe,1
36- joe,1
37-Junior,1
38-Georges,1
39-frank,1
40- Gedeon,1
41-gasindi,1
42-Daniel,1
43-Fengbam,1
44-Choco,1
45-,1
46-,1
47-,1
49-,1
49-,1
50-,1
Pas de retard s’il vous plaît ici c'est la liste original,1
🚨🚨🚨🚨🚨Bonsoir svp ya t'il un départ Russie France actuellement,1
Besoin de 40 personnes demain matin au métro aminovskaya sorti 1 travail chantier très facile fini payer 2800p rapidement 09h00 18h45 regroupement à 08h00,1
1-Momo,1
2-Bishop,1
3-Alain,1
4-Gaël,1
5Prince,1
6-Achille,1
7-Cris,1
8-Nathan,1
9-Rassoul,1
10-Bernad,1
11-Antonin,1
12- Antonin 2,1
13-Quesney,1
14-Djibril,1
15-  Roma,1
16-Karis,1
17-le petit,1
18- lemuel,1
19-  Genov,1
20-Jean claud,1
21-Woodzer,1
22-Bok,1
23-Samuel,1
24-Smith,1
25-Ousmane,1
26-Amadou,1
27-Ibrahim,1
28-Booba,1
29-Roger,1
30-cheik,1
31-cisse,1
32-Omar,1
33-aditja,1
34-immanuel,1
35- ebebe,1
36- joe,1
37-Junior,1
38-Georges,1
39-frank,1
40- Gedeon,1
41-gasindi,1
42-Daniel,1
43-Fengbam,1
44-Choco,1
45-Wata,1
46-Élie,1
47-,1
49-,1
49-,1
50-,1
Pas de retard s’il vous plaît ici c'est la liste original,1
Besoin de 02 personnes ce matin pour travail de chantier de 9h00 à 18h00 payé 2500r après boulot.,1
Besoin maintenant de 08 personnes pour travail de nettoyage au chantier.,1
"Metro pionerskaya, lieu de travail près de la sortie du métro à pied.",1
Payé 2600r après boulot de 10h00 bien précis à 18h00.,2
JUSTE LES HOMMES,1
Toi même tu as le temps pour regarder la télé là ? 🤔,1
Marathon des voyages la semaine prochaine,1
1.8juillet Moscou -Yaounde 46kilo,1
2-11 juillet Moscou -Douala-Yaounde 60kilo,1
3-7juillet Douala-Moscou 46kilo,1
4.10Juillet Yaounde-Douala-Russie 400kilo,1
5-11 juillet Yaounde-Douala-Moscou,1
92kilo,1
🚨🚨🚨Permanent restaurant night job is available for a lady. Time 22:00-10:00 . payment 2600 rub. Contact +79687107286,1
N’est-ce pas c’est ton esprit qui regarde ce que j’ai posté,1
Tu compare internet et la télévision ? 🙄🙄🙄,1
Départ  le 8 juillet Saint Pétersbourg > Douala  document uniquement,1
Tu es très bête sinon tu saurais de quoi il s’agit exactement. Reste tranquille si tu n’es pas intéressé et ignorant,1
Wow... J'ai l'application dans mon téléphone avec le track donc j'ai les images en illimité et c'est parce que je n'ai mm pas le temps pour regarder que j'en parle... Qui est sorti de son pays pour venir regarder la télé ici ? 🤔 Et maintenant tu le traite de bête... Oh la la!!!,1
Tu racontes ta vie à qui???,1
2 Bedroom Apartment Available,1
"Rent 50,000r",1
"Caution 50,000r",1
"Commission 20,000r",1
"Address: мкр-н Янтарный, Кольцевая ул., 3к1",1
Tu pouvais passer tout simplement,1
Au rageux que tu es 😅🤣🤣,2
Qui a répondu à l’autre ??,1
💁,1
"Juste pour que tu trouves d'autres cibles même au pays ça peut passer, mais pas ici... Tout simplement 🙄",1
Et c'est pas une raison pour que tu me sorte ton speech de merde,1
Ça passe donc. Tu vois donc que c’est toi le rageux😂😂.,2
Je répète tu es très très bête,1
Tintin😂😂😂,2
2 Bedroom Apartment Available,1
"Rent 50,000r",1
"Caution 50,000r",1
"Commission 20,000r",1
"Address:  Путилково, Спасо-Тушинский б-р, 9",1
"Ton avis ne compte même pas, malheureusement et déjà que tu ne peux donner un contenu à ton concept de bête... Malheureusement ou heureusement... Pfff",0
On ne fait pas la pub de ce qui passe,1
... Et Milou 😎😎😎,1
Ça va te passer mon petit . Digère 😏😏😉,1
Assia 😂😂😂😂,2
🙄🙄🙄🙄,1
N’écoutez pas les petits pisseurs rageux qui ne savent pas de quoi ils parlent. Ce n’est pas les applications de quelques minables chaînes .,1
Tu testes 24h gratuit pour confirmer,1
Mon ib est ouvert les gars <This message was edited>,1
Besoin de 10 personnes (hommes) demain pour un boulot très facile (nettoyage).,1
Paiement 2500 après le travail,1
Métro: Slavyanskiy bulvar sortie 4,1
Le travail c’est de 9h00 à 18h00,1
Regroupement au métro à 8h00,1
NB: si tu arrives après 8h05 tu vas pas me trouver à la sortie du métro.,1
Besoin de 10 personnes (hommes) demain pour un boulot très facile (nettoyage).,1
Paiement 2500 après le travail,1
Métro: Slavyanskiy bulvar sortie 4,1
Le travail c’est de 9h00 à 18h00,1
Regroupement au métro à 8h00,1
NB: si tu arrives après 8h05 tu vas pas me trouver à la sortie du métro.,1
🚨🚨🚨🚨🚨Bonsoir svp qui a un départ Russie-France,1
J'ai besoin de kg,1
🚨🚨🚨 la police continue à faire les descentes dans les crypto. Étudiant ou pas ils déportent.,1
🛑🛑🛑🛑🛑🛑🛑🛑🛑🛑🛑🛑🛑🛑🛑🛑 🛑🛑🛑🛑🛑🛑🛑🛑🛑🛑🛑🛑🛑🛑🛑🛑🛑🛑🛑🛑 Besoin de 70 personnes demain au,1
métro kaluzhskaya,1
Sortie 4,1
boulot très facil,1
Chez jhonny c'est sans pression L'argent vient toujours.,1
fini payer,1
2500p,1
09h -18h,1
pas de retard 8h 00 au métro,1
1-  jhonny,1
2- faux bébé,1
3- Nelly,1
4- Landry,1
5-  Herman,1
6- Ibrahim,1
7-  Pogba,1
8-  desiré,1
9- prince,1
10-,1
11-,1
12-,1
13-,1
14-,1
15-,1
16-,1
17-,1
18-,1
19-,1
20-,1
21-,1
22-,1
23-,1
24-,1
25-,1
26-,1
27-,1
28-,1
29-,1
30-,1
NB : 🛑🛑🛑boulot très très facil,1
"Travail de chantier pour demain matin, 9h à 18h",1
Besoin de 4 personnes,1
"Métro, Domodedovskaya sortie 10. à 8:15h",1
2700r après la travail,1
"Constriction work available for tomorrow morning, 9am to 6pm",1
4 Persons need at,1
"Metro, Domodedovskaya Exit 10. 8:15am",1
Payment 2700r after work,1
🛑🛑🛑🛑 urgent urgent !!!! 🛑🛑,1
Besoin urgent  de 35 garçons dans le ville de *Mourmansk* c'est à un jour et demi de voyage de Moscou dans une poissonnerie. Le salaire 300r par heure.,1
Logement gratuit,1
On vous donne 250r*6 le samedi pour le déjeuner. (Ça n'a rien à voir avec le salaires).,1
Transport gratuit.,1
NB: ~*le transport de Moscou pour le lieu de travail est payé par l'entreprise*,1
Avoir un visa d'au moins 6 mois de validité.,1
Plus de détails Ib.,1
250*6 c’est par personne ou alors c’est pour les 35 personnes ?.,1
Le dîner et le souper c’est aux frais de qui ?,1
On paye la fin de chaque semaine 250*6 pour tous ça ça fait 1500 par semaine pour manger et boire😁,1
1500 nutrition pour une semaine??? J’achète 3 plats de plov c’est fini en un jour,1
🤦‍♂️,1
Plov c'est quoi?,1
null,1
A very big Studio/Apartment Available at Metro Filatov Lug,1
Rent 35000r,1
Caution 35000r,1
Commission 15000r,1
🚨🚨🚨🚨🚨🚨🚨🚨🚨🚨🚨🚨🚨🚨🚨🚨🚨🚨🚨,1
Depart confirmé,1
Douala🇨🇲 - Moscou🇷🇺,1
le 11 juillet 2024,1
✅  23 kg Disponible,1
✅ Envoyez vos documents,1
✅ Envoyez votre réméde amére là qui soigne 100 maladies à la fois 🤣🤣🤣🤣🤣,2
YAN TRAVEL ✈️,1
🚨🚨🚨🚨✈️✈️✈️✈️,1
Départ disponible chez les *Frères sang*,1
Moscou-Abidjan le 09 juillet,1
Moscou-Abidjan le 16 juillet,1
Abidjan-Moscou le 12 juillet,1
Abidjan-Moscou le 18 juillet,1
Moscou-Bamako le 23 juillet,1
"Viens faire ta propre expérience avec les *FS* en envoyant tes colis , Documents, appareils électroniques, tes produits....en tout ce qui est transportable",1
Plus d'informations +7996 967 49 48 <This message was edited>,1
Moscou🇳🇱-Douala🇨🇲 pour le 11juillet 2024,1
23kilo disponible,1
Envoyer vos documents,1
DÉPART CONFIRMÉ à un bon prix 😌,1
Quand toi même tu vois le drapeau la… ça ressemble à celui de la russie?,1
Si tu sait je parle de la Russie alors c'est quoi le problème bonjour et bonne journée merci,2
Besoin de 7 filles demain matin au métro aminovskaya sorti 6 travail nettoyage chantier très facile fini payer 2750p  rapidement 09h00 18h45 regroupement à 08h00,1
1-Maria,1
2-Merveille,1
3-,1
4-,1
5-,1
6-,1
7-,1
8-,1
Pas de retard s’il vous plaît ici c'est la liste original écrit moi si tu veux travailler,1
Besoin de 7 filles demain matin au métro aminovskaya sorti 6 travail nettoyage chantier très facile fini payer 2750p  rapidement 09h00 18h45 regroupement à 08h00,1
1-Maria,1
2-Merveille,1
3-Lidy,1
4-,1
5-,1
6-,1
7-,1
8-,1
Pas de retard s’il vous plaît ici c'est la liste original écrit moi si tu veux travailler,1
Besoin de 7 filles demain matin au métro aminovskaya sorti 6 travail nettoyage chantier très facile fini payer 2750p  rapidement 09h00 18h45 regroupement à 08h00,1
1-Maria,1
2-Merveille,1
3-Lidy,1
4-Leance,1
5-Ivette,1
6-Elise,1
7-Djeny,1
8-,1
Pas de retard s’il vous plaît ici c'est la liste original écrit moi si tu veux travailler,1
Besoin de 7 filles demain matin au métro aminovskaya sorti 6 travail nettoyage chantier très facile fini payer 2750p  rapidement 09h00 18h45 regroupement à 08h00,1
1-Maria,1
2-Merveille,1
3-Lidy,1
4-Leance,1
5-Ivette,1
6-Elise,1
7-Djeny,1
8-Bénie,1
Pas de retard s’il vous plaît ici c'est la liste original écrit moi si tu veux travailler,1
Boucler pour les filles,1
Boucler pour les filles,1
Besoin de 40 personnes demain matin au métro aminovskaya sorti 6 travail nettoyage chantier très facile fini payer 2750p  rapidement 09h00 18h45 regroupement à 08h00,1
1-Momo,1
2-Bishop,1
3-Alain,1
4-Gaël,1
5Prince,1
6-Achille,1
7-Cris,1
8-Nathan,1
9-Jilber,1
10-Bernard,1
11-Hugues,1
12- Sami,1
13-Bylly,1
14- Guy,1
15- Elie,1
16- God,1
17- Héritier,1
18-Essiet,1
19-akour,1
20Ibrahim,1
21- Gagandee Kaur,1
22-Mandeep Kaur,1
23-Sukwinder singh,1
24-,1
25-,1
26-,1
27-,1
28-,1
29-,1
30-,1
31-,1
32-,1
33-,1
34-,1
35-,1
36-,1
37-,1
38-,1
39-,1
40-,1
41-,1
42,1
43-,1
44-,1
45-,1
46-,1
47-,1
49-,1
49-,1
50-,1
Pas de retard s’il vous plaît ici c'est la liste original écrit moi si tu veux travailler,1
Besoin de 40 personnes demain matin au métro aminovskaya sorti 6 travail nettoyage chantier très facile fini payer 2750p  rapidement 09h00 18h45 regroupement à 08h00,1
1-Momo,1
2-Bishop,1
3-Alain,1
4-Gaël,1
5Prince,1
6-Achille,1
7-Cris,1
8-Nathan,1
9-Jilber,1
10-Bernard,1
11-Hugues,1
12- Sami,1
13-Bylly,1
14- Guy,1
15- Elie,1
16- God,1
17- Héritier,1
18-Essiet,1
19-akour,1
20Ibrahim,1
21- Gagandee Kaur,1
22-Mandeep Kaur,1
23-Sukwinder singh,1
24- Аlex,1
25-,1
26-,1
27-,1
28-,1
29-,1
30-,1
31-,1
32-,1
33-,1
34-,1
35-,1
36-,1
37-,1
38-,1
39-,1
40-,1
41-,1
42,1
43-,1
44-,1
45-,1
46-,1
47-,1
49-,1
49-,1
50-,1
Pas de retard s’il vous plaît ici c'est la liste original écrit moi si tu veux travailler,1
🛑🛑🛑🛑🛑🛑🛑🛑🛑🛑🛑🛑🛑🛑🛑🛑 🛑🛑🛑🛑🛑🛑🛑🛑🛑🛑🛑🛑🛑🛑🛑🛑🛑🛑🛑🛑 Besoin de 70 personnes demain au,1
métro kaluzhskaya,1
Sortie 4,1
boulot très facil,1
Chez jhonny c'est sans pression L'argent vient toujours.,1
fini payer,1
2500p,1
09h -18h,1
pas de retard 8h 00 au métro,1
1-  jhonny,1
2- faux bébé,1
3- Nelly,1
4- Landry,1
5-  Herman,1
6- Ibrahim,1
7-  Pogba,1
8-  desiré,1
9- prince,1
10- docta,1
11-,1
12-,1
13-,1
14-,1
15-,1
16-,1
17-,1
18-,1
19-,1
20-,1
21-,1
22-,1
23-,1
24-,1
25-,1
26-,1
27-,1
28-,1
29-,1
30-,1
NB : 🛑🛑🛑boulot très très facil,1
"7/6/24, 10:17 PM - ~ Belle added ~ Fortuna 007 and +237 79953442",1
Désole la famille les filles comme les garçons le travail de demain ne sera pas  encore une fois désolé 🤦 le travail reprend après demain donc je retiens les mêmes personnes si vous êtes toujours disponible bien sûre,2
Désole la famille les filles comme les garçons le travail de demain ne sera pas  encore une fois désolé 🤦 le travail reprend après demain donc je retiens les mêmes personnes si vous êtes toujours disponible bien sûre,2
Désole la famille les filles comme les garçons le travail de demain ne sera pas  encore une fois désolé 🤦 le travail reprend après demain donc je retiens les mêmes personnes si vous êtes toujours disponible bien sûre,2
🛑🛑🛑🛑🛑🛑🛑🛑🛑🛑🛑🛑🛑🛑🛑🛑 🛑🛑🛑🛑🛑🛑🛑🛑🛑🛑🛑🛑🛑🛑🛑🛑🛑🛑🛑🛑 Besoin de 70 personnes demain au,1
métro kaluzhskaya,1
Sortie 4,1
boulot très facil,1
Chez jhonny c'est sans pression L'argent vient toujours.,1
fini payer,1
2500p,1
09h -18h,1
pas de retard 8h 00 au métro,1
1-  jhonny,1
2- faux bébé,1
3- Nelly,1
4- Landry,1
5-  Herman,1
6- Ibrahim,1
7-  Pogba,1
8-  desiré,1
9- prince,1
10- docta,1
11- job,1
12- dieudonne,1
13-audace,1
14-jean,1
15-felicien,1
16-claver,1
17-benjamin,1
18-belane,1
19- maki,1
20- tchick,1
21-,1
22-,1
23-,1
24-,1
25-,1
26-,1
27-,1
28-,1
29-,1
30-,1
NB : 🛑🛑🛑boulot très très facile,1
Studio Available for Rent,1
"Rent 28,000r",1
"Caution 28,000r",1
"Commission 15,000r",1
Metro Bulvar Dmitry Donskovo,1
Studio disponible pour Loyer,1
"Loyer 28,000r",1
"Caution 28,000r",1
"Commission 15,000r",1
Métro Bulvar Dmitry Donskovo,1
One Bedroom Apartment Available for Rent,1
"Rent 32,000r",1
"Caution 32,000r",1
"Commission 15,000r",1
"Metro, Filatov Lug",1
Apartment de une chambre disponible pour Loyer,1
"Loyer 32,000r",1
"Caution 32,000r",1
"Commission 15,000r",1
Métro Filatov Lug,1
Moscou🇷🇺-Douala🇨🇲 pour le 11juillet 2024,1
23kilo disponible,1
Envoyer vos documents,1
DÉPART CONFIRMÉ à un bon prix 😌,1
Transférez de l'argent rapidement et en toute sécurité.,1
Gagnez du temps et de l'argent avec nos services de transactions.,1
Nous transférons votre argent en toute sécurité et sans tracas.,1
Un service pratique de transfert d'argent - toujours à portée de main!.avec les excellents frais ....,2
Départ prévu le 10 juillet,1
( Dla - Moscou 🇷🇺),1
- 17 kilo disponible,1
- ⁠expédition de vos documents,1
- ⁠nous prenons vos petits colis aussi,1
Ancien en Russie 🇷🇺,1
Départ prévu le 27 juillet,1
(  Moscou 🇷🇺-- doula),1
-10 kilo disponible,1
- ⁠expédition de vos documents,1
Ancien en Russie 🇷🇺,1
‎Suivez ce lien pour intégrer mon Groupe WhatsApp  : https://chat.whatsapp.com/Iu61JQFKwAZFXtHctmarga,1
Studio Available for Rent,1
"Rent 28,000r",1
"Caution 28,000r",1
"Commission 15,000r",1
"Metro, Bulvar Dmitry Donskova",1
Studio disponible pour Loyer,1
"Loyer 28,000r",1
"Caution 28,000r",1
"Commission 15,000r",1
"Métro, Bulvar Dmitry Donskovo",1
🚨🚨🚨🚨🚨🚨🚨🚨🚨🚨🚨🚨🚨🚨🚨🚨🚨,1
✅ 2 places pour filles au métro Nekrasovka,1
1 ier mois cest 10000 r,1
et 8500 r à partir du 2 ieme mois,1
✅ 1 place disponible pour garçon au metro kotelnikie.,1
10000 r le 1 ier mois et 8500 r à partir du 2 ieme mois.,1
Yan travel ✈️,1
Bonjour besoin d’une chambre pour 2 jours à Moscou,1
bonsoir à tous,1
demain besoin de 6 personnes travaille chantier de 10h à  19h00  2800r,1
métro : université,1
sortie : 2 <This message was edited>,1
28000r🤔🤔🤔,1
28000?????,1
2800 excuses,1
"7/7/24, 7:20 PM - +7 996 676-20-71 joined using this group's invite link",1
"7/7/24, 7:20 PM - +375 29 279-05-14 joined using this group's invite link",1
"7/7/24, 7:20 PM - +237 6 73 83 97 72 joined using this group's invite link",1
"7/7/24, 7:21 PM - +234 813 031 1016 joined using this group's invite link",1
"7/7/24, 7:23 PM - +7 977 618-81-52 joined using this group's invite link",1
"7/7/24, 7:24 PM - +237 96328361 joined using this group's invite link",1
Viens inbox,1
2 Bedroom Apartments Available for Rent at Metro Skolkovo,1
"Rent 56,000r",1
"Caution 56,000r",1
"Commission 18,000r",1
Apartment 2 Chambres Disponible à Metro Skolkovo,1
"Loyer 56,000r",1
"Caution 56,000r",1
Commission 18000r,1
Besoin de 6 personnes demain,1
A partir de 9h,1
ул. Рябиновая 32Ас1,1
350 / heure,1
Travail de 4 h,1
"7/7/24, 8:52 PM - +237 6 58 56 80 97 joined using this group's invite link",1
*DESINTOXIQUEZ votre corps de l'intérieur grâce à notre THÉ NATUREL!🍵👌*,1
Chaque jour nous accumulons des toxines et déchets dans notre organisme. Ceci à cause de:,1
- consommation de certains produits céréales tels que:,1
"(Les gâteaux , les pains, le lait en poudre, les beignets, les confiseries );",1
"et aliments : (couscous de maiis, de manioc, de riz, plantains, ignames, patates etc....);",1
"- consommation des stupéfiants ( cigarettes, cocaïne, drogue...)",1
"- consommation des boissons ( vins, bière, whisky, jus...);",1
"- mauvais environnement (air pollué, poussière...);",1
LA SOLUTION est Notre *THÉ NATUREL AU GINGEMBRE THÉRAPEUTIQUE*,1
*#SES_BIENFAITS* :,2
-- lutte contre les maladies cardiovasculaires en maintenant la tension artérielle et le cholestérol au niveau normal ;,1
-- permet à l'organisme de rejeter les déchets métaboliques ;,1
-- ralentit le vieillissement en accélérant le processus de régénération des cellules ;,1
-- aide a surmonter la fatigue ;,1
-- améliore la digestion et apaise l'esprit;,1
-- revigore les reins et la fonction sexuelle ;,1
"-- Élargit les vaisseaux sanguins combattant ainsi l'hypertension, l'obésité et diminue les lipides sanguins;",1
"-stoppe les infections de la gorge : rhume,toux",1
-- absorbe les éléments sucrières contenus dans les aliments que nous consommons.,1
-- lutte contre la fatigue générale et réduit les douleurs musculaires,1
"-- lutte contre la constipation et les troubles digestifs car favorise les selles molles,",1
-- Réduit le taux cholestérol,1
-- Fortifie le système immunitaire,1
-- Élimine les déchets de l'organisme.,1
-- Nettoie le système digestif.,1
-- Empêche les maladies cardiovasculaires,1
COMPOSITION NUTRITIONNELLES DE NOTRE GINGEMBRE THÉRAPEUTIQUE,1
"- Des  trois variétés de gingembre qui existe,nous faisons dans la culture et la transformation de gingembre thérapeutique.  type < ASARUM CANADENSE> et notre poudre de gingembre contient  à la fois feuilles et racines",1
de gingembre.,1
Posologie : de préférence après le repas dans un verre d'eau chaud introduire une cuillère à soupe de notre poudre de gingembre thérapeutique+ une cuillère à café de miel pur.,1
Disponible à Douala Yaoundé Bafoussam dschang nkongsamba bafang et on expédie également.,1
Contacts : 696.32.83.61/696.02.2434,1
♦️♦️♦️♦️♦️Bsr a tous besoin de 10 personnes demain aux metro Домодедовская  sortie 1  a 7h45  heures de travail 9h vs 18h      2600 après le travail ♦️♦️♦️♦️,1
"7/8/24, 5:53 AM - +7 993 927-12-96 joined using this group's invite link",1
🚨🚨🚨🚨,1
Départ disponible chez les *Frères sang*,1
Moscou-Abidjan le 09 juillet,1
Moscou-Abidjan le 16 juillet,1
Abidjan-Moscou le 12 juillet,1
Abidjan-Moscou le 18 juillet,1
Moscou-Bamako le 23 juillet,1
"Viens faire ta propre expérience avec les *FS* en envoyant tes colis , Documents, appareils électroniques, tes produits....en tout ce qui est transportable",1
Plus d'informations +7996 967 49 48,1
Départ prévue le 10 .07. 2023,1
( yde - Dla - Moscou),1
- 15 kilo disponible,1
- ⁠venez remettre vos documents,1
- ⁠venez remettre vos petits colis,1
C’est une Ancienne,1
Départ prévue le 10 .07. 2023,1
( yde - Dla - Moscou),1
- 15 kilo disponible,1
- ⁠venez remettre vos documents,1
- ⁠venez remettre vos petits colis,1
C’est une Ancienne,1
Bonjour,1
J'ai urgemment besoin d'une fille pour le travail de restaurant 10h-22h 2500,1
"7/8/24, 10:50 AM - +237 79953442 changed to +7 996 966-23-76",1
null,1
*Moscou-Douala-yaounde*,1
*23kg disponibles*,1
*Pour demain*,1
"Arbitration around the globe same as in Africa . How to enforce an Arbitration Award, which jurisdiction in Africa has the competence of Competence principle to hearing a dispute resolution case. Read!",1
"Two Bedroom Apartment Available at a walkable distance from Metro, Стахановская",1
"Rent, 55k",1
"Caution, 55k. Can be divided by 2",1
Commission 18k,1
"Appartement de deux chambres disponible à proximité du métro, Стахановская",1
"Loyer, 55k",1
"Caution, 55k. C'est possible de payer en deux tranches.",1
"Commission, 18k",1
place disponible pour garçon,1
Métro bulvar Dmitri donskovo,1
krymskaya 1,1
prix:12000,1
caution: 0,1
agence : 6000,1
✈️🥳Départ imminent,1
✈️ ✈️ Douala 🇨🇲 Yaoundé 🇨🇲 ✈️ Moscou 🇷🇺,1
11.07.2024,1
✅ Encore 10 kilos disponibles,1
✅ Les documents sont attendus,1
✅ Vos petits colis importants.,1
NB: le voyageur c'est un ancien allé en vacance au Cameroun,1
*Vous faciliter la tâche c'est mon credo 🫡*,1
Besoin demain de 05 personnes pour Travail de chantier de 9h00 à 18h00 payé 2500r après boulot au métro lyublino ligne 10.,1
"7/8/24, 10:08 PM - ~ Espe Deplus🥺❤️ added ~ Brenda Coeur ❤️🖇️",1
Bonsoir!,1
Besoin de 20 filles pour un travail de chantier nettoyage très facile,1
fini payer 💰 2700,1
De 9h 00 à 18h 45’,1
Intéressée inbox 📨,1
Les gars sont forts ) je confirme :),1
Besoin de 02 personnes le matin pour travail de chantier de 9h00 à 18h00 payé 2500r après boulot au métro lyublino ligne 10.,1
Besoin de 02 personnes maintenant pour travail dans une école uniquement les hommes de 9h00 à 18h00 payé 2500r après boulot,1
Départ pour le 11 juillet,1
( Yde - Dla - Moscou 🇷🇺,1
- 23 kilo disponible,1
- ⁠documents,1
- ⁠Petit colis,1
Encien en Russie 🇷🇺,1
Besoin de 05 personnes maintenant hommes pour travail de nettoyage chantier de 10 à 18h00 payé 2500r après boulot métro pionerskaya,1
Moscou🇷🇺-Douala🇨🇲 pour le 11juillet 2024,1
23kilo disponible,1
Envoyer vos documents,1
DÉPART CONFIRMÉ à un bon prix 😌,1
Moscou🇷🇺-Douala🇨🇲 pour le 11juillet 2024,1
23kilo disponible,1
Envoyer vos documents,1
DÉPART CONFIRMÉ à un bon prix 😌,1
"7/9/24, 10:49 AM - ~ Offman added ~ жaнни Кристоф Мбида",1
One Bedroom Apartment Available for Rent.,1
"Rent, 30,000r",1
"Caution, 30,000r. Can be divided by 2",1
"Commission 15,000r",1
Appartement de une chambres disponible.,1
"Loyer, 30,000r",1
"Caution, 30,000r. C'est possible de payer en deux tranches.",1
"Commission, 15,000r",1
Bonjour à tous le monde,1
Recherche des personnes intéressés pour jouer dans un film en août payé à 3500 par jour pendant une semaine,1
1. Partisans : 5 Hommes âgés de 35 à 40 ans ;,1
3 hommes âgés de plus de 40 ;,1
2 hommes âgés de  45+.,1
:,1
2 femmes  : 40+ ;,1
8 femmes  20+;,1
⁠1 personne blessée qui a une cicatrice quelconque au visage .,1
Notez bien : soyez à jour,2
Ceux qui sont intéressés peuvent écrire sur *Instagram @wil_iam237* ; ou en direct sur wasap,1
La tâche c'est quoi?,1
La partie où c'est écrit '' maintenant '' tu as vu quand même ? Donc quand tu écris à 13h30 sur une tâche publié à 6h qui devrait débuter à 9h vraiment je ne comprends pas la nécessité,1
🚨🚨🚨🚨,1
Départ disponible chez les *Frères sang*,1
Moscou-Abidjan le 16 juillet,1
Abidjan-Moscou le 12 juillet,1
Abidjan-Moscou le 18 juillet,1
Moscou-Bamako le 23 juillet,1
"Viens faire ta propre expérience avec les *FS* en envoyant tes colis , Documents, appareils électroniques, tes produits....en tout ce qui est transportable",1
Plus d'informations +7996 967 49 48,1
"Deux chambres disponibles 40,000r",1
"Caution 40,000r",1
"Commission 15,000r",1
Besoin de 08 personnes demain pour travail de chantier de 9h00 à 18h00 payé 2500r après boulot au métro  lyublino ligne 10.,1
LES EFFETS APHRODISIAQUES DE NOTRE POUDRE DE GINGEMBRE THÉRAPEUTIQUE CHEZ L'HOMME ?,1
Type de gingembre : Variété asarum canadense,1
- Favorise la transpiration et l'ouverture des pores de la peau,1
- Augmente l'afflux sanguin et met en action les organes génitaux de l'homme.,1
- Entraîne une bonne érection du pénis ( au-revoir les érections moles ),1
- Au-revoir les reprises lentes,1
- Au-revoir la fatigue et l'impuissance sexuelle.,1
CHEZ LA FEMME,1
- Fait ressortir le bout du  clitoris chez certaines femmes ( preuve qu'elle est excité à fond),1
- Au-revoir les multiples sécheresse vaginaux pendant les rapports .,1
-stimule l'envie et augmente le désir de faire les rapports sexuels.,1
Rappels:,1
"le gingembre type asarum canadense est une plante aux multiples vertus qui peut servir d'épices dans nos repas de part son coût épicé, son odeur persistante et aromatiques.",1
- Très bon pour le cœur et au-revoir les maladies cardiovasculaires.,1
"- en consommant comme effet aphrodisiaques, en même temps vous êtes entrain de prévenir et de soigner les infections de la gorges tels que la toux ,le rhume et l'engine .",1
Posologie pour effet aphrodisiaques : Dans un verre d'eau chaud ; introduire 1 cuillère à soupe de notre poudre Gingembre thérapeutique+ 1 cuillère à soupe de miel pur+ 1 citron vert,1
.AN: boire 1h avant l'acte sexuel,1
"Nos produits sont conditionnés en bouteilles de 500G et 250G aux prix respectifs de 2500fr et 1250fr . Disponible à Douala, Yaoundé, Bafoussam et Dschang avec possibilité d'expédier dans d'autres villes.",1
Contacts: 696.32.83.61/ 680.27.82.87,1
BESOIN DE 3 HOMMES POIR UN TRAVAIL DE CHANTIER DEMAIN,1
Станция мцд Крекшино,1
PAIEMENT 3200🅿️,1
9:00-18:00,1
"7/10/24, 1:59 AM - ~ Monsieur La Puissance added ~ The Yanguiste 🏀⛹🏼‍♂️",1
Urgent 🚨 demain besoin de 5 personnes pour un boulot de chantier  payé sur place 2500₽,1
De 9h00à 18:00,1
Метро : теплый стан,1
1-,1
2-,1
3-,1
4-,1
5-,1
Besoin de 02 personnes des hommes pour travailler avec des techniciens russes pour à les aider à faire des montages de 8h00 à 18h00 payé 2700r après boulot.,1
Metro Калужская,1
NB: TRAVAIL COMMENCE À 8H00 BIEN PRECIS,2
FESTIVAL DES GRILLADES EDITION 2 Vidéo original par LePaysMedia : Ambiance africaine en RUSSIE 2024,1
Rien de plus beau que des voir les africains oublier leurs problèmes pendant un moment pour se faire plaisir 😂🇭🇷,2
C’est ce que nous avons vécu du 29 au 30 juin dernier au FESTIVAL DES GRILLADES.,1
Voici donc un bref résumé pour toi qui n’était pas à l’événement.,1
"Un like, un partage et un commentaire ne te feront aucun mal de plus comme c’est gratuit. <This message was edited>",1
Urgent 🚨 maintenant  besoin de 5 personnes pour un boulot de chantier  payé sur place 2500₽,1
Метро : теплый стан,1
1-,1
2-,1
3-,1
4-,1
5-,1
Studio disponible pour aujourd’hui.,1
"Louer, 23,000r",1
Caution ❌❌❌,1
"Commission, 17,000r",1
Metro: Domodedovskaya,1
Studio Available for today,1
"Rent, 23,000r",1
"Caution,❌❌❌",1
"Commission,17,000r",1
Metro: Domodedovskaya,1
Urgent 🚨 demain   besoin de 5 personnes pour un boulot de chantier  payé sur place 2500₽,1
Метро : теплый стан,1
1-,1
2-,1
3-,1
4-,1
5-,1
"7/10/24, 11:40 AM - +237 6 58 56 80 97 changed their phone number to a new number. Tap to message or add the new number.",1
Studio disponible pour aujourd’hui.,1
"Louer, 24,000r",1
"Caution, 5,000r",1
"Commission, 17,000r",1
Metro: Щельковская,1
Studio Available for today,1
"Rent, 24,000r",1
"Caution, 5,000r",1
"Commission,17,000r",1
"Metro, Щельковская",1
Urgent 🚨 demain 9:00-18:00  besoin de 5 personnes pour un boulot de chantier  payé sur place 2500₽,1
Метро : теплый стан,1
1-,1
2-,1
3-,1
4-,1
5-,1
Chaussures mixte Reebok en vente de tres bonne qualité,1
"Pointures disponibles :36,37,38,39,40",1
Livraison au Metro,1
Prix: 1000,1
Tel:+79362754310,1
BESOIN DE 3 HOMMES POUR UN TRAVAIL DE CHANTIER,1
9:00-18:50,1
3000 🅿️,1
MÉTRO Нижегородская,1
Sortie 7,1
Paiement après le travail.,1
Besoin de 04 personnes pour chantier demain au métro lyublino ligne 10 pour compléter un effectif...,1
Travail de chantier de 9h00 à 18h00 payé 2500r après boulot.,1
Bonjour la famille,1
30 kilo dispo ce matin (11 juillet),1
(yde -Moscou),1
Le voyage est presque à vide c’est un Ancien,1
"7/11/24, 8:35 AM - +224 629 40 26 09 changed their phone number to a new number. Tap to message or add the new number.",1
One Bedroom Apartment Available for Rent. At *Butovo*,1
"Rent 35,000r",1
"Caution, 35,000r",1
"Commission, 15,000r",1
Appartement de une chambre disponible. au *Butovo*,1
"Louer 35,000r",1
"Caution, 35,000r",1
"Commission 15,000r",1
🚨🚨🚨✈️✈️✈️✈️✈️,1
Départ disponible chez les *Frères sang*,1
Moscou-Abidjan le 16 juillet,1
Abidjan-Moscou le 18 juillet,1
Moscou-Bamako le 23 juillet,1
"Viens faire ta propre expérience avec les *FS* en envoyant tes colis , Documents, appareils électroniques, tes produits....en tout ce qui est transportable",1
Plus d'informations +7996 967 49 48,1
Document Yaoundé,1
Départ prévue tout à l’heure,1
Venez remettre,1
( Yde - Moscou),1
BESOIN DE 2 PERSONNES POUR UN TRAVAIL DE CHANTIER,1
DISPOSER LES PAQUETS DE CARREAUX PAR ÉTAGES,1
350🅿️/HEURE,1
Ⓜ️Новые Черёмушки,1
Chaussures mixte Reebok en vente de tres bonne qualité,1
"Pointures disponibles :36,37,38,39,40",1
Livraison au Metro,1
Prix: 1000,1
Tel:+79362754310,1
à l'attention de tous ceux qui n'étaient pas au casting du 24 juin !!,1
"Vous êtes attendus le dimanche 14 juillet pour un rendez-vous avec le manager. C'est la dernière réunion. après cela, une liste définitive sera établie. Si vous avez une amie (fille ou garçon entre 20 et 60 ans) vous pouvez venir avec elle. Donnez à d'autres l'opportunité de participer à ce film qui sera très populaire à Cuba. Autre chose, si vous connaissez un Cubain ou un Afro qui a une cicatrice sur le visage, parlez-lui du projet, il pourrait avoir un rôle intéressant dans le film, comme ""le méchant"".",1
Écrivez moi en ib si vous êtes intéressé! Je répondrai dans les 2h maxi qui suivrons,1
🚨ОТКРЫТ НАБОР СОТРУДНИКОВ НА СКЛАД К НАМ В КОМАНДУ🚨,1
🔥БЕЗ ОПЫТА РАБОТЫ🔥,1
🔥Возможна подработка🔥,1
🔥ежедневные выплаты🔥,1
"Обязанности: Работа с посылками , сканирование, сортировка (ТСД)",1
"📍г. Краснодар, хутор Октябрьский",1
🚌 развоз за счет компании,1
💰 от 3500 руб/смена,1
⏱ ночные смены с 20:00-8:00/ дневные с 8:00-20:00,1
🌐 Гибкий график работы на выбор,1
💸 Оплачиваемое обучение,1
☎️ Номер для связи:,1
+79774456397,1
Paiement quotidien?,1
Oui,1
♦️♦️♦️♦️ bonsoir a tous besoin de 15 personnes demain pour un travail de chantier ( homme) 2600 après le travail aux métro Домодедовская  sortie ( 1) a 7h50 ne pas être en retart le travail c'est de 9h a 17h50 ♦️♦️♦️♦️ m'écrire Ib merci,2
Bonsoir qui part à d’la?,1
Besoin de 03 personnes demain pour travail dans une école uniquement les hommes de 9h00 à 18h00 payé 2500r après boulot.,1
Besoin de 01 personne ce matin pour travail dans une école uniquement les hommes de 9h00 à 18h00 payé 2500r après boulot.,1
"One Bedroom Apartment Available at Metro, Kotelniki.",1
"Rent: 30,000r",1
"Caution: 30,000r can be Paid twice.",1
"Commission: 15,000r",1
"Appartement d'une chambre disponible disponible au Métro, Kotelniki",1
"Louer: 30,000r",1
"Caution: 30,000r C'est possible de payer en deux tranches.",1
"Commission: 15,000r",1
🚨🚨🚨✈️✈️✈️✈️✈️,1
Départ disponible chez les *Frères sang*,1
Moscou-Abidjan le 16 juillet,1
Abidjan-Moscou le 18 juillet,1
Moscou-Bamako le 23 juillet,1
"Viens faire ta propre expérience avec les *FS* en envoyant tes colis , Documents, appareils électroniques, tes produits....en tout ce qui est transportable",1
Plus d'informations +7996 967 49 48,1
Merci,2
null,1
♦️♦️♦️♦️ bonsoir a tous besoin de 15 personnes demain pour un travail de chantier ( homme) 2600 après le travail aux métro Домодедовская  sortie ( 1) a 7h50 ne pas être en retart le travail c'est de 9h a 17h50 ♦️♦️♦️♦️ m'écrire Ib merci,2
One Bedroom Apartment Available at Metro Tyopliy Stan,1
"Rent: 35,000r",1
"Deposit: 35,000r can be paid twice.",1
"Commission: 15,000r",1
"7/13/24, 9:02 AM - Ali Guinéen changed their phone number to a new number. Tap to message or add the new number.",1
Départ le 15 juillet,1
( Dla - Moscou),1
Si vous avez les documents venez remettre aujourd’hui,1
Doyen à Moscou,1
Bonsoir à tous!,1
besoin de 30 filles demain au métro park pobedy ligne 3 sortie 6 à 8:00,1
Travail de chantier nettoyage,1
Intéressés inbox 📨,1
Chaussures mixte Reebok en vente de tres bonne qualité,1
"Pointures disponibles :36,37,38,39,40",1
Livraison au Metro,1
Prix: 1000,1
Tel:+79362754310,1
Bonsoir à tous!,1
besoin de 30 filles demain au métro park pobedy ligne 3 sortie 6 à 8:00,1
Travail de chantier nettoyage,1
Intéressés inbox,1
Bonsoir à tous!,1
besoin de 30 filles demain au métro park pobedy ligne 3 sortie 6 à 8:00,1
Travail de chantier nettoyage,1
Intéressés inbox 📨,1
*Découvrez les différents livres au programme pour l'année scolaire 2024/ 2025 avec les différents prix et passez vos commandes*,1
Passez aussi la commande de tout autre fourniture scolaire,1
Bonsoir à tous!,1
besoin de 20 garçons demain au métro park pobedy ligne 3 sortie 6 à 8:00,1
Travail de chantier nettoyage,1
Intéressés inbox,1
Urgence 🚨,1
Bonsoir à tous j’espère que vous allez bien .,2
Si vous êtes dans la ville de  joukovski. Bien vouloir me contacter,2
+7952025327451,1
Claude le russe,1
Départ prévue pour demain le 15 juillet,1
( Dla - Moscou),1
- expédition des Documents,1
Ancien en Russie 🇷🇺,1
A very bid One Bedroom Apartment Available.,1
35k per month rent + 35k deposit +15k,1
‎Suivez ce lien pour intégrer mon Groupe WhatsApp  : https://chat.whatsapp.com/Iu61JQFKwAZFXtHctmarga,1
"Studio disponible au Metro, Domodedovskaya",1
Louer 28k,1
Caution 28k,1
Commission 15k,1
🇨🇲🇸🇳🇨🇩🇿🇦🇬🇳🇲🇱🇨🇲🇬🇦🇩🇿🇬🇭🇬🇼🇪,1
Renouvellement de visa : que faut t-il faire????,1
*Consultation gratuite*,1
+79520253274,1
*Claude le russe*,1
"Besoin de quelqu'un maintenant jusqu'à 23h 270/h travail de restaurant à Chistye Prudy sortie 1, n'écrivez pas si vous êtes loin, merci",2
Urgence 🚨,1
Bonsoir à tous j’espère que vous allez bien .,2
Si vous êtes dans la ville de  joukovski. Bien vouloir me contacter,2
+79520253274,1
Claude le russe,1
Chaussures mixte Reebok en vente de tres bonne qualité,1
"Pointures disponibles :36,37,38,39",1
Livraison au Metro,1
Prix: 1000,1
Tel:+79362754310,1
Urgent 🚨 maintenant besoin de 5 personnes pour un boulot de chantier  payé sur place 1800,1
Метро : пыхтино,1
1-,1
2-,1
3-,1
4-,1
5-,1
Besoin de 06 personnes pour compléter effectif demain au métro lyublino ligne 10 pour travail de chantier de 9h00 à 17h50 payé 2500r après boulot.,1
Besoin de deux personnes maintenant au métro tushinskaya sortie numéro 1 le payement est de 2700 après le travail en main,1
1.alvine,1
2.,1
N.b: venez avec vos passeports en main svp pour l'entré au chantier merci <This message was edited>,2
Roma,1
"Apartment /Studio Available for Rent at Metro, Tyopliy Stan",1
"Rent, 35000r",1
"Deposit, 35000r. Can be paid twice.",1
"Commission, 16000r",1
🚨🚨🚨✈️✈️✈️✈️✈️,1
Départ disponible chez les *Frères sang*,1
Moscou-Abidjan le 16 juillet,1
Abidjan-Moscou le 18 juillet,1
Moscou-Bamako le 23 juillet,1
"Viens faire ta propre expérience avec les *FS* en envoyant tes colis , Documents, appareils électroniques, tes produits....en tout ce qui est transportable",1
Plus d'informations +7996 967 49 48,1
Urgence 🚨,1
Bonsoir à tous j’espère que vous allez bien .,2
Si vous êtes dans la ville de  joukovski. Bien vouloir me contacter,2
+79520253274,1
Claude le russe,1
Besoin de 6 personnes demain,1
Chargement et dechargement,1
10h _ 19h,1
2800 rouble,1
Metro luzniki sortie 1,1
Bookings flys✈️🛫🔐,1
Bonjour à tous!,1
Besoin de 10 filles c matin au Métro park pobedi ligne 3 sortie 6 à 8:00,1
Intéressé inbox 📥,1
Besoin de 6 personnes demain,1
Chargement et dechargement,1
10h _ 19h,1
2800 rouble,1
Metro luzniki sortie 1,1
Besoin de 6 personnes demain,1
Chargement et dechargement,1
10h _ 19h,1
2800 rouble,1
Metro luzniki sortie 1,1
null,1
"*Besoin de deux personnes pour un travail de 3000 roubles maintenant, métro filyovskiy park*",1
Bonjour le nouvel arivage de chaussures a seulement 1000₽,1
Reebok size:36;37;38;39,1
Le Coq sportif size : 41;42;43;44;45;46 couleur disponibles Blanc et  noire,1
Tel : +79362754310,1
Bookings flys✈️🛫🔐,1
🛑🛑🛑🛑Besoin d'une chambre urgemment au métro Bulva Dimitriya Donskogo ligne 9 . vous pouvez me IB en cas d'offre. Merci,2
"3 space available for girls in an Apartment, Price: 10,000r",1
"1 space Available for a guy, price: 10,000r",1
"Metro, Kotelniki",1
"3 places disponibles pour les filles dans un appartement, Prix : 10,000r",1
"1 place disponible pour un homme, prix : 10,000r",1
"Métro, Kotelniki",1
Seulement pour les filles????,1
Fait moi signe en iB quand vous avez un appartement pour trois hommes merci,2
LES FEUILLES DE GINGEMBRE THÉRAPEUTIQUE ET LEURS RACINES CONSTITUENT UN EXCELLENT REMÈDE NATUREL POUR RÉDUIRE SON TAUX DE GLYCÉMIE ET OPTIMISER SES PERFORMANCES SEXUELLES,2
Prix : 2500fr la bouteille de 500G,1
OÙ : à Douala Yaoundé Bafoussam dschang Nkongsamba bafang et on expédie également.,1
Posologie : de préférence après le repas et au moins 2 fois par jour dans un verre d'eau  chaud  introduire une cuillère à soupe de notre poudre de gingembre thérapeutique+ une cuillère à café de miel pur.,1
COMMENT AGIT LE PRODUIT UNE FOIS DANS L'ORGANISME ?,1
Notre poudre de gingembre thérapeutique une fois dans l'organisme se charge d'absorber et de réduire l'excédent du taux de sucre sanguin supérieur ou égal à 1.26g/litre qui représente le début du seuil critique d'un début de diabète . Le produit purifie et nettoie le sang tout en facilitant une bonne circulation sanguine rapide favorable à une Bonne  performance et  endurance sexuelle.,1
DURÉE DE TRAITEMENT,1
La durée de ton  traitement dépend de ton  taux de glycémie et ta capacité à respecter ma posologie.,1
COMPOSITION ET NATURE DU  PRODUIT: feuilles et racines de gingembre en poudre.,1
TYPE DE PLANTE:,1
gingembre asarum canadance.,1
"DISCIPLINE DE VIE PENDANT TON TRAITEMENT : réduire au maximum la consommation des aliments et boissons trop gras, trop sucré et trop salé",1
Contact : 696.32.83.61/680.27.82.87.,1
"Besoin maintenant d'une fille proche du métro царицыно pour travail de repassage, rangement du linge etc... Dans un hôtel de 10h00 à 18h00 payé 2500r après boulot",1
*Est-ce possible de faire un transfert d’ici vers la France 🇫🇷*,1
🚨une chambre disponible à partir du 25 juillet pour une seule personnes 22000,1
метро Некрасовка,1
8 минут пешком от метро,1
"Это 2-комнатная квартира, в ней будут проживать только три человека.",1
🚨🚨,1
"Salut à tous,",1
"Départ le 27 juillet, arrivée le 28 juillet.",1
Moscou (DME)——> Yaounde (NSI),1
23kg * 2 disponibles,1
NB: Paiement lors du dépôt du colis. Plus d'informations ib.😊,1
"Bsr la famille,besoin urgent de deux appartments de deux deux chambres chacun dans Moscow.",1
Pour une bne duree,1
Travail de chantier pour demain matin.,1
"au métro, Bulvar Dmitry Donskovo. Sortie 7",1
heure de rencontre ou métro 8:15h.,1
Paiement après de travail 2700r.,1
heure de travail 9 à 18h,1
🚨🚨,1
"Salut à tous,",1
"Départ le 27 juillet, arrivée le 28 juillet.",1
Moscou (DME)——> Yaounde (NSI),1
23kg * 2 disponibles,1
NB: Paiement lors du dépôt du colis. Plus d'informations ib.😊,1
Transférez de l'argent rapidement et en toute sécurité.,1
Gagnez du temps et de l'argent avec nos services de transactions.,1
Nous transférons votre argent en toute sécurité et sans tracas.,1
Un service pratique de transfert d'argent - toujours à portée de main!.avec les excellents frais ....,2
null,1
"Besoin de 04 personnes hommes le matin pour travail de déplacement du matériel dans une école, de 9h00 à 18h00 payé 2500r après boulot.",1
Transférez de l'argent rapidement et en toute sécurité.,1
Gagnez du temps et de l'argent avec nos services de transactions.,1
Nous transférons votre argent en toute sécurité et sans tracas.,1
Un service pratique de transfert d'argent - toujours à portée de main!.avec les excellents frais ....,2
🚨🚨🚨 Permanent restaurant job is available for a lady. Time 08:00-18:30. Payment 2600 rub. Contact  +79687107286,1
.,1
Bonjour le nouvel arivage de chaussures a seulement 1000₽,1
Reebok size:36;37;38;39,1
Le Coq sportif size : 42;44;45;46 couleur disponibles Blanc et  noire,1
Tel : +79362754310,1
"🚨🚨🚨🚨 aujourd’hui en Russie , les gens ne dirons plus : je ne savais pas . Telle est notre projet . New post 🆕✉️ : bonne nouvelle capitale maternel",1
👍vas t’informer gratuitement si tu ne savais pas,1
Transférez de l'argent rapidement et en toute sécurité.,1
Gagnez du temps et de l'argent avec nos services de transactions.,1
Nous transférons votre argent en toute sécurité et sans tracas.,1
Un service pratique de transfert d'argent - toujours à portée de main!.avec les excellents frais ....,2
Bonjour besoin des Gas pour travail avec une companies de vente de materiaux de construction .,1
Travail a faire changer et decharge le materiaux dans la voiture,1
Travail permanent de 2 heures a plus par jour  ça depend dépend du colie a décharger,1
🛑🛑🛑 urgent besoin  de 5 personnes demain pour un travail de chantier a cette adresse ФКП Щелковский биокомбинат,1
"1А, посёлок Биокомбината métro Щëлковкая sortie 4.  2800 après le boulot.",1
Rassemblement à la sortie 4 demain à 8h pour qu'on se rendent directement au chantier.,1
Besoin de 04 personnes HOMME demain pour travail de chantier de 10h00 à 18h00 payé 2500r après boulot au métro Prospekt mira.,1
Besoin de deux appartements de deux deux chambres chacuns dans Moscow,1
Transférez de l'argent rapidement et en toute sécurité.,1
Gagnez du temps et de l'argent avec nos services de transactions.,1
Nous transférons votre argent en toute sécurité et sans tracas.,1
Un service pratique de transfert d'argent - toujours à portée de main!.avec les excellents frais ....,2
bonjour j'envoie mon iPad 9ème génération 64GB empreinte digitale tout bon et ipencil disponible avec la réception de l'iPad,1
je vends aussi mon ordinateur portable 12GB ram et 500GB stockage l'ordinateur portable est de 5ème génération pour plus de détails écrivez-moi en privé merci 🙏.,2
Besoin maintenant de 02 personnes hommes proches du métro Prospekt mira qui comprennent un peu la langue pour travail de chantier de 10h00 à 18h00 payé 2500r après boulot.,1
LES FEUILLES DE GINGEMBRE THÉRAPEUTIQUE ET LEURS RACINES CONSTITUENT UN EXCELLENT REMÈDE NATUREL POUR RÉDUIRE SON TAUX DE GLYCÉMIE ET OPTIMISER SES PERFORMANCES SEXUELLES,2
Prix : 2500fr la bouteille de 500G,1
OÙ : à Douala Yaoundé Bafoussam dschang Nkongsamba bafang et on expédie également.,1
Posologie : de préférence après le repas et au moins 2 fois par jour dans un verre d'eau  chaud  introduire une cuillère à soupe de notre poudre de gingembre thérapeutique+ une cuillère à café de miel pur.,1
COMMENT AGIT LE PRODUIT UNE FOIS DANS L'ORGANISME ?,1
Notre poudre de gingembre thérapeutique une fois dans l'organisme se charge d'absorber et de réduire l'excédent du taux de sucre sanguin supérieur ou égal à 1.26g/litre qui représente le début du seuil critique d'un début de diabète . Le produit purifie et nettoie le sang tout en facilitant une bonne circulation sanguine rapide favorable à une Bonne  performance et  endurance sexuelle.,1
DURÉE DE TRAITEMENT,1
La durée de ton  traitement dépend de ton  taux de glycémie et ta capacité à respecter ma posologie.,1
COMPOSITION ET NATURE DU  PRODUIT: feuilles et racines de gingembre en poudre.,1
TYPE DE PLANTE:,1
gingembre asarum canadance.,1
"DISCIPLINE DE VIE PENDANT TON TRAITEMENT : réduire au maximum la consommation des aliments et boissons trop gras, trop sucré et trop salé",1
Contact : 696.32.83.61/680.27.82.87.,1
🚨🚨,1
"Salut à tous,",1
"Départ le 27 juillet, arrivée le 28 juillet.",1
Moscou (DME)——> Yaounde (NSI),1
23kg * 2 disponibles,1
NB: Paiement lors du dépôt du colis. Plus d'informations ib.😊,1
"7/19/24, 1:47 PM - +974 7059 0712 changed their phone number to a new number. Tap to message or add the new number.",1
Bookings flys✈️🛫🔐,1
Bonjour le nouvel arivage de chaussures a seulement 1000₽,1
Reebok size:36;37;38;39,1
Le Coq sportif size : 44;45;46 couleur disponibles Blanc et  noire,1
Tel : +79362754310,1
"Space Available for one guy at Metro, Kotelniki. 15 minutes in the bus.",1
"Price 10,000r",1
🚨🚨🚨🚨🚨🚨🚨🚨🚨🚨🚨🚨🚨🚨🚨🚨🚨🚨🚨🚨🚨🚨🚨🚨,1
✅ 1 place pour garçon au metro Nekrasovka.Deux garçons ds la chambre.,1
Prix : 12500 r,1
Commission 2500 r,1
Caution remboursable 5000 r,1
✅ 1 place pour fille metro Nekrasovka.,1
Prix : 8500 rouble,1
Commission 2500 r,1
✅ Une place pour garçon au metro domodedovskaya,1
Prix 9000 r la place,1
Commission 2500 r,1
Yan ✈️,1
Ma position dans l’Art est celle d'un homme responsable,1
Mes frères savent que j'viens d'un passé instable,1
J'ai survécu parmi les lions Indomptables qui lâchent tôt le cartable,1
"Et ce, qu'ils soient noirs, arabes ou tous-bab",1
Pendant que nos gouverneurs font passer des dessous de tables,1
En costard par millions dans des mallettes portables,1
Mes frères s'assassinent même pour un portable,1
Accusent une situation qu'ils désignent inconfortable,1
"Pourtant, on n'est pas dans la Bande de Gaza",1
Et les Français nous enferment pas dans des chambres à gaz,1
"Mes frères sont tués, espérants devenir riches ou célèbres",1
Mais n'augmentent que le chiffre d'affaires des pompes funèbres,1
👷🏾‍♂️🚧🦺🦺 Besoins de *20 personnes demain au métro *щёлковская* sortie 4,1
*Travail chantier*🏗️,1
De *09:00 à 18:00*,1
Paiement: *2800₽* juste après le boulot,1
Soyez à 8h au métro. Et n'ecrivez que si vous êtes sur de venir à *8h* au métro.,1
🛑🛑🛑🛑🛑🛑🛑🛑🛑🛑🛑🛑🛑🛑🛑🛑 🛑🛑🛑🛑🛑🛑🛑🛑🛑🛑🛑🛑🛑🛑🛑🛑🛑🛑🛑🛑 Besoin de 70 personnes demain au,1
métro kaluzhskaya,1
Sortie 4,1
boulot très facil,1
Chez jhonny c'est sans pression L'argent vient toujours.,1
fini payer,1
2500p,1
09h -18h,1
pas de retard 8h 00 au métro,1
1-  jhonny,1
2- désire,1
3- Nelly,1
4- Landry,1
5-  Herman,1
6- Ibrahim,1
7-  Pogba,1
8-  basil,1
9-Emanuel,1
10-Victor,1
11-Fred,1
12- clinton,1
13- eric,1
14-,1
15-,1
16-,1
17-,1
18-,1
19-,1
20-,1
21-,1
22-,1
23-,1
24-,1
25-,1
26-,1
27-,1
28-,1
NB : 🛑🛑🛑boulot très très facil les gars.,1
Transférez de l'argent rapidement et en toute sécurité.,1
Gagnez du temps et de l'argent avec nos services de transactions.,1
Nous transférons votre argent en toute sécurité et sans tracas.,1
Un service pratique de transfert d'argent - toujours à portée de main!.avec les excellents frais ....,2
place disponible pour un garçon dans une chambre de 2 personnes,1
"Prix, 10000r",1
"Métro, Kotelniki",1
⛔ *MÊME LE QUARTIER PEUT TÉMOIGNER !!!* 🏡,1
"MEILLEUR TAUX D’ÉCHANGES DE DEVISE ET DE CRYPTO (USDT , BTC…) DE TOUT L’Europe DE L’EST",1
*Envoyez* de l'argent 💸  ou Vos Crypto de la *Russie 🇷🇺* vers la *zone CEMAC 🇨🇲🇬🇶🇬🇦🇨🇬🇹🇩🇨🇫* à *la vitesse du son 🎶 et en toute confidentialité👥 en un seul message📲* 🚀💼.,1
💻 *Sites web*: https://7g-services.com/ 🌐,1
📲 *Contact*: https://wa.me/message/RXYGHGVG7NFSJ1 ☎️,1
"💛 *Pour vos transactions sans commission, utilisez Tinkof💛, lien pour commander vos cartes Tinkof💛, livraison gratuite à domicile* ✉️🏠 :",1
🚨🚨✈️✈️,1
Départ disponible chez les *Frères sang*,1
Les dates récentes sont maintenant connues.,1
Moscou🇷🇺-Abidjan 🇨🇮le 23 juillet,1
Abidjan🇨🇮-Moscou🇷🇺 le 26 juillet,1
Abidjan🇨🇮-Moscou🇷🇺 le 05 août,1
Moscou🇷🇺-Bamako🇲🇱 le 23 juillet,1
"Viens faire ta propre expérience avec les *FS* en envoyant tes colis , Documents, appareils électroniques, tes produits....en tout ce qui est transportable",1
Plus d'informations +7996 967 49 48,1
🚨🚨,1
"Salut à tous,",1
"Départ le 27 juillet, arrivée le 28 juillet.",1
Moscou (DME)——> Yaounde (NSI),1
23kg * 2 disponibles,1
NB: Paiement lors du dépôt du colis. Plus d'informations ib.😊,1
🔥🔥🔥 L'armée Russe recrute du personnel militaire contractuel dans toutes les régions de Russie !,1
❗️Première armée blindée de la région de Moscou❗️,1
Paiement 1 700 000 roubles,1
❗️Régiment nominal de la région de Moscou❗️,1
Paiement 1 000 000 de roubles,1
"▪️Fourniture complète, nourriture, hébergement, inscription 1-2 jours.",1
▪️Voyage GRATUIT depuis n'importe quelle ville !,1
▪️Contrat avec le ministère de la Défense de la Fédération de Russie,1
Conditions:,1
📍 Allocation mensuelle à partir de 204 000 roubles,1
📍Avantages,1
📍 Crédit vacances,1
📍 Suspension des procédures d'exécution sur obligations en souffrance (sauf pension alimentaire),1
📍Le meilleur équipement disponible aujourd'hui,1
Exigences:,1
✔️Hommes de moins de 60 ans,1
✔️ L'expérience de service n'a pas d'importance,1
"❗️Distribution par VUS, expérience de service",1
"❗️Nous considérons également celles qui ont une « attitude » (femmes médecins, notamment)",1
+7 (918) 538-00-66,1
"aussi Telegram, WhatsApp",1
Bonjour le nouvel arivage de chaussures a seulement 1000₽,1
Reebok size:36;37;38;39,1
Le Coq sportif size : 44;45;46 couleur disponibles Blanc et  noire,1
Tel : +79362754310,1
🚨🚨✈️✈️,1
Départ disponible chez les *Frères sang*,1
Les dates récentes sont maintenant connues.,1
Moscou🇷🇺-Abidjan 🇨🇮le 23 juillet,1
Abidjan🇨🇮-Moscou🇷🇺 le 26 juillet,1
Abidjan🇨🇮-Moscou🇷🇺 le 05 août,1
Moscou🇷🇺-Bamako🇲🇱 le 23 juillet,1
"Viens faire ta propre expérience avec les *FS* en envoyant tes colis , Documents, appareils électroniques, tes produits....en tout ce qui est transportable",1
Plus d'informations +7996 967 49 48,1
"One Room Available in an Apartment, at metro, Novokosino.",1
Price 25k,1
Commission 12k,1
Studio Available for Rent.,1
"Rent, 32,000r",1
"Caution, 32,000r",1
"Commission 15,000r",1
.,1
Besoin de 15 personnes (hommes) demain pour un boulot très facile.,1
Paiement 2700 après le travail,1
Métro: Park pobedy sortie 1,1
Le travail c’est de 9h00 à 18h00,1
Regroupement au métro à 8h00,1
Intéressé contacter: +7 991 276-04-54,1
_*CANADA 🇨🇦 LA LOTERIE DES VISAS 2024 EST OUVERTE POUR LES DEMANDES EN LIGNE*_,1
Le gouvernement canadien a augmenté de 500 � 20le nombre de VISA délivrés aux personnes par le biais de la loterie des visas en 2024,1
*Les candidats doivent respecter strictement les règles de candidature*,1
_-Aucun antécédent criminel_. *Les candidats doivent respecter strictement les règles de candidature*,1
_-Pas d'antécédents criminels_.,1
_-Doivent avoir au moins un diplôme d'études secondaires_,1
_-Une photo d'identité numérique claire_,1
_-100� 20Gratuit_,1
Trappez-vous cette chance de faire une demande et d'émigrer légalement au Canada,1
*Cliquez* *ci-dessous* *et* *demandez* *ici*,1
Besoin maintenant de 02 personnes proches du métro lyublino ligne 10 pour travail de chantier de 9h00 à 18h00 payé 2500r après boulot.,1
Transférez de l'argent rapidement et en toute sécurité.,1
Gagnez du temps et de l'argent avec nos services de transactions.,1
Nous transférons votre argent en toute sécurité et sans tracas.,1
Un service pratique de transfert d'argent - toujours à portée de main!.avec les excellents frais ....,2
Bonjour à tous urgemment besoin d'une fille tout prêt du métro Delovoy Tsentr ligne jaune 8A (Moscou city )pour le travail de restaurant 10h-22h 2500 après le boulot,1
Vous êtes de sorcier vous 2500 pour une fille surtout de 10 a 22h bled,1
🚨🚨✈️✈️,1
Départ disponible chez les *Frères sang*,1
Les dates récentes sont maintenant connues.,1
Moscou🇷🇺-Abidjan 🇨🇮le 23 juillet,1
Abidjan🇨🇮-Moscou🇷🇺 le 26 juillet,1
Abidjan🇨🇮-Moscou🇷🇺 le 05 août,1
Moscou🇷🇺-Bamako🇲🇱 le 23 juillet,1
"Viens faire ta propre expérience avec les *FS* en envoyant tes colis , Documents, appareils électroniques, tes produits....en tout ce qui est transportable",1
Plus d'informations +7996 967 49 48,1
🚨🚨,1
"Salut à tous,",1
"Départ le 27 juillet, arrivée le 28 juillet.",1
Moscou (DME)——> Yaounde (NSI),1
23kg * 2 disponibles,1
NB: Paiement lors du dépôt du colis. Plus d'informations ib.😊,1
"*Besoin de 4 filles pour un travail dans une imprimerie des journaux, le travail consiste juste à placer les journaux dans les palettes*.",1
*Paiement 250r/heure*,1
*Heure: 7h00-19h00*,1
Bonjour le nouvel arivage de chaussures a seulement 1000₽,1
Reebok size:36;37;38;39,1
Reebok 42;43;44;45;46,1
Nike 41;42;43;44;45,1
Le Coq sportif size : 42;44;45;46 couleur disponibles Blanc et  noire,1
Tel : +79362754310,1
👷🏾‍♂️🚧🦺🦺 Besoins de *20 personnes demain au métro *щёлковская* sortie 4,1
*Travail chantier*🏗️,1
De *08:00 à 17:30*,1
Paiement: *2800₽* juste après le boulot,1
Soyez à 7h15 au métro. Et n'ecrivez que si vous êtes sur de venir à *7h15* au métro.,1
"Pi est une nouvelle cryptomonnaie développée par des docteurs en Science Informatique de Stanford, avec plus de 55 millions de membres à travers le monde. Pour réclamer vos Pi, suivez ce lien https://minepi.com/unikdesigner et utilisez mon pseudo (unikdesigner) comme code d'invitation.",1
"7/22/24, 8:48 PM - +7 908 162-67-42 joined using this group's invite link",1
"7/22/24, 8:49 PM - +237 96095950 joined using this group's invite link",1
"7/22/24, 8:49 PM - +237 6 70 47 92 56 joined using this group's invite link",1
"7/22/24, 8:55 PM - +7 991 648-62-12 joined using this group's invite link",1
"7/22/24, 9:04 PM - +7 999 884-80-19 joined using this group's invite link",1
"7/22/24, 9:08 PM - +226 05 93 10 21 joined using this group's invite link",1
🛑🛑🛑🛑🛑🛑🛑🛑🛑🛑🛑🛑🛑🛑🛑🛑 🛑🛑🛑🛑🛑🛑🛑🛑🛑🛑🛑🛑🛑🛑🛑🛑🛑🛑🛑🛑 Besoin de 70 personnes demain au,1
métro kaluzhskaya,1
Sortie 4,1
boulot très facil,1
Chez jhonny c'est sans pression L'argent vient toujours.,1
fini payer,1
2500p,1
09h -18h,1
pas de retard 8h 00 au métro,1
1-  jhonny,1
2- faux bébé,1
3- Nelly,1
4- Landry,1
5-  Herman,1
6- Ibrahim,1
7-  Pogba,1
8-  basil,1
9-Emanuel,1
10-Victor,1
11-Fred,1
12- clinton,1
13- eric,1
14- Vincent,1
15- Fabrice,1
16- bodrick,1
17-  camango,1
18-  lourd,1
19-  Divine,1
20- Immanuel,1
21-,1
22-,1
23-,1
24-,1
25-,1
26-,1
27-,1
28-,1
NB : 🛑🛑🛑boulot très très facil les gars.,1
"Une chose amusante s'est produite aujourd'hui. Mon ami a arrêté un brigadier qui lui devait un travail qu'il avait effectué il y a un mois. Le brigadier ignorait ses messages et ses appels et aujourd'hui il a menti en disant que le patron n'avait toujours pas payé. Ensuite, mon ami lui a montré la preuve qu'il payait certaines personnes avec qui il travaillait, le brigadier niait toujours. Puis mon ami a sorti son téléphone pour appeler la police. Après tout, le même brigadier a emprunté de l'argent à quelqu'un et l'a payé. 😅",1
"Si nous ne pouvons pas raisonner en tant qu’êtres humains à moins que la peur de la police ne nous incite à agir correctement, alors nous sommes des animaux. Je disais que tout brigadier qui me doit, chaque fois que je te vois, c'est soit nous deux  retourne en Afrique ou tu me paies mon argent immédiatement. Si vous prétendez avoir des documents, vous expliquerez à la police que vous êtes venu ici pour embaucher des personnes. Je m'en assurerai.",1
Moscou est trop grande et pourtant si petite !!,1
Place disponible pour 2 gars no loin du metro,1
👷🏾‍♂️🚧🦺🦺 Besoins de *20 personnes demain au métro *щёлковская* sortie 4,1
*Travail chantier*🏗️,1
De *08:00 à 17:30*,1
Paiement: *2800₽* juste après le boulot,1
Soyez à 7h15 au métro. Et n'ecrivez que si vous êtes sur de venir à *7h15* au métro.,1
Transférez de l'argent rapidement et en toute sécurité.,1
Gagnez du temps et de l'argent avec nos services de transactions.,1
Nous transférons votre argent en toute sécurité et sans tracas.,1
Un service pratique de transfert d'argent - toujours à portée de main!.avec les excellents frais ....,2
"7/22/24, 10:35 PM - cedric@ joined using this group's invite link",1
J'voulais que tout soit clair,1
Avant que le couvercle ne se referme,1
"J'ai essayé d'être juste, peu importe s'ils me croient",1
"J'ai essuyé des insultes, et mes yeux quelques fois",1
"Quelqu'en soit le prix à payer, je paierai",1
"Je préfère 1000 fois crever debout que vivre à genoux, c'est vrai",1
"J'ai dû ravaler ma fierté, tenté par des vieux démons",1
En faisant semblant de sourire pour ressembler à tout le monde,1
J'ai même mis de coté la honte,1
"Pris sur moi souvent afin de mettre des mots sur mes dégoûts, mes tourments",1
"Mis à poil en parlant de moi un peu, il fallait qu'ils le sachent",1
"Eux qui se cachent derrière le masque, mon côté face ténébreux",1
Un côté sage qui semble n'être une mascarade fragile,1
"Parce que, comme LIZA , j'ai la colère facile",1
"Je suis pire que ce qu'ils imaginent, parfois la violence me fascine",1
"Bipolaire, mon profil, mon passé rend mon présent d'argile",1
"J'espérais faire Le cinéma , un moyen de nous libérer",1
Que ma lutte soit autre chose qu'une défaite anticipée,1
"Anti-injustice, j'ai essayé de résister",1
"J'ai eu beau semer de la paix, je n'ai récolté que des procès",1
"Donner tout ce que j'pouvais:, de la sueur, du sang et des larmes",1
"J'y ai laissé des années, des amis isolés, désarmés",1
"Pour finalement quoi, la richesse, la gloire, non, même pas",1
"Parfois chez moi c'est difficile, les 30 derniers jours du mois",1
J'ai tout fait pour ne pas déclarer forfait,1
"Le faible a cette facilité, à critiquer ce que le fort fait",1
"Échouer ou réussir, mais au moins tenter sa chance",1
"Moi je dis que plus le combat est grand, plus la victoire est immense",1
"Attention,!!!",1
N.B,1
Si vous embauchez un membre de AFRICA 🌍 NATION assurez-vous qu'il soit payé après le travail faute de quoi vous serez poursuivis,0
Le fondateur,1
"J'attendrai pas le parquet, je le ferai moi-même à celui qui me doit",1
"*Besoin de 2 filles maintenant pour un travail dans une imprimerie des journaux, le travail consiste juste à placer les journaux dans les palettes*.",1
*Paiement 250r/heure*,1
*Heure: 8h00-20h00*,1
"7/23/24, 6:20 AM - +7 977 706-36-09 joined using this group's invite link",1
Bonjour le nouvel arivage de chaussures a seulement 1000₽,1
Reebok size:36;37;38;39,1
Reebok 42;43;44;45;46,1
Nike 41;42;43;44;45,1
Le Coq sportif size : 42;44;45;46 couleur disponibles Blanc et  noire,1
Tel : +79362754310,1
+4917655089946,1
Les amis,1
besoin de 6 personnes,1
14h _19h,1
300 par heure,1
Парк Покровский берег,1
Payer 15mn apres le travail✅,1
Bookings flys✈️🛫🔐,1
🚨🚨🚨🚨,1
Départ confirmé le,1
29 . 07 .2024,1
( Dla ———-> Moscou 🇷🇺,1
Documents et kilo venez remettre,1
🚨🚨✈️✈️,1
Départ disponible chez les *Frères sang*,1
Les dates récentes sont maintenant connues.,1
Abidjan🇨🇮-Moscou🇷🇺 le 26 juillet,1
Abidjan🇨🇮-Moscou🇷🇺 le 05 Août,1
"Viens faire ta propre expérience avec les *FS* en envoyant tes colis , Documents, appareils électroniques, tes produits....en tout ce qui est transportable",1
Plus d'informations +7996 967 49 48,1
🚨🚨✈️✈️,1
Départ  le samedi 27 juillet 2024,1
Départ. Ryazan Moscou 🇷🇺,1
Arrivée. yaoundé 🇨🇲,1
* 500 r par document,1
"*700r le kilogramme  envoyez vos colis : Documents, appareils électroniques, tes produits....bref tout ce qui est transportable",1
Plus d'informations ib <This message was edited>,1
-🚨🚨🚨🚨🚨🚨🚨🚨🚨🚨🚨🚨🚨,1
-Passport,1
-Documents,1
-permis,1
Ancien en Russie avec passport russe,1
Le monsieur prend uniquement les documents (son voyage est prévu le ( 26 juillet),1
( Dla - Moscou),1
Nb : il peux aussi vous expédiez vos documents dans vos villes à vos frais il n’as pas de problème pour sa,0
🛑🛑🛑🛑🛑🛑🛑🛑🛑🛑🛑🛑🛑🛑🛑🛑 🛑🛑🛑🛑🛑🛑🛑🛑🛑🛑🛑🛑🛑🛑🛑🛑🛑🛑🛑🛑 Besoin de 70 personnes demain au,1
métro kaluzhskaya,1
Sortie 4,1
boulot très facil,1
Chez jhonny c'est sans pression L'argent vient toujours.,1
fini payer,1
2500p,1
09h -18h,1
pas de retard 8h 00 au métro,1
1-  jhonny,1
2- faux bébé,1
3- Nelly,1
4- Landry,1
5-  Herman,1
6- Ibrahim,1
7-  Pogba,1
8-  basil,1
9-Emanuel,1
10-Victor,1
11-Fred,1
12- clinton,1
13- eric,1
14- Vincent,1
15- Fabrice,1
16- Franklin,1
17-  Joseph,1
18-,1
19-,1
20-,1
21-,1
22-,1
23-,1
24-,1
25-,1
26-,1
27-,1
28-,1
29-,1
30-,1
31-,1
32-,1
33-,1
34-,1
35-,1
36-,1
37-,1
38-,1
39-,1
40-,1
NB : 🛑🛑🛑boulot très très facil les gars.,1
"7/23/24, 7:06 PM - +237 6 95 36 29 96 joined using this group's invite link",1
"7/23/24, 7:24 PM - +237 6 78 74 66 12 joined using this group's invite link",1
"One Bedroom Apartment Available at, Metro Nekrasovka.",1
Rent 35k,1
Deposit 35k,1
Commission 16k,1
Appartement d'une chambre disponible ou Métro Nekrasovka,1
Louer 35k,1
Caution 35k,1
Commission 16k,1
UNITY PARTY CHALLENGE Edition 1 By NHOXSTUDIO,1
La vidéo officielle du challenge est déjà disponible.,1
Appréciez comment chaque participant a réussi à créer une émotion avec sa soirée de la fête de l’unité 🫶🏾❤️🇭🇷,1
Besoin de 02 personnes ce matin au métro rechnoy vokzal pour travail nettoyage de chantier de 9h00 à 17h00 payé 2500r après boulot,1
Transférez de l'argent rapidement et en toute sécurité.,1
Gagnez du temps et de l'argent avec nos services de transactions.,1
Nous transférons votre argent en toute sécurité et sans tracas.,1
Un service pratique de transfert d'argent - toujours à portée de main!.avec les excellents frais ....,2
Besoin de 02 personnes ce matin au métro rechnoy vokzal pour travail nettoyage de chantier de 9h00 à 17h00 payé 2500r après boulot.,1
"Uniquement pour homme et 8h30 il faut être déjà sur le site, c'est non loin de la sortie du métro.",1
2 people who are ready to work is morning should P.C. me ... work started by 9am we close at 5:50pm,1
Construction work.. no step,1
"Payment..2,800 rubles",1
+79267458051,1
No break?,1
For more information please call this number on the ad,1
👉 Centre au lieu-dit Fegminbang & Esse. Terrains titrés à vendre . Site débutant en bordure de route principale SOA-Fegmimbang-Esse en cours de bitumage.,1
Superficie :3740ha,2
Prix du m²: 2500 FCFA,1
Documents disponibles,1
NB1:Celui qui achète je lui cède 25ha gratuits,1
Nb2: Sites propices pour tout type de projet.,1
Patrick Zeus Conseils Immobiliers,1
Besoin maintenant de 03 personnes proches du métro lyublino ligne 10 pour travail de chantier de 9h00 à 18h00 payé 2500r après boulot.,1
Uniquement les hommes,1
Bookings flys✈️🛫🔐,1
Bonsoir les gars demain matin besoin de 16 personnes au métro Фрунзенская Sortie 1 travail chantier très facile fini payé directement 2700p l'heure 09h00 17h50 regroupement a 08h00,1
1-Occupé,1
2-Bishop,1
3-Tomas,1
4-Silvert,1
5-Manovich,1
6-Élysée,1
7- Malachie,1
8-  Charles,1
9-Onesime,1
10-Batiste,1
11-Don,1
12-Divin,1
13-Emery,1
14-Jeans Claude,1
15-Mohamed amine conté,1
16-Choco,1
17-,1
18-,1
19-,1
20-,1
21-,1
22-,1
Bonsoir les gars demain matin besoin de 16 personnes au métro Фрунзенская Sortie 1 travail chantier très facile fini payé directement 2700p l'heure 09h00 17h50 regroupement a 08h00,1
1-Occupé,1
2-Bishop,1
3-Tomas,1
4-Silvert,1
5-Manovich,1
6-Élysée,1
7- Malachie,1
8-  Charles,1
9-Onesime,1
10-Batiste,1
11-Don,1
12-Divin,1
13-Emery,1
14-Jeans Claude,1
15-Mohamed amine conté,1
16-Choco,1
17-,1
18-,1
19-,1
20-,1
21-,1
22-,1
Besoin de 5 filles rapidement pour compléter l’effectif,1
Besoin de 5 filles rapidement pour compléter l’effectif 2700p,1
🚨🚨✈️✈️,1
Départ disponible chez les *Frères sang*,1
Les dates récentes sont maintenant connues.,1
Abidjan🇨🇮-Moscou🇷🇺 le 26 juillet,1
Abidjan🇨🇮-Moscou🇷🇺 le 05 Août,1
"Viens faire ta propre expérience avec les *FS* en envoyant tes colis , Documents, appareils électroniques, tes produits....en tout ce qui est transportable",1
Plus d'informations +7996 967 49 48,1
null,1
🚨🚨,1
"Salut à tous,",1
"Départ le 27 juillet, arrivée le 28 juillet.",1
Moscou (DME)——> Yaounde (NSI),1
23kg * 2 disponibles,1
NB: Paiement lors du dépôt du colis. Plus d'informations ib.😊,1
*Un jour il fera jour*,1
"La vie nous enseigne chaque jour mais certains refusent de piger. Il faut toujours mettre l'être humain au centre de tout. Le traité avec considération et respect, le prendre comme une fin et non un moyen. L'humilité est la plus grande richesse",1
Besoin de deux personnes demain 2800 aux metro Домодедовская sortie 1 a 8h00♦️♦️♦️♦️♦️♦️♦️♦️♦️♦️♦️♦️♦️♦️♦️♦️♦️♦️♦️ travail de chantier,1
Bonjour la famille besoin urgent d'une place pour fille avec un budget variant entre 8 à 9k rouble merci d'avance,2
Besoin demain d’une personne métro filatov lug,1
Besoin de deux personnes demain 2500 aux metro Филатов луг 8:45♦️♦️♦️♦️♦️♦️♦️♦️♦️♦️♦️♦️♦️♦️♦️♦️♦️♦️♦️ travail de chantier,1
Bonjour à tous,1
Besoin urgent ce matin d'une personne pour travail des fleurs 9h-18h avec 1 heure de pose,1
À méga parnas,1
2800 r,1
3000 r,1
@ Besoin d'info la svp,1
Quelqu'un ici est dans le secteur petrol oil gaz ? ingenuirie ou specialité,1
Si oui Merci de me contacter,2
🚨🚨✈️✈️,1
Départ disponible chez les *Frères sang*,1
Les dates récentes sont maintenant connues.,1
Abidjan🇨🇮-Moscou🇷🇺 le 26 juillet ⚠️ ( dernier délai aujourd'hui avant 15h),1
Abidjan🇨🇮-Moscou🇷🇺 le 05 Août,1
"Viens faire ta propre expérience avec les *FS* en envoyant tes colis , Documents, appareils électroniques, tes produits....en tout ce qui est transportable",1
Plus d'informations +7996 967 49 48,1
Bonsoir) 48 kilo disponible,1
Yaoundé -Moscow,1
7 août,1
Inbox,1
"One Bedroom Apartment Available at, Metro Nekrasovka.",1
Rent 35k,1
Deposit 35k,1
Commission 16k,1
Appartement d'une chambre disponible ou Métro Nekrasovka,1
Louer 35k,1
Caution 35k,1
Commission 16k,1
Bonjour le nouvel arivage de chaussures a seulement 1000₽,1
Reebok size:36;38,1
Reebok 43;44;45,1
Nike 43;44;45,1
Le Coq sportif size : 44;45;46 couleur disponibles Blanc,1
Tel : +79362754310,1
Expedition partout en russie au frais du client,1
*Permanent Job available for a lady in a food processing factory. Payment is per 2700r*,1
If interested contact: +79205155974,1
Une place disponible pour  garçon dans une chambre de 2 au métro лермонтовский проспект ligne violette vers le bas à 5 minutes du métro en bus 🙏,1
Bonsoir la famille,1
Besoin d’un gars demain pour un travail dans une école pas de taches difficiles de 9h à 17h45 au metro tyopliy Stan sorti 6 arrivée à la sortie à 8h parce nous allons prendre le bus de l’état. Payement après boulot 2500r,1
NB: Qui connaît un peu de mots russes svp!  Intéressé inbox 📥,1
Bookings flys✈️🛫🔐,1
Bonsoir la famille,1
Besoin d’un gars demain pour un travail dans une école pas de taches difficiles de 9h à 17h45 au metro tyopliy Stan sorti 6 arrivée à la sortie à 8h parce que nous allons prendre le bus de l’état. Payement après boulot 2500r,1
NB: Qui connaît un peu de mots russes svp!  Intéressé inbox 📥,1
Transférez de l'argent rapidement et en toute sécurité.,1
Gagnez du temps et de l'argent avec nos services de transactions.,1
Nous transférons votre argent en toute sécurité et sans tracas.,1
Un service pratique de transfert d'argent - toujours à portée de main!.avec les excellents frais ....,2
Place disponible pour garçon  métro stupistane 5 minutes en bus d'état 🚨🚨🚨🚨🚨 intéressé ib🚨🚨🚨🚨🚨,1
Besoin de 4 personnes maintenant qui peuvent travailler de 12h a 20h dans un chantier 2800 aux metro Домодедовская sortie 1 ♦️♦️♦️♦️♦️♦️♦️♦️♦️♦️♦️♦️♦️♦️♦️♦️♦️♦️♦️♦️,1
"*Besoin de 05 personnes pour un travail dans un chantier hors de Moscou, le paiement se fait tous les jours 3000r par personne*",1
*Logement offert plus deux repas par jour*,1
*départ demain matin à 9h00*,1
CHO CHO CHO CHO,1
"CA BRÛLE DU CÔTÉ D,EZEZANG 1000 METRES CARRÉ MIS EN VENTE AU PRIX INCROYABLE DE 2000 F SEULEMENT AU LIEU DE 5000 F",1
TERRAIN TITRÉ ET LOTI TRANSACTION PAR DEVANT NOTAIRE,1
LE SITE ES SITUÉ À 500 MÈTRE DU CARREFOUR EZEZANG,1
OPPORTUNITÉ TRÈS RARE,1
*670479256/695270039/620276894*,1
"7/26/24, 4:04 PM - ~ princess Grace added ~ EXCEL",1
699953058,1
‼️ *Urgent Urgent Urgent‼️ *Permanent Job available for a guy in a food processing factory. Payment is per 2700r*,1
If interested contact: +79205155974,1
🛑🛑🛑🛑🛑🛑🛑🛑🛑🛑🛑🛑🛑🛑🛑🛑 🛑🛑🛑🛑🛑🛑🛑🛑🛑🛑🛑🛑🛑🛑🛑🛑🛑🛑🛑🛑 Besoin de 70 personnes demain au,1
métro kaluzhskaya,1
Sortie 4,1
boulot très facil,1
Chez jhonny c'est sans pression L'argent vient toujours.,1
fini payer,1
2500p,1
09h -18h,1
pas de retard 8h 00 au métro,1
1-  jhonny,1
2- faux bébé,1
3- Nelly,1
4- Landry,1
5-  Herman,1
6- Ibrahim,1
7-  Pogba,1
8-  basil,1
9-Emanuel,1
10-Victor,1
11-Fred,1
12- clinton,1
13- eric,1
14- Vincent,1
15- Fabrice,1
16- Franklin,1
17-  Joseph,1
18- roger,1
19-  evans,1
20-Joe,1
21-,1
22-,1
23-,1
24-,1
25-,1
26-,1
27-,1
28-,1
29-,1
30-,1
31-,1
32-,1
33-,1
34-,1
35-,1
36-,1
37-,1
38-,1
39-,1
40-,1
NB : 🛑🛑🛑boulot très très facil les gars.,1
Besoin d'un job pour fille,1
Salut celui Qui a besoin du CFA au pays me ib,1
🚨🚨✈️✈️,1
Départ disponible chez les *Frères sang*,1
Les dates récentes sont maintenant connues.,1
Abidjan🇨🇮-Moscou🇷🇺 le 05 Août,1
Bamako 🇲🇱- Moscou le 26 Août,1
"Viens faire ta propre expérience avec les *FS* en envoyant tes colis , Documents, appareils électroniques, tes produits....en tout ce qui est transportable",1
Plus d'informations +7996 967 49 48,1
CHO CHO CHO CHO,1
"CA BRÛLE DU CÔTÉ D,EZEZANG 1000 METRES CARRÉ MIS EN VENTE AU PRIX INCROYABLE DE 2000 F SEULEMENT AU LIEU DE 5000 F",1
TERRAIN TITRÉ ET LOTI TRANSACTION PAR DEVANT NOTAIRE,1
LE SITE ES SITUÉ À 500 MÈTRE DU CARREFOUR EZEZANG,1
OPPORTUNITÉ TRÈS RARE,1
*670479256/695270039/620276894*,1
"7/27/24, 3:52 PM - ~ Ousman added ~ Diallo",1
"7/27/24, 3:55 PM - ~ Ousman added +224 621 63 53 27",1
"7/27/24, 3:57 PM - ~ Ousman added ~ Camara",1
Regardez cette vidéo jusqu'à la fin s'il vous plaît. Merci,2
❗❗❗❗❗❗❗❗❗❗❗❗❗❗ _*Airpod pro jamais utilisé juste besoin argent intéressé ib*_  ♨️♨️♨️♨️♨️♨️♨️♨️♨️,1
Hi I need one  person to join me in a room we both pay 11300 ruble  the space is available on the 30th of July we are going to be two in the room if I are interested inbox me,1
"Salut,  tu fais ça a combien ??",2
"En faite , Hier soir j’ai compris",1
"Pour compter les gens qu'on a perdu, les doigts d'une seule main ne suffisent plus",0
"Certains diront qu'j'ai du vécu, j'dirais plutôt qu'j'ai survécu",1
Fini le temps où j'remplissais mes poumons de fumée pour n'pas me noyer dans mes pleurs,1
"J'ai frôlé la mort, frôlé la prison, évité les tirs",1
"J'ai frôlé le pire, des éclats de rire puis des éclats de verre",1
Mon passé aurait pu décimer mon avenir,1
"Sur mes joues, des larmes de peine et j'n'ai pas pris d'lacrymogène",1
"Anxiogène, besoin d'oxygène, la crainte de perdre ceux que j'aime",1
"J'ai rêvé d'autre chose que de cette vie-là, maman n'a toujours pas sa villa",1
Mes douleurs sont muettes mais sont tellement profondes que je pourrais les chanter a cappella,1
"7/28/24, 9:39 AM - ~ Camara added ~ karim",1
Bonjour a tous !!! Si quelqu'un a besoin du franc cfa au  Cameroun me contacter: +79154820694,1
"7/28/24, 12:39 PM - +7 996 476-20-39 joined using this group's invite link",1
🚨🚨✈️✈️,1
Départ disponible chez les *Frères sang*,1
Les dates récentes sont maintenant connues.,1
Abidjan🇨🇮-Moscou🇷🇺 le 05 Août,1
Bamako 🇲🇱- Moscou le 26 Août,1
"Viens faire ta propre expérience avec les *FS* en envoyant tes colis , Documents, appareils électroniques, tes produits....en tout ce qui est transportable",1
Plus d'informations +7996 967 49 48,1
Bonsoir à tous,1
J'ai l'argent au Cameroun besoin du roubles taux Google svp,1
Bonsoir à tous!,1
Besoin de deux filles dans un studio d’une fille au métro 🚊 domodedovskaya sortie 9,1
9000r,1
Intéressé inbox 📥,1
🛑🛑🛑🛑🛑🛑🛑🛑🛑🛑🛑🛑🛑🛑🛑🛑 🛑🛑🛑🛑🛑🛑🛑🛑🛑🛑🛑🛑🛑🛑🛑🛑🛑🛑🛑🛑 Besoin de 70 personnes demain au,1
métro kaluzhskaya,1
Sortie 4,1
boulot très facil,1
Chez jhonny c'est sans pression L'argent vient toujours.,1
fini payer,1
2500p,1
09h -18h,1
pas de retard 8h 00 au métro,1
1-  jhonny,1
2- faux bébé,1
3- Nelly,1
4- Landry,1
5-  Herman,1
6- Ibrahim,1
7-  Pogba,1
8-  basil,1
9-Emanuel,1
10-Victor,1
11-Fred,1
12- clinton,1
13- eric,1
14- Vincent,1
15- Fabrice,1
16- Franklin,1
17-  Joseph,1
18- roger,1
19-  evans,1
20-Joe,1
21- manadja,1
22-,1
23-,1
24-,1
25-,1
26-,1
27-,1
28-,1
29-,1
30-,1
31-,1
32-,1
33-,1
34-,1
35-,1
36-,1
37-,1
38-,1
39-,1
40-,1
NB : 🛑🛑🛑boulot très très facil les gars.,1
🛑⛔🛑⛔🛑 besoin de 10 personnes demain au métro *Vodniy Stadium* sortie 1.,1
Pour un travail de chantier payé juste après le travail *2800*,1
LE QUOTIDIEN DE L'HOMME CAMEROUNAIS,1
"Tous les jours à la recherche de ton pain quotidien tu aspires beaucoup de poussière et d'air polluer qui est à l'origine des infections de la gorge : engin, toux et rhume.",1
"A Midi pour refaire tes forces afin de mieux attaquer le boulot en après midi, tu commandes un plat de couscous maiis ou du riz sauce tomate ou arachide; Au lieu de prendre une Bonne tasse de THE NATUREL AU GINGEMBRE THÉRAPEUTIQUE afin d'éviter une pique  sévère de GLYCÉMIE tu préfères plutôt accompagner par une bière bien glacé ;  Mon frère,Ma sœur le couscous de maiis, le riz , les beignets, pains et la bière contiennent du sucre qui est à l'une des principales causes de la baisse des performances sexuelles chez l'homme comme chez la femme.",2
"Conséquence ton rendement tous les après-midi au boulot est réduit à la baisse et  meublé par la fatigue générale et un sommeil appétissant hors une tasse de THE NATUREL AU GINGEMBRE THÉRAPEUTIQUE t'aurait éviter fatigue,sommeil et stress au boulot .",1
"De retour à la maison le soir malgré une douche froide, la fatigue générale continue avec les douleurs musculaires et entre-temps la nourriture de madame est déjà servie à table sans oublier le devoir conjugal qui t'attend Mais l'homme d'autrui est doublement épuisé.",1
Solution efficace : prendre directement après ton repas du soir Notre THÉ NATUREL AU GINGEMBRE THÉRAPEUTIQUE et patienter au moins 1H avant d'entamer le devoir conjugal car notre poudre de gingembre thérapeutique contient également les éléments APHRODISIAQUES qui facilite et stimule l'afflux du sang nécessaire à une bonne érection.,1
Nos produits sont disponibles à Douala Yaoundé Bafoussam dschang Nkongsamba et on expédie également dans d'autres villes.,1
Posologie : après vos repas quotidiens dans un verre d'eau chaud introduire une cuillère à soupe de notre poudre de gingembre thérapeutique + une cuillère à soupe de miel pur.,1
Contact whatsapp et appel 696.32.83.61,1
🛑⛔🛑⛔🛑 besoin de 10 personnes  au métro *Vodniy Stadium* sortie 1.,1
Pour un travail de chantier payé juste après le travail *2800*,1
10h-19h,1
Vous devez être au métro a 8h,1
Appartement de une chambre,1
Métro Bulvar Dmitry Donskovo,1
Louer 32000r,1
Caution 32000r,1
Commission 15000r,1
Transférez de l'argent rapidement et en toute sécurité.,1
Gagnez du temps et de l'argent avec nos services de transactions.,1
Nous transférons votre argent en toute sécurité et sans tracas.,1
Un service pratique de transfert d'argent - toujours à portée de main!.avec les excellents frais ....,2
Bonjour,1
Urgemment besoin d'une fille qui est tout du métro Delovoy Tsentr pour le travail de restaurant  10h-22h 2500 après le travail,1
🚨🚨🚨 Restaurant job is available for a lady. Time 08:00-18:30. Payment 2600 rub. Contact  +79687107286,1
Bookings flys✈️🛫🔐,1
Bonsoir à tous!,1
Besoin de deux filles dans un studio d’une fille au métro 🚊 domodedovskaya sortie 9,1
9000r,1
Intéressé inbox 📥,1
Bonjour le nouvel arivage de chaussures a seulement 1000₽,1
Reebok size:36;38,1
Reebok 44;45,1
Nike 43;44;45,1
Le Coq sportif size : 44;45;46 couleur disponibles Blanc,1
Tel : +79362754310,1
Expedition partout en russie au frais du client,1
Bonsoir à tous!,1
Besoin de deux filles dans un studio d’une fille au métro 🚊 domodedovskaya sortie 9,1
9000r,1
Intéressé inbox 📥,1
null,1
*12 raisons pour lesquelles la lecture de livres devrait faire partie de votre vie :*,1
"1. Autoroute du savoir : les livres offrent un vaste réservoir de connaissances sur pratiquement n'importe quel sujet imaginable. Plongez profondément dans l'histoire, la science, la philosophie ou explorez de nouveaux passe-temps et intérêts.",1
"2. Vocabulaire amélioré : La lecture régulière vous expose à un éventail plus large de vocabulaire, améliorant vos compétences en communication et votre compréhension.",1
"3. Boost de mémoire : des études suggèrent que la lecture peut aider à aiguiser votre mémoire et votre fonction cognitive, tout en gardant votre esprit actif et engagé.",1
"4. Réduction du stress : se ralentir avec un bon livre peut être une forme d'évasion mentale, offrant un sursis temporaire des angoisses quotidiennes et une chance de se détendre.",1
"5. Amélioration de la concentration et de la concentration : dans le monde d'aujourd'hui, plein de distractions, la lecture renforce votre capacité à vous concentrer et à vous concentrer pendant de longues périodes.",1
6. Empathie et perspective : entrer dans la peau des personnages fictifs vous permet de développer l'empathie et d'acquérir une compréhension plus approfondie des différentes perspectives.,1
"7. Créativité améliorée : La lecture vous expose à de nouvelles idées et processus de réflexion, ce qui peut susciter votre propre créativité et vos compétences en résolution de problèmes.",0
"8. Compétences d'écriture plus fortes : vous plonger dans une prose bien écrite peut améliorer votre style d'écriture, votre structure de phrase et la clarté générale de la communication.",2
"9. Amélioration de la qualité du sommeil : échangez le temps d'écran contre un livre avant de dormir. La nature apaisante de la lecture peut vous aider à vous détendre et à vous détendre, favorisant une meilleure qualité de sommeil.",1
"J'ai pas réglé mes problèmes ; les coups, j'en ai fait quatre cent",0
"J'ai pas tenu les promesses, perdu dans mes passe-temps",0
"Et, quand les autres progressent, j'ai l'impression d'être absent",1
"Tout ça n'a pas d'sens, et ça me donne le tournis",1
"Comment régner ? Parmi les araignées, je suis une fourmi",1
"Mais, toujours mon sale orgueil qui résonne comme un écho",1
J'sais pas si j'ai mal à mon cœur ou mal à mon ego,1
"Tous inégaux, tous énervés",1
C'est pour ma tante et tout l'travail ingrat qu'elle a fait pour nous élever,1
C'est pour les femmes qui ont apaisé mes soupirs,1
Celles qui m'ont croisé en larmes et m'ont redonné le sourire...,1
🚨🚨✈️✈️,1
Départ  mardi 6 août 2024 a 20h,1
Départ. Ryazan Moscou 🇷🇺,1
Arrivée. Douala 🇨🇲,1
* 500 r par document,1
"*850r le kilogramme  envoyez vos colis : Documents, appareils électroniques, tes produits....bref tout ce qui est transportable",1
Plus d'informations ib,1
30 kg disponibles,1
Maintenant set 500r par documents . Il faut prendre 1000r comme d'habitude .🤦‍♂️,1
"7/30/24, 12:00 PM - +237 6 55 66 90 24 joined using this group's invite link",1
"7/30/24, 12:11 PM - +237 77878575 joined using this group's invite link",1
Une place disponible dans une chambre de 2 personnes pour un homme propre intéressé inbox,1
Bookings flys✈️🛫🔐,1
🛑🛑🛑🛑🛑🛑🛑🛑🛑🛑🛑🛑🛑🛑🛑🛑 🛑🛑🛑🛑🛑🛑🛑🛑🛑🛑🛑🛑🛑🛑🛑🛑🛑🛑🛑🛑 Besoin de 70 personnes demain au,1
métro kaluzhskaya,1
Sortie 4,1
boulot très facil,1
Chez jhonny c'est sans pression L'argent vient toujours.,1
fini payer,1
2500p,1
09h -18h,1
pas de retard 8h 00 au métro,1
1-  jhonny,1
2- faux bébé,1
3- Nelly,1
4- Landry,1
5-  Herman,1
6- Ibrahim,1
7-  Pogba,1
8-  basil,1
9-Emanuel,1
10-Victor,1
11-Fred,1
12- clinton,1
13- eric,1
14- Vincent,1
15- Fabrice,1
16- Franklin,1
17-  Joseph,1
18- roger,1
19-  evans,1
20-Joe,1
21- manadja,1
22-  Ibrahim Mounkoro,1
23- Isaka,1
24-,1
25-,1
26-,1
27-,1
28-,1
29-,1
30-,1
31-,1
32-,1
33-,1
34-,1
35-,1
36-,1
37-,1
38-,1
39-,1
40-,1
NB : 🛑🛑🛑boulot très très facil les gars.,1
Place disponible pour 2 filles non loin du metro,1
null,1
"7/31/24, 1:06 PM - ~ khadijah left",1
👑PROMO SPECIALE👑,1
CENTRE -MBANKOMO,1
*Quartier* Mbeyengue 1/Mbankomo,1
*Superficie*  1000 m².,2
*Prix :* 850.000 FCA,1
Titre_ Foncier :N°10.658/MAK Vol 69 F° 183.,1
"*Description :* située à 16 kms de Total Nomayos , 6 kms du carrefour Oveng et 7.5 kms du Centre d'Excellence de la CAF de Mbankomo, vente urgente pour pb de santé, très très urgent. 02 signataires.",1
670479256 / 695270039 / 620276894,1
Bookings flys✈️🛫🔐,1
Situé où?,1
2 Bedroom Apartment Available for Rent at МЦД Победа,1
"Rent, 45000r",1
"Deposit, 45000r",1
"Commission, 18000r",1
"If Interested, Contact: +79205155974",1
"1 Bedroom Apartment Available for Rent at metro, Lermontovskiy Prospeckt",1
"Rent, 35000r",1
"Deposit, 35000r",1
"Commission, 18000r",1
"If Interested, Contact: +79205155974",1
"🛑🛑🛑 Besoin de 10 personnes demain pour travail chantier nettoyage de 9hrs-17hr45. Rencontre 08hrs au métro Beloruskaya sortie 3 . paye 2600, intéressé me IB en privé.",1
- PLACE DISPONIBLE  POUR FILLES DANS UN BÂTIMENT NEUF,1
- TYPE:  2 PLACES (pour *fille* dans une chambre de 2 filles),1
- LOYER (rent) : 13.000 ₽,1
- Caution (deposit) : 5000 ₽,1
- ADRESSE:* À 15 min du Métro Bulvar Dimitri Donskovo,1
- NB: MOINS DE BAGAGES POSSIBLE,1
"Cinq personnes (homme/femme) doivent travailler à l'usine de chocolat demain matin à 9h00. Métro, Elektrozavodskaya. Le paiement est de 244 roubles. par 1h. seulement pour ceux qui ont un carnet médical.",1
"Five people (male/female) needed to work at the chocolate factory tomorrow morning by 9:00 am. Metro, Elektrozavodskaya. Payment is 244r rubles. per 1h. only for those with medical books.",1
🛑🛑🛑🛑🛑🛑🛑🛑🛑🛑🛑🛑🛑🛑🛑🛑 🛑🛑🛑🛑🛑🛑🛑🛑🛑🛑🛑🛑🛑🛑🛑🛑🛑🛑🛑🛑 Besoin de 70 personnes demain au,1
métro kaluzhskaya,1
Sortie 4,1
boulot très facil,1
Chez jhonny c'est sans pression L'argent vient toujours.,1
fini payer,1
2500p,1
09h -18h,1
pas de retard 8h 00 au métro,1
1-  jhonny,1
2- faux bébé,1
3- Nelly,1
4- Landry,1
5-  Herman,1
6- Ibrahim,1
7-  Pogba,1
8-  basil,1
9-Emanuel,1
10-Victor,1
11-Fred,1
12- clinton,1
13- eric,1
14- Vincent,1
15- Fabrice,1
16- Franklin,1
17-  Joseph,1
18- roger,1
19-  evans,1
20-Joe,1
21- manadja,1
22-  Ibrahim Mounkoro,1
23- Isaka,1
24-,1
25-,1
26-,1
27-,1
28-,1
29-,1
30-,1
31-,1
32-,1
33-,1
34-,1
35-,1
36-,1
37-,1
38-,1
39-,1
40-,1
NB : 🛑🛑🛑boulot très très facil les gars.,1
Scam alert 🚨,1
Location,1
Scammmmm,1
Bookings flys✈️🛫🔐,1
🚨🚨✈️✈️,1
Départ  mardi 6 août 2024 a 20h,1
Départ. Ryazan Moscou 🇷🇺,1
Arrivée. Douala 🇨🇲,1
* 500 r par document,1
"*850r le kilogramme  envoyez vos colis : Documents, appareils électroniques, tes produits....bref tout ce qui est transportable",1
Plus d'informations ib,1
30 kg disponibles,1
Южная 11к4,1
Besoin de deux personnes( homme ) maintenant  aux métro Домодедовская sortie 1 de 12h a 20h  2800 ♦️♦️♦️♦️,1
Is it open already,1
Yes,1
Which южная,1
Besoin de 3 personnes maintenant pour un travail de chantier 14h - 21h. Rester à l'étage et enlever les fenêtres dans l'ascenseur. 3000 juste après le travail.,1
Métro domodedovskaya sortie 9,1
Ib,1
*COMMUNIQUÉ*,1
"En tant que panafricaniste en Russie, nous savons comment c'est difficile la problématique de logement en Russie, tant pour les personnes africaines cherchant un logement (cas de locataires) et que pour les personnes africaines cherchant les locataires (bailleurs).",1
"C'est l'une des raisons pour laquelle, RUSSIE IMMOBILIERS a vu le jour ; donc pour faciliter aux frères et sœurs africains l'accès facile au logement.",1
"Si vous êtes à la recherche d'un logement (place, chambre ou appartement), veuillez intégrer un de nos nos groupes WhatsApp ""*RUSSIE IMMOBILIERS*"" uniquement pour recevoir  les informations immobilières.",1
"Si vous êtes bailleur à la recherche d'un locataire, nous savons comment c'est difficile de réunir le loyer général de l'appartement, surtout quand on a des locataires instables et donc écrivez-nous en privé sur WhatsApp pour nous poser votre préoccupation et nous vous aiderons à trouver rapidement des bons locataires.",1
"Dans tout, notre objectif principal sont le *bien-être* et *l'épanouissement* de tous en général et des africains en particulier.",2
"Nous attendons de nos frères et sœurs de la considération, de la confiance et du respect car pourquoi respecter les russes et ne pas respecter les africains ? C'est vrai que la confiance entre africains n'existe qu'à faible proportion à cause des réalités et des souffrances que les africains traversent ici en Russie mais au-delà de tout, nous ne devons pas laisser ces réalités corromprent notre morale et notre conscience car l'être humain est appelé à dominer et surmonter tout obstacle. Nous, RUSSIE IMMOBILIERS, nous essayons de faire tout pour rester toujours constant car nous sommes optimiste et donc nous croyons un avenir meilleur pour l'homme noir ici en Russie, et chacun doit apporter sa part de sérieux pour un avenir meilleur.",1
"Faîtes-nous confiance ; considérez-nous comme vous considérez les russes et nous croyons qu'ensemble, nous allons rendre la vie facile en Russie, surtout en matière de logement.",1
"Veuillez partager ce message à tous vos frères et sœurs qui n'ont pas encore intégré un de nos groupes WhatsApp, d'intégrer et aussi pour qu'ils sachent qu'ils ne sont plus seuls dans ce problématique de logement en Russie.",1
"*RUSSIE IMMOBILIERS*, *la plus grande plateforme immobilière panafricaniste en Russie.*",1
Disponible demain ?,1
🛑🛑🛑 besoin de 9 personnes pour nettoyage chantier 09hr-17hr45 . métro Beloruskaya sortie 3 rencontre 8h00 . paye 2600. Intéressé ib.,1
Part-time job for a man in restaurant . Time 10:00-22:00 . Payment 2800. +79687107286,1
"2 personnes (homme/femme) doivent travailler à l'usine de chocolat demain matin à 9h00. Métro, Elektrozavodskaya. Le paiement est de 244 roubles. par 1h. seulement pour ceux qui ont un carnet médical.",1
"2 people (male/female) needed to work at the chocolate factory tomorrow morning by 9:00 am. Metro, Elektrozavodskaya. Payment is 244r rubles. per 1h. only for those with medical books.",1
🚨🚨🚨Besoin de 5 personne pour compléter l’effectif demain pour un travail de 🏗️ au métro kotelniki,1
Pas de taches difficiles car demain est un jours de commission et les grands patrons seront là .,1
9h -18:00 avec 1 heure de pause (13:00-14:00)salaire 2500p directement après le boulot.,1
Intéressez écrivez ib,1
1,1
2,1
3,1
4,1
5,1
"Besoin de 02 personnes demain pour travail dans une école, déplacer le matériel dans l'école etc... Travail pour homme de 9h00 à 18h00 payé 2500r après boulot",1
LA POUDRE APHRODISIAQUES,1
"Une Cliente m'a carrément dit qu'elle utilise ça pour demander un service ou de l'argent à son doudou. Quand tu veux demander de l'argent ou quelques choses à une personne, tu le fais boire sous forme de thé 1H avant vos rapports sexuels dans un verre d'eau chaud une cuillère à soupe de notre poudre de gingembre thérapeutique+ une cuillère à café de miel pur ; la personne va sauf que te donner ce que tu veux.",1
VOICI ALORS LE SECRET DE NOTRE POUDRE DE GINGEMBRE THÉRAPEUTIQUE QUE JE VIENS DE VOUS LIVREZ MES DAMES.,1
Type gingembre : Variété asarum canadense,1
Les effets aphrodisiaques chez l'homme,1
- Favorise la transpiration et l'ouverture des pores de la peau,1
- Augmente l'afflux sanguin et met en action les organes génitaux de l'homme.,1
- Entraîne une bonne érection du pénis ( au-revoir les érections moles ),1
- Au-revoir les reprises lentes,1
- Au-revoir la fatigue et l'impuissance sexuelle.,1
CHEZ LA FEMME,1
- Fait ressortir le bout du  clitoris chez certaines femmes ( preuve qu'elle est excité à fond),1
- Au-revoir les multiples sécheresse vaginaux pendant les rapports .,1
-stimule l'envie et augmente le désir de faire les rapports sexuels.,1
Rappels:,1
"le gingembre type asarum canadense est une plante aux multiples vertus qui peut servir d'épices dans nos repas de part son coût épicé, son odeur persistante et aromatiques.",1
- Très bon pour le cœur et au-revoir les maladies cardiovasculaires.,1
"- en consommant comme effet aphrodisiaques, en même temps vous êtes entrain de prévenir et de soigner les infections de la gorges tels que la toux ,le rhume et l'engine .",1
"Nos produits sont conditionnés en bouteilles de 500G et 250G aux prix respectifs de 2500fr et 1250fr . Disponible à Douala, Yaoundé, Bafoussam et Dschang avec possibilité d'expédier dans d'autres villes.",1
Contacts: 696.32.83.61/ 680.27.82.87,1
Besoin de 02 personnes hommes ce matin au métro filatov lug pour travail dans une école de 9h00 à 18h00 payé 2500r après boulot.,1
Part-time job for a man in restaurant . Time 10:00-22:00 . Payment 2800. +79687107286,1
🚨🚨✈️✈️,1
Départ  mardi 6 août 2024 a 20h,1
Départ. Ryazan Moscou 🇷🇺,1
Arrivée. Douala 🇨🇲,1
* 500 r par document,1
"*850r le kilogramme  envoyez vos colis : Documents, appareils électroniques, tes produits....bref tout ce qui est transportable",1
Plus d'informations ib,1
30 kg disponibles,1
🚨🚨🚨Besoin de 2 personne pour compléter l’effectif demain pour un travail de 🏗️ au métro filatov lug,1
.,1
11h -18:00 avec 1 heure de pause (13:00-14:00)salaire 2500p directement après le boulot.,1
Intéressez écrivez ib,1
1,1
2,1
🚨🚨🚨Besoin de 2 personne pour compléter l’effectif maintenant pour un travail de 🏗️ au métro filatov lug,1
.,1
11h -18:00 avec 1 heure de pause (13:00-14:00)salaire 2500p directement après le boulot.,1
Intéressez écrivez ib,1
1,1
2,1
Besoin de 6 personnes rapidement au métro parck kultury sortie 1 travail chantier facile 10h 00 17h 45 salaire 2500p,1
Bonjour à tous si quelqun vend le bâton de manioc qu’il est l’amabilité de me le signifier merci 🙏🏾,2
Yo Travel  Deal,1
Yaoundé-Moscow,1
7 août 2024,1
Uniquement les documents,1
Inbox,1
Urgent 🚨 besoin d’un appartement de trois chambres urgent 🚨 contacter moi si vous avez,1
null,1
null,1
Salut j’ai besoin un place pour fille,1
"1 Bedroom Apartment Available for Rent at metro, Lermontovskiy Prospeckt",1
"Rent, 35000r",1
"Deposit, 35000r",1
"Commission, 18000r",1
"If Interested, Contact: +79205155974",1
MANGEZ ET BUVEZ SUCRER TOUT EN MAINTENANT SON TAUX DE GLYCÉMIE NORMAL.,1
"Il est difficile,voir presque impossible de trouver dans nos différents Super Marché des produits fait à base des graines de céréales qui ne contiennent pas de Sucre ; Et ces produits participent à une  monter excessive du  sucre sanguin dans notre organisme .",2
"il s'agit des céréales tels que le sucre blanc , les confiseries,les gâteaux, les biscuits, les pains, les jus ,  le pizzas , le mambo,le lait en poudre . etc....",1
Ces aliments ont un index de sucre élevé et peuvent conduire à une charge  glycémie élevée si vous ne vous habituez  pas à consommer de façon régulière notre thé naturel au gingembre thérapeutique après vos repas  quotidiens.,1
"Dans Les études épidémiologiques, une alimentation à forte dose de charge glycémique vous expose à un risque accru de cancer colorectal, du cancer du sein pour les femmes (après ménopause), du pancréas.",1
Notre   gingembre est une variété du type asarum canadense et fortement indiqué pour absorber le sucre dans le sang.Il est composé  des feuilles et racines   .Aussitôt consommer il   absorbe tout le sucre contenu dans les aliments que vous avez consommer.,1
Notre objectif n'est pas de vous faire peur ou de vous conseillez d'éviter de consommer  ces céréales et aliments,1
Non Non Non!!! mais plutôt de vous présenter les dangers donc chacun de vous  s'expose et  que si rien n'est fait pour casser le sucre contenu dans ces aliments aussitôt dans l'organisme;,1
d'où l'importance pour chacun d'avoir sa bouteille de 500G  de poudre de gingembre thérapeutique,1
"Posologie : Après chaque repas ,dans un verre d'eau chaud ,introduire  une cuillère à soupe de notre poudre de gingembre thérapeutique et une cuillère à soupe de miel pur.",1
"Nos produits sont conditionnés sous deux grammages 500G et 250G aux prix respectifs de 2500fr et 1250fr et  disponible dans les villes suivantes : Douala, Yaoundé, Bafoussam, Dschang , Bafang, Nkongsamba et on expédie également dans d'autres villes.",1
Contact : 696.32.83.61./680.27.82.87,1
Besoin d'une chambre pour 2  garçons a Moscou,1
A space available in kashirskaya metro for a lady anyone interested should contact this number +79686406841,1
Deux places pour homme disponibles dans une chambre métro Dmitry danskova,1
Transférez de l'argent rapidement et en toute sécurité.,1
Gagnez du temps et de l'argent avec nos services de transactions.,1
Nous transférons votre argent en toute sécurité et sans tracas.,1
Un service pratique de transfert d'argent - toujours à portée de main!.avec les excellents frais ....,2
"Si vous habitez en ligne 9 et vous pourrez me rencontrer pour le travail dans peu de temps, s'il vous plaît, ib",1
✈️✈️✈️✈️✈️✈️✈️✈️✈️✈️✈️✈️✈️✈️✈️✈️✈️✈️✈️ DEPART,1
YDÉ-DLA🇨🇲 -MOSCOU🇷🇺,1
Le 09 Août 2024,1
✅ 23 kg disponible,1
"✅ Envoyez vos documents (diplomes, passports etc...)",1
✅ Envoyez vos petits appareils,1
NB: c'est Yan travel ✈️ qui voyage lui même,1
Yan travel ✈️ (Bien vous servir est notre soucis),2
🚨🚨✈️✈️,1
Départ  mardi 6 août 2024 a 20h,1
Départ. Ryazan Moscou 🇷🇺,1
Arrivée. Douala 🇨🇲,1
* 500 r par document,1
"*850r le kilogramme  envoyez vos colis : Documents, appareils électroniques, tes produits....bref tout ce qui est transportable",1
Plus d'informations ib,1
30 kg disponibles,1
null,1
null,1
null,1
null,1
"8/3/24, 12:53 PM - +237 6 55 93 60 29 joined using this group's invite link",1
"8/3/24, 12:53 PM - +7 925 708-91-81 joined using this group's invite link",1
"8/3/24, 12:53 PM - +375 25 724-46-30 joined using this group's invite link",1
"8/3/24, 12:54 PM - annemogue7 joined using this group's invite link",1
"8/3/24, 12:54 PM - +7 977 961-41-38 joined using this group's invite link",1
"8/3/24, 12:54 PM - +237 6 92 60 40 40 joined using this group's invite link",1
"8/3/24, 12:54 PM - annemogue7 added ~ 🙏DOMINUS VOBIS CUM 🙏 and +237 6 93 52 51 46",1
Hi,1
"8/3/24, 12:56 PM - +7 977 320-50-03 joined using this group's invite link",1
"8/3/24, 12:58 PM - +7 920 920-68-95 joined using this group's invite link",1
"8/3/24, 12:59 PM - +237 6 93 63 89 29 joined using this group's invite link",1
Bienvenue dans la grande famille Africa Nation,2
Spaciba,1
"8/3/24, 1:00 PM - +7 991 922-08-67 joined using this group's invite link",1
Merci,2
"8/3/24, 1:01 PM - +7 915 144-65-31 joined using this group's invite link",1
"8/3/24, 1:05 PM - +7 982 963-42-89 joined using this group's invite link",1
"8/3/24, 1:05 PM - +241 04 29 54 86 joined using this group's invite link",1
"8/3/24, 1:38 PM - FABS IMMIGRATION RUSSIAN joined using this group's invite link",1
Bookings flys✈️🛫🔐,1
"8/3/24, 7:15 PM - Martial changed the group description",1
"8/3/24, 7:16 PM - Martial removed Kevin",1
"8/3/24, 7:55 PM - Kevin was added",1
null,1
Transférez de l'argent rapidement et en toute sécurité.,1
Gagnez du temps et de l'argent avec nos services de transactions.,1
Nous transférons votre argent en toute sécurité et sans tracas.,1
Un service pratique de transfert d'argent - toujours à portée de main!.avec les excellents frais ....,2
C'est vous qui aviez pitié des gens comme ça,1
Signalons son WhatsApp les gars,1
@237657860151,1
Tu devrais tendre l'argent de cette personne.et de tel acte ne saurait être supporter dans cette famille,1
Donc raison pour laquelle tu es expulsé du groupe,1
"8/3/24, 8:06 PM - Martial removed michelvianney123",1
🤝 signalons également son WhatsApp.,1
"🛑🛑🛑 besoin de 30 personnes pour un travail de chantier très facile 09hr-17hr45 ,Fini payé . métro Medvedkovo sortie 2 rencontre 8h00 .",1
N.B: pas de Retard s’il vous plaît les gars . paye 2700. Intéressé ib.,1
"8/3/24, 8:16 PM - +7 905 675-64-99 joined using this group's invite link",1
J'ai besoin d'une chambre pour 2 personnes seulement,1
Celui qui a une chambre viens ib,1
"8/3/24, 9:03 PM - +237 6 78 74 66 12 changed to +7 996 024-94-48",1
Urgent ‼️ 🚨🚨🚨🚨🚨🚨🚨🚨🚨🚨🚨🚨🚨🚨🚨🚨🚨🚨🚨,1
besoin demain de 1 personne de 9h00 - 19h pour nettoyage au magazin au *метро Крылатская payer 2200 ₽ après boulot*,1
NB: *Ecrivez moi en PV* ‼️,1
You are very funny. Honestly,1
Bonjour le nouvel arivage de chaussures a seulement 1000₽,1
Reebok size:36;38,1
Reebok 44;45,1
Nike 44,1
Le Coq sportif size : 44;46 couleur disponibles Blanc,1
Tel : +79362754310,1
Expedition partout en russie au frais du client,1
"Bonjour,je cherche une chambre ou un studio pour un couple c'est vraiment urgent...",1
Studio Available for Rent at metro: Bulvar Dmitry Donskovo.,1
Rent: 27k,1
Caution: 27k,1
Commission: 27k,1
"8/4/24, 12:05 PM - ~ Фуад added +213 781 85 12 13",1
Bonjour à tous.,1
J’ai 3 garçon qui cherche l’appartement,1
Bonjour !,1
Travail longue durée :,1
Besoin de 3 Maçons : 2.800p,1
Nouveau chantier,1
"Métro Таганская ligne 5, sortie 2",1
NB : C'est un nouveau chantier et paiement assurer après 3 jours et emplacement très sécurisé.,1
1.,1
2.,1
3.,1
🛑🛑🛑Besoin de 9 personnes demain pour nettoyage chantier 09hr-17hr45 . rencontre 08hr métro Beloruskaya sortie 3 . paye 2600 après boulot. Intéressé IB .,1
🚨🚨🚨Besoin de 4 personnes demain pour travail de chantier 9h-18h 2700,1
Metro проспект Вернадского sortie 6 à 8h45,1
"8/4/24, 7:02 PM - +7 985 004-91-84 joined using this group's invite link",1
"8/4/24, 9:40 PM - +7 901 581-64-47 joined using this group's invite link",1
"8/4/24, 9:51 PM - +86 136 9748 7153 joined using this group's invite link",1
How much,1
"*Besoin de 05 personnes pour un travail dans un chantier hors de Moscou, le paiement se fait tous les jours 3000r par personne*",1
*Logement offert plus deux repas par jour*,1
*départ demain matin à 9h00*,1
*NB: ce n’est pas OZON*,1
"*Besoin de 15 personnes pour un travail dans un chantier hors de Moscou, le paiement se fait tous les jours 3000r par personne*",1
*Logement offert plus deux repas par jour*,1
*départ demain matin à 9h00*,1
*NB: ce n’est pas OZON* pas besoin de passeport ni de visa ni d'enregistrement 🙏,1
"8/5/24, 1:08 PM - +7 968 402-64-83 joined using this group's invite link",1
Besoin d une personne qui quitte congo pour la russie urgent ( document ),1
Conctacter moi,1
Besoin d une personne qui quitte moscou vers rdc,1
( document ),1
En urgence,1
Besoin d une personne qui quitte moscou vers rdc,1
( document ),1
En urgence,1
🚨🚨✈️✈️,1
Départ  mardi 6 août 2024 a 20h,1
Départ. Ryazan Moscou 🇷🇺,1
Arrivée. Douala 🇨🇲,1
* 500 r par document,1
"*850r le kilogramme  envoyez vos colis : Documents, appareils électroniques, tes produits....bref tout ce qui est transportable",1
Plus d'informations ib,1
30 kg disponibles,1
Yo ! Encore quelques place,1
7 Août,1
Yaoundé -Moscow -Saint-Pétersbourg,1
Uniquement les Documents,1
"🆘 *Chers compatriotes,*🆘",1
"C'est avec une *profonde tristesse* 😢 et un *cœur lourd* ❤️ que je vous écris aujourd'hui pour vous annoncer le *décès tragique de notre frère Joël*, survenu hier à la suite d'un *AVC foudroyant*⚡. Il a été *victime d'une montée de sang dans la tête* et après avoir passé *trois jours à l’hôpital* 🏥, *privé de soins adéquats*, en raison de son *Sa situation irrégulière en Russie 🇷🇺 absence d’assurance maladie*. Joël était arrivé en Russie avec un *visa touristique*🛂, une situation qui, malheureusement, a gravement compromis sa recherche de soins nécessaires. *Ce drame, tragique et évitable*, met en lumière les *dangers* 🚨 découlant des choix d'*immigration illégale*.",0
"Je tiens à faire appel à vous tous qui songez à utiliser des *visas touristiques* 🌍 pour faire venir des personnes susceptibles de *ne jamais retourner* dans leur pays. Il est *grand temps*⏳ de se poser les bonnes questions et de prendre conscience des *dangers encourus* par ces pratiques. Vous êtes sans ignorer que les *nouvelles lois en Russie* 🇷🇺 votez à *Douma* récemment rendent leur intégration presque *impossible*. De plus, celles et ceux qui se trouvent dans une *situation irrégulière* se voient *refuser l’accès* à des *soins de santé fondamentaux* 🚑 en raison de l'absence d'assurance appropriée.",1
"Il serait peut-être plus judicieux et plus *Humain* de s’orienter vers des *invitations étudiantes , d’affaires ou privées* 📚. Contrairement aux *visas touristiques*, qui ont des *dates d'expiration très courtes* 📅 et dont le renouvellement est *impossible* !!!, ces alternatives offrent la possibilité d’un *séjour prolongé*. Elles permettent également une *vraie intégration* dans la société russe, que ce soit par le biais de *diplômes*🎓, de *mariages* 💍, de la *naissance d’enfants* 👶, ou de l’accès à des *opportunités professionnelles*💼. Après tout, ces démarches peuvent être renouvelées et donner une chance réelle à ceux qui souhaitent *s’établir ici*.",1
"De plus, je déclare *solennellement la guerre*⚔️ à ceux qui continuent de solliciter des *visas touristiques* 🛂 pour des fins d'*immigration clandestine* 🚫. Les conséquences de ces actes ne sont plus négligeables et portent atteinte à l'*image de notre communauté camerounaise🇨🇲* 🌍 en Russie 🇷🇺 . Nous devons *agir* 💪 et protéger notre *identité collective*🇨🇲🤝.",1
Nous allons nous pencher *sérieusement* 🔍 sur les pratiques d’*incitations touristiques* et examiner les *intentions* réelles de ceux qui *vendent le rêve* à leur compatriote 🇨🇲avec des invitations Touristiques . Nous nous engageons à les dénoncer devant les *autorités compétentes* 🏛️. Ceux qui *enfreignent la loi* et qui sont les leader de l’immigration clandestine 📜 devront répondre de leurs actes.,1
"Je m'engage personnellement à écrire à l'*ambassade de Russie au Cameroun* 🇷🇺🇨🇲 pour exposer les *abus* liés aux *visas touristiques* accordés sans contrôle rigoureux. Nous savons tous que ces visas se négocient souvent pour une somme conséquente 💰, environ *500 000 CFA* , sans aucune vérification. Peut-être qu'en soulignant cette *réalité* et la *corruption sous-jacente* 🏦, nous pourrons amener à des *changements concrets* 🔄, ceux-là mêmes qui peuvent réduire ce *fléau* 🌪️.",1
"Je n’oublierai pas d’informer les *aéroports de Внуково* ✈️ du Shéma, par où entre de nombreux touristes via *Turkish Airlines* 🇹🇷, ainsi que *Домодедово* 🛬, en leur exposant ce schéma *llégal* rencontré avec les *visas touristiques*.",1
"*Vous savez à quel point je peux être nuisible et infatigable quand le vers d’eau a dépassé le vase , nous vous avons trop observé détruire des familles.*",1
Nous le savons tous trop bien : la *cupidité de certains* 💸 et leur amour incommensurable pour l'*argent* 💵 peuvent mettre en péril des *familles entières* 👨‍👩‍👧‍👦. Il est essentiel de *couper ces ailes*✂️ avant que nous atteignions l’*hécatombe* 💔.,2
"Ensemble, nous pouvons *changer les choses pour le mieux* 🌟. Soyons *responsables* 🛡️ et réfléchissons à nos actes. *La vie de nos frères et sœurs en dépend*💖.",1
Prenons soin les uns des autres et restons *unis* 🤗.,1
"*Respectueusement,*",1
*Bounga Kwagne Gaïus Rufus*,1
*Président dASECAM 🇨🇲* 🎓,1
One Bedroom Apartment Available for Rent at Metro: Tyopliy Stan,1
Rent: 35000r,1
Deposit: 35000r,1
Commission: 16000r,1
Bonsoir !,1
Besoin d'une fille pour le travail de restaurant 10h-22h 2.500,1
"🛑🛑🛑 besoin demain 30 personnes pour un travail de chantier très facile 08h-16h00 ,Fini payé . métro Medvedkovo sortie 2 rencontre 7h30 .",1
N.B: pas de Retard s’il vous plaît les gars . paye 2700. Intéressé ib.,1
Salut famille,1
J’ai besoin de 20 personnes pour un travail de chantier demain matin,1
9h00 à 18h00,1
Payé après le travail,1
2800  roubles,1
Adresse Одинцовский район деревня Жуковка 24А,1
Ils ne lirons même pas ça,1
Merci frère !,2
🛑🛑🛑🛑🛑🛑🛑🛑🛑🛑🛑🛑🛑🛑🛑🛑 🛑🛑🛑🛑🛑🛑🛑🛑🛑🛑🛑🛑🛑🛑🛑🛑🛑🛑🛑🛑 Besoin de 70 personnes demain au,1
métro kaluzhskaya,1
Sortie 4,1
boulot très facil,1
Chez jhonny c'est sans pression L'argent vient toujours.,1
fini payer,1
2500p,1
09h -18h,1
pas de retard 8h 00 au métro,1
1-  jhonny,1
2- faux bébé,1
3- Nelly,1
4- Landry,1
5-  Herman,1
6- Ibrahim,1
7-  Pogba,1
8-  desiré,1
9-Emanuel,1
10-Victor,1
11-Fred,1
12- clinton,1
13- eric,1
14- Vincent,1
15- Fabrice,1
16-  Jacques,1
17-,1
18-,1
19-,1
20-,1
21-,1
22-,1
23-,1
24-,1
25-,1
26-,1
27-,1
28-,1
29-,1
30-,1
31-,1
32-,1
33-,1
34-,1
35-,1
36-,1
37-,1
38-,1
39-,1
40-,1
NB : 🛑🛑🛑boulot très très facil les gars.,1
Une chambre disponible au métro Necrasovka pour filles comme garçons intéressés appelez-moi ou écrivez moi🚨🚨🚨🚨🚨🚨🚨🚨🚨🚨🚨🚨🚨🚨🚨🚨🚨🚨🚨🚨,1
Salut famille,1
J’ai besoin de 20 personnes pour un travail de chantier aujourd’hui matin,1
9h00 à 18h00,1
Payé chaque jour après le travail,1
3000  roubles,1
Vous pouvez dormir sur le chantier,1
Adresse Одинцовский район деревня Жуковка 24А,1
"*Besoin de 05 personnes pour un travail dans un chantier hors de Moscou, le paiement se fait tous les jours 3000r par personne*",1
*Logement offert plus deux repas par jour*,1
*départ aujourd'hui matin à 9h00*,1
*NB: ce n’est pas OZON* <This message was edited>,1
Urgent maintenant métro VDNKh,1
Besoin de 2 personnes,1
Boulot de chantier,1
De 9 :30 a 18h,1
Paiement 2700 directement après le boulot,1
Urgent maintenant métro VDNKh,1
Besoin de 2 personnes,1
Boulot de chantier,1
De 9 :30 a 18h,1
Paiement 2700 directement après le boulot,1
Bonjour,1
Urgemment besoin d'une fille pour le travail de restaurant 10h-22h 2500 paiement après le travail,1
"8/6/24, 12:18 PM - Stephanie1 added ~ милкес",1
‎Open this link to join my WhatsApp Group: https://chat.whatsapp.com/E1qcc8fymKk9ywjdFmNckx,1
Ok,1
Salut famille,1
J’ai besoin de 25 personnes pour un travail de chantier demain matin,1
9h00 à 18h00,1
Payé chaque jour après le travail,1
3000  roubles,1
Vous pouvez dormir sur le chantier,1
Adresse Одинцовский район деревня Жуковка 24А,1
"Intéressé, écrivez votre nom sur la liste",1
1 pierre,1
2 giscard,1
3 ДОН АРМЕЛЬ,1
4 jean loua,1
5 takam,1
6 Jordan,1
7 prince,1
8 Landry,1
9 Gaël,1
10,1
11,1
12,1
13,1
14,1
15,1
16,1
17,1
18,1
19,1
20,1
21,1
22,1
23,1
24,1
25,1
Ajoute votre nom svp,1
"*Besoin de 15 personnes pour un travail dans un chantier hors de Moscou, le paiement se fait tous les jours 3000r par personne*",1
*Logement offert plus deux repas par jour*,1
Dernier pour ce*départ demain matin à 9h00*,1
Pas besoin de passeport ni de visa ni d'enregistrement 🙏 🙏 soyons juste à temps,1
*NB: ce n’est pas OZON*,1
Malhonnête,1
"Bonsoir mes chers frères j'ai besoin d'une sim MTN    ou orange propre au Cameroun si vous en avez une, veillez me contacter. Merci <This message was edited>",2
🚨🚨🚨🚨🚨🚨✈️✈️✈️✈️✈️✈️23kg  disponible,1
pour le départ,1
Douala-Moscou,1
Le 15 août 2024,1
Nous prenons,1
aussi les documents .les téléphones et autres,1
Intéressé inbox,1
Envoi de colis,1
Moscou>>>>Bamako,1
1kg à 1000rouble un document à 1000rouble,1
Jour du départ le 15 Août 2024. Les intéressé peuvent nous contacter au +79778566707,1
Salut famille,1
J’ai besoin de 25 personnes pour un travail de chantier demain matin,1
9h00 à 18h00,1
Payé chaque jour après le travail,1
3000  roubles,1
Vous pouvez dormir sur le chantier,1
Adresse Одинцовский район деревня Жуковка 24А,1
"Intéressé, écrivez votre nom sur la liste",1
1 elie,1
2 giscard,1
3 ДОН АРМЕЛЬ,1
4 jean loua,1
5 takam,1
6 Jordan,1
7 prince,1
8 Landry,1
9 Gaël,1
10 pierre,1
11 kamer1,1
12 kamer2,1
13 rames,1
14 Moussa,1
15 Roger,1
16 bienvenu,2
17 Andrew,1
18,1
19,1
20,1
21,1
22,1
23,1
24,1
25,1
Ajoute votre nom svp,1
✈️✈️✈️✈️✈️✈️✈️,1
Bonjour la famille,1
🛫Départ saint Petersbourg-Moscou - Douala Cameroun le 22 Août,1
🛫 23 kilos à vendre,1
🛫places pour les documents,1
"🛫Places pour vos petits appareils,téléphone, médicaments et autres",1
🛫Faites nous savoir vos besoins au +79921948860,1
🛑🛑🛑 besoin de 3 personnes pour le métro Beloruskaya sortie 3 pour nettoyage chantier 09hr-17hr45. Heure de rencontre 08hrs. Paye 2600 . intéressé IB,1
"*BESOIN DE 6 PERSONNES (HOMMES), pour un travail d'école très facile métro FILATOV LUG sortie 1 à 5min à pieds du métro, de 9h à 17h45, pour 2600, intéressé ib*",1
Je veux votre opinion honnête : est-il acceptable d’appeler la police contre votre compatriote africain même lorsque la personne démontre qu’elle est impénitente ?,1
🚨🚨🚨Besoin de 2 personne pour compléter l’effectif demain pour un travail de 🏗️ au métro молодежная,1
Pas de taches difficiles car demain est un jours de commission et les grands patrons seront là .,1
9h -18:00 avec 1 heure de pause (13:00-14:00)salaire 2500p directement après le boulot.,1
Intéressez écrivez ib,1
1,1
2,1
"*Besoin de 15 personnes pour un travail dans un chantier hors de Moscou, le paiement se fait tous les jours 3000r par personne*",1
*Logement offert plus deux repas par jour*,1
Dernier pour ce*départ aujourd'hui matin à 9h00*,1
Pas besoin de passeport ni de visa ni d'enregistrement 🙏 🙏 soyons juste à temps,1
*NB: ce n’est pas OZON* <This message was edited>,1
Bonne fête de l'indépendance à la famille 225 🇨🇮🇨🇮🇨🇮🇨🇮🇨🇮🇨🇮🇨🇮,1
🤗😇 Avez-vous vu cette???,1
*Momo le confirmer de * vous envoie un message surprise,1
💁 Ouvre Ceci,1
👇👇👇👇,1
1message.co.in/ic/?n=Momo-le-confirmer-de-&t=w,1
Urgent besoin de 2 personnes maintenant au metro ulitsa gorchakova,1
Travail de chantier de 9 h a 18h,1
Payement 2800 après boulot,1
Any single room for renting around Bulvar Dmitriya Donskongo,1
*TERRAIN TITRE à vendre à Yaoundé*,1
"*SOA :* A partir de 200 m2, à 1.500.000 FCFA avec dossier technique à l'appuie. Possibilité de payer en plusieurs tranches (Avance 750.000 FCFA et le reste 10.000 FCFA/semaine) pour ceux qui n'ont pas de cash.",1
"*NKOMETOU :* A partir de 200 m2, à 1.800.000 FCFA avec le dossier technique à l'appuie. Possibilité de payer en plusieurs tranches (Avance 1.000.000 FCFA et le reste 10.000 FCFA/semaine) pour ceux qui n'ont pas de cash.",1
Les visites des sites se font sous réservation tous les samedis à partir de 8h.,1
Une Occasion à ne pas râté ☺️,1
📱: wa.me/+237675990628,1
Soa a quel niveau?,1
Bonjour j'ai besoin d'un terrain 400m² avec titre foncier mendong ( eloumdem),1
Departure confirmed!!,1
25th August 2024,1
Vnukovo to Abuja,1
Kilos available. Can also take your documents and stuff!,1
Le départ confirmé !,1
"25th août, 2024",1
Vnukovo à Abuja,1
Il y des kilos disponibles. On peut prendre vos documents aussi,1
J’ai besoin d’une chambre simple autour de Bulvar Dmitriya Donskongo,1
2 place disponible pour garçon dans un appartement a domodedovskya 15min du métro (sortie 9) bus payant,1
Loyer 10000,1
Commission 0,1
NB la propriété exigé,1
32000+32000+16000,1
Ново шоссе 8,1
✈️📦✈️📦✈️📦📄📄📄,1
Départ disponible chez les *Frères sang*,1
Les dates récentes sont maintenant connues.,1
Moscou🇷🇺-Abidjan 🇨🇮 Le 12 Août,1
Bamako 🇲🇱- Moscou le 26 Août,1
Viens faire ta propre expérience avec les *FS* en envoyant tes colis,1
Plus d'informations +7996 967 49 48,1
Bookings flys✈️🛫🔐,1
* *SOA* à 15 minutes de l'université en bordure de la grande route allant jusqu'à ESSE en construction.,1
* *NKOMETOU* juste avant le payage automatique sur une voie principale.,1
✅ Site sec et accessible en toutes saisons,1
"✅ Terrains titrés, zone habitable et électrifiée",1
✅ Domaine traversé par la route SOA/ESSE,1
✈️✈️✈️✈️✈️✈️✈️✈️✈️  voyage prevu le 15 Aout. MOSCOU-DOUALA,1
Envoyez Vos documents et petit colis,1
One Bedroom Apartment Available for Rent at Metro: Tyopliy Stan,1
Rent: 35000r,1
Deposit: 35000r,1
Commission: 16000r,1
🚨🚨✈️✈️,1
Départ disponible chez les *Frères sang*,1
Les dates récentes sont maintenant connues.,1
Moscou🇷🇺-Abidjan 🇨🇮 Le 12 Août,1
Bamako 🇲🇱- Moscou le 26 Août,1
"Viens faire ta propre expérience avec les *FS* en envoyant tes colis , Documents, appareils électroniques, tes produits....en tout ce qui est transportable",1
Plus d'informations +7996 967 49 48,1
Besoin d'une personne pour travail d'école métro tiioplistan travail très facile pour homme 2600 après le travail de 9h à 17h45,1
"Svp, veuillez cliquez sur le lien en bas de la vidéo pour vous abonner et recevoir les prochaines videos en mode mise à jour regardant l'immigration américaine.",1
Merci,2
Bonjour j'aurais besoin de deux filles pour le nettoyage,1
null,1
🛑 nouvelle arrivage de vetement,1
Dior : couleur vert,1
"size:l, xl",1
Fendi: couleur blanche,1
size: 3xl,1
Burberry: couleur blanche size:3xl,1
Fendi : couleur Belge,1
size:M,1
Louis Vuitton : couleur marron size:2xl,1
Fendi: couleur gris,1
size: M,1
Prix: 1000₽,1
Bonjour le nouvel arivage de chaussures a seulement 1000₽,1
Reebok size:36;38,1
Reebok 44,1
Nike 41;42;43;44;45;46,1
Le Coq sportif size : 44;46 couleur disponibles Blanc,1
Tel : +79362754310,1
Expedition partout en russie au frais du client,1
Bjr besoin d' une personne pour nettoyage d une maison,1
Salut famille,1
J’ai besoin de 6 personnes pour un travail de chantier demain matin,1
9h00 à 18h00,1
Payé après le travail,1
2800  roubles,1
Adresse: Одинцовский район деревня Жуковка 24А,1
Métro молодёжная sortie 1,1
Après tu prends le bus 121,1
"🚨🚨🚨🚨 aujourd’hui en Russie , les gens ne dirons plus : je ne savais pas . Telle est notre projet . New post 🆕✉️; moment fort : à partir du 5 février cette loi commencera à fonctionner . Les déportation pourront être directement signé au poste de police . Partager c’est sauver des vies . Informe ton voisin",1
👍vas t’informer gratuitement si tu ne savais pas,1
‎Suivez ce lien pour intégrer mon Groupe WhatsApp  : https://chat.whatsapp.com/CgXoIAm6Tb8FiO3NocdqaK,1
Salut famille,1
J’ai besoin de 6 personnes pour un travail de chantier demain matin,1
9h00 à 18h00,1
Payé après le travail,1
2800  roubles,1
Adresse: Одинцовский район деревня Жуковка 24А,1
Métro молодёжная sortie 1,1
Après tu prends le bus 121,1
Salut besoin urgement d une personne qui quitte moscou vers rdc ( kinshasa ),1
Document a ammener,1
5000 rouble  disponible,1
Ecrivrez moi,1
CHAUD 🔥🔥🔥♨CHAUD CHAUD 1000 M² À VENDRE À NKOLBISSON LIEU DIT BÉATITUDE AU PRIX DE 6500F LE M² AU LIEU DE 10000F QUARTIER HABITÉ ET ÉLECTRIFIÉ,1
MORCELLABLE DES 200 M²,1
670479256 /695270039 /620276894,1
*Découvrez les différents livres au programme pour l'année scolaire 2024/ 2025 avec les différents prix et passez vos commandes*,1
Passez aussi la commande de tout autre fourniture scolaire,1
Voici les différentes Spécialités en Enseignement Technique.,1
*F1* = Fabrication Mécanique,1
*F2* = Électronique,1
*F3* = Electrotechnique,1
*F4BA* = Génie civil option Bâtiments,1
*F4BE* = Génie civil option  Bureau d'Etude,1
*F4GT* = Génie civil option Géomètre Topographe,1
*F5* = Froid et climatisation,1
*F6* = Chimie industrielle,1
*F7* = Laboratoire Beotech et Biolab,1
*F8* = Médecine,1
*MEM* = Maintenance Electro Mécanique,1
*MA* = Mécanique Automobile,1
*CH* = Chaudronnerie,1
*IS* = Installation Sanitaire,1
*AMEB* = Menuiserie et Ebenisterie,1
*MAGE* = Menuiserie d'Agencement,1
*MHB* = Maintenance Hospitaliere et biomédicale,1
*IH* = Industrie d'habillement,1
*MISE* = Maintenance et installation des systèmes de sécurité,1
*MEA* = Maintenance des Engins Agricoles,1
*MVT* = Maintenance des Véhicules de Tourisme,1
*MVPL* = Maintenance des véhicules Poids Lourds,1
*MAV* = Maintenance Audio-visuelle.,1
*STT* = Sciences et Technologies du Tertiaire,1
*ESF* = Économie sociale et familiale,1
*ACA* = Action et Communication Administratives/Secrétariat,1
*ACC* = Action et Communication Commerciales/Marketing,2
*CG* = Comptabilité et Gestion,1
*FIG* = Fiscalité et Informatique de Gestion ;,1
*SES* = Sciences Économiques et Sociales,1
*HOTO* = Hôtellerie et Tourisme,1
*ESCOCO* = Esthétique Coiffure et Cosmétique.,1
null,1
*12 raisons pour lesquelles la lecture de livres devrait faire partie de votre vie :*,1
"1. Autoroute du savoir : les livres offrent un vaste réservoir de connaissances sur pratiquement n'importe quel sujet imaginable. Plongez profondément dans l'histoire, la science, la philosophie ou explorez de nouveaux passe-temps et intérêts.",1
"2. Vocabulaire amélioré : La lecture régulière vous expose à un éventail plus large de vocabulaire, améliorant vos compétences en communication et votre compréhension.",1
"3. Boost de mémoire : des études suggèrent que la lecture peut aider à aiguiser votre mémoire et votre fonction cognitive, tout en gardant votre esprit actif et engagé.",1
"4. Réduction du stress : se ralentir avec un bon livre peut être une forme d'évasion mentale, offrant un sursis temporaire des angoisses quotidiennes et une chance de se détendre.",1
"5. Amélioration de la concentration et de la concentration : dans le monde d'aujourd'hui, plein de distractions, la lecture renforce votre capacité à vous concentrer et à vous concentrer pendant de longues périodes.",1
6. Empathie et perspective : entrer dans la peau des personnages fictifs vous permet de développer l'empathie et d'acquérir une compréhension plus approfondie des différentes perspectives.,1
"7. Créativité améliorée : La lecture vous expose à de nouvelles idées et processus de réflexion, ce qui peut susciter votre propre créativité et vos compétences en résolution de problèmes.",0
"8. Compétences d'écriture plus fortes : vous plonger dans une prose bien écrite peut améliorer votre style d'écriture, votre structure de phrase et la clarté générale de la communication.",2
"9. Amélioration de la qualité du sommeil : échangez le temps d'écran contre un livre avant de dormir. La nature apaisante de la lecture peut vous aider à vous détendre et à vous détendre, favorisant une meilleure qualité de sommeil.",1
Transférez de l'argent rapidement et en toute sécurité.,1
Gagnez du temps et de l'argent avec nos services de transactions.,1
Nous transférons votre argent en toute sécurité et sans tracas.,1
Un service pratique de transfert d'argent - toujours à portée de main!.avec les excellents frais ....,2
"8/9/24, 10:52 AM - ~ Tedyjonesyvanna added ~ La Princesse De Papa 💕👨‍👧",1
Salut besoin urgement d une personne qui quitte moscou vers rdc ( kinshasa ),1
Document a ammener,1
5000 rouble  disponible,1
Ecrivrez moi,1
null,1
"8/9/24, 2:59 PM - ~ Offman added ~ си",1
null,1
Да,1
Salut besoin urgement d une personne qui quitte moscou vers rdc ( kinshasa ),1
Document a ammener,1
5000 rouble  disponible,1
Ecrivrez moi,1
"8/9/24, 5:43 PM - +7 925 068-36-67 joined using this group's invite link",1
"8/9/24, 5:43 PM - +7 999 745-39-48 joined using this group's invite link",1
"8/9/24, 5:52 PM - +7 999 523-95-32 joined using this group's invite link",1
"8/9/24, 6:31 PM - +7 926 014-58-50 joined using this group's invite link",1
"8/9/24, 6:46 PM - +7 951 764-41-88 joined using this group's invite link",1
"8/9/24, 6:55 PM - +7 901 738-23-65 joined using this group's invite link",1
"8/9/24, 7:22 PM - +7 920 717-29-36 joined using this group's invite link",1
"8/9/24, 7:27 PM - +237 6 88 02 04 79 joined using this group's invite link",1
"8/9/24, 7:28 PM - +237 6 88 02 04 79 was added",1
"8/9/24, 7:28 PM - Kevin and +237 6 88 02 04 79 left",1
Intéressé,1
Pointure 44,1
"8/9/24, 8:05 PM - +237 6 91 90 69 55 joined using this group's invite link",1
"8/9/24, 8:21 PM - +7 982 445-20-41 joined using this group's invite link",1
null,1
Besoin d'un ou d'une assagiste Inbox 📥,1
null,1
null,1
null,1
"8/9/24, 9:55 PM - +7 996 447-56-10 joined using this group's invite link",1
Besoin d'une personne pour travail d'école métro tiioplistan travail très facile pour homme 2600 après le travail,1
"8/9/24, 11:31 PM - +7 996 447-27-64 joined using this group's invite link",1
"8/10/24, 12:12 AM - +237 6 52 79 20 06 joined using this group's invite link",1
⚠️🚨✈️📦✈️📄✈️🧳✈️,1
Départ disponible chez les *Frères sang*,1
Moscou🇷🇺-Abidjan 🇨🇮 Le 12 Août,1
*Dernier délai le 11 août soir*,1
Nous continuons à recevoir. Belle opportunité pour toutes les personnes qui se trouvent à Moscou.,1
"8/10/24, 7:17 AM - +7 996 080-73-38 joined using this group's invite link",1
"8/10/24, 7:42 AM - +7 989 602-20-10 joined using this group's invite link",1
"8/10/24, 10:05 AM - +7 914 939-12-78 joined using this group's invite link",1
**Bonjour la famille.,1
Depart 26 /09/2024 douala  🇨🇲_____ Moscow.,1
Juste les documents 📃📃,1
Ancient en russie.**,1
"8/10/24, 11:24 AM - пене эрмест added Noel Nkengue",1
Je dois envoyer les colis en Russie lundi depuis la chine donc vous pouvez encore passer votre commande ça arrive en 15 jours,1
Ceci vient aussi de la Chine 🇨🇳? Parceque je sais qu'ils sont trop fort <This message was edited>,1
Ce sont des produits alimentaires camerounais,1
"J'ai besoin d'une femme pour travailler dans un bar de 10 à 22 ans, paiement après le travail 2500 roubles, une fille intéressée devrait m'écrire",1
Intégrer le groupe nous allons chercher l'argent ensemble  https://chat.whatsapp.com/Cj7N24ZUgpfCBIsHmyMcuG,1
GINGEMBRE THÉRAPEUTIQUE (variété asarum canadense),1
: PUISSANT APHRODISIAQUE,1
Sur le plan sexuel les vertus de cette  plante sont extraordinaires.,1
Notre gingembre thérapeutique  est un ensemble   composé  des feuilles et des racines de gingembre .   Nos  produits sont  uniques et efficace   au niveau de  la libido.,1
Non seulement  cette plante facilite et stimule l'afflux du sang nécessaire  à   l'érection du pénis et du clitoris; mais Il  participe également à l'endurance et la vitalité sexuelle de l'homme.,1
Il a les  effets bénéfiques sur la fertilité masculine.,1
il stimule la production de spermatozoïdes en cas de consommation régulière.,1
NB : Boire de façon régulière après ses repas quotidiens au moins 2 fois par jour sur une période 1 à 2 semaines et vos  performances sexuelles vont s'améliorer au fur et à mesure que vous allez poursuivre le traitement car le produit travail dans  l'optique de purifier et nettoyer votre sang .,1
Posologie : Dans un verre d'eau chaud ; introduire 1 cuillère à soupe de notre poudre de  Gingembre thérapeutique+ 1 cuillère à soupe miel pur./,1
Contacts: 696.32.83.61/678.04.83.38./ 696.02.24.34,1
Disponible dans toutes les villes en bouteilles de 1L contenant 500G  et 1/2litre contenant 250G de gingembre thérapeutique aux prix respectifs de 2500fr et 1250fr,1
✈️✈️ Moscou 🇷🇺✈️Douala 🇨🇲,1
*Le 15.08.2024*,1
✅ 23 kilos disponibles,1
✅ Documents attendus,1
✅ Appareils électriques et petits colis 📦,1
STAY TUNED for more goods news,1
*Vous faciliter la tâche c'est mon credo 🫡*,1
Salut famille,1
J’ai besoin de 6 personnes pour un travail de chantier demain matin,1
9h00 à 18h00,1
Payé après le travail,1
2800  roubles,1
Adresse: Одинцовский район деревня Жуковка 24А,1
Métro молодёжная sortie 1,1
Après tu prends le bus 121,1
Quelle ville,1
J'en ai besoin,1
👑SPECIALE PROMO👑,1
CENTRE -MBANKOMO,1
*Quartier* NKOLTSAM/MBANKOMO,1
*Superficie* 23 ha dispo,2
*Prix :* 1.200  Francs CFA / m²,1
Titre_ Foncier :N°1495/MAK Vol 24 F° 97.,1
"*Description :* située à 12 kms de Total Nomayos , 5 kms de l'axe lourd Yde-Dla entrée à droite avant le péage, accessible, partageant un ruisseau et route secondaire sur ses limites naturelles. Morcelable à partir de 5000 m² !!!",1
Transactions par devant Notaire !!!,1
670479256 / 6 95 27 00 39  /620276894,1
Consultez le lien ci-dessous pour accéder à plus d'offres.,1
Toujours Moscou,1
2 place pour fille disponible dans une chambre pour 3 . situé a 15 min du métro domodedovskya bus payant ( 50r),1
Loyer 10000,1
Commission 0,1
NB: propriété exigé et  moins de bagages,1
Besoin de 20 garçons pour un boulot de chantier pas compliqué.,1
Heure : 08h - 18h,1
Salaire : 2600p,1
"Метро новопеределкино , выход 4",1
1- stiv,1
2- Cédric de van,1
3- samba,1
4- Coulibaly 1,1
5- Coulibaly 2,1
6- omar,1
7- Malick,1
8- Abdoulaye,1
9- Pouye,1
10- jaMbang sainey,1
11- papa Camara,1
12- cabral,1
13- Louis,1
14- Samba camara,1
15- ismaila ba,1
16- van,1
17- Joel,1
18- Dahane,1
19- prince,1
20- zanotti,1
21 - Kofi,1
22- onction,1
23 - jeancy,1
24 - pascal,1
25- van,1
26 - cherie,1
27 - don,1
28 - incredible,1
N.B : pas de retard!!,1
Venez avec vos passeports !!!,1
Liste fermée🔐🔐🔐,1
Nos salutations respectueuses à tous.,1
"Nous sommes deux frères à la recherche d'un appartement Idéalement, nous souhaiterions un appartement de deux chambres, ou alternativement un appartement d'une chambre avec un salon que nous pourrions transformer en chambre.",1
Nous vous remercions sincèrement pour votre attention et sommes impatients de recevoir votre réponse.,2
Ib,1
🌟VENTE2TERRAIN🌟,1
CENTRE -MAF,1
*Quartier* SOA/Ntuissong,1
*Superficie* +de 100 hectares morcelables à partir de 1000 m².,2
*Prix :* 1500 F CFA /m²,1
"*Titre_ Foncier*:N°34.286 MAF, vol 172 , Folio 99",1
"*Description :* située à  14 kms de fin goudron SOA,titré et lotis pour vos projets agicoles élevage... Etc. Situés pas loin de l'axe Esse-Soa en construction",1
*695270039 / 670470256 / 620276894*,1
🚨🚨🚨🚨🚨🚨🚨✈️✈️,1
"Départ Moscou🇷🇺-Abidjan 🇨🇮 Le 24 Août , arrivée 25 août",1
1kg = 800₽,1
Documents 800₽,1
disponible : 40kg,1
Contacts:+79919231429,1
Lundi 12 août 2024,1
*Saintes Jeanne-Françoise de Chantal et Clarisse*,1
19ème lundi ordinaire,1
*Doit-on payer l'impôt ?* 👇,1
One Bedroom Apartment Available at МЦД Люберцы,1
Rent: 35000r,1
Caution: 35000r,1
Commission:15000r,1
"If Interested, DM 89205155974",1
THÉ CURCUMA-GINGEMBRE,1
les bienfaits thérapeutiques :,2
1- Véritable Detoxifiant  de l'organisme,1
2-Nettoye et  purifie le sang,1
3-Renforce le système immunitaire.,1
4- Bien pour la digestion.,2
5-Previens le diabète et lutte contre le rhumatisme.,1
6- véritable anti-inflammatoires naturel.,1
"7-Riche en vitamine C, B1,B2, E, K,en sels minéraux",1
8-Antidepresseur naturel,1
"9- Préviens et soulage la toux, rhume, nausées et maux de gorge",1
10-Nettoye le foie,1
11- VÉRITABLE PUISSANT APHRODISIAQUE,1
Composition des deux produits : feuilles et racine de curcuma thérapeutique variété longa+ feuilles et racine de gingembre thérapeutique variété assarum canadense.,1
"Posologie : dans un verre d'eau chaud, introduire une cuillère à café de notre poudre de curcuma+ une cuillère à soupe de notre poudre de gingembre+ une cuillère à soupe de miel+ citron (selon votre convenance).",1
Disponibles à Douala Yaoundé Bafoussam nkongsamba et on expédie.,1
PRIX : 1000fr la boîte de 125G de curcuma et 1250fr la bouteille de 250G de gingembre,1
Contacts : 696.32.83.61/680.27.82.87,1
Moscow  Abidjan when please?,1
Bookings flys✈️🛫🔐,1
*COMMENT S'EFFECTUE LE PAIEMENT D'UN TRAVAIL DE 3.000 ROUBLES (par jour) 2 FOIS PAR MOIS.*,1
"Si par exemple tu débutes le travail le 01/05/2024, tu auras d'abord une avance  de 10.000 roubles après  2 semaines (donc le 15/05/2024). Cet argent te permettra de payer le transport pour aller au boulot.",1
"Une fois que tu obtiens cette première avance, tu obtiendras encore la deuxième avance de 10.000 roubles à la fin du mois (30/05/2024).",1
"Maintenant pour obtenir tout ton argent, tu vas calculer le nombre de jours que tu as travaillé multiplié par le montant de ton salaire (3.000 roubles) moins le montant total de l'argent que tu as reçu comme avance (donc 20.000 roubles). Donc tout ton argent là, tu vas l'obtenir le 15/06/2024.",1
"Après avoir obtenu ton salaire, tu dois continuer ton travail et tu vas encore obtenir l'autre avance (de 10.000 roubles) le 01/07/2024. Et après, tu vas encore obtenir l'autre avance le 15/07/2024. Et après, tout salaire tu l'auras le 15/08/2024.",1
Salaire= Nombre de jours que tu as travaillé X montant de ton salaire (3.000). La somme générale obtenue moins 20.000 roubles (l'argent des avances que tu avais déjà reçu le 1er et le 15).,1
N.B: Cet type de boulot paie 3.000 roubles mais il faut savoir qu'il y a trop de straf (5.000 roubles à 10.000 roubles).,1
"Et en plus tu es censé partir tous les jours au boulot et tu n'auras qu'un jour de repos dans la semaine. Si tu es absent au boulot sans raison valable, on te straf (5.000 roubles).",1
*Voilà un peu comment ça se passe.*,1
✈️✈️✈️✈️✈️✈️,1
Départ de Moscou - Douala - Yaoundé  le 25 Août,1
*35 kg disponible*,1
• documents,1
• électronique,1
• autres colis,1
● possibilité d'expédier  les colis a l'arrivée dans d'autres villes à vos frais.,1
*Prix du colis 800p*,1
*N.B: ancien en Russie!!!*,1
Pour plus infos:  +237698351094,1
Finalité?,1
Bonsoir svp j'ai besoin des personnes qui font dans ça le plus rapidement possible,1
"💎 *Flash BTC/usdt (erc20/trc20 ,bep20) disponible*",1
💎 *Flash tron ​​et vrai Tron disponibles*,1
💎 *Flash ETHEREUM disponible*,1
💎 *Shiba disponible,1
📍FLASH BTC,1
📍FLASH USDT,1
📍FLASHETH,1
📍FLASH FANTOM BTC/USDC.,1
Salutations ! *Shiba disponible,1
📍FLASH BTC,1
📍FLASH USDT,1
📍FLASHETH,1
📍FLASH BANQUE,1
📍FLASH FANTOM BTC/USTC,1
DOUALA🇨🇲-MOSCOU🇷🇺,1
👉14.08.2024,1
👉21.08.2024,1
✅23kilos disponibles,1
✅Envoyez vos documents,1
✅petit colis,1
*Découvrez les différents livres au programme pour l'année scolaire 2024/ 2025 avec les différents prix et passez vos commandes*,1
Passez aussi la commande de tout autre fourniture scolaire,1
"8/13/24, 7:25 AM - +7 977 864-11-52 joined using this group's invite link",1
*PLACE DISPONIBLE CHEZ MK GLOBAL SERVICE*,1
*LOYER (rent) :* 8.000₽,1
*Caution (deposit) :,1
*COMMISSION :* 2.000 ₽,1
Imbox Pour plus de détails soit en appel téléphonique sur les numéros suivants :,1
Infos : +7 (977) 856-67-07,1
+7(909)908-34-93,1
Necessary premises to check before engaging in a deal . #DueDiligence,1
✈️✈️Douala 🇨🇲 ✈️ -Moscou 🇷🇺,1
Le 14.08.2024,1
✅ 46 kilos disponibles,1
✅ Documents attendus socsoc 😅,1
"✅ Appareils, médicaments et autres accessoires électroniques !",1
Image!!!,1
Has done what,1
"8/13/24, 9:18 PM - Martial updated the message timer. New messages will disappear from this chat 90 days after they're sent, except when kept.",1
"8/17/24, 2:08 PM - +7 996 447-27-64 added ~ Armel🦺👷🏾‍♂️🫴🏼",1
"8/18/24, 9:58 AM - ~ 𝗖𝗮𝘀𝗵 𝗠𝗼𝗻𝗲𝘆 𝗧𝗿𝗮𝗻𝘀𝗳𝗲𝗿 added ~ ROLAND GARUIS",1
"8/19/24, 9:12 AM - +7 917 572-46-66 changed to +237 6 75 41 02 07",1
"8/21/24, 10:29 PM - +237 6 98 51 38 00 joined using this group's invite link",1
"8/22/24, 9:42 PM - +7 995 288-74-55 changed their phone number to a new number. Tap to message or add the new number.",1
"8/24/24, 7:51 PM - Prono added ~ Кристиан 🙂",1
"8/25/24, 3:24 PM - +7 996 433-62-69 was added",1
"8/25/24, 3:24 PM - ~ Merveille left",1
"8/25/24, 7:53 PM - ~ SniperSGK added +7 923 731-59-76",1
"8/29/24, 12:27 PM - +7 925 082-69-05 joined using this group's invite link",1
"8/29/24, 12:29 PM - +237 6 76 16 56 71 joined using this group's invite link",1
"8/29/24, 8:38 PM - +237 96303456 joined using this group's invite link",1
"8/29/24, 10:52 PM - Martial removed ~ matilda",1
"8/29/24, 11:50 PM - +7 996 475-91-13 joined using this group's invite link",1
"8/30/24, 12:00 PM - ~ Zoe Ngalibaki 🫶🏽🥰💋💵💵💎📸 was added",1
"8/30/24, 12:00 PM - ~ 79911363805 was added",1
"8/30/24, 12:00 PM - ~ Alex was added",1
"8/30/24, 12:01 PM - +237 6 90 34 32 25 and +7 992 162-28-41 were added",1
"8/30/24, 12:01 PM - ~ Zoe Ngalibaki 🫶🏽🥰💋💵💵💎📸 left",1
"8/30/24, 12:05 PM - +237 97325293 joined using this group's invite link",1
null,1
"8/31/24, 1:10 PM - ~ gsoreille added ~ Emilia Ango",1
"8/31/24, 1:26 PM - Martial added lori Cynthia and +237 6 58 92 95 33",1
"8/31/24, 1:27 PM - Martial updated the message timer. New messages will disappear from this chat 24 hours after they're sent, except when kept.",1
"8/31/24, 1:27 PM - Martial changed this group's settings to allow only admins to send messages to this group",1
"8/31/24, 1:27 PM - Martial changed the settings so all members can edit the group settings",1
"8/31/24, 1:28 PM - Martial changed this group's settings to allow all members to send messages to this group",1
"8/31/24, 1:28 PM - Martial changed the settings so only admins can edit the group settings",1
"8/31/24, 1:33 PM - Martial changed the group description",1
Bienvenue dans le groupe Africa Nation 🌍,2
Pour nos services,1
#Promotion culturel et événementiel,1
#Publicités sur notre plateforme,1
#Transfer d'argent via l'Afrique,1
#financement,1
Pour tout besoin bien vouloir,2
Contacter+79533569983,1
"8/31/24, 1:34 PM - Martial pinned a message",1
"8/31/24, 9:25 PM - ~ Belle added ~ Alhassane Messi Camara",1
"8/31/24, 11:01 PM - ~ Alhassane Messi Camara added ~ Stick Barry",1
"9/1/24, 7:58 AM - Martial pinned a message",1
"9/1/24, 12:57 PM - +237 6 95 59 13 17 joined using this group's invite link",1
"9/2/24, 8:21 AM - +243 826 105 617 joined using this group's invite link",1
"9/2/24, 8:22 AM - +237 6 96 96 06 71 joined using this group's invite link",1
"9/2/24, 8:23 AM - +225 0555960783 joined using this group's invite link",1
"9/2/24, 8:25 AM - +254 713 820512 joined using this group's invite link",1
"9/2/24, 8:29 AM - +223 75 45 65 65 joined using this group's invite link",1
"9/2/24, 8:36 AM - +237 6 81 63 74 15 joined using this group's invite link",1
"9/2/24, 8:38 AM - +7 991 866-74-22 joined using this group's invite link",1
"9/2/24, 6:31 PM - +237 6 82 32 09 22 joined using this group's invite link",1
"9/2/24, 6:33 PM - +7 989 072-56-66 joined using this group's invite link",1
"9/2/24, 6:37 PM - +237 6 95 16 48 89 joined using this group's invite link",1
"9/2/24, 6:38 PM - +237 6 95 52 32 76 joined using this group's invite link",1
"9/2/24, 6:48 PM - +7 962 632-01-11 joined using this group's invite link",1
"9/2/24, 7:09 PM - +7 977 837-79-59 joined using this group's invite link",1
"9/2/24, 8:49 PM - +7 915 217-97-88 joined using this group's invite link",1
"9/3/24, 12:30 AM - +7 962 333-11-45 joined using this group's invite link",1
"9/3/24, 8:13 PM - +32 465 90 64 31 joined using this group's invite link",1
"9/6/24, 10:32 AM - +7 901 752-68-79 left",1
"9/6/24, 1:45 PM - +7 908 300-61-89 added ~ julietchuinte21",1
"9/6/24, 1:59 PM - Martial pinned a message",1
"9/12/24, 1:05 PM - Фильм Лиза added ~ Саша",1
"9/13/24, 2:54 PM - +224 611 99 22 19 changed their phone number to a new number. Tap to message or add the new number.",1
"9/17/24, 12:06 AM - +7 915 473-33-17 joined using this group's invite link",1
"9/17/24, 12:07 AM - +237 6 73 30 04 33 joined using this group's invite link",1
"9/17/24, 12:07 AM - +243 846 815 639 joined using this group's invite link",1
"9/17/24, 12:09 AM - +237 6 94 97 63 29 joined using this group's invite link",1
"9/17/24, 12:11 AM - Wayne joined using this group's invite link",1
"9/17/24, 12:25 AM - +7 915 108-15-76 joined using this group's invite link",1
"9/17/24, 12:26 AM - +237 98710094 joined using this group's invite link",1
"9/17/24, 12:43 AM - +7 915 307-91-92 joined using this group's invite link",1
"9/17/24, 12:56 AM - +7 904 551-48-63 joined using this group's invite link",1
"9/17/24, 7:09 AM - +237 6 77 24 63 03 joined using this group's invite link",1
"9/17/24, 8:23 AM - +971 58 806 3648 joined using this group's invite link",1
"9/18/24, 8:11 AM - ФЕНГБАМ changed their phone number to a new number. Tap to message or add the new number.",1
"9/18/24, 6:02 PM - +7 996 972-32-48 joined using this group's invite link",1
"9/18/24, 6:09 PM - ~ 🇨🇩Тигр🇷🇺 added ~ Julio Alda",1
"9/18/24, 6:41 PM - ~ Julio Alda added ~ Armelo",1
"9/21/24, 6:47 PM - +237 6 99 80 06 22 joined using this group's invite link",1
"9/21/24, 7:04 PM - +228 70 23 77 88 joined using this group's invite link",1
"9/21/24, 9:59 PM - Cuba Scholkskya joined using this group's invite link",1
Bienvenu en Russie!,2
"9/24/24, 2:19 PM - +237 6 54 03 85 97 joined using this group's invite link",1
Un apercu de la 1ere edition de @Bienvenu en Russie 2023!,2
null,1
"9/27/24, 12:30 PM - КИЛЕМ ЖОЗЕ joined using this group's invite link",1
"9/27/24, 12:30 PM - +7 996 782-53-88 joined using this group's invite link",1
"9/27/24, 12:30 PM - +7 930 003-68-39 joined using this group's invite link",1
"9/27/24, 12:30 PM - +1 (514) 466-6728 joined using this group's invite link",1
"9/27/24, 12:34 PM - BELGIUM HOUSE joined using this group's invite link",1
"9/27/24, 12:37 PM - +223 76 23 49 10 joined using this group's invite link",1
"9/27/24, 12:38 PM - Augustin El Pactole joined using this group's invite link",1
"9/27/24, 12:39 PM - +7 993 639-61-15 joined using this group's invite link",1
"9/27/24, 12:39 PM - +7 911 935-57-51 joined using this group's invite link",1
"9/27/24, 12:44 PM - +7 925 222-05-69 joined using this group's invite link",1
"9/27/24, 2:10 PM - +1 (514) 466-6728 joined using this group's invite link",1
"9/27/24, 2:50 PM - +7 926 477-56-77 joined using this group's invite link",1
"9/27/24, 5:21 PM - +237 6 20 17 99 91 joined using this group's invite link",1
"9/28/24, 7:17 AM - +7 980 437-18-56 joined using this group's invite link",1
"9/28/24, 10:02 AM - +7 977 108-20-17 joined using this group's invite link",1
"9/28/24, 6:34 PM - +971 54 326 9430 joined using this group's invite link",1
"9/28/24, 6:35 PM - +237 6 90 39 32 37 joined using this group's invite link",1
"9/29/24, 12:34 AM - ~ Camille Aubain LAGUEU added ~ Bomono Heron",1
"9/29/24, 9:05 AM - ~ XYZ_Entreprise added +7 965 251-63-29",1
"9/29/24, 11:25 AM - ~ Julio Alda added ~ Дон Ндака",1
"9/29/24, 12:21 PM - +7 993 614-28-10 joined using this group's invite link",1
"9/29/24, 11:35 PM - ~ Mark added ~ ~W",1
"9/29/24, 11:35 PM - ~ ~W added ~ Guilherme Quembi Muanza",1
"9/30/24, 9:59 PM - +237 6 56 33 61 14 joined using this group's invite link",1
"10/3/24, 1:29 PM - +7 966 845-06-26 changed their phone number to a new number. Tap to message or add the new number.",1
"10/6/24, 8:29 PM - +7 901 781-30-86 changed their phone number to a new number. Tap to message or add the new number.",1
"10/6/24, 8:52 PM - +224 620 41 96 79 changed to +7 901 781-30-86",1
"10/8/24, 8:22 PM - ~ Offman added +7 991 267-35-22",1
"10/9/24, 7:58 PM - ~ Фуад added +7 996 362-40-88",1
"10/12/24, 12:22 PM - ~ Фуад added ~ Djossking, +213 556 23 04 55, and +7 991 693-50-31",1
"10/13/24, 11:08 AM - +237 6 71 02 45 27 joined using this group's invite link",1
"10/15/24, 4:44 PM - ~ julietchuinte21 added +7 906 737-50-33 and +7 952 879-89-37",1
"10/19/24, 3:48 PM - +237 6 94 93 33 36 joined using this group's invite link",1
"10/22/24, 8:48 PM - ~ Belle added ~ H",1
"10/23/24, 6:07 PM - +7 951 381-49-71 changed to +7 911 234-86-93",1
"10/23/24, 8:31 PM - +7 952 226-16-84 changed to +7 991 004-76-55",1
"10/24/24, 1:23 PM - +7 926 407-30-19 joined using this group's invite link",1
"10/24/24, 2:19 PM - +7 910 429-38-14 joined using this group's invite link",1
"10/24/24, 2:57 PM - +7 903 624-41-99 joined using this group's invite link",1
"10/24/24, 2:57 PM - Anne'ssa joined using this group's invite link",1
"10/24/24, 3:06 PM - ~ BAH added ~ marina Russie",1
"10/24/24, 3:22 PM - +7 901 387-74-63 joined using this group's invite link",1
"10/24/24, 3:59 PM - +7 977 776-64-30 joined using this group's invite link",1
"10/24/24, 4:06 PM - +7 977 395-04-86 joined using this group's invite link",1
"10/24/24, 4:36 PM - +7 977 552-58-97 joined using this group's invite link",1
"10/24/24, 4:37 PM - +237 6 51 30 44 25 joined using this group's invite link",1
"10/24/24, 7:34 PM - +7 953 453-19-26 joined using this group's invite link",1
"10/24/24, 10:30 PM - Djogo Kante joined using this group's invite link",1
"10/25/24, 8:26 AM - +7 999 767-18-85 joined using this group's invite link",1
"10/25/24, 6:07 PM - +237 98972539 joined using this group's invite link",1
"10/25/24, 9:08 PM - ~ Offman added ~ Стефани",1
"10/29/24, 7:38 AM - +7 991 863-66-37 joined using this group's invite link",1
"10/29/24, 8:44 PM - ~ Dorian left",1
"10/29/24, 11:58 PM - ~ SniperSGK added ~ KPOROEGO NWA MMIRI DE KING OF KING'S",1
"10/30/24, 9:02 PM - +213 556 23 04 55 added +213 657 20 27 53",1
"10/31/24, 6:24 PM - +7 982 611-62-85 turned off disappearing messages.",1
Une place libre dans une chambre de deux personnes inbox rapide 🛑🛑🛑🛑🛑🛑🛑🛑🛑🛑🛑🛑🛑🛑🛑🛑🛑🛑🛑🛑🛑🛑🛑🛑,1
🚨🚨🚨 Besoins de 26 personnes au métro yugo zapadnaya sortie 5,1
Travail chantier 🏗️  (nettoyage) au chaud,1
Heures: 08:00 à 16:50,1
Paiement: 3000₽ après le boulot,1
1- fallou,1
2- Mouhamed,1
3- Dilane,1
4- sidane,1
5- redingtong,1
6- Thierry,1
7- Brice,1
8- cesar,1
9- Randy,1
10- ridas,1
11-severan,1
12- Ben,1
13- Willy,1
14- Toure,1
15- Ermann,1
16- viking,1
17- H,1
18- frank,1
19- Clinton,1
20- kabasele,1
21- Elie,1
22-pistis,1
23- Stéphane,1
24-Ousmane,1
25-Don,1
26-,1
Besoin d'une fille demain pour travail de nettoyage de chambre d'hôtel payé 2700r après boulot,1
9h00 à 18h00,1
‎Open this link to join my WhatsApp Group: https://chat.whatsapp.com/GoKFgAM6o1a4obI780cQwP,1
✈️ ✈️ ✈️ ✈️ ✈️ ✈️ ✈️ ✈️ ✈️ ✈️ ✈️ ✈️ ✈️ ✈️ ✈️ ✈️ ✈️ ✈️ ✈️ ✈️ ✈️ ✈️ ✈️ ✈️ ✈️ ✈️ ✈️,1
"MOSCOU 🇷🇺 ---> DOUALA, YAOUNDÉ 🇨🇲",1
DISPONIBLE Kilos :,1
23 Kilos,1
Documents,1
4 novembre,1
Contactez ce numéro +79254437318,1
Pour envoyer vos articles au Cameroun 🇨🇲,1
"ASAP, ASAP !",1
🚨🚨🚨Part-time job in restaurant for a man. Payment after working 3000 rub. Time 11:30--23:00.+79687107286,1
Besoin de 5 personnes travaille de chantier 🏗️ 3000p le paiement chaque soir après le boulot 9h a 17h50 au métro kантемировская maximum 2 mois,1
Place disponible pour 2 filles non loin du metro,1
Hi,1
Do you know any French speaking  ppl working in a call center or from home   ?,1
I got a lot of different French leads and docs I want to sell.,1
*Appel à l'action !*,1
"Salut,",1
QikQik+ est en passe pour devenir une plateforme Omni-canal  en intégrant la banque DCBANK pour transformer les paiements numériques au Canada🇨🇦. Contribuez maintenant et partagez avec vos contacts canadiens et ailleurs : (https://joinloop.one/show_fund/Z1lgCvBwvElVIEb).,1
"Ensemble, nous pouvons atteindre les 10 000 personnes !""",1
Besoin de 10 personnes demain,1
"🌎 - Zelenograd, st.  Constructeur Guskova, 14с5.",1
🧰 - chargement/déchargement des marchandises dans l'entrepôt.,1
🌝 de 8h00 à 21h00 de jour,1
"🌚 de 21h00 à 10h00, quart de nuit",1
(+pause déjeuner et pauses cigarette),1
3500 rouble,1
*PS EVENT*,1
"*Fabrication,  location et vente des tentes et chapiteaux*",1
Tél : 670945572,1
*PS EVENT*,1
"*Fabrication,  location et vente des tentes et chapiteaux*",1
Tél : 670945572,1
*PS LOUNGE*,1
Le PS LOUNGE est situé à nkolbikok (au carrefour du parc),1
Au *PS LOUNGE* organisez vos réunions,1
Au *PS LOUNGE* organisez vos mariages,1
Au *PS LOUNGE* organisez vos réceptions,1
Au *PS LOUNGE*  organisez vos anniversaires,1
Au *PS LOUNGE* louez les tentes et chapiteaux pour vos cérémonies,1
Au *PS LOUNGE* faites vous fabriquer les tentes et chapiteaux,1
Au *PS LOUNGE* faites vous accompagner lors de vos cérémonies par des professionnels,1
Contacts 690683449 / 670945572,1
Complétez vos fournitures scolaires,1
*Les bords de travail sont disponibles pour toutes les classes et toutes les matières*,1
690683449,1
670945572,1
🚨🚨🚨 Besoins de 35 personnes au métro yugo zapadnaya sortie 5,1
Travail chantier 🏗️  (nettoyage) au chaud,1
Heures: 08:00 à 16:50,1
Paiement: 3000₽ après le boulot,1
1- fallou,1
2- Mouhamed,1
3- Dilane,1
4- sidane,1
5- redingtong,1
6- Thierry,1
7- Brice,1
8- cesar,1
9- Randy,1
10- ridas,1
11-severan,1
12- Ben,1
13- Willy,1
14- Toure,1
15- Ermann,1
16- viking,1
17- H,1
18- frank,1
19- Clinton,1
20- kabasele,1
21- Elie,1
22-pistis,1
23- Stéphane,1
24-Ousmane,1
25- Regis,1
26-Olivier,1
27-шенал,1
28-junior,1
29-Eko,1
30-Willy Kak,1
31-Alpha,1
32-Roblesse,1
33-james,1
34-raoul,1
35-Vrb,1
36-Steve,1
37-Benoit,1
38-Ramât,1
39-,1
40-,1
"11/1/24, 10:06 PM - +7 996 363-53-81 joined using this group's invite link",1
Rejoignez moi là bas pour plus de news et plus de service sur les enregistrements✨,1
Bonjour la famille,1
Place disponible pour fille,1
Loyer 12 000r,1
Intéressé ib,1
✈️✈️✈️✈️✈️✈️✈️✈️✈️✈️✈️✈️✈️✈️✈️✈️✈️✈️,1
DEPART le 8 /11/2024🌞☀️🌟,1
DOUALA - Moscou 🌟🌟🌨🌨,1
23kg  disponible🕰,1
Nb. Nous prenons aussi les documents et appareils,1
Intéressé inbox,1
"Je suis David Kakunga depuis la République Démocratique du Congo,et je suis un Défenseur des droits de L'Homme,je travaille en partenariat avec l'association Internationale des jeunes pour les droits de L'Homme en RDC pour la promotion des droits de L'Homme dans les milieux éducatifs...",1
✈️ ✈️ ✈️ ✈️ ✈️ ✈️ ✈️ ✈️ ✈️ ✈️ ✈️ ✈️ ✈️ ✈️ ✈️ ✈️ ✈️ ✈️ ✈️ ✈️ ✈️ ✈️ ✈️ ✈️ ✈️ ✈️ ✈️,1
"MOSCOU 🇷🇺 ---> DOUALA, YAOUNDÉ 🇨🇲",1
DISPONIBLE Kilos :,1
5 Kilos,1
Documents,1
4 novembre,1
Contactez ce numéro +79254437318,1
Pour envoyer vos articles au Cameroun 🇨🇲,1
"ASAP, ASAP !",1
LE PAYS DE UM NYOBÉ EST COMPLIQUÉ !,1
"Mme Julienne FOTSO, l'une des veuves du feu patriarche FOTSO Victor a visité la tombe du Dr Félix Roland Moumié ce jour",1
"De passage a Conakry pour le forum des femmes entrepreneures d'Afrique, elle a profité pour rendre hommage à l'illustre disparu",1
Une place pour le fille,1
Merci pour le soutien 🙏🏾,2
*COMMUNIQUÉ*,1
"La loterie américaine de diversité visa, en sigle, DV-LOTTERY, prend fin ce 07 Novembre 2024. C'est une opportunité unique dans le monde qui permet aux citoyens du monde d'obtenir facilement le visa américain, la résidence permanente, et enfin la nationalité. Grâce à la loterie américaine, jamais vous serez un sans-papier aux États-Unis et en plus, vous bénéficierez de tous les avantages qu'à un américain né aux États-Unis, sauf le droit de voter aux élections présidentielles.",1
"Beaucoup d'africains participent à ça, en venant vers moi et aussi certains cheveux noirs. En tant que panafricaniste, je demande à tous les africains présents en Russie, de participer car chaque année, il y a plus de 5.000 gagnants pour le compte de la Russie et la majorité de ces gagnants sont des cheveux-noirs car ils profitent de ça, vu que la majorité de russes 'e s'intéressent pas à ça.",1
"Au regard de ça, au lieu de laisser que les cheveux-noirs puissent toujours profiter du quotas de gagnants réservé à la Russie, voilà pourquoi j'interesse aussi les africains présents en Russie pour qu'ils profitent de ce quota car chaque pays a un quota de 55.000 gagnants dans cette loterie. C'est-à-dire que si dans votre pays, les gens qui ont gagné à cette Loterie américaine sont 55.000, immédiatement le gouvernement américain declasse votre pays c'est-à-dire que votre pays ne pourra plus participer à cette loterie. C'est le cas des chinois, des anglais (Angleterre), etc.",1
Bref participer à cette loterie car ce n'est pas facile d'obtenir le visa américain et de vivre aux États-Unis en ayant 99% des droits des américains nés aux États-Unis.,1
"Avec 500 roubles, vous pouvez bénéficier facilement de ces avantages car même celui qui dépense 3.000$ ne pourra jamais bénéficier de ces avantages. Alors le choix vous revient.",1
Je tenais à féliciter les africains qui participent en bénéficiant de mon assistance car ils peuvent témoigner combien je suis sérieux.,2
Bonne chance d'avance aux participants.,1
Place disponible pour fille métro babuskinskaya 2min d'arrêt bus 6 min du métro intéressé ib,1
Yo Saint Petersburg,1
Demain 4 novembre,1
Besoin de Gars sportif bien musclés pour souhaiter un joyeux anniversaire au restaurant pendant quelques heures aux filles ),2
Inbox,1
Payé <This message was edited>,1
"20 000 roubles en Russie, besoin de l’équivalent en fcfa au Cameroun 🇨🇲. Taux Google   Intéressé ib",1
Like share and subscribe,1
Place disponible pour 2 filles non loin du metro,1
"SUREBANQA révolutionne l'inclusion financière avec une touche de technologie particulière ! Depuis quelques années, notre équipe de passionnés aux compétences transversales et pluridisciplinaires brise les barrières, connectant l'Afrique à la diaspora grâce à des solutions sécurisées et innovantes comme le Commerce à distance sécurisé, les envois de fonds, brefs les services d'inclusion financière et plus encore. Nous ne sommes pas seulement une entreprise ; nous sommes un mouvement vers la création de richesse et la conscience sociale, alimenté par des technologies de pointe comme l'IA, Blockchain et bien d'autres. Plongez dans un monde où les services financiers et non financiers sont accessibles à tous, avec nos modèles freemium et premium. Rejoignez-nous pour faire la différence !",2
Nos plateformes :,1
- LOOP - https://joinloop.one,1
"- QikQik+ - https://qikqik.plus,",1
- VIIVOO - https://viivoo.app,1
- Etc,1
"visent à connecter les individus, les entreprises et les organisations à l'échelle mondiale, favorisant la création de richesse et l'inclusion financière.",1
"Elles fonctionnent sur un modèle commercial qui comprend des frais de transaction, des services d'abonnement et des revenus provenant de partenariats avec des institutions financières.",2
MISE À JOUR ET AJOUT À VENIR DE VIIVOO ( https://viivoo.app),1
"Au plus tard en janvier 2025, nous mettrons en œuvre des laissez-passer 1h, 3h, 6h, 12h et 24h, nous ajouterons des *codes VIIVOOSmartCash(permettant des paiements en argent programmable à l'échelle mondiale !* comme options de paiement pour nos utilisateurs qui vivent en Afrique. cela leur donne accès aux plans tarifaire de paiement à l'utilisation https://viivoo.app/pricing.",1
"Avec VIIVOOSMARTCASH, les utilisateurs vont acheter un code à 16 chiffres comme moyen de paiement, disponible en différentes coupures (horaire, journalier, hebdomadaire, mensuel, trimestriel, semestriel et annuel)",1
"VIIVOOSmartCash sera créé et revendu par l'administrateur, les abonnés et nos AGENTs seront les revendeurs aux utilisateurs occasionnels. Il ou elle peut ensuite procéder à l'utiliser pour souscrire à leur plan souhaité..",1
Monnaies prises en charge :,1
- EUR (pays SEPA) 🇪🇺,1
- $ CAD (Canada) 🇨🇦,1
- £ GBP (UK) 🇬🇧,1
- GHS (Ghana) 🇬🇭,1
- KES (Kenya) 🇰🇪,1
- NGN (Nigeria) 🇳🇬,1
- SLL (Sierra Leone) 🇸🇱,1
- TZS (Tanzanie) 🇹🇿,1
- UGX (Ouganda) 🇺🇬,1
- $ USD (USA) 🇺🇲,1
"- XAF (Cameroun, Tchad, RD Congo, Gabon) 🇨🇲🇬🇦🇨🇫🇷🇴🇨🇬",1
"- XOF (Bénin, Côte d'Ivoire, Sénégal) 🇧🇯🇨🇮🇸🇳",1
- EGP (Égypte) 🇪🇬,1
- MWK (Malawi) 🇲🇼,1
- RWF (Rwanda) 🇷🇼,1
- ZAR (Afrique du Sud) 🇿🇦,1
"- X€NN (notre stablecoin, indexé sur 1:1 à EUR)",1
Monnaie par défaut : USD/EUR,1
"Lorsque vous achetez et utilisez VIIVOO SmartCash, il sera déposé dans votre e-Wallet monnaie fiduciaire locale, prêt à l'emploi pour les abonnements !",1
Rejoignez-nous pour révolutionner les paiements ! #viivo #smartcash #globalpayments #cashlesssociety #inclusion financière,1
L'HISTOIRE RETIENDRA !,1
null,1
Ajouter ce numéro s'il vous plaît  +7 977 798-72-51,1
Place disponible pour 2 filles non loin du metro,1
Chambre disponible no loin du metro,1
Une place disponible dans une chambre de deux intéressé inbox🛑🛑🛑🛑🛑🛑🛑🛑🛑🛑🛑🛑🛑🛑🛑🛑🛑🛑🛑🛑🛑🛑🛑🛑🛑,1
Prix,1
Inbox,1
Studio disponible a Dimitri bulvar bon prix Loyer :30.000,1
Garantie :30.000,1
Agence : 18.000p avec tous les factures inclus nouvelle construction,1
🛑🛑🛑🛑🛑🛑🛑🛑🛑🛑🛑🛑🛑🛑🛑🛑🛑🛑🛑,1
Studio disponible a Dimitri bulvar bon prix Loyer :30.000,1
Garantie :30.000,1
Agence : 18.000p avec tous les factures inclus nouvelle construction,1
🛑🛑🛑🛑🛑🛑🛑🛑🛑🛑🛑🛑🛑🛑🛑🛑🛑🛑🛑,1
"Svp administrateur enregistré ce numeros dans le groupe c’est un bon travailleur, il viens d’arrivé +79017969995…",1
"🚨🚨🚨🚨The work in school canteens resumes tomorrow . The work is from 8am to 4pm. 2300 per day. If you are interested, contact me privately.",1
"🚨🚨🚨🚨Le travail dans les cantines scolaires reprennent demain. Le travail est de 8h à 16h. 2300 par jour. Si vous êtes intéressé, contactez-moi en privé.",1
Hello,1
Cette infographie fascinante de *Leverage Shares* présente les meilleures banques du monde en termes de capitalisation boursière plus de 7.5 Trillion de Dollars à partir d'octobre 2024.,1
La finance décentralisée (DeFi) et la crypto peuvent-elles défier cette domination ?,1
"Selon les Crypto et Défi listés sur le coinmarketcap.com présentent une capitalisation actuelle de 2.4 Trillions de dollars, soit le tiers ou 33% de celle des banques traditionnelles listées sur une bourse de valeurs.",1
Questions clés :,1
1️⃣ Les plateformes DeFi et crypto peuvent-elles éventuellement concurrencer l'échelle des fonds propres des banques traditionnelles ?,1
"2️⃣ Les banques traditionnelles adoptent-elles des solutions blockchain et DeFi, ou vont-elles continuer à résister jusqu'à ce que la crypto ravage tout?",1
3️⃣ Comment les régulateurs peuvent-ils créer un cadre qui équilibre l'innovation et la stabilité dans le secteur financier ?,1
‎Suivez ce lien pour intégrer mon Groupe WhatsApp  : https://chat.whatsapp.com/KOinYFcRWVI4okxogY0uiw,1
le remix est déjà disponible opération 4m de vue en 24h ✌️,1
Besoin 4 hommes pour compléter l’effectif à métro Filatov lug sortie 1 pour un travail facile juste déplacé les chaises et les tables à l’intérieur de l’école fini 2700r. 9h à 17h30,1
🚨🚨🚨🚨 Besoin d'une personne au métro khovino sortie 1 heure de rencontre 8hrs. Paye 3200 après le travail,1
Donnons la force à l'artiste 👇🏾,1
*Les ÉTATS-UNIS annoncent une mauvaise nouvelle à ce pays africain*,1
*Lire ici*👇🏾,1
*Affaire BALTASAR au Guinée équatoriale : la justice se prononce enfin*,1
*Lire ici*👇🏾,1
*Troisième mandat au BÉNIN : Le français Robert BOURGI révèle sa discussion avec Patrice TALON*,1
*Lire ici*👇🏾,1
"*VIE CHÈRE : Affamé, cet homme invente la mort de son enfant, les faits*",1
*Lire ici*👇🏾,1
Any bed space for rent,1
"Le couple qui a attaqué Google et obtenu une amende de 2,6 milliards de dollars pour le géant de la technologie",1
"[...]En septembre, la Commission européenne a rejeté l'appel de Google contre une amende de 2,4 milliards d'euros pour pratiques anticoncurrentielles.[...]",1
"[...]Dans sa décision de 2017, la Commission européenne a estimé que Google avait illégalement promu son propre service de comparaison de prix dans les résultats de recherche, tout en rabaissant ceux de ses concurrents.[...]",1
*Une visioconférence Gratuite* est prévue pour le 08 décembre 2024 afin d'expliquer à tous ceux qui souhaitent obtenir une bourse comment postuler. https://wa.me/79998364633,1
Besoin demain de 4 personnes au métro потапова travail de  chantier de 9h à 18h finir payer en même temps 3200,1
"🚨🚨🚨🚨The work in school canteen available. The work is from 8am to 4pm. 2300 per day. If you are interested, contact me privately.",1
"🚨🚨🚨🚨Le travail dans les cantines scolaires sont disponibles Le travail est de 8h à 16h. 2300 par jour. Si vous êtes intéressé, contactez-moi en privé.",1
All sizes available???,1
🚨🚨🚨 Besoins de 45 personnes au métro yugo zapadnaya sortie 5,1
Travail chantier 🏗️  (nettoyage) au chaud,1
Heures: 08:00 à 16:50,1
Paiement: 3000₽ après le boulot,1
1- fallou,1
2- Mouhamed,1
3- Dilane,1
4- sidane,1
5- redingtong,1
6- Thierry,1
7- Brice,1
8- Fares,1
9- Randy,1
10- ridas,1
11- Djiby,1
12- Nazir,1
13- Willy,1
14- Toure,1
15- Ermann,1
16- viking,1
17-  fallou,1
18- frank,1
19-  vane,1
20- kabasele,1
21- Elie,1
22-Patrick,1
23- Stéphane,1
24-Ousmane,1
25- Bodwin,1
26-Olivier,1
27-шенал,1
28-junior,1
29-Eko,1
30-Willy Kak,1
31-Alpha,1
32-Roblesse,1
33-,1
34-,1
35-,1
36-,1
37-,1
38-,1
39-,1
40-,1
41,1
42,1
43,1
44,1
45,1
🚨🚨🚨 Besoins de 45 personnes au métro yugo zapadnaya sortie 5,1
Travail chantier 🏗️  (nettoyage) au chaud,1
Heures: 08:00 à 16:50,1
Paiement: 3000₽ après le boulot,1
1- fallou,1
2- Mouhamed,1
3- Dilane,1
4- sidane,1
5- redingtong,1
6- Thierry,1
7- Brice,1
8- Fares,1
9- Randy,1
10- ridas,1
11- Djiby,1
12- Nazir,1
13- Willy,1
14- Toure,1
15- Ermann,1
16- viking,1
17-  fallou,1
18- frank,1
19-  vane,1
20- kabasele,1
21- Elie,1
22-Patrick,1
23- Stéphane,1
24-Ousmane,1
25- Bodwin,1
26-Olivier,1
27-шенал,1
28-junior,1
29-Eko,1
30-Willy Kak,1
31-Alpha,1
32-Roblesse,1
33-,1
34-,1
35-,1
36-,1
37-,1
38-,1
39-,1
40-,1
41,1
42,1
43,1
44,1
45,1
🚨🚨🚨 Besoins de 45 personnes au métro yugo zapadnaya sortie 5,1
Travail chantier 🏗️  (nettoyage) au chaud,1
Heures: 08:00 à 16:50,1
Paiement: 3000₽ après le boulot,1
1- fallou,1
2- Mouhamed,1
3- Dilane,1
4- sidane,1
5- redingtong,1
6- Thierry,1
7- Brice,1
8- Fares,1
9- Randy,1
10- ridas,1
11- Djiby,1
12- Nazir,1
13- Willy,1
14- Toure,1
15- Ermann,1
16- viking,1
17-  fallou,1
18- frank,1
19-  vane,1
20- kabasele,1
21- Elie,1
22-Patrick,1
23- Stéphane,1
24-Ousmane,1
25- Bodwin,1
26-Olivier,1
27-шенал,1
28-junior,1
29-Eko,1
30-Willy Kak,1
31-Alpha,1
32-Roblesse,1
33-Berta da Silva,1
34-Rene,1
35-,1
36-,1
37-,1
38-,1
39-,1
40-,1
41,1
42,1
43,1
44,1
45,1
🚨🚨🚨 Besoins de 45 personnes au métro yugo zapadnaya sortie 5,1
Travail chantier 🏗️  (nettoyage) au chaud,1
Heures: 08:00 à 16:50,1
Paiement: 3000₽ après le boulot,1
1- fallou,1
2- Mouhamed,1
3- Dilane,1
4- sidane,1
5- redingtong,1
6- Thierry,1
7- Brice,1
8- Fares,1
9- Randy,1
10- ridas,1
11- Djiby,1
12- Nazir,1
13- Willy,1
14- Toure,1
15- Ermann,1
16- viking,1
17-  fallou,1
18- frank,1
19-  vane,1
20- kabasele,1
21- Elie,1
22-Patrick,1
23- Stéphane,1
24-Ousmane,1
25- Bodwin,1
26-Olivier,1
27-шенал,1
28-junior,1
29-Eko,1
30-Willy Kak,1
31-Alpha,1
32-Roblesse,1
33-Berta da Silva,1
34-Rene,1
35-Pizzes,1
36-,1
37-,1
38-,1
39-,1
40-,1
41,1
42,1
43,1
44,1
45,1
🚨🚨🚨 Besoins de 45 personnes au métro yugo zapadnaya sortie 5,1
Travail chantier 🏗️  (nettoyage) au chaud,1
Heures: 08:00 à 16:50,1
Paiement: 3000₽ après le boulot,1
1- fallou,1
2- Mouhamed,1
3- Dilane,1
4- sidane,1
5- redingtong,1
6- Thierry,1
7- Brice,1
8- Fares,1
9- Randy,1
10- ridas,1
11- Djiby,1
12- Nazir,1
13- Willy,1
14- Toure,1
15- Ermann,1
16- viking,1
17-  fallou,1
18- frank,1
19-  vane,1
20- kabasele,1
21- Elie,1
22-Patrick,1
23- Stéphane,1
24-Ousmane,1
25- Bodwin,1
26-Olivier,1
27-шенал,1
28-junior,1
29-Eko,1
30-Willy Kak,1
31-Alpha,1
32-Roblesse,1
33-Berta da Silva,1
34-Rene,1
35-Pizzes,1
36-,1
37-,1
38-,1
39-,1
40-,1
41,1
42,1
43,1
44,1
45,1
🚨🚨🚨 Besoins de 45 personnes au métro yugo zapadnaya sortie 5,1
Travail chantier 🏗️  (nettoyage) au chaud,1
Heures: 08:00 à 16:50,1
Paiement: 3000₽ après le boulot,1
1- fallou,1
2- Mouhamed,1
3- Dilane,1
4- sidane,1
5- redingtong,1
6- Thierry,1
7- Brice,1
8- Fares,1
9- Randy,1
10- ridas,1
11- Djiby,1
12- Nazir,1
13- Willy,1
14- Toure,1
15- Ermann,1
16- viking,1
17-  fallou,1
18- frank,1
19-  vane,1
20- kabasele,1
21- Elie,1
22-Patrick,1
23- Stéphane,1
24-Ousmane,1
25- Bodwin,1
26-Olivier,1
27-шенал,1
28-junior,1
29-Eko,1
30-Willy Kak,1
31-Alpha,1
32-Roblesse,1
33-Berta da Silva,1
34-Rene,1
35-Pizzes,1
36-Desiré,1
37-,1
38-,1
39-,1
40-,1
41,1
42,1
43,1
44,1
45,1
Utilise ce lien pour intégrer mon groupe WhatsApp : https://chat.whatsapp.com/FOJ7q9BFHZV861dEoVnzbl,1
"Ancienne présidente de Briansk et actuellement en thèse de doctorat dans la ville de Briansk en Russie, c’est avec plaisir et beaucoup de joies que Audrey AFANE de nationalité camerounaise a acceptée de participer à notre interview.",1
"Merci de laisser votre appréciation ou suggestion en commentaire, le pousse bleu est gratuit. Votre abonnement permettra à ce que vous ne ratez aucune vidéo car du contenu encore plus percutant arrive.",2
🫶🏾🌊🇭🇷,1
"🩸🩸🩸🩸🩸🩸🩸🩸Svp il faut bien noté, la police travail avec Sberbank. Quand il te prend pour les documents, ils contact certain personnes à sberbank qui leur disent combien est dans ton compte, et même transférer de l'agent sans ton mot de passe. Ils ont faire ça devant moi,mais malheureusement, j'avais environ 2800 r. Donc votre compte sberbank n'est pas sécurisé.",2
🚨🚨🚨🚨🚨🚨🚨🚨🚨🚨🚨,1
Travail d'entropos 8h-20h  tres simple paye juste apres le travail 3400r...,1
Besoins de 30 personnes,1
1.,1
2.,1
3.,1
4.,1
5.,1
6.,1
7.,1
8.,1
9.,1
10.,1
11.,1
12.,1
13.,1
14.,1
15.,1
16.,1
17.,1
18.,1
19.,1
20.,1
21.,1
22.,1
23.,1
24.,1
25.,1
26.,1
27.,1
28.,1
29.,1
30.,1
NB: *rencontre 7h30 au metro medvetkovo*,1
Départ 11novembre Yaoundé Douala pour Moscou 23kg disponible pour ceux et celles qui sont intéressés veillée me contacter,1
Ok👍,1
*URGENT - Élection présidentielle aux ÉTATS-UNIS : Voici le résultat provisoire (PHOTO)*,1
*Lire ici*👇🏾,1
*FOOTBALL : Un joueur tué par la foudre en plein match (Vidéo)*,1
*Lire ici*👇🏾,1
"*Loterie Visa 2026 : la période d’inscription prolongée, Voici la nouvelle date*",1
*Lire ici*👇🏾,1
"*Élection aux ETATS-UNIS : Entre Donald Trump et Kamala Harris, voici le choix de Vladimir Poutine*",1
*Lire ici*👇🏾,1
*Election présidentielle aux Etats-Unis : Suivez les résultats en direct (Vidéo)*,1
*Lire ici*👇🏾,1
🎉🎉🎉🎉🎉🎉🎉🎉🎉🎉🎉🎉🎉,1
Salut!!! Nous sommes vendredi!!!!!!,1
Je Demande hein à tu regarder t’as série Russo-Africaine *“ENTRE DEUX CONTINENTS”* aujourd’hui? Il est l’heure 😂😂😂,2
C’est la fin des temps mince!!!,0
*Facebook*,1
*Télégramme*,1
Yfy,1
"🚨🚨🚨🚨The work in school canteen available. The work is from 8am to 4pm. 2300 per day. If you are interested, contact me privately.",1
Besoin de 2 a 3 personne pour demain travail chantier 8h>18h  avec 1h de pause finit payé  3500,1
"🚨🚨🚨🚨Le travail dans les cantines scolaires reprennent demain. Le travail est de 8h à 16h. 2300 par jour. Si vous êtes intéressé, contactez-moi en privé.",1
Q,1
Place disponible maintenant au metro Dmitri Daskova pour 4 personnes garçon pas lions du métro 15 minutes,1
Paye par mois 10.000p,1
Commission 3000 p,1
Interesse ib …!!!,1
"j'ai besoin d'une chambre pour 2 filles, ves  metro boulevard  Dimitry Danscovo",1
*Voici les 10 pays AFRICAINS ayant connu le plus grand nombre de COUP D’ÉTAT depuis 1950*,1
*Lire ici*👇🏾,1
"*« Félicitations, président DONALD TRUMP. Avec respect et .… » : MACRON adresse un avertissement au nouveau président*",1
*Lire ici*👇🏾,1
"*BURKINA FASO : Radié de l’armée, Paul-Henri Damiba et d’autres officiers lourdement sanctionnés*",1
*Lire ici*👇🏾,1
*ÉTATS-UNIS : L’élection de Donald TRUMP à la présidence pourrait-elle le protéger de ses démêlés judiciaires ? La réponse*,1
*Lire ici*👇🏾,1
Школа 1544/1,1
Улица Пенягинская 14,1
"Школа № 1544, главный корпус",1
"Пенягинская ул., 14, Москва https://yandex.ru/maps/-/CDtauAjR",1
"🚨🚨🚨🚨 besoin d’une personne sur se adresse, pour le travail d’école. Avec carnet médical.",1
Place disponible maintenant au metro Dmitri Daskova pour 4 personnes garçon pas lions du métro 15 minutes,1
Paye par mois 10.000p,1
Commission 3000 p,1
Interesse ib …!!!,1
Place disponible dans un studio de 3 personnes a Dimitri donskova,1
*Invitation à contribuer à l'atelier en ligne sur la proposition de loi sur le statut de l'artiste*,1
"Chers artistes et acteurs culturels,",1
Nous sommes ravis de vous inviter à participer à un atelier en ligne de recension de la « *proposition de loi sur le statut de l'artiste* » initiée par le Gracas.,1
"Cet événement aura lieu vendredi 8 novembre 2024, de 12h00 à 14h00.",1
Un exemplaire de la proposition de loi sera mis à votre disposition dans le forum WhatsApp *The Arts Club* à 11h00 pour vous permettre de vous préparer.,1
*Objectifs de l'atelier :*,1
- Examiner les dispositions de la proposition de loi,1
- Identifier les enjeux et les opportunités pour les artistes et les industries culturelles,1
- Proposer des amendements et des recommandations,1
*Modalités de participation :*,1
- Présence dans le forum WhatsApp The Arts Club,1
- Connexion en ligne dès la mise à disposition de l'exemplaire du document,1
Nous vous remercions de votre intérêt et de votre contribution à cette démarche.,2
Vos expertises seront précieuses pour faire avancer les politiques culturelles au Cameroun.,1
"Cordialement,",1
Houajié Nkouonkam,1
"Conseil en ingénierie culturelle, cofondateur et co-administrateur",1
The Arts Club,1
*Invitation à contribuer à l'atelier en ligne sur la proposition de loi sur le statut de l'artiste*,1
"Chers artistes et acteurs culturels,",1
Nous sommes ravis de vous inviter à participer à un atelier en ligne de recension de la « *proposition de loi sur le statut de l'artiste* » initiée par le Gracas.,1
"Cet événement aura lieu vendredi 8 novembre 2024, de 12h00 à 14h00.",1
Un exemplaire de la proposition de loi sera mis à votre disposition dans le forum WhatsApp *The Arts Club* à 11h00 pour vous permettre de vous préparer.,1
*Objectifs de l'atelier :*,1
- Examiner les dispositions de la proposition de loi,1
- Identifier les enjeux et les opportunités pour les artistes et les industries culturelles,1
- Proposer des amendements et des recommandations,1
*Modalités de participation :*,1
- Présence dans le forum WhatsApp The Arts Club,1
- Connexion en ligne dès la mise à disposition de l'exemplaire du document,1
Nous vous remercions de votre intérêt et de votre contribution à cette démarche.,2
Vos expertises seront précieuses pour faire avancer les politiques culturelles au Cameroun.,1
"Cordialement,",1
Houajié Nkouonkam,1
"Conseil en ingénierie culturelle, cofondateur et co-administrateur",1
The Arts Club,1
2 PLACES DISPONIBLES POUR FILLES DANS UNE CHAMBRE DE 3 PERSONNES DONT UNE EST DÉJÀ LÀ.,1
LOYER :10.000,1
COMMISSION : 2.000,1
MÉTRO : NOVOGIREVO,1
Bonsoir place disponible pour 2 fille 🙎,1
🚨🚨🚨🚨🚨🚨🚨🚨🚨🚨🚨🚨,1
Salut à tous !!!!,1
Y'a t-il quelqu'un qui quitte Saint peterbourg pour Moscou samedi ?,1
S'il vous plaît c'est très urgent .j'ai un colis à faire venir,1
Contacté moi inbox 🙏🙏🙏🙏🙏 <This message was edited>,1
"Pleas subscribe to this, like and comment videos and share to your friends and status 👇👇",1
"Pleas subscribe to this, like and comment videos and share to your friends and status 👇👇",1
Une place disponible dans une chambre ( garçon ) contactez- moi si vous êtes intéressé .,1
Besoin 4 hommes pour compléter l’effectif à métro Filatov lug sortie 1 pour un travail facile juste déplacé les chaises et les tables à l’intérieur de l’école fini 2700r. 9h à 17h30,1
Besoin 3 hommes pour compléter l’effectif à métro Filatov lug sortie 1 pour un travail facile juste déplacé les chaises et les tables à l’intérieur de l’école fini 2700r. 9h à 17h30,1
Is the studio still available,1
*Urgent - SÉNÉGAL : Ousmane SONKO et son cortège attaqués (Vidéo)*,1
*Lire ici*👇🏾,1
*Voici le Top 10 des pays africains offrant une éducation de haute qualité sur le continent*,1
*Lire ici*👇🏾,1
*« Ce n’est pas le résultat que nous espérions… » : L’étrange réaction de Barack Obama après la victoire de TRUMP*,1
*Lire ici*👇🏾,1
*BÉNIN : Le gouvernement réglemente l’ouverture des piscines*,1
*Lire ici*👇🏾,1
Good morning dear please help me repost,1
"Pleas subscribe to this, like and comment videos and share to your friends and status 👇👇",1
Une place disponible pour un homme dans une chambre de deux intéressé ibx,1
🛑🛑🛑🛑🛑🛑🛑🛑🛑🛑🛑🛑🛑🛑🛑🛑🛑🛑🛑🛑🛑🛑🛑🛑,1
bonsoir à tous ! besoin de 15 filles pour un travail de chantier fini payé 2700 au métro stogino sortie 6,1
de 9h à 17h50.,1
intéressé inbox 📥,1
2 place disponible pour le fille métro domodedovskaya,1
Bonsoir une Place disponible pour une fille🙆,1
"11/9/24, 6:45 AM - Nzeusseu Djouomo Ursule changed their phone number to a new number. Tap to message or add the new number.",1
*ÉTATS-UNIS : Donald TRUMP nomme déjà son premier collaborateur (Photo)*,1
*Lire ici*👇🏾,1
*Affaire Baltasar en GUINÉE ÉQUATORIALE : La femme du Chef de l'État réagit (PHOTO)*,1
*Lire ici*👇🏾,1
*CRISTIANO RONALDO : Le portugais va-t-il quitter AL-NASSR ?*,1
*Lire ici*👇🏾,1
*Tensions diplomatiques à JÉRUSALEM : La France réagit après l’arrestation de deux de ses gendarmes (Vidéo)*,1
*Lire ici*👇🏾,1
*BURKINA FASO : L'armée inflige de lourdes pertes aux terroristes dans quatre régions*,1
*Lire ici*👇🏾,1
besoin des services d'une maquilleuse  pour peau noir🚨🚨🚨 contactez le 8️⃣9️⃣1️⃣6️⃣4️⃣2️⃣9️⃣5️⃣5️⃣9️⃣0️⃣,1
Besoin de 3 femmes pour un travail ( permanent),1
Метро Бабушкинская,1
выход из метро номер 5,1
Nous sommes situés à la station de métro Babushkinskaya (sortie de métro numéro 5).,1
Cela prendra environ 10 à 15 minutes à pied.,1
"Nous nous rendons directement au parc, le « AJAX Dry Cleaner » sera votre guide. Nous sommes derrière lui. St. Iskra 17 Un bâtiment 5.",1
Vous devez avoir avec vous :,1
1.⁠ ⁠Passeport,1
2.⁠ ⁠Dossier médical.,1
"Lorsque vous êtes au point de contrôle, appelez-moi",1
null,1
Appartement d’une chambre à louer à 12 min en bus du métro .,1
Loyer 30000 roubles,1
Caution 30000 roubles,1
Commissions 30000 roubles,1
Pardon je ne veux pas les blagueurs s’il vous plaît 🙏🏻,1
Chaud chaud,1
Intéressé inbox pour plus de details,1
*DONALD TRUMP : Les terroristes font une demande au nouveau président américain*,1
*Lire ici*👇🏾,1
*Scandale sexuel en Guinée Equatoriale : BALTAHSAR réagit pour la première fois aux accusations*,1
*Lire ici*👇🏾,1
*Donald TRUMP élu président aux Etats-Unis : Voici la réaction surprenante de Vladimir POUTINE (Vidéo)*,1
*Lire ici*👇🏾,1
abonnés vous svp et partager mes amis,1
Une place pour fille dans une chambre de 2 a sherbinka nouvelle construction ib pour plus d'infos,1
*Le Burkina Faso en deuil : le pays perd un grand homme (Photo)*,1
*Lire ici*👇🏾,1
"*Urgent - Tel mari, telle épouse : La femme de BALTHAZAR se livrait également à des actes sexuels filmés avec d'autres hommes (VIDÉO)*",1
*Lire ici*👇🏾,1
*BURKINA FASO : Un individu arrêté avec 5 milliards FCFA (IMAGES)*,1
*Lire ici*👇🏾,1
*BALLON d’Or 2024 : On sait enfin pourquoi Vinicius a été écarté*,1
*Lire ici*👇🏾,1
Besoin d'une fille pour UN travail de restaurant payer c 3200,1
Place disponible pour une femme dans une chambre de deux personne 11000 non loin du métro annino ou Dimitri,1
🇷🇺𝗧𝗔𝗨𝗫 𝗚𝗢𝗢𝗚𝗟𝗘 !🇨🇲,1
𝗘𝗻𝘃𝗼𝘆𝗲𝗿 𝗱𝗲 𝗹'𝗮𝗿𝗴𝗲𝗻𝘁 𝗲𝗻𝘁𝗿𝗲 𝗹𝗮 𝗥𝘂𝘀𝘀𝗶𝗲 𝗲𝘁 𝗹𝗲 𝗰𝗮𝗺𝗲𝗿𝗼𝘂𝗻 𝗦𝗮𝗻𝘀,1
𝗳𝗿𝗮𝗶𝘀 𝗮𝘃𝗲𝗰 ''𝗨𝗡𝗜𝗢𝗡 𝗦𝗘𝗡𝗗'',1
𝗝𝗼𝗶𝗻 𝗼𝘂𝗿 𝗴𝗿𝗼𝘂𝗽,1
✳𝗔𝗣𝗣𝗟𝗜𝗖𝗔𝗧𝗜𝗢𝗡 (𝗔𝗡𝗗𝗥𝗢𝗜𝗗),1
✳𝗦𝗜𝗧𝗘 𝗪𝗘𝗕 (𝗜𝗣𝗛𝗢𝗡𝗘),1
✳𝗦𝗘𝗥𝗩𝗜𝗖𝗘 𝗖𝗟𝗜𝗘𝗡𝗧,1
𝗖𝗮𝘀𝗵 𝗠𝗼𝗻𝗲𝘆 𝗧𝗿𝗮𝗻𝘀𝗳𝗲𝗿,1
𝗹𝗮 𝗽𝗿𝗼𝘅𝗶𝗺𝗶𝘁𝗲́ 𝗮𝘃𝗲𝗰 𝗻𝗼𝘂𝘀,1
Place disponible pour une femme dans une chambre de deux personne 11000 non loin du métro annino ou Dimitri,1
Bonsoir Africa Nation,1
Besoin de 23 kilo Cameroun Moscou,1
Même pas un ans,1
*La Miss Rwanda 2022 condamné à 3 mois de prison... pour cette raison (Photo)*,1
*Lire ici*👇🏾,1
*Ces trois pays africains ne souhaitent pas le départ des troupes françaises de leur territoire (La Liste)*,1
*Lire ici*👇🏾,1
*Scandale sexuel en Guinée Equatoriale : BALTAHSAR s'exprime pour la première fois face aux accusations*,1
*Lire ici*👇🏾,1
*Voici le Top 10 des pays africains offrant une éducation de haute qualité sur le continent*,1
*Lire ici*👇🏾,1
🇷🇺𝗧𝗔𝗨𝗫 𝗚𝗢𝗢𝗚𝗟𝗘 !🇨🇲,1
𝗘𝗻𝘃𝗼𝘆𝗲𝗿 𝗱𝗲 𝗹'𝗮𝗿𝗴𝗲𝗻𝘁 𝗲𝗻𝘁𝗿𝗲 𝗹𝗮 𝗥𝘂𝘀𝘀𝗶𝗲 𝗲𝘁 𝗹𝗲 𝗰𝗮𝗺𝗲𝗿𝗼𝘂𝗻 𝗦𝗮𝗻𝘀,1
𝗳𝗿𝗮𝗶𝘀 𝗮𝘃𝗲𝗰 ''𝗨𝗡𝗜𝗢𝗡 𝗦𝗘𝗡𝗗'',1
𝗝𝗼𝗶𝗻 𝗼𝘂𝗿 𝗴𝗿𝗼𝘂𝗽,1
✳𝗔𝗣𝗣𝗟𝗜𝗖𝗔𝗧𝗜𝗢𝗡 (𝗔𝗡𝗗𝗥𝗢𝗜𝗗),1
✳𝗦𝗜𝗧𝗘 𝗪𝗘𝗕 (𝗜𝗣𝗛𝗢𝗡𝗘),1
✳𝗦𝗘𝗥𝗩𝗜𝗖𝗘 𝗖𝗟𝗜𝗘𝗡𝗧,1
𝗖𝗮𝘀𝗵 𝗠𝗼𝗻𝗲𝘆 𝗧𝗿𝗮𝗻𝘀𝗳𝗲𝗿,1
𝗹𝗮 𝗽𝗿𝗼𝘅𝗶𝗺𝗶𝘁𝗲́ 𝗮𝘃𝗲𝗰 𝗻𝗼𝘂𝘀,1
✈️✈️✈️ Départ imminent,1
*DOUALA 🇨🇲✈️MOSCOW🇷🇺*,1
*21 novembre 2024*,1
💫 23 kg x 5 disponibles,1
💫Document tout en sécurité,1
💫 Accessoires et petit colis on prend en charge.,1
*VOUS FACILITEZ LA TÂCHE C'EST MON CREDO*,1
Salut la famille besoin de 5 personnes pour un travail de chantier finir payer 2900 de 9 h a 17 h 40 rencontre a 8 h 15 sortie 4 au métro Метро кантемировская,1
Ville?,1
Il a dit ça où ? Source svp 🤔,1
🇷🇺𝗧𝗔𝗨𝗫 𝗚𝗢𝗢𝗚𝗟𝗘 !🇨🇲,1
𝗘𝗻𝘃𝗼𝘆𝗲𝗿 𝗱𝗲 𝗹'𝗮𝗿𝗴𝗲𝗻𝘁 𝗲𝗻𝘁𝗿𝗲 𝗹𝗮 𝗥𝘂𝘀𝘀𝗶𝗲 𝗲𝘁 𝗹𝗲 𝗰𝗮𝗺𝗲𝗿𝗼𝘂𝗻 𝗦𝗮𝗻𝘀,1
𝗳𝗿𝗮𝗶𝘀 𝗮𝘃𝗲𝗰 ''𝗨𝗡𝗜𝗢𝗡 𝗦𝗘𝗡𝗗'',1
𝗝𝗼𝗶𝗻 𝗼𝘂𝗿 𝗴𝗿𝗼𝘂𝗽,1
✳𝗔𝗣𝗣𝗟𝗜𝗖𝗔𝗧𝗜𝗢𝗡 (𝗔𝗡𝗗𝗥𝗢𝗜𝗗),1
✳𝗦𝗜𝗧𝗘 𝗪𝗘𝗕 (𝗜𝗣𝗛𝗢𝗡𝗘),1
✳𝗦𝗘𝗥𝗩𝗜𝗖𝗘 𝗖𝗟𝗜𝗘𝗡𝗧,1
𝗖𝗮𝘀𝗵 𝗠𝗼𝗻𝗲𝘆 𝗧𝗿𝗮𝗻𝘀𝗳𝗲𝗿,1
𝗹𝗮 𝗽𝗿𝗼𝘅𝗶𝗺𝗶𝘁𝗲́ 𝗮𝘃𝗲𝗰 𝗻𝗼𝘂𝘀,1
*PS EVENT*,1
"*Fabrication,  location et vente des tentes et chapiteaux*",1
Tél : 670945572,1
*PS EVENT*,1
"*Fabrication,  location et vente des tentes et chapiteaux*",1
Tél : 670945572,1
*PS LOUNGE*,1
Le PS LOUNGE est situé à nkolbikok (au carrefour du parc),1
Au *PS LOUNGE* organisez vos réunions,1
Au *PS LOUNGE* organisez vos mariages,1
Au *PS LOUNGE* organisez vos réceptions,1
Au *PS LOUNGE*  organisez vos anniversaires,1
Au *PS LOUNGE* louez les tentes et chapiteaux pour vos cérémonies,1
Au *PS LOUNGE* faites vous fabriquer les tentes et chapiteaux,1
Au *PS LOUNGE* faites vous accompagner lors de vos cérémonies par des professionnels,1
Contacts 690683449 / 670945572,1
*PS EVENT*,1
"*Fabrication,  location et vente des tentes et chapiteaux*",1
Tél : 670945572,1
Place disponible pour fille à scherbinka ib pour plus d'informations,1
Suivez ce lien pour rejoindre ma communauté WhatsApp : https://chat.whatsapp.com/DkWUnfpSPiqFIPPjbFI3fT,1
🇷🇺𝗧𝗔𝗨𝗫 𝗚𝗢𝗢𝗚𝗟𝗘 !🇨🇲,1
𝗘𝗻𝘃𝗼𝘆𝗲𝗿 𝗱𝗲 𝗹'𝗮𝗿𝗴𝗲𝗻𝘁 𝗲𝗻𝘁𝗿𝗲 𝗹𝗮 𝗥𝘂𝘀𝘀𝗶𝗲 𝗲𝘁 𝗹𝗲 𝗰𝗮𝗺𝗲𝗿𝗼𝘂𝗻 𝗦𝗮𝗻𝘀,1
𝗳𝗿𝗮𝗶𝘀 𝗮𝘃𝗲𝗰 ''𝗨𝗡𝗜𝗢𝗡 𝗦𝗘𝗡𝗗'',1
𝗝𝗼𝗶𝗻 𝗼𝘂𝗿 𝗴𝗿𝗼𝘂𝗽,1
✳𝗔𝗣𝗣𝗟𝗜𝗖𝗔𝗧𝗜𝗢𝗡 (𝗔𝗡𝗗𝗥𝗢𝗜𝗗),1
✳𝗦𝗜𝗧𝗘 𝗪𝗘𝗕 (𝗜𝗣𝗛𝗢𝗡𝗘),1
✳𝗦𝗘𝗥𝗩𝗜𝗖𝗘 𝗖𝗟𝗜𝗘𝗡𝗧,1
𝗖𝗮𝘀𝗵 𝗠𝗼𝗻𝗲𝘆 𝗧𝗿𝗮𝗻𝘀𝗳𝗲𝗿,1
𝗹𝗮 𝗽𝗿𝗼𝘅𝗶𝗺𝗶𝘁𝗲́ 𝗮𝘃𝗲𝗰 𝗻𝗼𝘂𝘀,1
*Ce pays africain lance la production de ses propres véhicules militaires*,1
*Lire ici*👇🏾,1
*BURKINA FASO : Voici pourquoi le capitaine IBRAHIM TRAORÉ veut rétablir la Peine de mort dans le pays*,1
*Lire ici*👇🏾,1
*Tentative de Coup d'État au BÉNIN : L'ancien ministre Oswald Homeky et Olivier Boko devant les juges du CRIET ce lundi*,1
*Lire ici*👇🏾,1
*SANTÉ : Prenez plusieurs maladies grâce aux bienfaits des feuilles de manioc pour votre organisme*,2
*Lire ici*👇🏾,1
*Ce pays africain lance la production de ses propres véhicules militaires*,1
*Lire ici*👇🏾,1
*BURKINA FASO : Voici pourquoi le capitaine IBRAHIM TRAORÉ veut rétablir la Peine de mort dans son pays*,1
*Lire ici*👇🏾,1
*SANTÉ : Prevenez plusieurs maladies grâce aux bienfaits des feuilles de manioc pour votre organisme*,2
*Lire ici*👇🏾,1
*URGENT - LAKURAWA: Un nouveau groupe terroriste plus dangereux que BOKO HARAM apparaît au Nigeria (Vidéo)*,1
*Lire ici*👇🏾,1
"*Immigration, avortement, guerre… : Voici tout ce que DONALD TRUMP veut changer aux États-Unis et dans le monde*",1
*Lire ici*👇🏾,1
*Voici le nouveau CLASSEMENT des 11 pays africains les plus mal gouvernés depuis 10 ans*,1
*Lire ici*👇🏾,1
*Guerre en Ukraine : Donald TRUMP met fermement en garde Vladimir POUTINE pour cette raison*,1
*Lire ici*👇🏾,1
*NIGER : Très bonne nouvelle pour les militaires au pouvoir*,1
*Lire ici*👇🏾,1
*Urgent - KARIM KHAN: Le procureur général de la CPI accusé d’abus sexuels*,1
*Lire ici*👇🏾,1
*TOGO : Un voleur casque lynché à mort; ses bourreaux arrêtés*,1
*Lire ici*👇🏾,1
*Trois pays africains ne souhaitent pas le départ des militaires françaises de leur territoire (La Liste)*,1
*Lire ici*👇🏾,1
bjr à ts s'il vous plaît abonnés vous à ma page svp les amis,1
Årmęl MUAMBA Jeune étudiant et entrepreneur africain en Russie a accepté de partager avec nous son expérience de vie.,1
"Écouter le podcast de ce jeunes plein de rêves et d’esprit d’aventure, qui a su profiter de l’offre qui s’est offerte à lui et aussi qui a su profiter du terrain sur lequel il est aujourd’hui.",1
"Merci d’aimer la vidéo, laisser vos appréciations ou suggestions en commentaires et aussi pour ceux qui ne sont pas encore abonné n’hésitez surtout pas à le faire et à activer la cloche de notification.",2
"Chers frères et soeurs, l'hiver est très proche et celles ou ceux qui sont intéressés par le travail d'école n'ont qu'à me contacter très rapidement.",1
"Le travail se fait à l'intérieur bien au chaud avec un système de paiement sur à 1000% qui est chaque semaine et tous ceux qui travaillent déjà avec nous peuvent en témoigner ici ont ne bloque pas les cartes bancaires et autres, ici c'est la transparence Merci et à très bientôt",2
*URGENT - Guinée : Très mauvaise nouvelle pour le général MAMADI DOUMBOUYA*,1
*Lire ici*👇🏾,1
*INCROYABLE - Guerre en Ukraine: un Camerounais combattant dans l’armée russe a tenu seul une défense pendant 12 jours (Vidéo)*,1
*Lire ici*👇🏾,1
"*DERNIÈRE MINUTE - Côte d’Ivoire : L’artiste Apoutchou National arrêté, les raisons (Vidéo)*",1
*Lire ici*👇🏾,1
*CÔTE D’IVOIRE : Des équipements militaires saisis près de la frontière burkinabè*,1
*Lire ici*👇🏾,1
"🚨🚨🚨🚨Le travail dans les cantines scolaires reprennent demain. Le travail est de 8h à 16h. 2300 par jour. Si vous êtes intéressé, contactez-moi en privé.",1
"🚨🚨🚨🚨Work in school canteens  available. The Work is from 8am to 4pm. 2300 per day. If you are interested, contact me privately.",1
Besoin d'une personne pour compléter Un effectif pour Un travail de chantier ce matin 9h 17h50 paiement juste après le boulot 3500r,1
Besoin 3 personnes hommes qui proche du métro Filatov lug sortie 1 pour travail facile ( juste déplacé les chaises et armoires) qui peut arriver 10h45 ou 11h 2700r paye.,1
Вакансия для граждан РФ и иностранных граждан!,1
"Уборка снега вокруг жилого дома, район Вешняки, ВАО, Москва",1
"(метро Выхино, Новогиреево)",1
График 6/1 с 7:00 до 16:00 обед с 12:00 до 14:00,1
Зарплата 80 000 руб.,1
Бесплатное новое общежитие.,1
Регистрируем в Москве.,1
Выдаем одежду и обувь.,1
Travail disponible pour citoyen russe ou étranger !,1
"Nettoyage de la neige autour des maison du quartier Вешняки( vechnyakyi ) , ВАО, Москва  (Moscou)",1
"(метро Выхино [vikhino ], Новогиреево [novogireevo ])",1
Horaire de travail 6 jours de travail 1 jours de repos de 7:00 à 16:00 avec une pose de  12:00 à 14:00,1
Pour un salaire de 80 000 руб.,1
Logement à labchrgitie gratuit .,1
Enregistrement gratuit ( vous comprenez qu’il vous faut un visa ) .  Nous vous donnerons des habits et des chaussures appropriées pour ce travail .,1
*URGENT - Une nouvelle vidéo sextape de BALTHAZAR et la femme du Ministre des Hydrocarbures et des Mines a fuité (La Vidéo)*,1
*Lire ici*👇🏾,1
*Voici les 10 pays où les résidents ne paient aucun impôt...*,1
*Lire ici*👇🏾,1
*Ousmane Sonko au cœur d’une polémique au Sénégal (Vidéo)*,1
*Lire ici*👇🏾,1
Pour le travail à saint-pétersbourg,1
Une place pour fille disponible dans un appartement de deux chambre pas loin du metro dmtri donskovo. Interessé inbox,1
"BESOIN DEMAIN DE 06 PERSONNES POUR TRAVAIL DE DÉCHARGEMENT(meubles de bureaux, cartons, objets légers, etc...) EN VOITURE DE 10H À 20H PAYÉ 3000r APRÈS BOULOT.",1
"11/13/24, 7:05 PM - ~ Offman added ~ Alexe🖤🍀🔥",1
Salut . C est disponible dans toutes les villes?,1
Même à tchéboksary ?,1
"Bonsoir, recrutement à ozone pouchkina, filles comme garçons, c'est l hiver et vous travaillez à l intérieur et au chaud, l heure de travail 8h- 20h, ou 20 h-8h, le travail c'est chaque jour , salaire 2600,3000,3500, jours ça dépend de ton poste de travail, la paye c est chaque 15jours, logement et transport gratuit, intéressé ib",1
NB: pas besoin de documents,1
"⚠️ Attention, membres QikQik+ !",1
"Vous êtes utilisateur, agent ou marchand sur QikQik+ ?",1
"Et bien, pour une meilleure expérience, utilisez une adresse email différente pour chaque type de compte :",2
* Utilisateur : https://qikqik.plus/register,1
* Agent : https://qikqik.plus/agent/register,1
* Marchand : https://qikqik.plus/merchant/register,1
Ceci évitera également toute confusion et faciliter la gestion de votre compte:,1
- Organisation : Gardez vos activités bien séparées.,2
- Sécurité : Renforcez la protection de vos données.,1
- Support technique et Assistance : Facilitez l'identification et le traitement de vos demandes.,1
"🚨🚨🚨🚨1571/4	ул.Свободы, д.81 к.1",1
Adresse disponible pour le travail dans les cantines scolaires 👆👆👆👆👆👆,1
Address available for work in school canteens 👆👆👆👆👆👆,1
Disponible,1
"11/13/24, 11:14 PM - ~ Offman added ~ Christlove",1
"Besoin 3 personnes hommes pour un travail au métro Filatov lug sortie 1 pour travail facile ( juste déplacé les chaises et armoires) de 9h à 17h 2700r paye. Pas de pression travail à long terme, le salaire sera augmenté a propos du travail bien fait.",2
*URGENT - Une attaque de BOKO HARAM fait plusieurs morts au Cameroun (Vidéo très sensible)*,1
*Lire ici*👇🏾,1
*KIM JONG-UN : Le dirigeant nord-coréen veut détruire ces 4 pays européens pour cette raison (La Liste)*,1
*Lire ici*👇🏾,1
*COOPERATION : La France accorde une aide de 6 Milliards FCFA à ce pays africain*,1
*Lire ici*👇🏾,1
*NIGERIA : L'homme de Dieu JOHN OGBONNA meurt alors qu’il jeûnait et priait (Vidéo)*,1
*Lire ici*👇🏾,1
"Besoin 1 personnes hommes pour un travail au métro Filatov lug sortie 1 pour travail facile ( juste déplacé les chaises et armoires) de 9h à 17h 2700r paye. Pas de pression travail à long terme, le salaire sera augmenté a propos du travail bien fait.",2
"Bonsoir, recrutement à ozone pouchkina, filles comme garçons, c'est l hiver et vous travaillez à l intérieur et au chaud, l heure de travail 8h- 20h, ou 20 h-8h, le travail c'est chaque jour , salaire 2600,3000,3500, jours ça dépend de ton poste de travail, la paye c est chaque 15jours, logement et transport gratuit, intéressé ib",1
NB: pas besoin de documents,1
Suivez ce lien pour rejoindre ma communauté WhatsApp : https://chat.whatsapp.com/DkWUnfpSPiqFIPPjbFI3fT,1
40kg disponible Briansk/Moscou- Douala le 8/12/24 date limite de réception des colis pour le Cameroun.,1
Nous acceptons également les documents...,1
intéressé ib svp,1
Besoin ce matin de 04 hommes au métro Новогиреево pour travail de déchargement   de 10h à 20h payé 3000r.,1
✈️✈️✈️ Départ imminent,1
*DOUALA 🇨🇲✈️MOSCOW🇷🇺*,1
*21 novembre 2024*,1
💫 23 kg x 2 disponibles,1
💫Document tout en sécurité,1
💫 Accessoires et petit colis on prend en charge.,1
*VOUS FACILITEZ LA TÂCHE C'EST MON CREDO*,1
Good evening sir/ ma please help repost God bless you all 🙏🙏🙏,1
*URGENT - ÉTATS-UNIS : Très mauvaise nouvelle KAMALA HARRIS*,1
*Lire ici*👇🏾,1
*AES : Un opposant malien jeté en prison pour offense envers Ibrahim Traoré (Photo)*,1
*Lire ici*👇🏾,1
*SANTÉ - Bon à savoir : Voici comment utiliser l’eau de gombo pour perdre du poids*,1
*Lire ici*👇🏾,1
Salut le groupe svp je suis a la recherche d'une chambre,1
Salut tous le monde,1
Lien du groupe svp🙏🏾,1
🇷🇺𝗧𝗔𝗨𝗫 𝗚𝗢𝗢𝗚𝗟𝗘 !🇨🇲,1
𝗘𝗻𝘃𝗼𝘆𝗲𝗿 𝗱𝗲 𝗹'𝗮𝗿𝗴𝗲𝗻𝘁 𝗲𝗻𝘁𝗿𝗲 𝗹𝗮 𝗥𝘂𝘀𝘀𝗶𝗲 𝗲𝘁 𝗹𝗲 𝗰𝗮𝗺𝗲𝗿𝗼𝘂𝗻 𝗦𝗮𝗻𝘀,1
𝗳𝗿𝗮𝗶𝘀 𝗮𝘃𝗲𝗰 ''𝗨𝗡𝗜𝗢𝗡 𝗦𝗘𝗡𝗗'',1
✳𝗔𝗣𝗣𝗟𝗜𝗖𝗔𝗧𝗜𝗢𝗡 (𝗔𝗡𝗗𝗥𝗢𝗜𝗗),1
✳𝗦𝗜𝗧𝗘 𝗪𝗘𝗕 (𝗜𝗣𝗛𝗢𝗡𝗘),1
✳𝗦𝗘𝗥𝗩𝗜𝗖𝗘 𝗖𝗟𝗜𝗘𝗡𝗧,1
𝗖𝗮𝘀𝗵 𝗠𝗼𝗻𝗲𝘆 𝗧𝗿𝗮𝗻𝘀𝗳𝗲𝗿,1
𝗹𝗮 𝗽𝗿𝗼𝘅𝗶𝗺𝗶𝘁𝗲́ 𝗮𝘃𝗲𝗰 𝗻𝗼𝘂𝘀,1
*RONALDO fait enfin des révélations sur sa coiffure à la coupe du monde 2002*,1
*Lire ici*👇🏾,1
*Colonel AKATAO BABARIME : Voici 5 choses à savoir sur le nouveau Directeur général de la police au TOGO*,1
*Lire ici*👇🏾,1
*Urgent - Cameroun : Un pasteur prédit le jour où Paul Biya perdra le pouvoir (La date)*,1
*Lire ici*👇🏾,1
🚨✈️🚨✈️🚨✈️🚨,1
Départ Extrêmement très très sûrement confirmé.,1
*Le 21.11.2024*,1
YAOUNDÉ--DOUALA 🇨🇲✈️✈️MOSCOU,1
💫 23 kg x 2 disponibles,1
💫 document📃,1
💫 petit colis et autres accessoires on gère.,1
*vous facilitez la tâche c'est mon credo🫡*,1
Salut la famille besoin de 4 personnes pour un travail de chantier garçons finir payer 3000 de 9 h a 17 h40 rencontre a 8 h 15 sortie 1 au métro Метро потапово c'est un travail permanent chaque jour,1
Comment je peux envoyer l’argent au Nigeria 🇳🇬 svp,1
Make everyone de careful ooo  this people don di disturb our brother and sisters,1
Ça se passe où dans quelle ville ?,1
C d’abord quel langage ça?,1
C tt le monde qui comprend ou parle pidgin?,1
Si vous ne pouvez pas parler l anglais normalement laissez pardon,1
Ma chérie le pidgin est une langue a part à ne pas confondre avec l'anglais car cette confusion fait en sorte qu'on la prenne pour de l'anglais mal parler,1
Oui miss c pck avc le pidgin j’ai du mal à saisir ckil dit.,1
L anglais normal cava,1
Mais la c autre chose,1
What happened and where,1
Même le pidgin là n'est pas sa,1
C'est pas bien écrit,2
I heard that where  there cought them work with work permit,1
*URGENT - États-Unis : Très bonne nouvelle pour DONALD TRUMP*,1
*Lire ici*👇🏾,1
"*AES : Assimi Goïta lance un projet en faveur de l’armée, les détails*",1
*Lire ici*👇🏾,1
*La RUSSIE conclut un partenariat historique avec ce pays africain*,1
*Lire ici*👇🏾,1
*FRANCE : Des migrants étrangers expulsés en Jet privé*,1
*Lire ici*👇🏾,1
🎁 Rejoignez TronKeeper pour une expérience de portefeuille Tron sécurisée et commencez à gagner des récompenses ! 💰,1
"11/16/24, 11:07 AM - +7 995 880-07-31 changed their phone number to a new number. Tap to message or add the new number.",1
Place disponible maintenant au metro Dmitri Daskova pour 3 personnes garçon dans la chambre pas lions du métro 15 minutes,1
Paye par mois 10.000p,1
Commission 3000 p,1
Interesse ib …!!!,1
*DEUX anciens Présidents français faisaient appel aux marabouts africains pour connaître l’issue des élections (PHOTO)*,1
*Lire ici*👇🏾,1
"*URGENT - Nouveau scandale sexuel : Après Balthazar, les vidéos sextapes de l'influenceuse DACHI sont diffusées (VIDÉO)*",1
*Lire ici*👇🏾,1
*GUINÉE ÉQUATORIALE : Mauvaise nouvelle pour la femme de BALTHAZAR (Vidéo)*,1
*Lire ici*👇🏾,1
Bonsoir. Besoin d'une place dans un appartement où dans une chambre,1
😛😋😋😋,1
Bonsoir à tous!,1
Recherche d’une place dans une chambre ou d’une chambre pour garçon dans un appartement.,1
Moscou🔥🔥🔥,1
Merci de me contacter si possible 🙏🏽 <This message was edited>,2
🙆🏿‍♂️,1
*Urgent - CÔTE D'IVOIRE : Décès de l'artiste Dan Marcel (Vidéo)*,1
*Lire ici*👇🏾,1
*AES : La MINUSMA quitte définitivement le Mali*,1
*Lire ici*👇🏾,1
🚨Besoin d'hommes🚨,1
*- travail Красное белое (грузчик)*,1
- ville,1
- Moscou,1
*- jour ( 8 h - 20) / 3400 roubles/ jour*,1
- *nuit (20h - 8) 3400 roubles/ jour*,1
*Logement sur place pour tout les travailleurs*,1
Nb: 1 heures de pause et,1
```Note``` *Payer après le travail* c'est à dire la paye c'est chaque jour,1
Intéressé inbox,1
*BURKINA FASO : Très mauvaise nouvelle pour l’ex président Paul-Henri DAMIBA*,1
*Lire ici*👇🏾,1
*SÉNÉGAL : Ousmane SONKO se prononce sur sa relation avec le président DIOMAYE FAYE*,1
*Lire ici*👇🏾,1
*AFRIQUE : Voici le premier importateur et consommateur de vin sur le continent*,1
*Lire ici*👇🏾,1
Salut la famille je suis a la recherche d'une chambre urgent par loin du métro,1
Studio disponible non loin du metro,1
Urgent studio disponible interesse ib,1
Studio 35000p Pour plus le details écrire en privé ib …,1
Urgent studio disponible interesse ib,1
Studio 35000p Pour plus le details écrire en privé ib …,1
"11/17/24, 1:59 PM - ~ Крист added ~ Child Of Zion♥️🙏✨",1
🚨Besoin d'hommes🚨,1
*- travail Красное белое (грузчик)*,1
- ville Moscou,1
*- jour ( 8 h - 20) / 3400 roubles/ jour*,1
- *nuit (20h - 8) 340 roubles/ jours*,1
Nb: 1 heures de pause et,1
```Note``` *Payer après le travail* c'est à dire la paye c'est chaque jour,1
*Lieu de rencontre scherbinka sortie 2 (МЦД)(D2)pour plus d'info Inbox*,1
🚨🚨🚨🚨🚨🚨🚨🚨🚨🚨🚨🚨🚨🚨🚨🚨🚨🚨 Une bonne place pour garçon disponible dans une maison a 5 min du metro Каховская ligne grise.,1
Tel: +79772838495,1
Place disponible pour une fille non loin du metro,1
*PS EVENT*,1
"*Fabrication,  location et vente des tentes et chapiteaux*",1
Tél : 670945572,1
*PS EVENT*,1
"*Fabrication,  location et vente des tentes et chapiteaux*",1
Tél : 670945572,1
*PS LOUNGE*,1
Le PS LOUNGE est situé à nkolbikok (au carrefour du parc),1
Au *PS LOUNGE* organisez vos réunions,1
Au *PS LOUNGE* organisez vos mariages,1
Au *PS LOUNGE* organisez vos réceptions,1
Au *PS LOUNGE*  organisez vos anniversaires,1
Au *PS LOUNGE* louez les tentes et chapiteaux pour vos cérémonies,1
Au *PS LOUNGE* faites vous fabriquer les tentes et chapiteaux,1
Au *PS LOUNGE* faites vous accompagner lors de vos cérémonies par des professionnels,1
Contacts 690683449 / 670945572,1
*PS EVENT*,1
"*Fabrication,  location et vente des tentes et chapiteaux*",1
Tél : 670945572,1
Manuel scolaire,1
Deux places pour filles disponible dans d'une chambre pour 3 personne,1
Métro domodedovskya ( 15min),1
Bus payant (50),1
Arrêt de bus a 2 min,1
Nb le bailleur exige des personnes civiliser et propre,1
Ib pour plus de détails,1
NB: la civilisation Elle est  relative 😀😀😀,1
Es moi le bailleur ? c'est une annonce,1
Une chambre pour deux filles disponible au métro Dimitri donskova a 30.000r la maison n'est pas loin du métro plus une petite commission et c tout,1
Je n’ai pas dit que c’est vous. Comprenez la définition du mot ( civilisation) je ne suis pas ici pour vous expliquer ( je vous renvoie à fouiller Google ou un dictionnaire),1
Par conclusion ( une rectification du motif soit disant civilisation 😀😀😀),1
Toute personne est civilisée ( race. Ethnie. Origine…………),1
Je ne dirais pas que c’est la civilisation européenne qui est la meilleure 😀😀😀😀😀😀😀,1
Vraiment 😂😂😂,2
Salut besoin d'une personne pour le travail de restaurant lave vaisselle non loin du métro Marina Rocha,1
13h-21h 2300,1
svp abonnés vous à ma page pour me soutenir svp,1
Utilise ce lien pour intégrer mon groupe WhatsApp : https://chat.whatsapp.com/GbMUG4G4EQIBGtnWjvCt0f,1
*GUINÉE ÉQUATORIALE : La femme de BALTHAZAR humiliée et huée dans un supermarché (Vidéo)*,2
*Lire ici*👇🏾,1
*Les élections législatives au SÉNÉGAL : Voici les résultats provisoires*,1
*Lire ici*👇🏾,1
*Décès du Dan Marcel: les causes sont enfin connues*,1
*Lire ici*👇🏾,1
Salut la famille besoin de 10 garçon pour un travail permanent de chantier finis payer 3100 après le travail juste nettoyage l'intérieur au métro mitino sortie 3 de 9 h a 18 h 40 rencontre a 8 h 20,1
*PLACE DISPONIBLE,1
*TYPE:* 2 Place pour *garçon*,1
*LOYER (rent) :* 9000 ₽,1
*Caution (deposit) :* 0 ₽,1
*COMMISSION :* 0,1
*ADRESSE:* À 15 min du Métro domodeskaya,1
Bonsoir à tous.,1
"J'ai besoin de 4 personnes demain pour un travail à l'extérieur, il suffit de ramasser les ordures. Les travail sera dirigé par un russe lui même payé 3000r de 9h à 17h45. Métro : ploschad Gagarina ligne 14 la sortie 2 du métro. Adresse : Улица зорге 28",1
1. JERMAT,1
2.,1
3.,1
4.,1
Remplacement: éducatrice francophone dans une école maternelle russe(Femme),1
Durée : 1 moi,1
3 jours de travail par semaine,1
"-mardi  de 9h à 13.50,",1
"-jeudi de 11h à 17h,",1
-vendredi de 9h à 17h),1
travail  très relax,1
-Salaire 50000 roubles,1
Possibilité d’obtenir un contrat de travail .,1
Être à jour,1
Les intéressés,1
ib (+7 915 222-70-51),1
Début : Dès demain matin,1
Bonsoir à tous.,1
"J'ai besoin de 4 personnes demain pour un travail à l'extérieur, il suffit de ramasser les ordures. Les travail sera dirigé par un russe lui même payé 3000r de 9h à 17h45. Métro : ploschad Gagarina ligne 14 la sortie 2 du métro. Adresse : Улица зорге 28",1
1. JERMAT,1
2.occupe,1
3.,1
4.,1
Besoin de 4 personnes au métro Salareva demain 09h00 17h45 3100p intéressés ib,1
Bonsoir à tous.,1
"J'ai besoin de 2 personnes pour compléter l’effectif un travail à l'extérieur, il suffit de ramasser les ordures. Les travail sera dirigé par un russe, payé 3000r après boulot de 9h à 17h45. Métro : ploschad Gagarina ligne 14 la sortie 2 du métro. Adresse : Улица зорге 28",1
1. JERMAT,1
2. Lionel,1
3. David,1
4.,1
Bonsoir à tous.,1
"J'ai besoin de 1 personnes pour compléter l’effectif un travail à l'extérieur, il suffit de ramasser les ordures. Les travail sera dirigé par un russe, payé 3000r après boulot de 9h à 17h45. Métro : ploschad Gagarina ligne 14 la sortie 2 du métro. Adresse : Улица зорге 28",1
1. JERMAT,1
2. Lionel,1
3. David,1
4. Alpha,1
5.,1
Disponible pour une personne,1
30k,1
10 k caution,1
25000 agent,1
Salut la famille Urgent besoin d'une place pour un garçon pas loin du Metro!,1
"*INSOLITE - Muluwork : Cette femme n’a ni mangé, ni bu d’eau depuis 16 ans (VIDÉO)*",1
*Lire ici*👇🏾,1
*Emmanuel ADEBAYOR détruit publiquement le sélectionneur Nibombé  DARÉ : « Il n’est pas compétent...» (Vidéo)*,1
*Lire ici*👇🏾,1
*Election législative au Sénégal : MACKY SALL envoie un message inattendu à Ousmane SONKO*,1
*Lire ici*👇🏾,1
*Tensions au MALI : Le Premier ministre Choguel Maïga défie Assimi GOÏTA*,1
*Lire ici*👇🏾,1
"🚨🚨🚨🚨Le travail dans les cantines scolaires  disponible. Le travail est de 8h à 16h. 2300 par jour. Si vous êtes intéressé, contactez-moi en privé. Le payement c’est 2 fois dans le mois , le 15 et 30 .",1
Place disponible pour 1 fille non loin du metro,1
*BALLON d’Or africain 2024 : Voici la liste des cinq finalistes*,1
*Lire ici*👇🏾,1
*AES - Niger : La France exige la libération immédiate d'un de ses ressortissants détenu par Niamey pour espionnage*,1
*Lire ici*👇🏾,1
*BÉNIN : Patrice Talon prévoit investir plus de 100 milliards de FCFA dans ce domaine stratégique en 2025*,1
*Lire ici*👇🏾,1
Tout les gens qui vos travailler à l’ecole interesse écrit moi en privé pour le modalités mrc !!!…,1
2PLACE  *Disponible pour *garçon dans la chambre de 4 personnes*,1
*LOYER (rent) :* 9000 ₽,1
*Caution (deposit) :* 0 ₽,1
*COMMISSION :* O ₽,1
*Métro domodeskaya :*,1
"Bonsoir, recrutement à ozone pouchkina, filles comme garçons, c'est l hiver et vous travaillez à l intérieur et au chaud, l heure de travail 8h- 20h, ou 20 h-8h, le travail c'est chaque jour , salaire 2600,3000,3500, jours ça dépend de ton poste de travail, la paye c est chaque 15jours, logement et transport gratuit, intéressé ib",1
NB: pas besoin de documents,1
*URGENT - ZIMBABWE : Un homme surnommé le Balthazar de Zimbabwe fouetté par les maris des femmes avec lesquelles il couche (Vidéo)*,1
*Lire ici*👇🏾,1
*CAN Maroc 2025: la liste complète des 24 nations qualifiées*,1
*Lire ici*👇🏾,1
*Voici le classement des 20 des pays africains avec une meilleure qualité des Routes*,1
*Lire ici*👇🏾,1
"Le constat est évident, que beaucoup de nos utilisateurs ne prennent pas le temps de personnaliser leur Profil et de se familiariser avec les fonctionnalités disponibles sur LOOP( https://joinloop.one/welcome).",1
"Tout comme les autres plateformes, certaines fonctionnalités dépendent du niveau de configuration de votre compte/Profil. Prenez quelques minutes pour le faire, comme il en est le cas ailleurs, afin de réduire le plus possible les plaintes de non-fonctionnement ou dysfonctionnement.",1
"La révolution SUREBANQA est en marche, pourtant certains hésitent, doutent, traînent le pas à embrasser son pouvoir transformateur.",1
"Certains exigent des formations des documents de présentation pour débloquer tout son potentiel, comme si leur nature intuitive de Facebook, WhatsApp, X, Tiktok, et LinkedIn nécessitait une telle prise en main.",1
La vérité est que l'impact de SUREBANQA va bien au-delà des récits étroits des médias traditionnels.,2
"Rejoignez-nous pour découvrir l'impact social authentique de SUREBANQA, sans filtres des préjugés de CNN, BBC, RDI Canada, France24, Forbes et autres médias traditionnels.",1
"Plongeons dans les histoires inédites d'autonomisation, d'innovation et de progrès que SUREBANQA catalyse à travers l'Afrique et au-delà.",1
"Ensemble, nous pouvons briser les chaînes de la peur et des idées reçues qui nous ont freinés pendant trop longtemps. Le moment est venu de révéler la vérité sur SUREBANQA. Allez-vous vous joindre à nous sur ce chemin de découverte et d'impact ?",1
Utilise ce lien pour intégrer mon groupe WhatsApp : https://chat.whatsapp.com/Gxlbc0sliFnJDCvY1IQsSB,1
*URGENT - Mali : ASSIMI GOÏTA limoge le Premier ministre Choguel MAÏGA*,1
*Lire ici*👇🏾,1
*TOGO : Quatre trafiquants d'organes humains et profanateurs de tombes arrêtés à Tsévié*,1
*Lire ici*👇🏾,1
*Coup d'État manqué au BÉNIN : Du nouveau dans l’affaire Olivier Boko et Oswald Homeky*,1
*Lire ici*👇🏾,1
*Le gouvernement accorde un délai d’un an aux occupants illégaux des réserves administratives*,1
*Lire ici*👇🏾,1
*MISES À JOUR IMPORTANTES EN COURS SUR LOOP : CORRECTIONS DE BOGUES ET AMÉLIORATIONS*,1
"Chers LOOPers,",1
Nous sommes ravis d'annoncer que notre équipe DevOps travaille sans relâche pour améliorer votre expérience sur LOOP ( https://joinloop.one/ ) !,1
Voici les dernières mises à jour :,1
"- LOOPChat sur webApp restauré : profitez à nouveau d'un inbox et de chats privés transparent, sécurisé et confidentiel !",1
- Problème de réinitialisation du mot de passe résolu,0
- Corrections de bogues en cours pour une navigation plus fluide,1
- Optimisations des performances pour des temps de chargement plus rapides,1
- Et bien d'autres améliorations en cours...,2
"Merci pour votre patience, vos commentaires et retour d'expériences. Votre contribution nous permet d'améliorer les services !",2
Votre participation à notre campagne en cours est encore mieux : https://joinloop.one/show_fund/Z1lgCvBwvElVIEb,1
Restez à l'écoute pour plus de mises à jour !,1
*Une PLACES (pour homme dans une chambre de 4 personnes),1
*LOYER (rent) :* 9.000 ₽,1
*Caution (deposit) :* 0 ₽,1
*COMMISSION :* 0 ₽,1
*ADRESSE:* Métro Domodedovoskaya,1
null,1
*On sait enfin pourquoi la Russie s’intéresse à l’Afrique (Vidéo)*,1
*Lire ici*👇🏾,1
*Voici Cinq pays du monde qui n’ont pas d’aéroport*,1
*Lire ici*👇🏾,1
*CLASSEMENT des pays africains avec la meilleure connexion internet*,1
*Lire ici*👇🏾,1
*Un homme surnommé le Balthazar de Zimbabwe copieusement bastonné par les maris des femmes avec lesquelles il couche (VIDÉO)*,1
*Lire ici*👇🏾,1
Appartement disponible 2 chambres,1
Garantie 70.000r,1
Caution 70.000r,1
Commission 30.000r,1
Interesse ib +79779759088 🙏 <This message was edited>,1
Pas mètres des appartements 😃😃😃😃,1
Une place disponible pour homme dans une grande chambre de deux personnes 🛑🛑🛑🛑🛑🛑🛑🛑🛑🛑🛑🛑🛑🛑🛑🛑🛑🛑🛑🛑,1
Disponible en federation de Russie,1
*Appel à l'action pour les résidents Africains !*,1
"Rejoignez notre campagne de financement participatif pour QikQik+, la plateforme Omni-canal Tout-En-Un qui révolutionne les paiements en Afrique et dans le monde!",1
Nous avons créé un lien de financement facile et sécurisé pour vous permettre de contribuer :,1
"En participant, vous soutenez :",1
- Le développement de QikQik+ pour les PME et les commerçants africains,1
- L'intégration de DCBANK pour des services financiers complets pour la diaspora au Canada(  https://joinloop.one/show_fund/Z1lgCvBwvElVIEb),1
- La création d'emplois et de richesses pour les africains.,1
Votre contribution en contrepartie des actions de SUREBANQA à partir de 200$ compte !,1
Partagez ce lien avec vos réseaux et rejoignez la révolution des paiements en Afrique !,1
"#QikQik #FinancementParticipatif #Afrique #Paiements #Innovation #DéveloppementÉconomique""",1
#inclusionfinanciere,1
Сколько стоит красная рубашка 👚?,1
1.500₽ только Красавица,1
*Dernière minute - MALI : Assimi GOÏTA nomme le général ABDOULAYE MAÏGA nouveau Premier ministre*,1
*Lire ici*👇🏾,1
*URGENT - Côte d’Ivoire : L’acteur Stéphane ZABAVY décédé (Vidéo)*,1
*Lire ici*👇🏾,1
.https://togo-plus.com/cote-divoire-deces-de-lacteur-stephane-zabavy/,1
*MALI : L’ex-premier ministre Choguel Maïga réagit à son limogeage*,1
*Lire ici*👇🏾,1
🛑🛑🛑 *Bonsoir. Urgent !!! Besoin d'un studio où d'un appartement*,1
Interested,1
🛑🛑🛑🛑🛑🛑🛑🛑🛑🛑🛑🛑🛑🛑🛑🛑🛑🛑🛑🛑🛑Boulot de 2 jours pour une fille fini payer,1
Novokusnetskaya,1
Sortie 1,1
Fini payer 3000p au chaud,1
Besoin du rouble j'ai 500 miles au Cameroun taux Google svp c'est urgent,1
"Besoin 3 personnes (hommes ) pour un travail au métro Filatov lug sortie 1, le travail ne pas assez difficile ( juste déplacé les chaises et armoires) de 9h à 17h 2700r paye, le travail à long terme.",1
"Besoin 2 personnes (hommes ) pour un travail au métro Filatov lug sortie 1, le travail ne pas assez difficile ( juste déplacé les chaises et armoires) de 9h à 17h 2700r paye, le travail à long terme.",1
*URGENT - Balthazar déclaré innocent par la Cour suprême et libéré de la prison (VIDÉO)*,1
*Lire ici*👇🏾,1
*ALERTE : La Russie tire un puissant missile balistique intercontinental contre l’Ukraine (Vidéo)*,1
*Lire ici*👇🏾,1
*BURKINA FASO : Coup dur pour l'ex-président PAUL-HENRI DAMIBA*,1
*Lire ici*👇🏾,1
null,1
*COMMENT S'EFFECTUE LE PAIEMENT D'UN TRAVAIL DE 3.000 ROUBLES (par jour) 2 FOIS PAR MOIS.*,1
"Si par exemple tu débutes le travail le 01/05/2024, tu auras d'abord une avance  de 10.000 roubles après  2 semaines (donc le 15/05/2024). Cet argent te permettra de payer le transport pour aller au boulot.",1
"Une fois que tu obtiens cette première avance, tu obtiendras encore la deuxième avance de 10.000 roubles à la fin du mois (30/05/2024).",1
"Maintenant pour obtenir tout ton argent, tu vas calculer le nombre de jours que tu as travaillé multiplié par le montant de ton salaire (3.000 roubles) moins le montant total de l'argent que tu as reçu comme avance (donc 20.000 roubles). Donc tout ton argent là, tu vas l'obtenir le 15/06/2024.",1
"Après avoir obtenu ton salaire, tu dois continuer ton travail et tu vas encore obtenir l'autre avance (de 10.000 roubles) le 01/07/2024. Et après, tu vas encore obtenir l'autre avance le 15/07/2024. Et après, tout salaire tu l'auras le 15/08/2024.",1
Salaire= Nombre de jours que tu as travaillé X montant de ton salaire (3.000). La somme générale obtenue moins 20.000 roubles (l'argent des avances que tu avais déjà reçu le 1er et le 15).,1
N.B: Cet type de boulot paie 3.000 roubles mais il faut savoir qu'il y a trop de straf (5.000 roubles à 10.000 roubles).,1
"Et en plus tu es censé partir tous les jours au boulot et tu n'auras qu'un jour de repos dans la semaine. Si tu es absent au boulot sans raison valable, on te straf (5.000 roubles).",1
*Voilà un peu comment ça se passe.*,1
"11/22/24, 1:40 PM - +7 965 251-63-29 added ~ Gaëlle Barbara",1
3 places disponibles pour homme,1
⚠️⚠️⚠️⚠️ Départ prévu le 18 décembre,1
Moscou ⏩⏩⏩➡️ Douala,1
* Plus de 23 kg disponible,1
* je prends les documents aussi.,1
🥳🥳🥳N'oubliez pas de faire des présents a vos familles  c'est décembre🥳🥳🥳🥳,1
Sais moi même qui voyage donc me contacter directement IB  merci,2
😀😀😀,1
*Urgent - CAMEROUN : Les cortèges des ministres Nganou Djoumessi et Paul Motaze écrasent et tuent un élève (VIDÉO)*,1
*Lire ici*👇🏾,1
*MALI : Voici les ministres du nouveau gouvernement (La liste)*,1
*Lire ici*👇🏾,1
*CANADA : Un Togolais et sa femme condamnés pour détournement de fonds public*,1
*Lire ici*👇🏾,1
Space available for a man. 15 minutes to the metro. Contact+79687107286 for more details,1
Bonsoir place disponible pour une fille🙎,1
*Voici les 5 pays d'au monde qui n’ont pas d’AÉROPORT (La Liste)*,1
*Lire ici*👇🏾,1
*BON À SAVOIR : Voici comment vous débarrasser des tartres sur les dents*,1
*Lire ici*👇🏾,1
*Échange téléphonique entre Vladimir POUTINE et Diomaye FAYE : Voici ce qu’ils se sont dit*,1
*Lire ici*👇🏾,1
*La FRANCE se prononce sur le mandat d'arrêt international de la CPI contre Benjamin NETANYAHU*,1
*Lire ici*👇🏾,1
"Je vous assure que le président camerounais et son régime devront répondre des souffrances endurées par les Camerounais chaque jour. Les larmes et les pleurs sont constants. Je suis à bout, ma tête est prête à exploser, je n'arrive plus à dormir. La situation est insupportable.",1
Cédric officiel,1
Besoin de deux  hommes maintenant pour un travail de chantier nettoyage intérieur et ainsi de suite .,1
3000 roubles .,1
9h00 à 18h00.,1
m Pechatniki,1
𝗷𝗼𝗶𝗻 𝗮𝗻𝗱 𝘀𝗵𝗮𝗿𝗲 𝗼𝘂𝗿 𝗴𝗿𝗼𝘂𝗽 𝘁𝗼 𝗿𝗲𝗰𝗲𝗶𝘃𝗲 𝗶𝗻𝗳𝗼𝗿𝗺𝗮𝘁𝗶𝗼𝗻 𝗮𝗯𝗼𝘂𝘁 𝘁𝗿𝗮𝗻𝘀𝗳𝗲𝗿 𝗿𝗮𝘁𝗲𝘀 𝗲𝘃𝗲𝗿𝘆 𝗱𝗮𝘆.,1
ALERTE INFO,1
Peut-on lier le taux de bancarisation d'un pays et son  niveau de développement économique?,1
**********,1
"Oui, il peut exister un lien entre le taux de bancarisation d'un pays et son niveau de développement économique.",1
La bancarisation est souvent associée à un niveau de développement économique plus élevé. Les pays dotés d'un système bancaire solide sont généralement ceux qui ont une économie développée...,1
Disponible,1
30 mille,1
10 mille caution,1
10 mille commission,1
ALERTE INFO,1
‼️⚡️3300р/смена‼️,1
На понедельник 25.11.,1
"💪Миксеровщики в цех смесей, *4чел*.",1
"✅️Задача: мешать и засыпать сухие смеси, 10-20кг/мешок                  ✅️ График с 9 до 18, 1час обед, чай/кофе угощают",1
"✅Адрес: п. Жилино-1, 112/1, от МЦД Люберцы маршрутка 20мин",1
💳Оплата после смены     *4 personnes pour lundi a l'adresse indiqué sur l'annonce.* si tu as sur d'être la ib. NB: *avoir les documents a jour*,1
"Voila ici c le complexe evenementiel ""ARI CLUB""nous vous presentons un appercu de notre collection des chambres hauts standing Vip et des suites deluxes pour vos sejours paisibles et agreables.nos prix sont incroyables et indiscutables.",1
1) les chambres hautes standing Vip equipees de wifi et eau chaude.avec petit offert / nuitee.,1
Au prix ireel de 10 miles frs.,1
"2) les suites deluxes equipee de cuisine moderne ..wiffi ,eau chaude et petit dejeuner offert chaque matin..au prix exceptionnel de 15 miles frs la nuitee.",1
3) des suites super Vip dite (suites presidentielles ),2
"Full option ..tout compris avec restaurant gratuite( petit dejeuner,dejeuner ,diner ou soupee.) Au prix de 30 miles frs la journee.",1
Nous sommes ouvert 24/ 24 disponible a douala quartier ngodi bakoko Ari a cote de l'usine d'eau minerale akwa vita.,1
En revenge notre complexe evenementiel aussi comporte en son sein une somptueuse salle de fete climatisee avec une capacitee de +500 places avec tout ses accessoirs decorratifs pour assurer l'organisation de vos divers evements festifs a des tres bons prix ....services traiteurs disponibles ..dj..impressariots ..et bien d'autres services complementaires accessibles sur places ..,2
Locations du materiels des fetes.,1
Veillez nous contactez 24/24,1
On vous contacte ou?,1
Voila mon numero,1
Place disponible pour homme,1
Au métro Necrasovka lyberci ibx intéressé 🛑🛑🛑🛑🛑🛑🛑🛑🛑🛑🛑🛑🛑🛑🛑🛑🛑🛑🛑,1
"Alors que le monde observe avec attention les efforts des BRICS pour remodeler l’ordre économique mondial, une nouvelle tendance semble mettre à mal leurs ambitions. Les banques étrangères, loin de s’aligner sur l’agenda de dé-dollarisation de l’alliance, renforcent au contraire leurs réserves en dollars américains. Cette évolution, dans un contexte où les devises locales des BRICS s’effondrent, interpelle davantage sur l’avenir de la multipolarité économique et la résilience du système financier mondial",1
Suivez ce lien pour rejoindre ma communauté WhatsApp : https://chat.whatsapp.com/DkWUnfpSPiqFIPPjbFI3fT,1
Space available for a man. 15 minutes to the metro. Contact+79687107286 for more details,1
*BALTHAZAR va traduire en justice tous ceux qui ont regardé et partagé ses vidéos*,1
*Lire ici*👇🏾,1
"*Voici le CLASSEMENT des 10 pays les plus riches du monde, énorme surprise dans le Top 10*",1
*Lire ici*👇🏾,1
*Guerre en Ukraine : VLADIMIR POUTINE ordonne la production en grande quantité d’un puissant missile balistique*,1
*Lire ici*👇🏾,1
*Le capitaine IBRAHIM TRAORÉ prend une décision radicale au Burkina Faso (Photo)*,1
*Lire ici*👇🏾,1
Disponible,1
30 mille,1
10 mille caution,1
10 mille commission,1
Chambre disponible non loin du metro,1
Une place disponible au métro kotelniki a 10.000r et commission 3000r.la place c'est dans une chambre de 3 personnes.,1
NB: besoin une personne qui est a jour,1
🛑🛑🛑🛑🛑🛑🛑🛑🛑🛑🛑,1
Place disponible pour un homme dans une grande chambre seulement deux personnes dans la chambre inbox intéressée 🛑🛑🛑🛑🛑🛑🛑🛑🛑🛑🛑,1
Bonjour une place disponible pour une fille,1
*Trop de filles de 30ans célibataires pourtant*,1
"*Elles sont belles, propre et stylée à votre avis ♥️ c'est quoi le problème*💁🏾‍♂️❓😂😂??",2
Elles ont préférée rêver que de vivre.😁😁😁,1
Le problème : c’est quand toi tu veux connaître la vie des filles de 30 ans ( sorcellerie),0
Elles veulent des hommes riches,1
Besoin de 05 personnes demain pour travail de déchargement de 11h à 21h payé 3000r après boulot.,1
"Déchargement matériel de bureau, cartons, objet pas lourd etc...",1
🚨🚨🚨🚨besoin demain de 10 personnes pour un boulot permanent (école) de 280roubles l'heure et payé chaque semaine sans retard,1
"Avantages: Nourriture à volonté , travail de l'intérieur et place garantie jusqu'en fin mai",1
Exigences: carnet médical et passeport...,1
Je veux des gens sérieux svp car le travail commence demain.,1
Bonjour je suis à la recherche d'une femme célibataire 25 à 40 ans,1
"11/24/24, 9:50 PM - Noel Nkengue added ~ Grace",1
African food by Odile,1
40 mille,1
10 mille caution,1
10 mille commission,1
Yes réggie toi même tu sais,1
Propre et sûre ✅🤝,1
Très propre et super 🎉🫰,2
*PS LOUNGE*,1
Le PS LOUNGE est situé à nkolbikok (au carrefour du parc),1
Au *PS LOUNGE* organisez vos réunions,1
Au *PS LOUNGE* organisez vos mariages,1
Au *PS LOUNGE* organisez vos réceptions,1
Au *PS LOUNGE*  organisez vos anniversaires,1
Au *PS LOUNGE* louez les tentes et chapiteaux pour vos cérémonies,1
Au *PS LOUNGE* faites vous fabriquer les tentes et chapiteaux,1
Au *PS LOUNGE* faites vous accompagner lors de vos cérémonies par des professionnels,1
Contacts 690683449 / 670945572,1
*PS EVENT*,1
"*Fabrication,  location et vente des tentes et chapiteaux*",1
Tél : 670945572,1
Manuel scolaire,1
Space available for a man. 15 minutes to the metro. Contact+79687107286 for more details,1
Salut la famille besoin de 2 filles et 2 garçons qui ont les documents pour un travail de chantier permanent finit payer 3100 de 9 h a 17 h au métro spartak sorti 4,1
*SÉNÉGAL : Le pays perd un grand homme (Photo)*,1
*Lire ici*👇🏾,1
*Affaire BALTHAZAR : L’influenceuse ivoirienne EMMA LOHOUES s’implique*,1
*Lire ici*👇🏾,1
"*TOGO – Accicent à Klobateme : Plusieurs morts, le bilan*",1
*Lire ici*👇🏾,1
"*Voici le CLASSEMENT des 10 pays les plus riches du monde, énorme surprise dans le Top 10*",1
*Lire ici*👇🏾,1
Un studio disponible pour deux personnes maximum 3 pas plus.,1
⚠️⚠️⚠️⚠️ Départ prévu le 18 décembre,1
Moscou ⏩⏩⏩➡️ Douala,1
* Plus de 23 kg disponible,1
* je prends les documents aussi.,1
🥳🥳🥳N'oubliez pas de faire des présents a vos familles  c'est décembre🥳🥳🥳🥳,1
Sais moi même qui voyage donc me contacter directement IB  merci,2
*URGENT - Les images spectaculaires d’un avion russe avec 90 passagers qui prend feu à l’atterrissage (Vidéo)*,1
*Lire ici*👇🏾,1
*Dernière minute : Le Niger exige le remplacement immédiat de l’ambassadeur de l’UE*,1
*Lire ici*👇🏾,1
*SÉNÉGAL : L’ancien président Macky SALL traduit devant la Justice*,1
*Lire ici*👇🏾,1
"Svp, veuillez cliquez sur le lien en bas de la vidéo pour vous abonner et recevoir les prochaines videos en mode mise à jour concernant l'immigration américaine.",1
Merci,2
Besoin ce matin de 01 personne(homme) pour travail de chantier de 9h00 à 18h00 payé 3000r,1
‎Open this link to join my WhatsApp Group: https://chat.whatsapp.com/E1qcc8fymKk9ywjdFmNckx,1
‎Open this link to join my WhatsApp Group: https://chat.whatsapp.com/GoKFgAM6o1a4obI780cQwP,1
*Une PLACES (pour homme dans une chambre de 4 personnes),1
*LOYER (rent) :* 9.000 ₽,1
*Caution (deposit) :* 0 ₽,1
*COMMISSION :* 0 ₽,1
*ADRESSE:* Métro Domodedovoskaya,1
*Une PLACES (pour homme dans une chambre,1
*LOYER (rent) :* 10000 ₽,1
*Caution (deposit) :* 0 ₽,1
*COMMISSION :* 0 ₽,1
*ADRESSE:* Métro Dmitry danskova,1
Studio disponible,1
40 mille,1
10 mille caution,1
15 mille commission,1
"*Urgent - GUINÉE ÉQUATORIALE : BALTHAZAR a quitté l’Afrique, Voici le pays dans lequel il se refuge (Vidéo)*",1
*Lire ici*👇🏾,1
*MALI : Plusieurs soldats russes tués*,1
*Lire ici*👇🏾,1
*Philippines: La capitale Manille ravagée par des flammes (Vidéo)*,1
*Lire ici*👇🏾,1
*Voici l’endroit le plus dangereux pour les femmes*,1
*Lire ici*👇🏾,1
Un ordinateur HP a vendre a 13mil,1
Mon point de vue sur la vie en Russie avec Le président fondateur Jaurel TSAFACK,1
"On l’appel président fondateur, vous voulez savoir pourquoi ?!",1
"Il a répondu à notre micro, d’une semaine un invité.",1
L’intégralité est sur le canal en ligne.,1
Écoutez bien les conseils de l’un des doyens de la ville de Briansk qui étale tout sur la vie en Russie.,2
‎Open this link to join my WhatsApp Group: https://chat.whatsapp.com/GoKFgAM6o1a4obI780cQwP,1
Client de quoi svp? 😎,1
"Bonjour,",1
Le procès du prof Nyamsi c'est demain à Rouen...,1
*Signalez-vous pour* ceux qui peuvent se déplacer...,1
On l'a arrêté ?,1
Et si vous pouviez avoir une plateforme adaptée à vos besoins uniques ? LOOP est la première HyperApp qui apprend et s'adapte à vos habitudes ! Rejoignez la communauté des LOOPers et découvrez un tout nouveau monde de possibilités infinies https://joinloop.one/register !,1
#LOOP #hyperApp #AI #VOD #Music,1
📣🌟 *Join the Future Now with LOOP!*,1
"Get ready to revolutionize your digital experience with LOOP, the cutting-edge hyperApp that's your go-to for EVERYTHING! From connecting with friends to managing your finances, shopping, and beyond—LOOP has endless possibilities.",1
✨ *Why LOOP?*,1
- *All-in-One*: One hyper app to rule and control  them all.,1
- *Innovative Features*: Stay ahead with the latest tech.,1
- *User-Friendly*: Intuitive design for effortless navigation.,1
- *Secure*🔐: Your data is safe with you.,1
📲 *Join LOOP Today and Unlock Limitless Potential!*,1
👉  https://joinloop.one/register,1
#JoinLoop #HyperApp #TechInnovation #DigitalRevolution #EndlessPossibilities #AI #LOOPCash,1
📣🌟 **Rejoignez le Futur Maintenant avec LOOP !**,1
"Préparez-vous à révolutionner votre expérience numérique avec LOOP, l'hyperApp de pointe qui est votre incontournable pour TOUT ! De la connexion avec des amis à la gestion de vos finances, vos achats et au-delà, LOOP offre des possibilités infinies.",1
✨ **Pourquoi LOOP ?**,1
- **Tout-en-un**: Une application pour les gouverner et les contrôler tous.,1
- **Caractéristiques innovantes**: Restez à l'avant avec les dernières technologies.,1
- **User-Friendly**: Conception intuitive pour une navigation sans effort.,1
- **Secure**: Vos données sont en sécurité avec nous.,1
📲 **Rejoignez LOOP aujourd'hui et débloquez un potentiel illimité !**,1
👉 https://joinloop.one/register,1
#RejoignezLOOP #HyperApp #TechInnovation #RévolutionDigitale #PossibilitésInfinies #AI #LOOPCash,1
Bonjour besoin d'un homme maintenant travaille vaisselle jusqu'à 23h 30 . 3000p,1
Les gars j'achète le rouble peut importe le montant tu as contacte moi on voit comment gérer,1
Un téléphone honore a vendre a 8000r,1
*TOGO : Voici pourquoi TOGOCOM change de nom et devient YAS*,1
*Lire ici*👇🏾,1
*AES : Le Sénégal rejette la carte Nina du Mali et exige la carte biométrique de la CEDEAO*,1
*Lire ici*👇🏾,1
*GABON : Un ex-ministre d’ALI BONGO introuvable après une convocation*,1
*Lire ici*👇🏾,1
*URGENT - Côte d’Ivoire : Des terroristes membres de l’Etat islamique arrêtés à ABIDJAN*,1
*Lire ici*👇🏾,1
‼️⚡️3300р/смена‼️,1
"💪Миксеровщики в цех смесей, 2чел.",1
"✅️Задача: мешать и засыпать сухие смеси, 10-20кг/мешок                  ✅️ График с 9 до 18, 1час обед, чай/кофе угощают",1
"✅Адрес: п. Жилино-1, 112/1, от МЦД Люберцы маршрутка 20мин",1
⌛️422/9/3800,1
💳Оплата после смены,1
Ib si intéressé,1
40mille,1
10 mille caution,1
15 mille commission,1
"Toutes ses informations sont gratuites mais comme vous êtes né avec l'esprit d'être malhonnête vous allez faire payer vos frères, après c'est pour venir dire la Russie est dure",1
Oui ils ont les choix de le faire en payant chez nous et d'aller eux même à la police prendre les informations...,1
Tout aide n'est pas gratuit,1
Les russes ont raison de nous traiter comme ils le font,1
Tu dois payer d'abord pour publier ton film 🎥 la ici...,1
Tu vérifie le visa comment ?,1
La magie🏃🏾‍♂️🏃🏾‍♂️🏃🏾‍♂️😂😂😂,2
😅 il suffit juste d'avoir les bons réseaux rien d'extraordinaire,1
"Il utilise les mêmes procédés, sinon il n'a aucun moyen pour vérifier à la maison",1
Nulle part j'ai dis que je le fais à la maison mais au moins une personne en étant en état irrégularités alors lui même ne peux pas se presenter à la police pour prendre ces infos par peur d'être arreter où deporter il peut passer par nous et nous allons aider...,1
Donc c'est l'aide vaut juste voir au delà de l'argent vois aussi en quoi on te sauve🤝,1
Place disponible pour UN garçon non loin du metro,1
Place disponible pour une fille non loin du metro,1
Ça veut dire quoi ?,1
Bonsoir besoin de 3 hommes pour un travail d’intérieur de démontage dans un stand au Park vdnkh,1
09:00-17:50,1
Une heure de pause,1
3000 roubles .,1
Métro vdnkh sortie 1,1
La question maintenant est de savoir jusqu'à quel point les africains en sont conscients ?,1
Deux places disponibles pour deux filles au métro Dimitri bulvar doskovo intéresse inbox rapidement 🛑🛑🫡🫡🫡🛑🛑🛑🛑🛑🛑🛑🛑🛑🛑🛑🛑🛑🛑🛑🛑🛑🛑🛑🛑,1
Deux places disponibles pour deux filles au métro Dimitri bulvar doskovo intéresse inbox rapidement 🛑🛑🫡🫡🫡🛑🛑🛑🛑🛑🛑🛑🛑🛑🛑🛑🛑🛑🛑🛑🛑🛑🛑🛑🛑,1
* CHAMBRES DISPONIBLES,1
*LOYER (rent) :* 30.000₽,1
*Caution (deposit) :* 0 ₽,1
*COMMISSION :* 2000 ₽,1
*ADRESSE:* Métro Domodedovoskaya,1
LA DICTATURE SANGUINAIRE ET GÉNOCIDAIRE EN ACTION.,1
‎Open this link to join my WhatsApp Group: https://chat.whatsapp.com/GoKFgAM6o1a4obI780cQwP,1
"11/28/24, 12:28 AM - dcplrjordan’ changed their phone number to a new number. Tap to message or add the new number.",1
Deux places disponibles pour deux filles au métro Rechnoy vokzal a une minute du sortie 1  intéresse inbox rapidement 🛑🛑🫡🫡🫡🛑🛑🛑🛑🛑🛑🛑🛑🛑🛑🛑🛑🛑🛑🛑🛑🛑🛑🛑🛑,1
Bonjour une place disponible pour une fille🙆,1
Bonjour la famille Les chaussures disponibles,1
Livraison au metro nekracovka et novokocino grattuitement,1
Venez nombreux😘☺️,1
Deux places disponibles pour deux filles au métro Dimitri bulvar doskovo intéresse inbox rapidement 🛑🛑🫡🫡🫡🛑🛑🛑🛑🛑🛑🛑🛑🛑🛑🛑🛑🛑🛑🛑🛑🛑🛑🛑🛑,1
ALERTE INFO !,1
null,1
Chambre disponible non loin du metro,1
Salut la famille besoin de 8 garçons pour un travail de chantier finis payer 3200 de 9 h 17h 45,1
Sortir 3 rencontre a 8 h 15 au métro beskudnikovo,1
Deux places disponibles pour deux filles au métro Rechnoy vokzal a une minute du sortie 1  intéresse inbox rapidement 🛑🛑🫡🫡🫡🛑🛑🛑🛑🛑🛑,1
"🚨🚨🚨🚨Le travail dans les cantines scolaires disponible . Le travail est de 8h à 16h. 2300 par jour. Si vous êtes intéressé, contactez-moi en privé.",1
"🚨🚨🚨🚨Work in school canteens  available. The Work is from 8am to 4pm. 2300 per day. If you are interested, contact me privately.",1
🚨 TERRAIN TITRE A VENDRE A YAOUNDE 🚨,1
"👉🏾📍 Localisation : situé à Yaoundé NKOLBISSON béatitude, à environ 100 m de l'axe principal. A côté de l'hôtel Belvic.",1
👉🏾 Superficie : 584 m2,2
👉🏾 Prix : 25.000 fr/m2 ✅,1
"👉🏾 Un seul signataire, transaction direct chez le notaire.",1
🚨🚨🚨 Solde Besoin d'argent urgemment...,1
Celui qui a 13 millions FCFA ça passe.,1
📱: wa.me/+237675990628,1
Nous avons organisé un jeu pour manger du taro 😋 c’était délicieux 🤤 rendez-vous ce dimanche pour une aventure brûlante de taro sauce jaune avec les légumes.,1
————————————————,1
We organized a game to eat achu and yellow soup 😋 it was delicious 🤤 see you this Sunday for a burning adventure of achu and yellow soup with vegetables.,1
Besoin de 4 hommes pour un travail de chantier intérieur.,1
3200 roubles,1
09:00-18:00,1
Métro rostokino,1
Arrive au métro à 8:00,1
Besoin de 1 homme pour un travail de chantier intérieur.,1
3200 roubles,1
09:00-18:00,1
Métro rostokino,1
Arrive au métro à 8:00,1
🚨Bonjour place pour fille et garçon disponible dans une maison à 7mn à pieds du métro intéressé mon ib est climatisé,1
Une chambre disponible pour que 2 filles à l’intérieur à 4 minutes des pieds au métro Rechnoy vokzal     Les intéressé écrivez moi vite en privé,1
*PS LOUNGE*,1
Le PS LOUNGE est situé à nkolbikok (au carrefour du parc),1
Au *PS LOUNGE* organisez vos réunions,1
Au *PS LOUNGE* organisez vos mariages,1
Au *PS LOUNGE* organisez vos réceptions,1
Au *PS LOUNGE*  organisez vos anniversaires,1
Au *PS LOUNGE* louez les tentes et chapiteaux pour vos cérémonies,1
Au *PS LOUNGE* faites vous fabriquer les tentes et chapiteaux,1
Au *PS LOUNGE* faites vous accompagner lors de vos cérémonies par des professionnels,1
Contacts 690683449 / 670945572,1
*PS EVENT*,1
"*Fabrication,  location et vente des tentes et chapiteaux*",1
Tél : 670945572,1
Manuel scolaire,1
Manuel scolaire,1
Ça c’est pour quoi ?,1
Nous avons organisé un jeu pour manger du taro 😋 c’était délicieux 🤤 rendez-vous ce dimanche pour une aventure brûlante de taro sauce jaune avec les légumes.,1
————————————————,1
We organized a game to eat achu and yellow soup 😋 it was delicious 🤤 see you this Sunday for a burning adventure of achu and yellow soup with vegetables.,1
‎Open this link to join my WhatsApp Group: https://chat.whatsapp.com/GoKFgAM6o1a4obI780cQwP,1
Une place disponible pour homme dans une chambre .,1
Loyer : 10000r avec tous facture,1
Métro : nekrasofka,1
🌍 Appel à l’action pour la Communauté Africaine ! 🌍,1
"Chers frères et sœurs,",1
"Nous avons une opportunité incroyable et historique de transformer les paiements en Afrique et dans le reste du monde avec QikQik.plus, la plateforme Omni-canal Tout-En-Un qui révolutionne les paiements et democratise l'inclusion financière.",1
Rejoignez notre campagne de financement participatif et soyez acteurs du changement !,1
🔗 Contribuez facilement et en toute sécurité en suivant ces liens: https://flutterwave.com/pay/loopcrowdfunding,1
depuis la plupart des pays d'Afrique; ou:,1
"En participant, vous soutenez :",1
"👉🏿Le développement de QikQik.plus pour les PME/I, les commerçants/marchands, les populations africain(e)s longtemps exclu(e)s financièrement, sous-bancarisé(e)s, mal-deservi(e)s, facilitant ainsi les transactions et stimulant de ce fait l’économie locale, le commerce  intra-africain, etc.",1
👉🏿L’intégration de DCBANK pour offrir des services financiers complets à la diaspora africaine au Canada.,1
"👉🏿La création d’emplois et de richesses pour les Africains, contribuant à un avenir prospère pour notre continent.",1
👉🏿Etc.,1
"Votre contribution, à partir de 200$, vous donne droit à des actions de votre startup SUREBANQA.",1
Chaque dollar compte pour faire avancer cette révolution financière !,1
📢 Partagez ce(s) lien(s) avec vos réseaux et rejoignez-nous pour bâtir un avenir inclusif et innovant pour l’Afrique et le monde!,1
#QikQik #FinancementParticipatif #Afrique #Paiements #Innovation #DéveloppementÉconomique #InclusionFinancière,1
Salut à tous les LOOPers !,1
Nous voulons prendre un moment pour saluer le leadership exceptionnel de https://joinloop.one/post/3412_.html qui s'est démarqué par ses initiatives et actions concrètes pour promouvoir l'adoption massive de l'HyperApp LOOP sur le terrain !,1
"Grâce à son dévouement et à sa passion,  est entrain de mobiliser son réseau de contacts et à les encourager à adopter LOOP comme outil quotidien. Ses efforts permettent de sensibiliser un grand nombre de personnes aux avantages de l'HyperApp et de les aider à en tirer parti pour améliorer leur vie quotidienne.",1
Nous sommes ravis de voir des leaders comme https://joinloop.one/post/3411_en-marche-pour-la-conquete-de-l-039-afrique.html qui prennent l'initiative de promouvoir l'adoption de LOOP et de contribuer à la croissance de notre communauté.,1
Merci https://joinloop.one/JMKOFFI pour votre leadership et votre dévouement ! Nous sommes fiers de vous compter parmi les LOOPers !,2
Continuez à partager vos expériences et vos idées pour aider à promouvoir l'adoption de LOOP et à renforcer notre communauté !,1
*Leadership is everything!*,1
"*""Talk is cheap, ACTION is SUPREME!""*",1
"#LOOP #Leadership #Communauté #Adoption #HyperApp""",1
FORMIDABLE !,1
Place disponible pour UN garçon non loin du metro,1
Place disponible pour une fille non loin du metro,1
*CAMEROUN : Une enseignante meurt en plein cours (PHOTO)*,1
*Lire ici*👇🏾,1
"*Sur 43 États africains, Voici le Top 20 les plus émergents*",1
*Lire ici*👇🏾,1
*JOE BIDEN : Le président américain a choisi ce pays pour son premier voyage en Afrique*,1
*Lire ici*👇🏾,1
*OUGANDA : Plusieurs morts dans des glissements de terrain (Vidéo)*,1
*Lire ici*👇🏾,1
*AES / Mali : Assimi GOÏTA évoque les élections présidentielles*,1
*Lire ici*👇🏾,1
5 человек нужен,1
"В день 3000 руб . Зарплата каждые 15 дней . С меня аванс как выйдут на работу . Жилье , еда и вся зимняя одежда",1
Видное,1
"Ленинский городской округ, Московская область https://yandex.ru/maps/-/CHAauYk3",1
40 mille,1
10 Mille caution,1
15 mille commission,1
African food by Odile,1
What is the use of these,1
J'ai besoin d'un travail à temps partiel demain si quelqu'un m'a fait savoir,1
Nous avons organisé un jeu pour manger du taro 😋 c’était délicieux 🤤 rendez-vous ce dimanche pour une aventure brûlante de taro sauce jaune avec les légumes.,1
————————————————,1
We organized a game to eat achu and yellow soup 😋 it was delicious 🤤 see you this Sunday for a burning adventure of achu and yellow soup with vegetables.,1
‎Open this link to join my WhatsApp Group: https://chat.whatsapp.com/GoKFgAM6o1a4obI780cQwP,1
Lave vaisselle fille 11 h 23 h 3200 rouble fini payer,1
Bonjour la famille Les chaussures disponibles,1
Livraison au metro nekracovka et novokocino grattuitement,1
Venez nombreux😘☺️,1
Hey la mifa,1
J’espère que vous allez bien ?,2
Une chambre qui est disponible au métro Rechnoy vokzal 3 min à pied de la maison jusqu’au métro besoin de deux filles uniquement,1
Loyer 10000₽,1
Commission 3000₽ par personne,1
Les intéressés venez en privé,1
Week-ends agréable à tous 🙌,1
*SMILE INSTITUTE* situé à Tyioply Stan recherche pour besoin de ses services un coiffeur expérimenté pour un contrat permanent bien vouloir nous contacter ib pour plus de détails. +79623331145,2
Une chambre disponible pour que 2 filles à l’intérieur à 4 minutes des pieds au métro Rechnoy vokzal     Les intéressé écrivez moi vite en privé,1
Chambre disponible pour une fille non loin du metro,1
Chambre disponible pour une fille non loin du metro 20 mille rouble,1
"I send you my respectful greetings hoping that you are well! please I need a room in an apartment or a studio, whoever has one please write to me. Thank you for your understanding",1
"Je vous adresse mes salutations respectueuses en espérant que vous allez bien ! S'il vous plaît, j'ai besoin d'une chambre dans un appartement ou un studio, celui qui en a une s'il vous plaît écrivez-moi. Merci de votre compréhension",2
Chambre disponible pour 2 filles 20 mille rouble non loin du metro,1
Suivez ce lien pour rejoindre ma communauté WhatsApp : https://chat.whatsapp.com/DkWUnfpSPiqFIPPjbFI3fT,1
Utilise ce lien pour intégrer mon groupe WhatsApp : https://chat.whatsapp.com/Flf0BdzmukyKiZUS1gy7UL,1
⛔️⛔️⛔️⛔️⛔️⛔️⛔️⛔️⛔️⛔️⛔️⛔️⛔️⛔️⛔️⛔️⛔️⛔️⛔️⛔️⛔️⛔️⛔️Bonsoir la famille Nadegda Service lance le Challenge de Rocky Boxer 🥊 prix a gagner 🏅 2500 p fille et garçon . Nous attendons vos vidéos priez de me contacter pour plus d’informations,1
Exemple :vous pouvez voir mon nombre de points 🧵 ici,1
Nous avons déjà une 1️⃣ concurrente ma chérie je suis fan ❤️❤️❤️❤️❤️🥊🥊🥊🥊🥊🥊🥊🥊,1
Ex 1,1
Part-time restaurant job . Time 11:00-23:00. Payment 3200 rub . Contact+79687107286,1
BON DIMANCHE !,1
"*SMILE INSTITUTE* recrute pour besoin de ses services un coiffeur professionnel salaire 2800 roubles par jour (il doit pouvoir m'apporter un rendement, pas juste dormir et attendre le salaire) travail au chaud et tranquille. Contact si intéressé au +96233311450 WhatsApp uniquement",1
Je vend les parpaings vibrer,1
Bonsoir a tous une place pour garçon disponible dans une maison à 7mn à pieds du métro intéressé mon ib est climatisé,1
null,1
null,1
iPhone ?,1
Part-time restaurant job . Time 11:00-23:00. Payment 3200 rub . Contact+79687107286,1
‎Open this link to join my WhatsApp Group: https://chat.whatsapp.com/GoKFgAM6o1a4obI780cQwP,1
*Voici Les 6 Pays africains ayant acheté le plus d’armes depuis les cinq dernières années*,1
*Lire ici*👇🏾,1
*Découvrez les 5 pays africains où l’armée française est encore présente*,1
*Lire ici*👇🏾,1
*L'artiste DAVIDO au cœur d'un scandale: « J’ai les numéros de téléphone de 14 présidents. Je peux les appeler directement »*,1
*Lire ici*👇🏾,1
"*Togo : La police arrête un faux policier à Zossimé, les faits*",1
*Lire ici*👇🏾,1
Une chambre disponible pour que 2 filles à l’intérieur à 4 minutes des pieds au métro Rechnoy vokzal     Les intéressé écrivez moi vite en privé,1
"12/2/24, 5:11 PM - +7 926 065-69-18 changed their phone number to a new number. Tap to message or add the new number.",1
Place disponible pour 2 filles non loin du metro,1
"Si quelqu’un a besoin de recevoir l’argent à partir de Kinshasa pour la Russie. Veuillez me contacter, le frais est de 1% seulement",1
‎Open this link to join my WhatsApp Group: https://chat.whatsapp.com/GoKFgAM6o1a4obI780cQwP,1
Un studio style américain disponible a dimri bulvard :,1
Prix : 35000r plus de détails ib,1
"🚨🚨🚨🚨Le travail dans les cantines scolaires disponible . Le travail est de 8h à 16h. 2300 par jour. Si vous êtes intéressé, contactez-moi en privé.",1
"🚨🚨🚨🚨Work in school canteens  available. The Work is from 8am to 4pm. 2300 per day. If you are interested, contact me privately.",1
🚨Besoin d'hommes🚨,1
*- travail Красное белое (грузчик)*,1
- *ville MOSCOU*,1
- Adresse :*Щербинка*,1
*- jour ( 8 h - 20) / 3400 roubles/ jour*,1
- *nuit (20h - 8) 3400 roubles/ jour*,1
* Adresse : *Поваровка*,1
* *jour ( 8 h - 20) / 3600 roubles/ jour*,1
- *nuit (20h - 8) 3600 roubles/ jour*,1
-1 heures de pause,1
*Payer après le travail*,1
Intéressé inbox +79996700083,1
Bonjour,1
Place pour garçon disponible dans une maison à 7mn à pieds du métro intéressé mon ib est caramélisé 🤪,1
Deux places disponibles pour hommes intéressés inbox 🛑🛑🛑🛑🛑🛑🛑🛑🛑🛑🛑🛑🛑🛑🛑🛑🛑🛑🛑🛑🛑🛑🛑🛑🛑🛑🛑🛑🛑🛑🛑🛑🛑🛑🛑🛑🛑🛑🛑🛑🛑,1
"🚨🚨🚨🚨Le travail dans les cantines scolaires disponible . Le travail est de 8h à 16h. 2300 par jour. Si vous êtes intéressé, contactez-moi en privé.",1
"🚨🚨🚨🚨Work in school canteens  available. The Work is from 8am to 4pm. 2300 per day. If you are interested, contact me privately.",1
"On dit que la connaissance de son prochain passe souvent par le conflit, mais là je pense qu’ils (les Russes) ont déjà beaucoup eu de conflit avec nous et il faudrait qu’on essayer de calmer la tendance sinon le risque sera grave pour nous africains.",1
"Pendant que les lois sur les étrangers pleuvent du côté de la DOUMA, les  africains sont de plus en plus nombreux dans les ambassades et plus de 60 % refoulés au niveau de l’aéroport.",1
"C’est quoi le problème, comment y remédier ?!",0
Écouter le point de vue de ce jeune camerounais qui a essayé de s’exprimer sur la question.,1
"Merci de laisser vos suggestions ou appréciation en commentaire, liker le contenu et partager pour sensibiliser le plus grand nombre de personnes possible.",2
I need a bed space,1
Disponible a métro Kotelniki !,1
🚨🚨🚨🚨besoin demain de 10 personnes pour un boulot permanent (école) de 285roubles l'heure et payé chaque semaine sans retard,1
"Avantages: Nourriture à volonté , travail de l'intérieur et place garantie jusqu'en fin mai",1
Exigences: carnet médical et passeport...,1
Je veux des gens sérieux svp car le travail commence demain. <This message was edited>,1
Disponible à métro Kotelniki,1
FORMIDABLE !,1
‎Open this link to join my WhatsApp Group: https://chat.whatsapp.com/GoKFgAM6o1a4obI780cQwP,1
маленькая змея,1
1 PLACE DISPONIBLE POUR UNE FILLE DANS UNE CHAMBRE DE 2 PERSONNES DONT UNE EST DÉJÀ LÀ.,1
(POUR PARTAGER LA CHAMBRE À 2),1
MÉTRO : Bulvar Dimitri Donskova,1
IB: pour plus de détails,1
ALERTE INFO !,1
Bonjour,1
Place pour garçon disponible dans une maison à 7mn à pieds du métro intéressé mon ib est caramélisé 🤪,1
Je demande à l'empêcher de saturer aussi avec ses annonces s'il n'ouvre pas aussi sont groupe pour que d'autres publi aussi les leurs,1
🚨🚨🚨 Part-time restaurant job. Payment after working 3000 rub. Need 2 guys. Time 11:00-23:00. +79687107286,1
‎Open this link to join my WhatsApp Group: https://chat.whatsapp.com/GoKFgAM6o1a4obI780cQwP,1
1 PLACE DISPONIBLE POUR UNE FILLE DANS UNE CHAMBRE DE 2 PERSONNES DONT UNE EST DÉJÀ LÀ.,1
(POUR PARTAGER LA CHAMBRE À 2),1
MÉTRO : Bulvar Dimitri Donskova,1
IB: pour plus de détails,1
Nvo Numero Mimie.vcf (file attached),1
Bonjour aux admis de ce groupe,1
SVP bien vouloir ajouter ce numéro,2
null,1
Svp ce numéro aussi 🙏,1
"12/5/24, 12:04 PM - ~ Offman added ~ S Institut",1
null,1
Bonsoir besoin d'un homme demain lave vaisselle 8h 20h 3000p intéressé inbox,1
"🚨🚨🚨🚨Le travail dans les cantines scolaires disponible . Le travail est de 8h à 16h. 2300 par jour. Si vous êtes intéressé, contactez-moi en privé.",1
"🚨🚨🚨🚨Work in school canteens  available. The Work is from 8am to 4pm. 2300 per day. If you are interested, contact me privately.",1
Bonsoir besoin d'un homme demain lave vaisselle 8h 20h 3000p intéressé inbox,1
"Diana's est une boutique en ligne où vous trouverez tous les accessoires (aussi bien pour femmes que pour hommes), des produits typiquement africains (boucles d'oreilles, chaînes...), des sacs à main, des montres de luxe, des sacs, des bijoux 🥰🥰🥰🥰🙏.",2
"organiser une visite, livraison dans toutes les villes de Russie 🇷🇺et aussi Brazzaville 🇨🇬",1
Voici un cas d'école que j'ai posté aujourd'hui 😉,1
Lire attentivement le contenu du post ainsi que mes commentaires.,1
Voyage prévu pour le 27 décembre 2024,1
DOUALA ✈️ MOSCOU,1
20 kilos disponible💯,1
Tel: +7(988)2741039,1
Ancien en Russie,1
⚠️⚠️⚠️⚠️ Départ prévu le 18 décembre,1
Moscou ⏩⏩⏩➡️ Douala,1
* Plus de 23 kg disponible,1
* je prends les documents aussi.,1
🥳🥳🥳N'oubliez pas de faire des présents a vos familles  c'est décembre🥳🥳🥳🥳,1
Sais moi même qui voyage donc me contacter directement IB  merci,2
null,1
"12/6/24, 11:59 AM - +7 985 266-49-34 joined using this group's invite link",1
✈️✈️Départ confirmé,1
*MOSCOU 🇷🇺✈️✈️DOUALA🇨🇲*,1
*12 DÉCEMBRE 2024*,1
🚨 30 kg disponibles,1
🚨 vos documents📃,1
🚨 petits colis et autres accessoires,1
"*C'EST LA FIN D'ANNÉE OOOHH, N'OUBLIEZ PAS LES ENFANTS ET LA FAMILLE AU PAYS.*",1
*VOUS FACILITER LA TÂCHE C'EST MON CREDO🫡*,1
Départ prévue le 27 Décembre,1
Douala Yaoundé ✈️ Moscou,1
*20 kilos disponibles *,1
- expédition de vos documents,1
- ⁠e expedition de vos colis 📦,1
- ⁠expédition de vos passeports,1
Nb: Ancien en Russie,1
+7(988)2741039,1
‎Suivez ce lien pour intégrer mon Groupe WhatsApp  : https://chat.whatsapp.com/JeiWu3VUZ1p0CSSiQAPuWD,1
"12/6/24, 9:38 PM - +237 6 57 80 07 31 joined using this group's invite link",1
‎Suivez ce lien pour intégrer mon Groupe WhatsApp  : https://chat.whatsapp.com/KENpG8tFGdEJjj2anxGZVG,1
Places disponibles pour un homme métro domodedovskaya sortie 9,1
L'HOMME DE LA SITUATION !,1
Départ prévue le 27 Décembre,1
Douala Yaoundé ✈️ Moscou,1
*20 kilos disponibles *,1
- expédition de vos documents,1
- ⁠e expedition de vos colis 📦,1
- ⁠expédition de vos passeports,1
Nb: Ancien en Russie,1
+7(988)2741039,1
ALERTE INFO,1
‎Open this link to join my WhatsApp Group: https://chat.whatsapp.com/GoKFgAM6o1a4obI780cQwP,1
Départ prévue le 27 Décembre,1
Douala Yaoundé ✈️ Moscou,1
*20 kilos disponibles *,1
- expédition de vos documents,1
- ⁠e expedition de vos colis 📦,1
- ⁠expédition de vos passeports,1
Nb: Ancien en Russie,1
+7(988)2741039,1
"12/7/24, 11:26 AM - +7 991 947-05-87 joined using this group's invite link",1
"12/7/24, 11:26 AM - +7 977 102-83-63 joined using this group's invite link",1
"12/7/24, 11:27 AM - +7 991 011-79-26 joined using this group's invite link",1
"12/7/24, 11:27 AM - +7 977 317-67-14 joined using this group's invite link",1
"12/7/24, 11:31 AM - +7 903 189-19-98 joined using this group's invite link",1
"12/7/24, 11:34 AM - +237 6 79 73 49 02 joined using this group's invite link",1
null,1
Place disponible pour une fille non loin du metro,1
"12/7/24, 11:45 AM - +375 25 609-28-11 joined using this group's invite link",1
"12/7/24, 11:57 AM - +7 995 551-75-51 joined using this group's invite link",1
"12/7/24, 12:22 PM - +7 996 363-53-86 joined using this group's invite link",1
"12/7/24, 1:05 PM - +7 908 131-65-27 joined using this group's invite link",1
"12/7/24, 1:26 PM - +7 996 647-74-71 joined using this group's invite link",1
‎Open this link to join my WhatsApp Group: https://chat.whatsapp.com/LHZ5qmQEImYC3D2FZuKUkS,1
"12/7/24, 2:09 PM - +7 916 845-30-44 joined using this group's invite link",1
"12/7/24, 2:56 PM - +7 901 561-52-81 joined using this group's invite link",1
Besoin de deux hommes pour un travail ce soir .,1
22:00-06:00,1
3000 roubles .,1
Métro pavelskaya,1
Ville stp ?,1
Bonsoir à tous demain il y'a du travail : Работа на улице снега почти.. besoin de 150 personnes,1
3200 р.les filles peuvent venir mais pas plus de 8. svp.,1
Métro трубная,1
8:00-17:00,1
Intéressé écrivez,1
1-Yacuba,1
2-,1
3-,1
4-,1
5-,1
6-,1
7-,1
8-,1
9-,1
10-,1
11-,1
12-,1
13-,1
14-,1
15-,1
16-,1
17-,1
18-,1
19-,1
20-,1
21-,1
22,1
"12/8/24, 12:08 AM - +7 926 407-30-19 changed their phone number to a new number. Tap to message or add the new number.",1
✅une place dans  une chamber de deux dans un appartement ✅,1
Loyer: 9000 ₽/ mois,1
Commission : 4000₽,1
Nb: le foyer se payer chez le russe en personne,1
⚠️⚠️⚠️⚠️ Départ prévu le 18 décembre,1
Moscou ⏩⏩⏩➡️ Douala,1
* Plus de 23 kg disponible,1
* je prends les documents aussi.,1
🥳🥳🥳N'oubliez pas de faire des présents a vos familles  c'est décembre🥳🥳🥳🥳,1
Sais moi même qui voyage donc me contacter directement IB  merci,2
Utilise ce lien pour intégrer mon groupe WhatsApp : https://chat.whatsapp.com/BhRYDBQlT0zEgo99KZ00VO,1
Départ prévue le 27 Décembre,1
Douala Yaoundé ✈️ Moscou,1
*20 kilos disponibles *,1
- expédition de vos documents,1
- ⁠e expedition de vos colis 📦,1
- ⁠expédition de vos passeports,1
Nb: Ancien en Russie,1
+7(988)2741039,1
Besoin de 4 hommes pour un travail de chantier intérieur,1
09:00-18:00,1
3000 roubles,1
Métro pavelskaya sortie 2,1
"12/8/24, 7:07 AM - +7 977 335-01-74 joined using this group's invite link",1
UNE PLACE DISPONIBLE POUR UNE FILLE DANS UNE CHAMBRE DE 2 PERSONNES.,1
MÉTRO : BULVAR DIMITRI DONSKOVA,1
IB: PLUS DE DÉTAILS,1
"12/8/24, 10:19 AM - +221 78 465 94 03 joined using this group's invite link",1
Départ prévue le 27 Décembre,1
Douala Yaoundé ✈️ Moscou,1
*20 kilos disponibles *,1
- expédition de vos documents,1
- ⁠e expedition de vos colis 📦,1
- ⁠expédition de vos passeports,1
Nb: Ancien en Russie,1
+7(988)2741039,1
Chambre disponible au métro kotelniki a 20mil,1
🎁 Rejoignez TronKeeper pour une expérience de portefeuille Tron sécurisée et commencez à gagner des récompenses ! 💰,1
"12/8/24, 5:18 PM - +7 906 064-95-13 changed to +7 926 407-30-19",1
⛑️⛑️⛑️ besoin de 15 personnes nettoyage de chantier a l'intérieur 3200 payer sur le chantier,1
Metro alekseevkaya,1
8h 17h,1
Femme aussi?,1
*SYRIE: Les rebelles renversent le dictateur BACHAR AL-ASSAD après 24 ans de pouvoir (Vidéo)*,1
*Lire ici*👇🏾,1
"*Les 15 principaux producteurs d’or en Afrique : Malgré leurs situations, le MALI et le BURKINA parmi les leaders*",1
*Lire ici*👇🏾,1
*88 médicaments à éviter : Découvrez pourquoi Ils sont jugés dangereux pour la santé*,1
*Lire ici*👇🏾,1
*Beauté ou danger ? Voici les graves impacts des faux-cils sur votre santé*,1
*Lire ici*👇🏾,1
*Afrique face à la dette : Les 10 pays les plus affectés par l’endettement extérieur*,1
*Lire ici*👇🏾,1
🚨🚨🚨🚨🚨🚨🚨🚨🚨🚨🚨🚨🚨🚨🚨🚨🚨🚨🚨,1
Une bonne place  disponible pour garçon dans une chambre pour 3 personnes a 15 min du metro novokocino.Bien vouloir me contacté pour ceux qui seront interessés +79772838495.,2
Yan travel ✈️,1
svp abonnés vous et partager les amours❤,1
Un appartement de deux chambres salon disponible pour 5 personnes maximum disponible a schyokolskaya,1
Bonjour 2 place disponible pour  👭filles à domo interssée inbox,1
"Bonjour à tous,",1
Je me pose une question et j'aimerais avoir votre aide. Savez-vous comment tracer un téléphone volé ? Y a-t-il des étapes à suivre ou des services spécialisés qui peuvent m'aider à récupérer mon appareil ?,1
Merci d'avance pour vos conseils et vos réponses.,2
Il faut un compte émail de ton téléphone voler,1
"Lorsque vous achetez le téléphone il y’a aussi un code sur le carton, si tu avais relevé se code, il y’aura la possibilité",1
Un studio disponible,1
Pv,1
Place disponible pour une filles,1
Metro Dmitri sorti 7,1
Par mois 10k,1
Commission 2500r,1
Interesse ib .,1
🍾🍾🔥🔥🔥départ pour le 21 décembre 2024 Moscou - Douala Yaoundé bafoussam et dans toutes les villes du Cameroun 🔥🔥🔥🔥,1
Nb: 23kilo disponible 🔥🔥🔥🍾,1
* CHAMBRES DISPONIBLES,1
*LOYER (rent) :* 30.000₽,1
*Caution (deposit) :* 0 ₽,1
*COMMISSION :* 3000 ₽,1
Uniquement pour le couple ou deux personnes propre pas trop bavarde Merci,2
*ADRESSE:* Métro Dmitry danskova,1
"12/9/24, 5:20 PM - +7 901 770-12-52 joined using this group's invite link",1
Utilise ce lien pour intégrer mon groupe WhatsApp : https://chat.whatsapp.com/BhRYDBQlT0zEgo99KZ00VO,1
null,1
N'oubliez pas la référence et la révolution dans les transferts d'argent partout dans le monde c'est une seule adresse   +79996700083,1
Départ prévue le 27 Décembre,1
Douala Yaoundé ✈️ Moscou,1
*20 kilos disponibles *,1
- expédition de vos documents,1
- ⁠e expedition de vos colis 📦,1
- ⁠expédition de vos passeports,1
Nb: Ancien en Russie,1
+7(988)2741039,1
Intégrez mon groupe WhatsApp de dermopigmentation capillaire pour vous hommes ou femmes qui avez des problèmes de pertes de cheveux. Peu importe la ville dans laquelle vous vous trouvez en Russie car je ferais des déplacements dans certaines villes dans les jours à venir. Vous aurez aussi les témoignages des clients satisfaits,0
‎Open this link to join my WhatsApp Group: https://chat.whatsapp.com/E1qcc8fymKk9ywjdFmNckx,1
*PS LOUNGE*,1
Le PS LOUNGE est situé à nkolbikok (au carrefour du parc),1
Au *PS LOUNGE* organisez vos réunions,1
Au *PS LOUNGE* organisez vos mariages,1
Au *PS LOUNGE* organisez vos réceptions,1
Au *PS LOUNGE*  organisez vos anniversaires,1
Au *PS LOUNGE* louez les tentes et chapiteaux pour vos cérémonies,1
Au *PS LOUNGE* faites vous fabriquer les tentes et chapiteaux,1
Au *PS LOUNGE* faites vous accompagner lors de vos cérémonies par des professionnels,1
Contacts 690683449 / 670945572,1
*PS EVENT*,1
"*Fabrication,  location et vente des tentes et chapiteaux*",1
Tél : 670945572,1
Manuel scolaire,1
Manuel scolaire,1
*C'est la fin d'année !*,1
Faites déjà vos réservations au *PS LOUNGE*,1
Bonne fête de fin d'année,1
Place disponible 🛑🛑🛑 pour garçon intéressé  ib ➕️ 🚨🚨🚨🛑🛑🚨🚨🚨🚨🚨,1
⚠️⚠️⚠️⚠️ Départ prévu le 18 décembre,1
Moscou ⏩⏩⏩➡️ Douala,1
* Plus de 23 kg disponible,1
* je prends les documents aussi.,1
🥳🥳🥳N'oubliez pas de faire des présents a vos familles  c'est décembre🥳🥳🥳🥳,1
Sais moi même qui voyage donc me contacter directement IB  merci,2
Une chambre disponible pour que 2 filles à l’intérieur à 4 minutes des pieds au métro Rechnoy vokzal     Les intéressé écrivez moi vite en privé,1
Une chambre disponible pour que 2 filles à l’intérieur à 4 minutes des pieds au métro Rechnoy vokzal     Les intéressé écrivez moi vite en privé,1
*Pour votre bien-être et pour ne voir que ce dont vous avez besoin :*,2
*Justice internationale : La CPI prête encore à frapper deux personnalités en Afrique (Photo)*,1
*Lire ici*👇🏾,1
*Un laboratoire AFRICAIN défie les grandes puissances médicales occidentales avec une nouvelle invention : ce que vous devez savoir*,1
*Lire ici*👇🏾,1
*KYLIAN MBAPPÉ face aux accusations de viol : Le joueur réagit enfin*,1
*Lire ici*👇🏾,1
*La CEDEAO en panique : Le président sénégalais Diomaye FAYE veut se rapprocher de l'AES*,1
*Lire ici*👇🏾,1
"*Dernière minute : Air France veut revenir au MALI, au NIGER et au BURKINA FASO (Vidéo)*",1
*Lire ici*👇🏾,1
*INDE : Un père commet l'impensable en épousant sa propre fille (Photo)*,1
*Lire ici*👇🏾,1
*RDC : Une mystérieuse maladie tue les enfants*,1
*Lire ici*👇🏾,1
"Besoin d’une fille pour travail dans un restaurant. Paye 3500 la journée. Horaires: 11h du matin- 11h du soir.   Pour plus amples informations, ib.",1
🏃🏿🏃🏿🏃🏿🏃🏿🏃🏿🏃🏿🏃🏿🏃🏿🏃🏿,1
"*Qui est AL-JOULANI, le nouvel homme fort de la Syrie ?*",1
*Lire ici*👇🏾,1
*CÔTE D'IVOIRE : Un jeune artiste au cœur d'un scandale de rituel satanique (Photo)*,1
*Lire ici*👇🏾,1
*Coup dur pour l'armée française*,1
*Lire ici*👇🏾,1
*Une tragédie familiale : Un père condamné à 5 ans de prison pour avoir trop secoué son bébé*,1
*Lire ici*👇🏾,1
"*Catastrophe imminente : 4 milliards de personnes risquent la soif et la faim d’ici 2100 selon l'ONU, les détails*",1
*Lire ici*👇🏾,1
"*""En 24 heures, je peux ..."" : TRUMP s'invite en Ukraine et donne une ultimatum au président ZELENSKY*",1
*Lire ici*👇🏾,1
*Mauvaise nouvelle pour le Roi du Maroc : Mohammed VI chute...*,1
*Lire ici*👇🏾,1
L'histoire de Donald YOKA (l'homme du Kremlin) : Mon expérience depuis mon arrivé en Russie,1
"Ils sont déjà nombreux qui se ruent vers la Russie dernièrement, mais peu parmi ce beau monde sait vraiment comment se tenir en Russie.",1
"Depuis la difficulté linguistique jusqu’à l’insertion sociale, la Russie est un pays qui mérite d’être découvert et qui fait beau vivre.",1
"Grâce à Donald YOKa, nous avons appris encore un peu plus sur ce nouvel El dorado des africains.",1
"N’oubliez pas de laisser des likes, partager à vos proches et laisser vos suggestions ou appréciation en commentaire. 😁🙏🏾🔥🇭🇷",1
"bsr à ts, svp abonnés vous et partager mes amours❤",1
"ООО, это что",1
?,1
Тренировка интимной,1
🤔,1
многие пары расстаются из-за этого вопроса,1
"приходите на тренировку, чтобы выполнить физические упражнения, связанные с этой практикой",1
Есть много тренеров,1
Какой именно,1
"12/11/24, 1:32 AM - +7 915 142-36-94 joined using this group's invite link",1
Тебя стыдно 🙈?,1
Besoin d’un homme pour un travail de restaurant 8h 16h 3000r,1
SVP abonnez-vous à moi,1
Tu vends quoi ?,1
🚨🚨🚨🚨Douala ou Yaoundé pour Moscou 23kg disponible pour le 16 décembre bon prix,1
Intéressé mon ib est 🥰🥰🥰🥰,1
*Pour votre bien-être et pour ne voir que ce dont vous avez besoin :*,2
Réparation de machine à laver,1
Si vous avez des problèmes au niveau de votre machine à laver,0
Pv,1
Contactez nous 🙏🏾,1
*Pour votre bien-être et pour ne voir que ce dont vous avez besoin :*,2
Bienvenue à tous les LOOPers !,2
Nous sommes ravis de vous accueillir à bord !,1
"Contrairement à d'autres plateformes, l'hyperApp LOOP (https://joinloop.one/welcome) encourage et récompense vos activités en ligne !",1
Voici quelques exemples de façons dont vous pouvez être récompensé sur LOOP :,1
"- référer un proche, un ami ou un contact à rejoindre la communauté LOOP en utilisant votre lien de référencement généré à partir de votre profil ou en envoyant un e-mail à partir de LOOP,",1
"- Publier, aimer, partager, commenter du contenu intéressant,",1
- Listez et vendez vos produits sur LOOP Market,1
- Participer à un financement participatif sur LOOP,1
- Devenez LOOP PRO,1
- Et bien plus encore !,2
"Chaque action que vous effectuez sur LOOP compte, et vous permet de gagner des points de récompense convertibles en espèces et des avantages exclusifs !",1
"Alors n'attendez plus, invitez les gens et commencez à explorer les possibilités infinies de LOOP !",1
"Si vous avez des questions ou avez besoin d'aide, n'hésitez pas à nous contacter. Nous sommes là pour vous aider à tirer le meilleur parti de votre expérience LOOP !",1
#JoinLoop #Loop #Récompenses #Activitésenligne #Communauté,1
Femme aussi ?,1
"12/11/24, 6:01 PM - +233 50 791 2834 joined using this group's invite link",1
"12/11/24, 7:21 PM - ~ Offman added ~ Loïc  Stanley",1
"Y a-t-il un emploi dans la restauration disponible pour le vendredi soir, le samedi ou le dimanche ?",1
*Le célèbre rappeur américain JAY-Z accusé de v!ol sur mineure*,1
*Lire ici*👇🏾,1
*La Côte d’Ivoire est plus endettée que les 3 pays de l'AES réunis : Découvrez l'étendue sa dette*,1
*Lire ici*👇🏾,1
*Un Burkinabè condamné en Guinée pour usurpation de la profession d'avocat : Les faits !*,1
*Lire ici*👇🏾,1
"*A l'approche des présidentielles, Gbagbo fait une grande promesse aux Ivoiriens victimes de la guerre civile*",1
*Lire ici*👇🏾,1
"*HAÏTI : Plus de 100 personnes âgées et prêtres vodou exécutés pour ""sorcellerie"" (Photos)*",1
*Lire ici*👇🏾,1
*ISRAËL : Le premier ministre NETANYAHU rattrapé par la justice pour plusieurs scandales*,1
*Lire ici*👇🏾,1
*Une personnalité française veut réduire le nombre de musulmans europe et enflamme les réseaux (Vidéo)*,1
*Lire ici*👇🏾,1
"*"" CR7 n’a aucune valeur"" : CRISTIANO violemment taclé par un champion UFC (Vidéo)*",1
*Lire ici*👇🏾,1
"12/11/24, 10:04 PM - +237 6 98 13 44 39 joined using this group's invite link",1
‎Open this link to join my WhatsApp Group: https://chat.whatsapp.com/GoKFgAM6o1a4obI780cQwP,1
⚠️⚠️⚠️⚠️ Départ prévu le 18 décembre,1
Moscou ⏩⏩⏩➡️ Douala,1
* il me reste a peu près 10kg,1
* je prends les documents aussi.,1
🥳🥳🥳N'oubliez pas de faire des présents a vos familles  c'est décembre🥳🥳🥳🥳,1
Sais moi même qui voyage donc me contacter directement IB  merci,2
"Unloading of boxes in the warehouse (online store of goods). There are carts. We work until 22:00. A PASSPORT IS REQUIRED FOR ACCESS. (VNUKOVO CARGO terminal) The work is permanent. Payment is made every day. 3,600 rubles. details in ib",1
*Le gouvernement malien s’arme d’une usine d’explosifs*,1
*Lire ici*👇🏾,1
*NIGER : la France déstabilisée par la fin de l'uranium nigérien*,1
*Lire ici*👇🏾,1
*CRISTIANO RONALDO : Un post du portugais fait trembler le monde du sport ; Regardez !*,1
*Lire ici*👇🏾,1
*Fêtes de fin d’année : Un réseau de boissons frelatées démantelé par la police (Photos)*,1
*Lire ici*👇🏾,1
"*Le footballeur ghanéen Asamoah Gyan "" ruiné ""*",1
*Lire ici*👇🏾,1
"*Demande du certificat de nationalité en ligne au TOGO : un progrès pour les citadins, une catastrophe pour les ruraux (PHOTOS)*",1
*Lire ici*👇🏾,1
*OFFICIEL : Découvrez le pays qui va organiser la Coupe du Monde 2034*,1
*Lire ici*👇🏾,1
*INSOLITE : Ce pays africain offre par erreur 50 milliards FCFA à la CHINE*,1
*Lire ici*👇🏾,1
"Ca fait des années q nous n'avons de cesse de recommander aux africains nos plateformes technologiques innovantes et à l'epreuve du future afin de se premunir contre la volatilité de certaines devises ainsi que l'epee de damocles sur les pays CFA, qu'est sa devaluation.",1
"Mieux, au dela de vous permettre de convertir votre epargne en devises, vous pouvez en plus gagner de l'argent sur:",1
"- LOOP (https://joinloop.one/welcome) notre hub social et financier TOUT-EN-UN qui n'est encore qu'à sa version de base mais vous permet deja entre autres, en toute securité,  de socialiser, d'avoir accès à 1 place de marché décentralisée, à des récompenses, etc etc",1
- sur QikQik.plus,1
"qui est entrain d'evoluer, à partir du Canada, en une plateforme Omni-canal Tout-En-Un, intégrant :",1
- Paiements sécurisés,1
- Services bancaires,1
"- Solutions pour marchands, entreprises et organisations",1
- Et beaucoup plus,1
"N'attendez plus, rejoignez la révolution en marche pour apporter à tous et partout l'inclusion financière",1
Place disponible pour une femme dans une chambre de deux femmes metro annino ou Dimitri  11000,1
Rejoignez notre vente sous 1000r. Tous les articles coûtent moins de 1000r . Qualité mais très abordable,1
Besoin demain d'une personne proche du métro planernaya pour un travail d'école 2500/jour ( permanent),1
J’ai besoin d’un appartement de 30 mil urgent à Moscou,1
👋🏾 LOOPers!,1
"You have up to 3 options to invite your family, friends and contacts to meet you on LOOP and discover an unparalleled online activity experience!",1
"*Invitation link generated*: Go to the ""Settings"" submenu and click on https://joinloop.one/setting/invitation_links to generate a unique invitation link for each person you invite to meet you on the LOOP hyperApp.",1
*Affiliate URL link*: Share your affiliate URL link https://joinloop.one/setting/affiliates on social networks and invite your friends to meet you on LOOP.,1
*Email sent from the platform*: Send an email directly from the LOOP platform to invite your contacts to join you.,1
*Don't wait any longer and invite your loved ones to discover the LOOP universe!  Every successful invitation earns you exclusive rewards and perks.*,1
"If you have any questions or need help, please don’t hesitate to contact us. We’re here to help you get the most out of your LOOP experience!",1
"#LOOP #Invitation #SocialMedia #OnlineExperience""",1
Une place disponible intéressé inbox 🛑🛑🛑🛑🛑🛑🛑🛑🛑🛑🛑🛑🛑🛑🛑🛑🛑🛑🛑🛑🛑🛑🛑🛑,1
Une place disponible  dans une chambre intéressé inbox 🛑🛑🛑🛑🛑🛑🛑🛑🛑🛑🛑🛑🛑🛑🛑🛑🛑🛑🛑🛑🛑🛑🛑🛑,1
Une place disponible  dans une chambre intéressé inbox 🛑🛑🛑🛑🛑🛑🛑🛑🛑🛑🛑🛑🛑🛑🛑🛑🛑🛑🛑🛑🛑🛑🛑🛑,1
Une chambre disponible pour deux personnes au métro kotelniki a 20.000r,1
🚨🚨🚨🚨 adresse disponible pour le travail de l’école.,1
🚨🚨🚨🚨1285/5	Ул.Вишневая д 20 к1.,1
"12/13/24, 7:53 AM - ~ Que l'Éternel Veille 🙏 added ~ Hermann Noubo and ~ Спарта, русский король",1
Besoin maintenant de 04 hommes proches du métro Domodedovskaya pour travail de déchargement dans un entrepôt de 10h00 à 20h00 payé 3200r après boulot.,1
Bonjour besoin d'une place disponible pour homme dans une chambre de 2personnes ou maxi 3personne,1
Métro novogireevoo,1
👋🏾 LOOPers !,1
"Vous avez jusqu'à 3 options pour inviter vos proches, vos amis et vos contacts à vous rejoindre sur LOOP et découvrir une expérience d'activité en ligne sans précédent !",1
"*Lien d'invitation généré*: Rendez-vous dans le sous-menu ""Réglage"" et cliquez sur https://joinloop.one/setting/invitation_links pour générer un lien d'invitation unique pour chaque personne que vous invitez à vous retrouver sur l'hyperApp LOOP avec tracking .",1
"*Lien URL d'affiliation* : Partagez votre lien URL d'affiliation https://joinloop.one/setting/affiliates sur WhatsApp, LinkedIn, Facebook, X et autres réseaux sociaux pour inviter vos amis à vous rejoindre sur LOOP.",1
*Email envoyé depuis la plateforme* : Envoyez un email directement depuis la plateforme LOOP pour inviter vos contacts à vous rejoindre.,1
*N'attendez plus et invitez vos proches à découvrir l'univers LOOP aux possibilités infinies ! Chaque invitation réussie vous fait gagner des récompenses et avantages exclusifs.*,1
"Si vous avez des questions ou besoin d'aide, n'hésitez pas à nous contacter.  Nous sommes là pour vous aider à tirer le meilleur parti de votre expérience LOOP !",1
#LOOP #Invitation #RéseauxSociaux #ExpérienceEnLigne,1
"Bien noté: Ceux qui souhaite recevoir des récompense pour avoir référé une personne à participer au financement participatif et autres transactions sur LOOP, ils doivent impérativement utiliser leur lien de parrainage suivant les différentes possibilité s indiquées ci-dessus.",2
Merci,2
Vous aviez les jeux de pinceau 🖌 ?,1
"12/13/24, 3:10 PM - +7 953 010-73-45 changed their phone number to a new number. Tap to message or add the new number.",1
bsr à ts mes amours abonnés vs svp,1
"*SYRIE : Le cercueil de l'ancien président, BACHAR AL-ASSAD brûlé par les rebelles (VIDÉO)*",1
*Lire ici*👇🏾,1
*Ce pays d'Europe cherche 100.000 migrants pour sauver son économie*,1
*Lire ici*👇🏾,1
*CÔTE D'IVOIRE : Un faux policier infiltré dans les rangs des forces de l’ordre (Photo)*,1
*Lire ici*👇🏾,1
*FLOYD MAYWEATHER : Le légendaire boxeur américain agressé pour son soutien à Israël (VIDÉO)*,1
*Lire ici*👇🏾,1
*KYLIAN MBAPPÉ accusé de viol en Suède : La décision judiciaire vient de tomber*,1
*Lire ici*👇🏾,1
*PUISSANCE militaire : Voici les 10 pays africains dotés de la force aérienne la plus prête au combat*,1
*Lire ici*👇🏾,1
"*NIGER : Les autorités portent plainte contre RFI, pour cette raison...*",1
*Lire ici*👇🏾,1
*TOGO : Voici les 79 universités privées reconnues par le gouvernement (La Liste)*,1
*Lire ici*👇🏾,1
Utilise ce lien pour intégrer mon groupe WhatsApp : https://chat.whatsapp.com/BhRYDBQlT0zEgo99KZ00VO,1
null,1
Salut une place disponible dans une grande chambre pour homme loyer 8500p intéresse 🛑🛑🛑🛑🛑🛑🛑🛑🛑🛑🛑🛑🛑🛑🛑🛑🛑🛑🛑🛑🛑🛑🛑🛑🛑🛑🛑🛑🛑🛑,1
✈️✈️Départ confirmé,1
MOSCOU 🇷🇺✈️✈️DOUALA🇨🇲,1
17 DÉCEMBRE 2024,1
🚨 23kg disponibles,1
🚨 vos documents📃,1
🚨 petits colis et autres accessoires,1
"C'EST LA FIN D'ANNÉE OOOHH, N'OUBLIEZ PAS LES ENFANTS ET LA FAMILLE AU PAYS.",1
VOUS FACILITER LA TÂCHE C'EST MON CREDO🫡,1
Un ordinateur HP en vente 15.000r négociable légèrement avec garantie de 2 mois en cas de Quoi remboursement intégral de votre argent.. pour les caractéristiques inbox,1
"Who has ever worked with this person, is she male or female or they them, is she a bot , is she legit, because who the person is the person been posting things and don't reply, why the fuck then are you posting don't post for us <This message was edited>",1
These are things I was talking about 🤦🏽‍♂️🤦🏽‍♂️🤦🏽‍♂️,1
You give scamming vybez 🤦🏽‍♂️,1
⚠️⚠️⚠️⚠️ Départ prévu le 18 décembre,1
Moscou ⏩⏩⏩➡️ Douala,1
* il me reste a peu près 10kg,1
* je prends les documents aussi.,1
🥳🥳🥳N'oubliez pas de faire des présents a vos familles  c'est décembre🥳🥳🥳🥳,1
Sais moi même qui voyage donc me contacter directement IB  merci,2
‎Open this link to join my WhatsApp Group: https://chat.whatsapp.com/GoKFgAM6o1a4obI780cQwP,1
18 Décembre départ Yaoundé - Moscou.  23 kg x 3 disponibles à Yaoundé. 1000 r le kg chaud  chaud 🩷🩷🇨🇲🇷🇺 +79683603275,1
*FRANCE : Des Africains réduits à l'esclavage après avoir été piégés par des promesses de travail*,1
*Lire ici*👇🏾,1
Bonjour besoin d'une coiffeuse à schyolkovskaya svp,1
"*Drame à Agoè ZONGO : Une passerelle piétonne renversée par un camion, plusieurs morts signalés (Vidéo et Photos)*",1
*Lire ici*👇🏾,1
*IMMIGRATION clandestine : Une fillette 11 ans sauvée après trois jours en mer méditerranée sans boire ni manger (Photo)*,1
*Lire ici*👇🏾,1
"*Sur le point de quitter le Tchad, un avion de chasse français  tombe en panne*",1
*Lire ici*👇🏾,1
"*Coup dur pour BARTHÉLÉMY DIAS : Après le siège de député, l'opposant sénégalais perd son poste de maire de Dakar, les faits*",1
*Lire ici*👇🏾,1
*FRANCE : 3 étudiants âgés de 19 à 20 ans interpellés pour avoir préparé des attentats*,1
*Lire ici*👇🏾,1
*Révélations explosives : le président Joe Biden accusé d'avoir détourné l'argent destiné à l'Ukraine pour financer son fils*,1
*Lire ici*👇🏾,1
*VLADIMIR POUTINE séduit encore le continent africain avec l’extension du Visa russe à 3 nations africaines*,1
*Lire ici*👇🏾,1
✈️✈️Départ obligatoire,1
*YAOUNDE-DOUALA🇨🇲✈️✈️MOSCOU 🇷🇺*,1
*18 DÉCEMBRE 2024*,1
✈️ vos documents on gère📃,1
✈️ petits colis et autres accessoires,1
_VOUS FACILITER LA TÂCHE C'EST MON CREDO🫡_,1
⚠️⚠️⚠️⚠️ Départ prévu le 19 et le 20 décembre,1
Moscou ⏩⏩⏩➡️ Douala,1
* il me reste a peu près 26kg,1
* je prends les documents aussi.,1
🥳🥳🥳N'oubliez pas de faire des présents a vos familles  c'est décembre🥳🥳🥳🥳,1
Sais moi même qui voyage donc me contacter directement IB  merci,2
Place disponible pour fille dans une chambre de deux filles 11000rouble métro annino ou dimitry interresser inbox,1
"le mot à la mode aujourd'hui dans la Finance, mais qu'est-ce qu'un 𝐒𝐭𝐚𝐛𝐥𝐞𝐜𝐨𝐢𝐧 et comment cela est-t-il entrain de changer le flux de paiement ?",1
"Puisque, certains acceptent les paiements et transfert d'argent de n'importe quel stablecoin et de n'importe quelle plateforme ou entité émettrice, qui ne présente aucune garantie de conformité de réserves ou de contrepartie.",1
Tout stablecoin digne de confiance doit faire l'objet de contrôle régulier par un auditeur tiers qui vérifie les réserves du dépositaire et les jetons du contrat intelligent. Il garantit que les jetons sont entièrement garantis par de la monnaie fiduciaire ou des bons à court terme.,1
"Dans le cas de l'USDC, la réserve contient 22,4 % d'espèces fiduciaire USD et 77,6 % de bons du Trésor (faible risque) selon le rapport d'audit.",1
"Le stablecoin USDT qui est très usité par beaucoup en Afrique et par ceux qui ne comprennent pas réellement ce qui se passent, ne présente aucune garantie de réserve, ils refusent toute vérification de leur réserve, du coup chacun qui le détient c'est à ses risques et périls.",1
Important rappel aux utilisateurs actuels et futurs de LOOP - https://joinloop.one/welcome !,1
"Il est essentiel de comprendre que LOOP n'est pas un autre réseau social comme Facebook, WhatsApp, Telegram, Instagram, TikTok, etc comme certains le pensent.",1
"Bien que LOOP propose certaines fonctionnalités similaires à celles des réseaux sociaux, notre Hyper application de pointe, va bien au-delà ! En offrant une interface familière, mais avec des fonctionnalités et des avantages supplémentaires axé sur architecture bancaire et financière  dotée d'une sécurité militaire, qui vous permettent de :",2
- commercer en toute transparence,1
- Effectuer des transactions financières sécurisées,1
- Contrôler vos données numériques,1
- Participer à des financements participatifs innovants,1
Et c'est là que les choses deviennent vraiment intéressantes !,1
Nous sommes en train de finetuner notre fonctionnalité de financement participatif pour offrir quelque chose de complètement innovant et évolutive.,1
Continuez à référer LOOP à vos contacts et Restez à l'affût pour découvrir les prochaines étapes de notre évolution ! Nous sommes impatients de partager nos innovations avec vous.,1
Merci de faire partie de la communauté LOOP !,2
"#LOOP #HyperApplication #RéseauSocial #FinancementParticipatif #Innovation""",1
‎Suivez ce lien pour intégrer mon Groupe WhatsApp  : https://chat.whatsapp.com/LqAbtjKAoeLE7TQtQaFT9V,1
Bonsoir,1
Besoin de : *07* personnes *(Homme)* pour demain *dimanche*,1
Métro : *Perovo (ligne 8)*  *sortie : 4*,1
Heure : *09h - 17h 40*,1
Salaire : *3200p*,1
*NB* : Rassemblement au métro à 8h30,1
Ib pour plus l'enregistrement,1
Bsr c'est pour travailler quoi svp ?,1
Hello Delicieux (euses) !,1
Demain au menu : Taro sauce jaune avec les légumes 🍴,1
✅ Prix du plat : 1500₽,1
"🚚 Livraison : 200₽ au métro (hors extrémités), 500₽ à domicile.",1
⏰ Livraison : 14h - 19h,1
🎯 Commandez vite oooh !,1
Confirmez avec un dépôt sur 2202 2050 9116 3813 ou +7(999)967-74-71 par CBP VTB bank,1
Envoyez votre reçu pour valider la commande svp.,1
Bon appétit et à demain ! 😋,1
—————————————————,1
Hello food lovers!,1
Tomorrow’s special: Achu soup and vegetables 🍴,1
✅ Price per meal: 1500₽,1
"🚚 Delivery: 200₽ to metro stations (except endpoints), 500₽ for home delivery.",1
⏰ Delivery time: 2 PM - 7 PM,1
🎯 Place your orders now!,1
Confirm by making a deposit to 2202 2050 9116 3813 or +7(999)967-74-71 through CBP VTB bank,1
Send your payment receipt to finalize the order please.,1
Enjoy your meal and see you tomorrow! 😋,1
✈️✈️Départ confirmé,1
Douala 🇨🇲-Moscow,1
🛑 15 Kg Disponibles,1
🛑 Vos documents,1
🛑 Petits colis et autres accessoires,1
1kg = 800p,1
Pour plus d'informations Ib,1
Une place disponible dans une grande chambre loyer 8500p intéresse inbox 🛑🛑🛑🛑🛑🛑🛑🛑🛑🛑🛑🛑🛑🛑🛑🛑🛑🛑🛑🛑🛑🛑🛑🛑🛑🛑🛑🛑🛑🛑,1
Une place disponible dans une grande chambre loyer 8500p intéresse inbox 🛑🛑🛑🛑🛑🛑🛑🛑🛑🛑🛑🛑🛑🛑🛑🛑🛑🛑🛑🛑🛑🛑🛑🛑🛑🛑🛑🛑🛑🛑,1
ALERTE INFO,1
‎Open this link to join my WhatsApp Group: https://chat.whatsapp.com/GoKFgAM6o1a4obI780cQwP,1
*Urgent - CORÉE DU SUD : Les députés ont destitué le président Yoon Suk Yeol*,1
*Lire ici*👇🏾,1
"*""Il a appuyé sur la gâchette"" : Un enfant de 2 ans tue sa propre mère par accident*",1
*Lire ici*👇🏾,1
*Zelensky défie Poutine : Des drones ukrainiens envoyés en Syrie pour soutenir les rebelles et affaiblir la Russie*,1
*Lire ici*👇🏾,1
"*TOGO : Nouvelle tentative d'arnaque démasquée par l'OTR, les faits*",1
*Lire ici*👇🏾,1
*Les ÉTATS-UNIS accusés de manipuler l'économie mondiale : La CHINE contre-attaque*,1
*Lire ici*👇🏾,1
"*""Nous l’avons rajeuni"" : L’âge d'un joueur noir en Europe au cœur de la polémique (Photo)*",1
*Lire ici*👇🏾,1
*CÔTE D'IVOIRE 2025 : Blé Goudé fait trembler le président OUATTARA avec une demande surprenante (Vidéo)*,1
*Lire ici*👇🏾,1
*Licenciements massifs : 450 fonctionnaires visés par le ministère de la Fonction publique (Photo)*,1
*Lire ici*👇🏾,1
Mon grand de manjo Tchangue Marcel.... plusieurs décennies dans le combat.....mon grand vrai vrai biya ne peut pas quitter au pouvoir par les élections.....si ce n'est pas une révolution populaire.....où coup d'état .....je ne pense pas.... mais content de savoir que tu es toujours en activité.....,1
Besoin d’une place pour homme dans une chambre de places svp,1
Bonjour la famille besoins de travailler les deux semaines de congés,1
Part-time restaurant job today in the night  for a man. payment 3000 rub. Time 22:00-10:00.+79687107286,1
Bonsoir 3 places disponibles pour des filles intéressées inbox,1
🔥🔥🔥🇨🇲Moscou - Douala (Yaoundé -bafoussam - nord -sud )🔥🔥 se samedi 21 décembre 2024 🛫🛬🛩️🛩️,1
Nb:20 kilograms diponibles 🔥🔥🇨🇲,1
🙁,1
BESOIN DE 25 PERSONNES ( FEMMES ET HOMMES ),1
TRAVAIL D’entrepôt AU CHAUD POUR CLASSEMENT DES JOUETS POUR LE NOUVEL AN,1
09:00-20:40,1
3400 ROUBLES,1
RDV AU MÉTRO À 08:15,1
MÉTRO BEGOVAYA,1
Sortie 2,1
Garçons et filles,1
🔖 *DEMAIN*,1
💁🏼+ 💁‍♀️ *20 PERSONNES FILLES+GARÇONS *(la disponibilité de la citoyenneté et du passeport n'a pas d'importance)*,1
"🌎 *Istra, village.  Gare de Snegiri Station 1B*",1
"⚒️emballer, décharger et charger les cadeaux des enfants 🎁 travail facile",1
⏰ 9h00 – 21h00 déjeuner🥗,1
💳 *3200rub.shift*bu,1
(paiement après changement de carte),1
📝Écrivez à WhatsApp Ali 89998726812‼️au métro sokol sorti 2 rencontre a 8 h,1
Deux places pour garçons disponibles non loin du métro nekrasovka,1
Bsr Combien svp,2
Place disponible pour fille dans une chambre de deux filles 11000rouble métro annino ou dimitry interresser inbox,1
Utilise ce lien pour intégrer mon groupe WhatsApp : https://chat.whatsapp.com/GbMUG4G4EQIBGtnWjvCt0f,1
🚨🚨🚨🚨🚨🚨🚨🚨🚨🚨🚨🚨🚨🚨🚨🚨🚨🚨🚨🚨🚨,1
DEPARD EXPRESS,1
MOSCOU —— DOUALA LE 17 DÉCEMBRE,1
✅ 10 kg disponible,1
✅ Envoyez vos documents,1
"✅ Envoyez vos téléphones, laptop et planchettes etc....",1
Yan Travel ✈️,1
ALERTE INFO,1
*EVGUENI PRIGOJINE : Une statue inaugurée en hommage à l’ex-patron de WAGNER dans ce pays africain (Photos)*,1
*Lire ici*👇🏾,1
"*AES : Quel est le pays le plus endetté entre le Mali, le Burkina Faso et le Niger ?*",1
*Lire ici*👇🏾,1
*Voici les pays africains avec les taux de chômage des jeunes les plus élevés*,1
*Lire ici*👇🏾,1
"*Qui est Rimtalba Jean Emmanuel Ouédraogo, le nouveau Premier ministre du Burkina Faso ?*",1
*Lire ici*👇🏾,1
"*ENQUÊTE : Le bilan des morts à Gaza serait gonflé pour promouvoir un discours anti-israélien, selon une étude du NY Post*",1
*Lire ici*👇🏾,1
Please who post this jacket I need it I can't fine the person number in the group please someone should help,1
Bonjour svp qui peut avoir le lien pour crée un compte à tinkoff banque,1
*💛💛💛 Fatiguez de payer les commissions sur vos transactions interbancaires ?*,1
✅ Nous vous conseillons *Tinkof 💛*pour ses transactions interbancaires gratuites,1
*✅ Carte compatible avec  les Bankomat Sberbank pour les recharges et les retraits gratuits*,1
✅ Livraison à domicile🏠 quel que soit votre ville 💛,1
✅ Blocages bancaire très rares 💛,1
✅ Bonus sur tout vos achats.,1
*Lien pour commander la carte :* https://www.tbank.ru/baf/2Eb9EKQ6E1D,1
*Lien pour envoyer l'argent💸 à la vitesse du son🎶🎶 (Pour le soutien):* https://wa.me/message/RXYGHGVG7NFSJ1,1
23 kg x 2 disponible au Cameroun bon prix départ 18 Décembre ib,1
Bsr svp combien le kg,2
🚨🚨🚨🚨,1
Chambre disponible dans un appartement de deux pièces,1
Métro : Bulvard dmitriya Donskogo,1
Loyer: 30.000r,1
Commission : 3000r,1
Deux places pour garçons sont disponibles dans un appartement très propre non loin du métro nekrasovka,1
5 places disponibles dans un appartement de deux chambres et salon a 11800r/chacun y compris les factures  au métro schyokolskaya a 25 mn du métro.,1
NB: c'est un appartement qui va prendre Maxi 5 personnes pas plus.,1
Place disponible pour fille dans une chambre de deux filles 11000rouble métro annino ou dimitry interresser inbox,1
🛑🛑🛑🛑🛑🛑🛑demain besoin de 07 personnes au,1
metro buninskaya alea,1
sortie 1,1
08h00,1
1- jhonny,1
2-,1
3-,1
4-,1
5-,1
6-,1
09h----17h40,1
payement,1
3000p,1
🛑🛑🛑🛑🛑🛑🛑demain besoin de 07 personnes au,1
metro buninskaya alea,1
sortie 1,1
08h00,1
1- jhonny,1
2- Stan,1
3-,1
4-,1
5-,1
6-,1
09h----17h40,1
payement,1
3000p,1
*Découvrez le CLASSEMENT des 10 villes les plus PROPRES d'Afrique*,1
*Lire ici*👇🏾,1
*URGENT - Ballon d'Or Africain 2024 : Le nom du vainqueur a fuité (Photo)*,1
*Lire ici*👇🏾,1
*GAMBIE : Très Mauvaise nouvelle pour le dictateur Yahya JAMMEH*,1
*Lire ici*👇🏾,1
*Un banquier ghanéen qui a quitté son travail pour rejoindre l'armée russe serait mort au front (Photo)*,1
*Lire ici*👇🏾,1
Salut besoin d’une fille demain  pour un travail de nettoyage 09h-17h50,1
Fini payé 2800 p,1
intéressée ib,1
‎Open this link to join my WhatsApp Group: https://chat.whatsapp.com/GoKFgAM6o1a4obI780cQwP,1
*URGENT - Le nigérian Ademola Lookman sacré Ballon d'Or Africain 2024 (Vidéo)*,1
*Lire ici*👇🏾,1
*SYRIE : Le dictateur BACHAR AL-ASSAD révèle enfin les coulisses de sa fuite de Damas pour la Russie*,1
*Lire ici*👇🏾,1
*INSOLITE : Cet homme et sa femme choisissent la boxe pour régler leurs conflits conjugaux (Vidéo)*,1
*Lire ici*👇🏾,1
*Voici le pays africain le plus visité en 2024*,1
*Lire ici*👇🏾,1
Place disponible pour fille dans une chambre de deux filles 11000rouble métro annino ou dimitry interresser inbox,1
* CHAMBRES DISPONIBLES,1
*LOYER (rent) :* 30.000₽,1
*Caution (deposit) :* 0 ₽,1
*COMMISSION :* 3000 ₽,1
Uniquement pour le couple ou deux personnes propre pas trop bavarde Merci,2
*ADRESSE:* Métro Dmitry danskova,1
🚨🚨🚨Part-time restaurant job available today. Payment 3000 rub. Time 11:00-23:00. Contact +79687107286.,1
Salut besoin de 2 filles maintenant proche de la ligne 11 pour un travail de nettoyage fini à 17h50,1
Fini payé 2800 p,1
intéressée ib <This message was edited>,1
Chambre disponible non loin du metro,1
ECOUTONS ATTENTIVEMENT CETTE VIDÉO.,1
*NANI : L'ancien joueur de Manchester United et du Portugal tire sa révérence*,1
*Lire ici*👇,1
*Drame au Sénégal : Un jeune viole sa mère victime d’AVC*,1
*Lire ici*👇🏾,1
*L’Université de Lomé sous pression : Des milliers d’étudiants risquent de ne pas s'inscrire (Photo)*,1
*Lire ici*👇🏾,1
"*Révélation choc : Les premiers humains en Europe sont d'origine africaine, selon des nouvelles études*",1
*Lire ici*👇🏾,1
*Règlement de comptes entre milliardaires : Elon Musk prédit la faillite imminente de Bill Gates*,1
*Lire ici*👇🏾,1
*VLADIMIR POUTINE séduit encore le continent noir avec l’extension du Visa russe à 3 nations africaines*,1
*Lire ici*👇🏾,1
"*Mauvaise nouvelle pour Asma el-Assad, l'épouse de l'ex-président syrien Bachar EL-ASSAD*",1
*Lire ici*👇🏾,1
🛑🛑🛑 besoin de Garçons (20) a *KB Радумля* situé a 1h30 de Moscou.,1
Payé chaque vendredi 3500r par jour.,1
1- Logement gratuit,1
2- un repas complet a midi,1
3- compensation du transport,1
Doucement nécessaire,1
1- visa valide,1
2- enregistrement,1
3- *SPRAFKA*,1
4- passeport,1
5- carte d'immigration.,1
*Le travail commence vendredi*,1
Pour ceux qui sont intéressés laissé moi un msg IB.,1
Nb: Le salaire est sur a 200%.,1
"LE CHANGEMENT, C'EST MAINTENANT !",1
Salut besoin de 15 filles pour un travail de nettoyage fini payé 22h-05h50,1
Fini payé 2800 p,1
intéressé ib,1
Métro aminyevskaya ligne 11 sortir 06,1
heure de rencontre 21h <This message was edited>,1
🛑🛑🛑🛑🛑🛑🛑besoin de 15 filles au,1
metro aminevskaya,1
sortie 6,1
20h au métro,1
Travail 21h—6h,1
1-,1
2-,1
3-,1
4-,1
5-,1
6-,1
021h-- pause--05h40,1
payement,1
2800p,1
🛑🛑🛑🛑🛑🛑🛑besoin des personnes pour travailler au restaurant,1
Travail 08h—16h,1
1-,1
2-,1
08h----16h00,1
payement,1
2300p. Chaque 2semaines,1
"🚨🚨🚨🚨Le travail dans les cantines scolaires disponible . Le travail est de 8h à 16h. 2300 par jour. Si vous êtes intéressé, contactez-moi en privé.",1
"🚨🚨🚨🚨Work in school canteens  available. The Work is from 8am to 4pm. 2300 per day. If you are interested, contact me privately.",1
*Voici les 15 pays africains dans le Top 20 mondial des économies les plus dynamiques en 2025 (La Liste)*,1
*Lire ici*👇🏾,1
"*Fiasco total du Concert de TESCO LE SULTAN : 75 spectateurs présents sur 15000 places, les internautes de moquent de l'artiste (Vidéo)*",1
*Lire ici*👇🏾,1
*URGENT - La BAD sanctionne lourdement 12 entreprises Africaines pour fraude et corruption entre 2023 et 2024 (La Liste)*,1
*Lire ici*👇🏾,1
*La CEDEAO donne un délai de six mois aux pays de l’AES pour reconsidérer leur retrait (Vidéo)*,1
*Lire ici*👇🏾,1
🛑🛑🛑🛑🛑🛑🛑Demain besoin de 40 personnes au,1
metro VDNK,1
08.00,1
Sortie 1,1
Travail,1
intérieur—extérieur,1
1- jhonny,1
2- désire,1
3- alekx,1
4- jumo,1
5- Vanessa,1
6- Pierre,1
7- sandip,1
8- franck,1
9-,1
10-,1
payement directement sur le chantier,1
3000p,1
🛑🛑🛑 besoin de Garçons (10) a *KB Радумля* situé a 1h30 de Moscou.,1
Payé chaque vendredi 3500r par jour.,1
1- Logement gratuit,1
2- un repas complet a midi,1
3- compensation du transport,1
Doucement nécessaire,1
1- visa valide,1
2- enregistrement,1
3- *SPRAFKA*,1
4- passeport,1
5- carte d'immigration.,1
*Le travail commence vendredi*,1
Pour ceux qui sont intéressés laissé moi un msg IB.,1
Nb: Le salaire est sur a 200%.,1
🛑🛑🛑🛑🛑🛑🛑Demain besoin de 40 personnes au,1
metro VDNK,1
08.00,1
Sortie 1,1
Travail,1
intérieur—extérieur,1
1- jhonny,1
2- désire,1
3- alekx,1
4- jumo,1
5- Vanessa,1
6- Pierre,1
7- sandip,1
8- franck,1
9- rahim,1
10- rid,1
11- boakye,1
12-,1
13-,1
14-,1
15-,1
payement directement sur le chantier,1
3000p,1
"Bonsoir. Besoin de deux hommes, corpulence sportive, 2500 roubles pour 1 heure de travail demain à 18h 30. Intéressé ib.",1
Fermé,1
"12/17/24, 9:32 PM - +243 997 898 676 joined using this group's invite link",1
🛑🛑🛑🛑🛑🛑🛑Demain besoin de 40 personnes au,1
metro VDNK,1
08.00,1
Pas de retard,1
Sortie 1,1
Travail,1
intérieur—extérieur,1
1- jhonny,1
2- désire,1
3- alekx,1
4- jumo,1
5- Vanessa,1
6- Pierre,1
7- sandip,1
8- franck,1
9- rahim,1
10- rid,1
11- boakye,1
12- Philip,1
13- Bismarck,1
14- junior,1
15- chichoc,1
16-glody,1
17- jihad,1
18-cinthia,1
19- Laurent,1
20- hermine,1
22- martine,1
22- bertho,1
23-braham,1
24- Yaya,1
25- emanuel,1
26-thomas,1
27- Collins,1
28-,1
29-,1
30-,1
31-,1
32-,1
09h 18h,1
payement directement sur le chantier,1
3000p,1
🛑🛑🛑🛑🛑🛑🛑Demain besoin de 40 personnes au,1
metro VDNK,1
08.00,1
Pas de retard,1
Sortie 1,1
Travail,1
intérieur—extérieur,1
1- jhonny,1
2- désire,1
3- alekx,1
4- jumo,1
5- Vanessa,1
6- Pierre,1
7- sandip,1
8- franck,1
9- rahim,1
10- rid,1
11- boakye,1
12- Philip,1
13- Bismarck,1
14- junior,1
15- chichoc,1
16-glody,1
17- jihad,1
18-cinthia,1
19- Laurent,1
20- hermine,1
22- martine,1
22- bertho,1
23-braham,1
24- Yaya,1
25- emanuel,1
26-thomas,1
27- Collins,1
28-Ginette,1
29-,1
30-,1
31-,1
32-,1
09h 18h,1
payement directement sur le chantier,1
3000p,1
🛑🛑🛑🛑🛑🛑🛑Demain besoin de 40 personnes au,1
metro VDNK,1
08.00,1
Pas de retard,1
Sortie 1,1
Travail,1
intérieur—extérieur,1
1- jhonny,1
2- désire,1
3- alekx,1
4- jumo,1
5- Vanessa,1
6- Pierre,1
7- sandip,1
8- franck,1
9- rahim,1
10- rid,1
11- boakye,1
12- Philip,1
13- Bismarck,1
14- junior,1
15- chichoc,1
16-glody,1
17- jihad,1
18-cinthia,1
19- Laurent,1
20- hermine,1
22- martine,1
22- bertho,1
23-braham,1
24- Yaya,1
25- emanuel,1
26-thomas,1
27- Collins,1
28-Ginette,1
29-Stan,1
30-,1
31-,1
32-,1
09h 18h,1
payement directement sur le chantier,1
3000p,1
*SYRIE : Les rebelles au pouvoir assassinent des proches du dictateur BACHAR AL-ASSAD (VIDÉO Sensible)*,1
*Lire ici*👇🏾,1
*RÉVÉLATION CHOC : Un ex-jihadiste révèle que la France a tenté de le recruter pour commettre un attentat dans ce pays africain (PHOTO)*,1
*Lire ici*👇🏾,1
*TOGO : Le gouvernement lance l’opération « Zéro mendiant » dans les rues de Lomé*,1
*Lire ici*👇🏾,1
*Accident d’AGOÈ-ZONGO : Les autorités annoncent des arrestations et révèlent les causes de l’effondrement de la passerelle*,1
*Lire ici*👇🏾,1
*ÉTATS-UNIS : Très mauvaise nouvelle pour le président DONALD TRUMP*,1
*Lire ici*👇🏾,1
Place disponible pour fille dans une chambre de deux filles 11000rouble métro annino ou dimitry interresser inbox,1
But du forum,1
✔️actualité sur les nouvelles loi  en Russie aujourd’hui,1
✔️aide en matière de procédure de voyage pour la Russie 🇷🇺 et  Canada 🇨🇦 ; shg🇪🇺,1
✔️service courrier (dépôt/retrait des docs ) transfert 💴 et autres services. insta: wil iam237,1
🚨🚨🚨Part-time restaurant job available today. Payment 3000 rub. Time 12:00-23:00. Contact +79687107286.,1
Bonsoir svp qui peut me créer un compte PayPal ici en russie,1
PayPal est bloqué en Russie 🇷🇺 à cause des sanctions.,1
Bonjour!,1
Besoin de 15 filles travail de nettoyage à 13 h jusqu'à 20h30 2600 fini payer,1
2 places disponibles pour filles métro domodedovskaya,1
*URGENT - Guerre en Ukraine : Un haut responsable de l'armée russe tué dans un attentat (Photo et Vidéo)*,1
*Lire ici*👇🏾,1
*Découvrez les 10 pays africains où la police est la plus corrompue*,1
*Lire ici*👇🏾,1
*Découverte révolutionnaire : Une énigme mathématique datant de mille l'an résolue par deux lycéennes africaines (PHOTO)*,1
*Lire ici*👇🏾,1
"*Classement 2024 des 10 pays africains leaders dans l’importation de Riz, la Côte d'Ivoire et le Bénin en tête*",1
*Lire ici*👇🏾,1
"*Dernière Minute : Le Bénin lance un mandat d'arrêt international contre le milliardaire sénégalais YÉRIM SOW, les faits*",1
*Lire ici*👇🏾,1
Studio 1 chambre cuisine et toilette,1
Disponible à 8 mn du métro novomoskovskaya,1
2PLACES DISPONIBLES,1
Dans une chambre de deux fille,1
*LOYER (rent) :* 15500₽,1
*Caution (deposit) :* 0 ₽,1
*COMMISSION :* 3000 ₽,1
"*Des femmes calmes, propres, peu bavardes Merci*",2
*ADRESSE:* Métro Dmitry danskova,1
Bonsoir les amis je veux une chambre pour un nouveau étudiants à Moscou,1
Juste pour ce soir,1
"🚨🚨🚨🚨Le travail dans les cantines scolaires disponible . Le travail est de 8h à 16h. 2300 par jour. Si vous êtes intéressé, contactez-moi en privé.",1
"🚨🚨🚨🚨Work in school canteens  available. The Work is from 8am to 4pm. 2300 per day. If you are interested, contact me privately.",1
Place disponible pour fille dans une chambre de deux filles 11000rouble métro annino ou dimitry interresser inbox,1
*URGENT - La Russie annonce l’arrestation de l’auteur de l’attentat qui a tué le général KIRILLOV (Vidéo)*,1
*Lire ici*👇🏾,1
*Le NIGER quitte définitivement la CEDEAO : Décision historique*,1
*Lire ici*👇🏾,1
"*Les ÉTATS-UNIS vont supprimer l'application TIKTOK en janvier 2025, Voici pourquoi !*",1
*Lire ici*👇🏾,1
"*HIMRA révèle enfin la vraie signification de son signe "" 1X ""*",1
*Lire ici*👇🏾,1
🎄✨ Découvrez les saveurs magiques de Noël avec AZAR Délices ! ✨🎄,1
"Cette semaine festive, régalez vos papilles avec nos 4 plats d'exception, spécialement sélectionnés pour apporter la chaleur et la tradition à votre table :",1
"🍃 Jeudi Ndolè : Une fusion délicate d'amertume et de douceur, ce classique incontournable éveillera vos souvenirs.",1
🌿 Vendredi Eru / Fufu: Une richesse de goût et de texture pour un repas plein de caractère.,1
🌱 Samedi Couscous /Gombo : L'onctuosité parfaite pour une explosion de saveurs authentiques.,2
🍽 Dimanche Koki /Banane : La douceur réconfortante des haricots écrasés sublimés par une touche d’huile rouge.,1
"🎁 Commandez dès maintenant et laissez-nous transformer vos repas, signé AZAR Délices. 🎅 Un Noël, 100% gourmand, 100% inoubliable !",1
📞 Réservez votre menu dès aujourd’hui et vos livraisons 200r au métro (hors extrémité)! 💚,1
Svp Besoin de quelqu'un qui quitte Moscou Douala ces jours,1
Utilise ce lien pour intégrer mon groupe WhatsApp : https://chat.whatsapp.com/GbMUG4G4EQIBGtnWjvCt0f,1
‎Open this link to join my WhatsApp Group: https://chat.whatsapp.com/GoKFgAM6o1a4obI780cQwP,1
⚠️⚠️⚠️⚠️ Départ prévu le 19 décembre donc aujourdhui je serai a donolovo de 13h a 19h,1
Moscou ⏩⏩⏩➡️ Douala,1
* 🫡🫡actuellement je ne prends que les documents.🫡🫡,1
Sais moi même qui voyage donc me contacter directement IB  merci,2
*SENEGAL : Les féministes veulent marcher nues contre la culture de viol (image)*,1
*Lire ici*👇🏾,1
*Effondrement de la passerelle d'AGOÈ-ZONGO : Le procureur de la république brise enfin le silence*,1
*Lire ici*👇🏾,1
*AVIATION : 55 Compagnie aériennes africaines interdites d'aller en Europe (La Liste)*,1
*Lire ici*👇🏾,1
"*Décision historique : Nicolas Sarkozy condamné à un an de prison ferme, les faits*",1
*Lire ici*👇🏾,1
*Voici les 6 pays africains qui ont rejeté la présence militaire de la France sur leur territoire*,1
*Lire ici*👇🏾,1
Tu dis chambre mais cest l'intérieur de larmoir tu montre😀😃,1
"Besoin de 5 personnes pour un bon travail permanent a Yandex, travail très facile rien ne compliqué que tu sois a jour ou pas, tu vas travailler juste besoin de ton passeport.",1
"Le travail commence a 9h jusqu'à 21h. Payement 2 fois par mois sans problèmes, travail a l'intérieur.",0
Les intéressés écrit moi en imbox.,1
Salaire 3000₽,1
NB: le travail est très facile et sans pression,1
À la recherche d'une chambre à Moscou urgent,1
Tu es où,1
2 places disponibles pour les filles dans dans une chambre de trois personnes,1
Métro domodedovskaya,1
Besoin de 4 personnes pour travail d'école payé chaque mercredi en raison de 285r l'heure minimum juste besoin dun carnet médical et soyez sérieux svp.,1
Salut besoin de 10 filles pour un travail de nettoyage fini payé 21h-05h50,1
Fini payé 2800 p,1
intéressé ib,1
Métro aminyevskaya ligne 11 sortir 06,1
heure de rencontre 20h,1
1),1
2),1
3),1
4),1
5),1
6),1
7),1
8),1
9),1
10),1
11),1
*Voici Les 10 Pays africains où les policiers sont moins corrompus*,1
*Lire ici*👇🏾,1
*Accident tragique à Adétikopé : Un Camion écrase plusieurs personnes (Vidéo)*,1
*Lire ici*👇🏾,1
*Loi anti-homosexualité au Ghana : Découvrez la décision finale de Cour suprême du pays*,1
*Lire ici*👇🏾,1
*Le pasteur demande à la mariée de se démaquiller avant la célébration du mariage (Vidéo)*,1
*Lire ici*👇🏾,1
*Nouveau Naufrage en RDC : Au moins 25 morts sur la rivière Fimi (Vidéo)*,1
*Lire ici*👇🏾,1
Elle est décédée ? 🙆🏿‍♂️,1
"Si un infirme dans la pauvreté (handicapé ) qui ne peut pas faire le chantier, ni l'entrepôt, ni le restaurant bref s'il ne peut pas faire les travaux que toi tu peux faire vu que tu es valide, alors pourquoi tu ne peux pas manifester beaucoup d'amour plus que cet infirme (handicapé).",1
Sachez que c'est Dieu (Allah) qui nous paie le fruit de nos acte sur cette terre. Tôt ou tard nous récoltons ce que nous semons sur cette terre.,1
Que cette vidéo interpelle nos consciences et nous pousse à être meilleur pour nous-même d'abord devant Dieu (Allah) et devant notre communauté.,1
"C'est possible d'être meilleur et de rendre notre avenir meilleur. Il nous suffit simplement d'être juste, d'avoir la morale, de travailler honnêtement et d'être discipliné.",1
Partagez ce message dans tous le groupe où il y a la communauté africaine surtout.,1
Salut la famille besoin de 20 filles pour un travail de chantier de 9 h a 18 h fini payé 2900 rencontre a 8 h 15 au métro vadniy stadion sortie 1,1
BESOIN DE 6 HOMMES POUR UN TRAVAIL DE CHANTIER INTÉRIEUR,1
NETTOYER LE CHANTIER,1
DÉCHARGER LE MATÉRIEL,1
09:00-18:00,1
Métro алексеевская,1
3500 ₽,1
Place disponible pour fille dans une chambre de deux filles 11000rouble métro annino ou dimitry interresser inbox,1
🚨🚨🚨🚨🚨🚨🚨🚨🚨🚨🚨🚨🚨🚨🚨🚨🚨Départ confirmé  le 23 Décembre 2024,1
( Moscou 🇷🇺—- Dla🇨🇲),1
✅ 15 kilo disponible,1
"✅ Envoyez vos documents (diplomes, invitations etc... )",1
"✅ Envoyer vos petits appereils(Telephones, planchettes et laptops)",1
Yan travel ✈️,1
🛑🛑🛑🛑🛑🛑🛑Demain besoin de 30 personnes au,1
metro VDNK,1
8.00 pas de retard.,1
sortie 1,1
1- jhonny,1
2-,1
3-,1
4-,1
5-,1
6-,1
7-,1
8-,1
9-,1
10-,1
payement directement sur le chantier,1
3000p,1
"*URGENT - JUAN BRANCO : L'avocat d'Ousmane SONKO accusé de viol par 4 femmes, tous les faits*",1
*Lire ici*👇🏾,1
*Vladimir POUTINE envoie un message fort à Donald TRUMP : «Je suis prêt à...»*,1
*Lire ici*👇🏾,1
"*Voici pourquoi John D. Mahama, le président élu du Ghana a rendu visite à FAURE GNASSINGBÉ avant son investiture*",1
*Lire ici*👇🏾,1
*ASSIMI GOÏTA est inarrêtable / Bamako rebaptise ses rues : L’Avenue CEDEAO devient l’Avenue de l’AES (Vidéo)*,1
*Lire ici*👇🏾,1
🛑🛑🛑🛑🛑🛑🛑Demain besoin de 30 personnes au,1
metro VDNK,1
8.00 pas de retard.,1
sortie 1,1
1- jhonny,1
2-,1
3-,1
4-,1
5-,1
6-,1
7-,1
8-,1
9-,1
10-,1
payement directement sur le chantier,1
3000p,1
🚨🚨🚨Part-time restaurant job available today. Payment 3000 rub. Time 12:00-23:00. Contact +79687107286.,1
Salut la famille besoin de  10 filles maintenant pour un travail de chantier de 11 h 19h30 a 18 h fini payé 2900  au métro vodniy stadion sortie 1,1
2 places disponibles pour les filles dans dans une chambre de trois personnes,1
Métro domodedovskaya,1
"12/20/24, 12:01 PM - ~ NFC added ~ Papa Tatou Keita and ~ syllaallya60",1
*Bonjour 👋 les gars*,1
Noël🌲 est t'arrivé 🤗🤗... nous vous proposons chaque semaine de délicieuses spécialitées africaines et chaque jours nous Vous presenterons le menu du jour et la salade qui ira avec.,1
Pour finir nous vendons également des produits africains crus.,1
Venez a nous pour plus de gôuts et de douceurs☺️🥰,1
***  *Repas / prix****,1
-Eru & garri/fufu+(salade de fruits/légumes) : 1000/1200,1
-Ndole & riz  de fruits) 1000/1200r,1
-Beignets & haricots+(salade de pommes de terre 🥗) : 800/600r,1
-sauce de  pistache &garri( tapioca)/fufu+(salade) : 800/1000r,1
-Poisson grillé 🐟 & pommes de terre frites/plantains+(salade de légumes) : 1000/1200r,1
sauce gombo & garri ( tapioca)/fufu+(salade de fruits) : 800/1000r,1
-- corn tchap ( melange de maïs et haricot)+(salade de fruits) : 700/900r,1
-Poulet DG+(salade de légumes) : 800/1000r,1
-Choux & pommes de terre/plantains+(salade de fruits) : 600/800r,1
-riz frit et poulet + (salade de légumes) : 800/10,1
"S'il vous plaît, les gars, au fil des jours, les repas seront informés de ceux qui seront disponibles sur le menu comme suit chaque semaine.",1
Vous ne regretterez pas cette expérience époustouflante,1
Merci,2
Contact : +79188330932,1
Lieu : Moscou,1
🔥🔥🛩️🛩️ départ pour demain le 21 décembre 2024 Moscou - Douala Yaoundé et bafoussam,1
NB: 10 kilo disponible 🔥🇨🇲🔥🇨🇲,1
"Un appartement de deux chambres disponibles au métro perevo a 5mn a pied l'appartement peut contenir maxi 6 personnes,10mil par personne pour le loyer ya caution et commission aussi a part.",1
Salut la famille besoin de 20 filles pour un travail de chantier de 9 h a 18 h fini payé 2900 rencontre a 8 h 15 au métro vodniy stadion sortie 1,1
Place disponible pour 2 filles intéressées inbox,1
Une chambre disponible pour couple dans un nouveau appartement .,1
*Adresse* métro domodedovo a 15 minute du metro,1
Prix *30000₽*,1
Garantie : *15000₽* remboursable lorsque le locataire m avertira deux semaine avant quil quitte,1
Ib me,1
Bonsoir à tous 23 kilos disponible,1
🛫Yaoundé -Douala -Moscou🇷🇺,1
👉Départ 30 Décembre,1
📌 réception jusqu'au 29/12,1
⭕️ 1kg  = 800 rouble,1
Pour une meilleure prise en charge veuillez svp contacter par WhatsApp +7915 482 06 94,1
🛑🛑🛑🛑🛑🛑🛑Demain besoin de 15  personnes au,1
metro VDNK,1
8.00 pas de retard.,1
sortie 1,1
1- jhonny,1
2-,1
3-,1
4-,1
5-,1
6-,1
7-,1
8-,1
9-,1
10-,1
payement directement sur le chantier,1
3000p,1
🛑🛑🛑🛑🛑🛑🛑Demain besoin de 15  personnes au,1
metro VDNK,1
8.00 pas de retard.,1
sortie 1,1
1- jhonny,1
2- Jo,1
3-,1
4-,1
5-,1
6-,1
7-,1
8-,1
9-,1
10-,1
payement directement sur le chantier,1
3000p,1
"*AES : Voici les avantages pour le Burkina Faso, le Mali et le Niger de quitter la CEDEAO*",1
*Lire ici*👇🏾,1
*Alassane OUATTARA sera-t-il candidat à la présidentielle en 2025 ? Découvrez la réponse claire du gouvernement*,1
*Lire ici*👇🏾,1
"*INSOLITE Escroquerie au Sénégal : Un aveugle dérobe 30 millions à 179 victimes, voici sa stratégie*",1
*Lire ici*👇🏾,1
*Un autre pays sur le point de rejoindre l'AES ? Ibrahim TRAORÉ vient de recevoir…*,1
*Lire ici*👇🏾,1
*FRANCIS MVEMBA : Le milliardaire congolais arrêté au Sénégal pour cette étrange raison*,1
*Lire ici*👇🏾,1
*Les 88 médicaments à éviter : Découvrez pourquoi Ils sont jugés dangereux pour la santé ( La Liste)*,1
*Lire ici* 👇🏾,1
Salut la famille besoin maintenant 10 filles pour un travail de chantier finis payer 2900 de 9 h a 17 h 45 au métro vodniy stadion sortie 1 rencontre a 8 h 30,1
Am coming,1
🚨🚨DÉPART IMMINENT.,1
*22.12.2024*,1
*MOSCOU🇷🇺✈️✈️DOUALA*,1
🛫 We are taking Only documents.,1
VOUS FACILITER LA TÂCHE C'EST MON CREDO🫡,1
null,1
null,1
Salut la famille besoin d'une chambre pas loin du métro,1
Suivez ce lien pour rejoindre ma communauté WhatsApp : https://chat.whatsapp.com/FI7SxlhldeZ59PYkVyXJVG,1
Cliquez sur le lien pour rejoindre la communauté,1
*Un Togolais sauvagement assassiné en Côte d’Ivoire : les faits révélés*,1
*Lire ici*👇🏾,1
*Alassane OUATTARA annonce une bonne nouvelle aux Pays trois de l'AES*,1
*Lire ici*👇🏾,1
"*Après les pays de l’AES, Air FRANCE suspend sa ligne directe avec cet autre pays d’Afrique*",1
*Lire ici*👇🏾,1
*Les 10 pays Qfricains les plus touchés par la faim et la malnutrition en 2024*,1
*Lire ici*👇🏾,1
*Une mère condamnée à une lourde peine de prison après que soit mort alors qu'elle jouait sur son téléphone (Photo)*,1
*Lire ici*👇🏾,1
*Vladimir POUTINE envoie un message fort à Donald TRUMP : «Je suis prêt à...»*,1
*Lire ici*👇🏾,1
*Justice Internationale : La prete encore à frapper deux personnalités Africaines (Photos)*,1
*Lire ici*👇🏾,1
null,1
Salut la famille besoin d'une chambre pas loin du métro,1
🚨 *Urgent* 🚨,1
Faites vos déclarations de revenus au plutôt.,1
Me contacter 696960671,1
pour ceux qui ont du mal à le faire ou qui ont besoin d’une  assistance en privé.,1
Place disponible pour 2 filles intéressées Inbox,1
Salut la famille besoin de deux place pour fille même chambre non loin du métro,1
Salut famille besoin de 2 places pour hommes,1
souleymanegui65.vcf (file attached),1
"🚨🚨🚨🚨Le travail dans les cantines scolaires disponible . Le travail est de 8h à 16h. 2300 par jour. Si vous êtes intéressé, contactez-moi en privé.",1
"🚨🚨🚨🚨Work in school canteens  available. The Work is from 8am to 4pm. 2300 per day. If you are interested, contact me privately.",1
1  place disponible pour garçon  intéressé ib 🛑🛑🛑🛑,1
Ils faut signaler le métro,1
Travail d'école disponible à 7 min du métro planernaya payé 2300r chaque mercredi.,1
Juste besoin d'un carnet médical merci pour les gens sérieux qui écriront.,2
🚨 *Urgent* 🚨,1
Faites vos déclarations de revenus au plutôt.,1
Me contacter 696960671,1
pour ceux qui ont du mal à le faire ou qui ont besoin d’une  assistance en privé.,1
Pour les camerounais,1
Travail d'école disponible à quelques min du métro tushinskaya et pyatnitskoye shosse payé 2300r chaque mercredi.,1
Juste besoin d'un carnet médical merci pour les gens sérieux qui écriront.,2
"12/22/24, 6:56 PM - +237 6 75 27 51 57 joined using this group's invite link",1
Bonsoir la famille,1
Bonsoir,1
Besoin d'une personne demain pour le travail de restaurant,1
Intéressé en pv pas d'appel,1
A vendre bon prix,1
Pv,1
*CHAMBRE DISPONIBLE POUR FILLE*,1
*LOYER (rent) :* 32000,1
*Caution (deposit) :* 0,1
*COMMISSION :* 3000,1
*ADRESSE:* À 15 min du Métro Dmitry danskova,1
*Drame au NIGERIA : Une bousculade dans une Église catholique fait 10 morts (PHOTOS)*,1
*Lire ici*👇🏾,1
"*SCANDALE autour du Ballon d'Or 2024 / Achraf Hakimi Accuse la CAF : ""Ils m’ont fait croire que j’avais gagné""*",1
*Lire ici*👇🏾,1
*RDC : Suspension de 8 Chaînes Canal+ Jugées « Immorales » (La Listés de chaînes)*,1
*Lire ici*👇🏾,1
*Effondrement d’un Pont en RDC : Une région coupée du reste du pays (Vidéo)*,1
*Lire ici*👇🏾,1
*Voici les premières images des soldats français quittant le Tchad (Photos)*,1
*Lire ici*👇🏾,1
*Drame à DAPAONG : Un zémidjan égorgé dans des circonstances tragiques*,1
*Lire ici*👇🏾,1
Bonsoir je veux 40 mil roubles svp ; qui a l’équivalent en cfa on fais l’échange ?,1
Soyez le petit papa Noël 🎅 de vos enfants en les rendant *CHIC ET CHOC*  .,1
"*MINI_COOPER* est là pour t’aider à le faire , alors contactez le +7(932)005-26-98 et rendez le rêve de vos enfants réalité.",1
*BEAUTY IS YOUR MINI_COOPER*💇🏽‍♀️💇🏽,1
Ville: Saint Petersburg,1
🚨🚨🚨Permanent restaurant job. Payment 3200 rub.Time 11:00-23:00. +79687107286,1
*PLACE DISPONIBLE POUR DEUX Garçons* *Dans une Chambre de deux*,1
*LOYER (rent) :* 16500,1
*Caution (deposit) :* 0,1
*COMMISSION :* 3000,1
*ADRESSE:* À 15 min du Métro Dmitry danskova,1
🏀🏀🏀 Bonjour chère Tous besoin d'une chambre budget 25000-30000,1
IB si vous en avez 🛑🛑🛑,1
*URGENT - Notre planète sera-t-elle détruite ? Un astéroïde va frôler la terre ce mardi 24 décembre (Photo)*,1
*Lire ici*👇🏾,1
*RECORD GUINNESS : Voici la somme d'argent que va gagner la cheffe ivoirienne ZEINAB BANCE*,1
*Lire ici*👇🏾,1
*Un Homme d’affaires arrêté à l'aéroport avec 256 palettes de drogue caché sur son corps (La Vidéo)*,1
*Lire ici*👇🏾,1
*ETATS-UNIS : Cet homme de 52 ans condamné à 130 ans de prison pour le meurtre de deux fillettes (Photos)*,1
*Lire ici*👇🏾,1
"*Les États-Unis abattent par erreur leur propre avion de Chasse, les faits*",1
*Lire ici*👇🏾,1
"*5 jours sans arrêt : Qui est ZEINAB BANCE, la cheffe ivoirienne qui vient de battre le record mondial du plus long Marathon culinaire ?*",1
*Lire ici*👇🏾,1
3 places disponibles pour le garçon la chambre est pour 3 personnes seulement,1
Métro domodedovskaya sortie 9,1
"1-y Volokolamskiy proyezd, 9к1",1
Moscow,1
Besoin d'une personne à cette adresse ( travail d'école 2300r chaque mercredi.),1
‎Open this link to join my WhatsApp Group: https://chat.whatsapp.com/GoKFgAM6o1a4obI780cQwP,1
😞😀,1
Bonjour je viens de perdre mon bagage couleur verte à airport domodedovo,1
"Bonjour à toutes et tous deux garçons ont besoin d'une place très propre non loin de métro, c'est urgent s'il vous plaît.",1
Il y’a la ligne orange au fronds a l‘etage 1 ou -1,1
Tu appel la ligne il vont te laisser entrer chercher ton bagage ou écrire le заявление,1
Salut la famille besoin quelqu'un maintenant pour un travail de lavage d'assiettes dans un petit café,1
finis payer 3000 au métro 9h a 21h 00,1
Place disponible pour UN garçon non loin du metro,1
Ok merci 🙏,2
"12/24/24, 12:26 PM - ~ RMadiba added ~ Avin",1
"Apparemment de 3 chambres a 70.000r , caution 50.000r , l'appartement se trouve a 10mn a pieds du métro Cherkizovsky Maxi 6 personnes, deux personnes par chambre",1
Chambre disponible au métro domodedovskaya,1
*Deux hommes arrêtés alors qu'ils tentaient de tuer ce Président africain avec de la sorcellerie (Photo)*,1
*Lire ici*👇🏾,1
*Drame à New-York : Une femme brûlée vive dans le métro (Vidéo sensible)*,1
*Lire ici*👇🏾,1
*GUINÉE : Le directeur général des douanes et son adjoint jetés en prison pour vols et corruption (Photos)*,1
*Lire ici*👇🏾,1
*Le Nigeria fabrique désormais ses propres véhicules militaires Blindés (Les images)*,1
*Lire ici*👇🏾,1
*DONALD TRUMP s’engage à mettre fin à la folie transgenre et à l'homosexualité dès son investiture*,1
*Lire ici*👇🏾,1
"*Devenue indésirable au Sahel, la France focalise sa stratégie sur cet autre pays africain*",1
*Lire ici*👇🏾,1
Bonsoir la famille,1
"Pour ceux qui vivent à Domo,j'ai perdu ma sacoche(petit sac bandoulière)contenant mon passeport et d'autres pièces.je suis camerounaise.",0
Mon contact :+79999985715,1
Le permis de conduire en Russie : Comment utiliser le permis de conduire que j'ai eu dans mon pays,1
"Le permis de conduire de mon pays est aussi utilisable en Russie comme plusieurs autres permis africains et européens, un peu plus d’explication dans cette vidéo car c’est Noël, en guise de cadeau je vous ai préparé ceci. 😁🎁",1
"Allez-y déguster et comme de coutume, n’oubliez pas les likes et les suggestions ou appréciations en commentaire.",1
"Pour tout les nouveaux, c’est le moment de vous abonner pour ne rien rater de ce qui arrive.",1
"🚨🚨🚨🚨Le travail dans les cantines scolaires disponible . Le travail est de 8h à 16h. 2300 par jour. Si vous êtes intéressé, contactez-moi en privé.",1
"🚨🚨🚨🚨Work in school canteens  available. The Work is from 8am to 4pm. 2300 per day. If you are interested, contact me privately.",1
"🚨🚨🚨🚨Work in school canteens  available. The Work is from 8am to 4pm. 2300 per day. If you are interested, contact me privately.",1
Salut la famille besoin de 2 garçons demain pou un travail de chantier finis payer 3500 de 9 h a 17 h 30 rencontre 7 h 30 au métro domodevskay sortie 3,1
‎Open this link to join my WhatsApp Group: https://chat.whatsapp.com/GoKFgAM6o1a4obI780cQwP,1
✈️✈️Départ imminent confirmé,1
MOSCOU 🇷🇺✈️✈️ DOUALA🇨🇲,1
*31.12.2024*,1
✅ Encore 10kg/46 disponibles,1
✅ Envoyez vos documents importants en toute sécurité,1
✅  Petits colis et appereils électroniques,1
_+79888341550_,1
*VOUS FACILITER LA TÂCHE C'EST MON CREDO🫡*,1
Salut la famille besoin d'un garçon maintenant pour un travail de chantier finis payer 3500 de 9 h a 17 h au métro koptevo sorti 2 rencontre a 8 h 20,1
Pourquoi tu ne veux pas croire que J'ai pas choisi LIZA pour noyer mes soucis,1
Car j'sais qu'la bouée du diable les remontera en surface,1
"Pour les noyer une fois de plus, la vie c'est qu'un sursis",1
Qu'attend de commettre un délit pour purger la peine efficace,1
Un stylo comme sabre qui coupe les cordes qui me pendent de remords,1
Et les pleurs d'ma mère en guise de sérum pour ralentir ma mort,1
"Et on va se battre, se battre contre qui? Se battre? Mais où ça?",1
"Se battre pour revenir, ou pas, se battre pour stopper tout ça",1
Stopper c'train dans l'quel je roule depuis 17 ans,1
C'est choquant quand l'contrôleur passe et fait descendre mes gens,1
"(Tu m'parles) De la gloire, j'en mets un trait si ça m'échappe man",1
🚨🚨🚨Part-time restaurant job. Payment 3200 rub.Time 11:00-23:00. +79687107286,1
2 place disponible pour les filles métro domodedovskaya,1
+224626256552,1
Une place disponible dans une grande  chambre à 8500p.   Commission 3000p intéressé inbox 🛑🛑🛑🛑🛑🛑🛑🛑🛑🛑🛑🛑🛑🛑🛑🛑🛑🛑🛑🛑🛑🛑🛑🛑,1
*Congrès annuel de la diaspora camerounaise en Fédération de Russie*,1
"La diaspora camerounaise en Fédération de Russie sera, comme à l'accoutumée,",1
"*Le 8 février 2024, de 10h00 à 15h00* : Sont attendus les présidents, vice-présidents et représentants des associations camerounaises des villes de Russie 🇷🇺, à l'ambassade du Cameroun.",1
"*Le 8 février 2024, de 17h00 à 19h30* : *Célébration de la fête de la jeunesse camerounaise*, ouverte au grand public sur inscription préalable (le nombre de places est limité !). Pour vous inscrire, veuillez remplir le formulaire:  https://docs.google.com/forms/d/e/1FAIpQLSeQlAR1u-EHVy_zSC0MEhlXWGgdIsc7gVuYDs4XST6iLdhp2Q/viewform?usp=header ou vous enregistrer auprès du président de votre communauté. Cette célébration sera clôturée par un concert d'artistes camerounais, visant à promouvoir la culture camerounaise (musique, danse, poésie, récit, sketch, etc.).",1
"*Pour ceux qui souhaiteraient se produire lors du concert* 🎶, merci de bien vouloir contacter Mlle Charlotte Nanga par WhatsApp : +7 908 512 48 92.",2
"Dans l'espoir de vous compter parmi nous à cette occasion,",1
"Bien cordialement,",2
"Le président de la Diaspora des Camerounais en Russie,",1
Louis Gouend.,1
Utilise ce lien pour intégrer mon groupe WhatsApp : https://chat.whatsapp.com/GbMUG4G4EQIBGtnWjvCt0f,1
Ca seras à Moscou? Bonsoir,1
*Voici les 15 villes les plus sales d'Afrique (Le Classement)*,1
*Lire ici*👇🏾,1
*Algérie construit le plus haut pont ferroviaire d’Afrique (Vidéo)*,1
*Lire ici*👇🏾,1
*Les Etats-Unis annoncent une très mauvaise nouvelle à l’Ethiopie*,1
*Lire ici*👇🏾,1
*Puissance militaire : Ce pays membre de l’AES va utliser  27 % de son budget pour renforcer son armée*,1
*Lire ici*👇🏾,1
*ETATS-UNIS : un homme condamné à 130 ans de prison (Photos)*,1
*Lire ici*👇🏾,1
*AES : Patrice TALON prêt à trahir ses pairs de la CEDEAO ?*,1
*Lire ici*👇🏾,1
*BURKINA FASO : Voici le verdict final du procès de détournement de 3 Milliards de FCFA*,1
*Lire ici*👇🏾,1
"12/26/24, 7:03 AM - ~ SniperSGK added ~ Square",1
PAUVRE FRANCE !,1
L'HEURE A SONNÉ !,1
🚨🚨🚨Part-time restaurant job. Payment after working 3000 rub. Time 13:00-23:30. +79687107286,1
*Les 6 pays africains ayant acheté le plus d’armes de depuis cinq ans*,1
*Lire ici*👇🏾,1
*URGENT - Très mauvaise nouvelle pour le Pasteur Camille MAKOSSO (Vidéos)*,1
*Lire ici*👇🏾,1
*Puissance Militaire : Les 3 pays africains les plus puissants en 2024*,1
*Lire ici*👇🏾,1
*Voici les 10 sportifs africains qui ont marqué l’an 2024 (La Liste)*,1
*Lire ici*👇🏾,1
*Tragédie de Noël : un avion s’écrase avec 67 personnes à bord (Vidéo)*,1
*Lire ici*👇🏾,1
Une place disponible dans une grande  chambre à 8500p.   Commission 3000p intéressé inbox 🛑🛑🛑🛑🛑🛑🛑🛑🛑🛑🛑🛑🛑🛑🛑🛑🛑🛑🛑🛑🛑🛑🛑🛑,1
*Voici pourquoi François COMPAORÉ est bloqué à Abidjan : Tout ce qu'il faut savoir*,1
*Lire ici*👇🏾,1
*Des scènes de chaos lors du concert de Fally Ipupa : une enquête annoncée (Vidéo)*,1
*Lire ici*👇🏾,1
"*Découvrez le rat le plus mortel du monde, capable de tuer un éléphant d'une seule morsure (VIDÉO)*",1
*Lire ici*👇🏾,1
"*MOZAMBIQUE : Évasion massive de 1 534 détenus d’une prison de haute sécurité, découvrez leur stratégie (Vidéo)*",1
*Lire ici*👇🏾,1
"*Sous l'influence de la drogue, un homme tue son propre fils de 4 ans (Photo)*",1
*Lire ici*👇🏾,1
*BON À SAVOIR : Voici pourquoi les hommes ne devraient pas se laver à l’eau chaude*,1
*Lire ici*👇🏾,1
"12/26/24, 9:24 PM - +223 90 67 28 76 joined using this group's invite link",1
"Notre souhait pour la nouvelle année 2025 qui se pointe à l'horizon, est que tout africain ait le courage, le sens de dignité bref le panafricanisme de refuser tout travail en Russie où l'on paiera moins de 3.000 roubles, que ça soit pendant l'hiver ou pendant l'été.",1
Le minimum de salaire est 3.000 roubles pour tout étranger sans-papier en Russie mais c'est à cause de *l'égoïsme* de nos frères et soeurs que notre communauté se retrouve avec des boulots où l'on paie même moins de 2.400 roubles.,1
"L'Africain est plus fort, plus résistant et plus apprécié en Russie qu'un cheveux-noir. Alors pourquoi vous devez payer à vos propres frères et soeurs moins de 3.000 roubles ?",1
"À partir du premier 1er Janvier 2025, refusez désormais tout travail qui paie moins de 3.000 roubles, peu importe la saison car c'est grâce à un salaire digne qu'on peut bâtir un avenir meilleur.",1
Partagez ce message dans tous les groupes où il y a les africains pour un reveil de conscience.,1
*Que Dieu (Allah) bénisse la communauté africaine !*,1
"12/27/24, 12:38 AM - +7 999 838-62-55 joined using this group's invite link",1
"*Voici la date à partir de laquelle le Burkina, le Mali et le Niger cesseront d'être membres de la CEDEAO*",1
*Lire ici*👇🏾,1
"*Accident à ADIDOGOMÉ : un camion surchargé dévaste tout au carrefour SANOL, le bilan provisoire*",1
*Lire ici*👇🏾,1
*MALI : La « Place AES » officiellement inaugurée à Bamako (Regardez)*,1
*Lire ici*👇🏾,1
*Deux sorciers arrêtés alors qu'ils tentaient de tuer ce Président africain (Photo)*,1
*Lire ici*👇🏾,1
*💛💛💛 Fatiguez de payer les commissions sur vos transactions interbancaires ?*,1
✅ Nous vous conseillons *Tinkof 💛*pour ses transactions interbancaires gratuites,1
*✅ Carte compatible avec  les Bankomat Sberbank pour les recharges et les retraits gratuits*,1
✅ Livraison à domicile🏠 quel que soit votre ville 💛,1
✅ Blocages bancaire très rares 💛,1
✅ Bonus sur tout vos achats.,1
*Lien pour commander la carte *💛💛💛 Fatiguez de payer les commissions sur vos transactions interbancaires ?*,1
✅ Nous vous conseillons *Tinkof 💛*pour ses transactions interbancaires gratuites,1
*✅ Carte compatible avec  les Bankomat Sberbank pour les recharges et les retraits gratuits*,1
✅ Livraison à domicile🏠 quel que soit votre ville 💛,1
✅ Blocages bancaire très rares 💛,1
✅ Bonus sur tout vos achats.,1
*Lien pour commander la carte :* https://www.tbank.ru/baf/2Eb9EKQ6E1D,1
"Notre souhait pour la nouvelle année 2025 qui se pointe à l'horizon, est que tout africain ait le courage, le sens de dignité bref le panafricanisme de refuser tout travail en Russie où l'on paiera moins de 3.000 roubles, que ça soit pendant l'hiver ou pendant l'été.",1
Le minimum de salaire est 3.000 roubles pour tout étranger sans-papier en Russie mais c'est à cause de *l'égoïsme* de nos frères et soeurs que notre communauté se retrouve avec des boulots où l'on paie même moins de 2.400 roubles.,1
"L'Africain est plus fort, plus résistant et plus apprécié en Russie qu'un cheveux-noir. Alors pourquoi vous devez payer à vos propres frères et soeurs moins de 3.000 roubles ?",1
"À partir du premier 1er Janvier 2025, refusez désormais tout travail qui paie moins de 3.000 roubles, peu importe la saison car c'est grâce à un salaire digne qu'on peut bâtir un avenir meilleur.",1
Partagez ce message dans tous les groupes où il y a les africains pour un reveil de conscience.,1
*Que Dieu (Allah) bénisse la communauté africaine !*,1
"12/27/24, 6:10 PM - +7 900 490-51-39 joined using this group's invite link",1
"Arrivée en Russie autour de 2008, le doyen et docteur en pédiatrie Mr Igor Temgoua a décidé de nous partager son expérience depuis son arrivée jusqu’à ce qu’il obtienne son boulot dans son hôpital où il est pratiquement l’un des meilleurs de la ville.",1
"Les likes pour l’appréciation de contenu, les commentaires sont là pour vos suggestions ou remarques et aussi n’oubliez pas de vous abonner pour ne rien rater.",1
"Un ancien a dit un jour : « L'avenir appartient aux preneurs de risques, pas aux chercheurs de confort! »",1
"Si vous faîtes partii d'une association socio-culturelle africaine en Russie qui ne vous parle jamais de ces 3 objectifs mais qui préfère vous demander toujours l'argent soit l'argent de cotisation; soit l'argent pour des activités qui ne contribueront jamais à votre émergence en Russie, alors quittez ces associations et ne contribuez jamais au cotisation.",1
"*2025, c'est le temps de l'Afrique en Russie.*",1
⚠️⚠️⚠️⚠️ Départ prévu le 31 décembre,1
Moscou ⏩⏩⏩➡️ Douala,1
* il a plus de 23 kg disponible,1
* je prends les documents aussi.,1
🥳🥳🥳N'oubliez pas de faire des présents a vos familles  c'est décembre🥳🥳🥳🥳,1
*Me voir ib pour plus d'informations*,1
‎Open this link to join my WhatsApp Group: https://chat.whatsapp.com/GoKFgAM6o1a4obI780cQwP,1
Salut la famille besoin une place pour un garçon juste pour 3 jour urgent,1
"12/28/24, 10:36 AM - ~ Kibongui Ephraim added ~ Вианши Саланги",1
"Salut à tous, s'il vous plaît, j'ai besoin d'un espace pour une fille. Si quelqu'un en a, veuillez me contacter via ce numéro +7 968 ​​640-68-41",1
Salut Place disponible pour deux hommes intéressé inbox Domo,1
*Voici le cadeau de Noël de Vladimir Poutine à Volodymyr Zelensky*,1
*Lire ici*👇🏾,1
*Les Africains n'ont plus besoin de Visas pour se rendre dans ce pays*,1
*Lire ici*👇🏾,1
*Classement des 10 Pays avec les budgets militaires les plus élevés au monde en 2024*,1
*Lire ici*👇🏾,1
*Faure Gnassingbé et Ibrahim Traoré libèrent plus de 2 000 Prisonniers*,1
*Lire ici*👇🏾,1
*Le général TIANI persiste et signe : La France finance les terroristes pour déstabiliser le Niger*,1
*Lire ici*👇🏾,1
"*2025, C'EST LE TEMPS DE L'AFRIQUE EN RUSSIE*",1
"Si un africain vous demande de l'argent, ou soit si un africain vous dit qu'il aide en matière d'enregistrements en Russie, sachez que ce sont des faux enregistrements.",1
"Si vous êtes africain en Russie, il y a 2 endroits où vous pourrez obtenir les enregistrements vrais et originaux: *soit à l'hôtel* (pour les gens qui ont le visa affaire ou tourisme) *soit au dortoir d'université* (pour les visas étudiants).",1
Un africain peut être commissionnaire en vous orientant auprès du russe et c'est tout à fait normal qu'il obtienne son salaire comme commissionnaire mais ne payez jamais l'argent de l'enregistrement auprès de cet africain.,1
"2025, beaucoup de choses doivent changer, doivent s'améliorer pour les africains. Ce n'est qu'ensemble dans l'unité, le sérieux et surtout dans l'amour entre-africain que nous pourrons rendre la Russie un milieu favorable pour les africains.",1
"N'oubliez jamais que la Russie dépasse de très loins les USA, le Canada et toute l'Europe sur tout sauf la liberté (car la Russie ne vole pas les africains pour construire son économie). Alors battons-nous pour cette liberté car si l'homme noir, qui au départ esclave, est devenu président aux États-Unis, alors nous croyons qu'en Russie c'est possible d'avoir cette liberté aussi.",1
"Que la souffrance du temps présent ne puisse pas nous pousser à escroquer nos frères et sœurs innocents. Si tu veux t'enrichir, fais comme les russes c'est-à-dire lève-toi chaque matin et va travailler.",1
Que Dieu (Allah) bénisse la communauté africaine en Russie.,1
*Veuillez partager ce message dans tous le groupe WhatsApp et à tous nos frères et sœurs en Russie*,1
Salut et bonne fête 🥳 J’ai besoin d’un Dizainer,1
Ib svp,1
Pour une longue période de partenariat,1
"12/28/24, 5:24 PM - ~ Фуад added ~ Pa Ngwa",1
"12/28/24, 6:08 PM - ~ Maturf added fodjeu bertrand",1
"12/28/24, 6:21 PM - ~ Offman changed the settings so all members can edit the group settings",1
"12/28/24, 6:21 PM - ~ Offman changed the settings so only admins can edit the group settings",1
Bonsoir la famille svp j'ai urgemment bonsoin d'une chambre à saint Petersburg,1
"Идите пожаловать к официальным офисом например полиция для этого района, и они будут отправлять вам в конкретном месте для жалобы. Но это будет заниматься больше 2 недели перед получением отрицательного или положительного ответа",1
"Si vous faîtes partii d'une association socio-culturelle africaine en Russie qui ne vous parle jamais de ces 3 objectifs mais qui préfère vous demander toujours l'argent soit l'argent de cotisation; soit l'argent pour des activités qui ne contribueront jamais à votre émergence en Russie, alors quittez ces associations et ne contribuez jamais au cotisation.",1
"*2025, c'est le temps de l'Afrique en Russie.*",1
"12/28/24, 11:18 PM - +237 6 59 28 54 02 changed their phone number to a new number. Tap to message or add the new number.",1
"12/29/24, 12:54 AM - +7 901 579-56-94 changed their phone number to a new number. Tap to message or add the new number.",1
"12/29/24, 1:16 AM - +237 6 59 28 54 02 changed their phone number to a new number. Tap to message or add the new number.",1
Utilise ce lien pour intégrer mon groupe WhatsApp : https://chat.whatsapp.com/GbMUG4G4EQIBGtnWjvCt0f,1
Offre d'emploi : Informaticien et Comptable,1
Nous recherchons un informaticien et un comptable diplômés du niveau Bac +1 pour rejoindre notre équipe à Yaoundé.,1
"Si vous êtes intéressé(e) et que vous répondez aux critères ci-dessus, n'hésitez pas à nous contacter pour plus d'informations.",1
*SYRIE: La femme de Bachar al-Assad entre la vie et la mort*,1
*Lire ici*👇🏾,1
*Un joueur de Real Madrid frappé par un grand malheur (Photo)*,0
*Voici les 10 choses à faire absolument avant 2025*,1
*Lire ici*👇🏾,1
*Ce Pays membre des BRICS connait un taux inquiétant de chômage*,1
*Lire ici*👇🏾,1
"*Naufrage au large du MAROC : 69 migrants périssent, dont 25 maliens, les faits*",1
*Lire ici*👇🏾,1
*Classement des meilleurs aéroports au monde : Ce pays africain se hisse à la 2e place*,1
*Lire ici*👇🏾,1
Place disponible pour un garçon au métro domodedovskaya,1
LC.vcf (file attached),1
Bonjour svp pouvez-vous ajouter ce numéro dans les groupe de travaille,1
*URGENT - Le Crash d’un avion en Corée du Sud ce dimanche fait 179 Morts (La Vidéo)*,1
*Lire ici*👇🏾,1
*Voici les 5 Pays du monde qui n’ont pas d’aéroport (La Liste)*,1
*Lire ici*👇🏾,1
*CRASH d’un avion d’Azerbaijan Airlines en Russie : Vladimir Poutine présente enfin ses excuses (VIDÉO)*,1
*Lire ici*👇🏾,1
*Vol de pièces en Afrique : les monnaies africaines transformées en bijou en Chine*,1
*Lire ici*👇🏾,1
"La dépendance à l’égard de la constellation de satellites de Musk lui a conféré une influence mondiale sans précédent, avec plus de 50 pays qui comptent désormais sur Starlink. Cela donne au milliardaire un accès exclusif aux dirigeants mondiaux.",1
"Curieusement, Starlink est désormais responsable de plus de la moitié de tous les satellites en orbite. En tant que fournisseur de télécommunications, il fournit le Wi-Fi aux zones dont les infrastructures sont en ruine ou où l’accès à Internet est restreint par des régimes répressifs.",1
"Il peut également être utilisé pour identifier des cibles en temps de guerre, guider des missiles et devient rapidement essentiel pour les communications sur le champ de bataille.",1
"Selon certaines informations, certains dirigeants mondiaux hésitent désormais à critiquer Musk, craignant qu’il ne leur coupe l’accès à Starlink à tout moment.  (https://joinloop.one/post/3682_starlink-une-recette-pour-la-colonisation-numerique-par-engr-chigozie-chukwuemek.html ), Chigozie mettait en garde le danger de colonisation numerique que presente Starlink, surtout pour l'Afrique.",1
Demain sera vertigineux!,1
1  place disponible pour garçon  intéressé ib 🛑🛑🛑🛑,1
"Si vous faîtes partii d'une association socio-culturelle africaine en Russie qui ne vous parle jamais de ces 3 objectifs mais qui préfère vous demander toujours l'argent soit l'argent de cotisation; soit l'argent pour des activités qui ne contribueront jamais à votre émergence en Russie, alors quittez ces associations et ne contribuez jamais au cotisation.",1
"*2025, c'est le temps de l'Afrique en Russie.*",1
🛑🛑🛑🛑🛑🛑🛑🛑🛑🛑🛑🛑🛑🛑🛑🛑🛑🛑🛑🛑🛑🛑🛑🛑 besoin demain de 50 personnes.,1
métro: VDNK,1
SORTIE: 1,1
07h30 au metro.,1
payer directement sur le chantier,1
09h à 17h50,1
*3000p*,1
1-Ali,1
2-billy,1
3-papy,1
4-golois,1
5-pittshou,1
6-roma,1
7-goire,1
8-leo,1
9-glody,1
10-simeon,1
11-enock,1
12-moussa,1
13-moussa 2,1
14-moussa3,1
15-moussa4,1
16-Glodi,1
17-Nicolas,1
18-glody Dubai,1
19-amadou,1
20-zoumana,1
21-diana,1
22-stephane,1
23-Joe,1
24- Collins,1
25- thomas,1
26- kamkam,1
27- lombe,1
28- cabrel,1
29- Jeoffrey,1
30- Sidibé,1
31- boris,1
32- modeste,1
33- Derrick,1
34-beni,1
35- audry,1
36-hamza,1
37-yayha,1
38- abdel,1
39- Abdourahman,1
40- Abdou rahimou,1
41- Mohamed tamimu,1
42- amadou,1
43- Jonathan,1
44- steve,1
45- Landry,1
46- Gabriel,1
47- Alphonse,1
48- ciryl,1
49- alex,1
50- jean,1
51- Giles,1
52- ameth,1
53-samba,1
54- maruis,1
55- peguy,1
56- dylan,1
57-,1
*LE MENSONGE DU SIÈCLE*,1
Le monde l'a condamné pour la voie qu'il avait empruntée (la guerre) qui a causé des grands dommages au monde entier.,0
"Mais malgré celà, il a été une grande inspiration pour nombreux car tout ce qu'il voulait, c'est le droit de vivre librement et le droit de profiter de son pain mérité et obtenu après le travail. Il se battait par patriotisme et nationalisme contre une injonction leur imposée par les plus fort du monde; contre une situation très difficile que traversaient ses frères et sœurs.",1
Ses frères et sœurs ne méritaient pas la situation qu'ils traversaient mais ils ont été victimes de cette situation en complicité avec les propres frères et sœurs.,1
"Il a décidé de dire ""ÇA SUFFIT* et il a pû faire ce qu'il pouvait faire, peu importe la manière et aujourd'hui les plus forts monde lui ont donné raison de manière cachée son pays est respecté dans le monde et occupe la place qui leur revient.",1
"Suivez attentivement ce film et vous comprendrez que quand on se bat pour une juste cause, on finit toujours remporter.",1
On ne fuit pas; on ne recule pas face à l'adversité mais plutôt on affronte celà pour son avenir meilleur.,1
"Si la Russie fait la guerre en Ukraine, c'est de la même manière que l'acteur de la vidéo.",1
Ça fait très mal tout ça la faute reviens aux autorités de l’Afrique,0
"12/29/24, 11:26 PM - +237 6 51 35 77 19 joined using this group's invite link",1
*ÉTATS-UNIS - Robert Brooks : Un détenu afro-américain battu et tué par des policiers blancs (Vidéo Sensible)*,1
*Lire ici*👇🏾,1
*Nouvel accident aérien : Un avion de la compagnie néerlandaise KLM sort de la piste en Norvège (Vidéo)*,1
*Lire ici*👇🏾,1
*Voici les causes du crash de l’avion en Corée du Sud tuant 178 passagers*,1
*Lire ici*👇🏾,1
*Présentation des vœux de Nouvel An au Président FAURE GNASSINGBÉ – Tout ce que vous devez savoir*,1
*Lire ici*👇🏾,1
*Dernière Minute : Sénégal - Macky SALL démissionne et quitte ses fonctions de...*,1
*Lire ici*👇🏾,1
*PS LOUNGE*,1
Le PS LOUNGE est situé à nkolbikok (au carrefour du parc),1
Au *PS LOUNGE* organisez vos réunions,1
Au *PS LOUNGE* organisez vos mariages,1
Au *PS LOUNGE* organisez vos réceptions,1
Au *PS LOUNGE*  organisez vos anniversaires,1
Au *PS LOUNGE* louez les tentes et chapiteaux pour vos cérémonies,1
Au *PS LOUNGE* faites vous fabriquer les tentes et chapiteaux,1
Au *PS LOUNGE* faites vous accompagner lors de vos cérémonies par des professionnels,1
Contacts 690683449 / 670945572,1
*PS EVENT*,1
"*Fabrication,  location et vente des tentes et chapiteaux*",1
Tél : 670945572,1
Manuel scolaire,1
Manuel scolaire,1
*C'est la fin d'année !*,1
Faites déjà vos réservations au *PS LOUNGE*,1
Bonne fête de fin d'année,1
"*Urgent - JIMMY CARTER : L’Ex-Président des États-Unis meurt à l'âge de 100 Ans, son parcours (Vidéo)*",1
*Lire ici*👇🏾,1
*Cinquième accident aérien en moins d'une semaine : Un avion d’Air CANADA dérape et prend feu à l’aéroport Stanfield (La Vidéo)*,1
*Lire ici*👇🏾,1
*Mauvaise Nouvelle : Voici la Liste des téléphones qui ne pourront plus utiliser WHATSAPP dès le 1er Janvier 2025*,1
*Lire ici*👇🏾,1
*Les 10 Pays africains où la police est la plus corrompue (La Liste)*,1
*Lire ici*👇🏾,1
*Les 10 pays africains où la police est moins corrompue (La Liste)*,1
*Lire ici*👇🏾,1
🚨🚨🚨🚨Bonsoir a tous place pour fille disponible dans une maison à 7mn à pieds du métro intéressé mon ib est caramélisé,1
Groupe limité veillez intégrer notre groupe télégramme attend car wasap pourra bientôt ne plus être disponible sur le territoire .,2
Salut une chambre disponible au métro Dimitri bulvar danskovo à 15 minutes du métro 28000p la chambre intéresse inbox pour plus d’informations 🛑🛑🛑🛑🛑🛑🛑🛑🛑🛑🛑🛑🛑🛑🛑🛑🛑🛑🛑🛑🛑🛑🛑🛑🛑🛑🛑🛑🛑🛑🛑🛑🛑🛑🛑🛑🛑🛑🛑🛑🛑🛑🛑,1
*Fin 2024 Apocalyptique : Des Vagues gigantesques avalent des bateaux au PÉROU (Vidéo)*,1
*Lire ici*👇🏾,1
*CORÉE DU NORD : Kim Jong-Un prend une décision radicale contre les couples qui divorcent*,1
*Lire ici*👇🏾,1
"*Côte d’Ivoire / Yamoussoukro : Un gang interpellé pour le vol de 500 téléphones en une nuit, Découvrez leur méthode*",1
*Lire ici*👇🏾,1
"*Bénin : 440 milliards FCFA pour construire 30 lycées, Tout ce que vous devez savoir*",1
*Lire ici*👇🏾,1
*Éthiopie : un accident tragique fait plus de 60 morts (Les images)*,1
*Lire ici*👇🏾,1
Hello la Famille le Clip du Banger du Siècle est déjà disponible sur YouTube.,1
Let’s goo 🚀,1
Nous sommes tous de passage sur terre mais nos arts par contre resteront.,1
Merci à ceux qui souhaitent le bien et merci à ceux qui s’attendent au pire.,2
Bonne année à tous !!,1
"Cordialement, SHOGUN OFFISHAL🚀",1
🛑🛑🛑🛑🛑🛑🛑🛑🛑🛑🛑🛑🛑🛑🛑🛑🛑🛑🛑🛑🛑🛑🛑🛑🛑🛑🛑Besoin de 05 personnes travail de nuit,1
19h — 07h,1
Fini payer 2800p,1
"bjr à ts  , svp abonnés vs et partager",1
✈️✈️Départ imminent confirmé,1
✈️ DOUALA🇨🇲✈️ MOSCOU 🇷🇺,1
01.01.2024,1
✅ plus que 5kilos disponibles,1
✅ Envoyez vos documents important en toute sécurité,1
✅  Petits colis et appereils électronique,1
NB: Nous recuperons les documents et autres encore jusqu'à ce 31 janvier 18h heure du Cameroun.,1
VOUS FACILITER LA TÂCHE C'EST MON CREDO🫡,1
Devenir militaire où rentrer chez soi,1
Avoir passeport Russes et travailler dans le chantier comme les sans papiers 😂🤣 retourner au pays n'est pas un crime Mr Raoul Moussa je préfère y retourner dans la case de départ..... n'importe quoi. <This message was edited>,2
Si tu as le passeport russe et tu travailles au chantier c'est pas la faute de la Russie désolé c'est ta tête qui te sert seulement à porter le chapeau je viens en paix 🏃‍♂️🏃‍♂️🏃‍♂️🏃‍♂️🏃‍♂️🏃‍♂️,0
"✈️ ✈️ ✈️ ✈️ ✈️ ✈️ ✈️ ✈️ ✈️ ✈️ ✈️ ✈️ ✈️ ✈️ ✈️ ✈️ ✈️ ✈️ ✈️ ✈️ ✈️ *10,kilo Disponible de Douala à Moscou aujourd'hui soir 21 heures. Vite fait, vite fait*  *900p pour un kilo*",1
Combien des étrangers africains que tu connait qui ont le passeport Russes et qui travaillent dans les sociétés ou entreprise russes dit moi ?,2
Je vais pas débattre sur ça mais aucun ne travaille au chantier bne année,1
Mm étant simple étudiant si tu es chantier c'est ta tête qui ne travaille pas,1
Si tu connait pas faut te taire ne dit pas aucun.,1
OK du courage dans ton chantier il y a pas de soucis métier,1
Bjr,1
Bonne annee,1
"Mon frere lorsque tu nes pas informé, faut demander.",1
Cest mieux ainsi aulieu de vomir de choses insignifiant.,1
Bonne année,1
"Si un infirme dans la pauvreté (handicapé ) qui ne peut pas faire le chantier, ni l'entrepôt, ni le restaurant bref s'il ne peut pas faire les travaux que toi tu peux faire vu que tu es valide, alors pourquoi tu ne peux pas manifester beaucoup d'amour plus que cet infirme (handicapé).",1
Sachez que c'est Dieu (Allah) qui nous paie le fruit de nos acte sur cette terre. Tôt ou tard nous récoltons ce que nous semons sur cette terre.,1
Que cette vidéo interpelle nos consciences et nous pousse à être meilleur pour nous-même d'abord devant Dieu (Allah) et devant notre communauté.,1
"C'est possible d'être meilleur et de rendre notre avenir meilleur. Il nous suffit simplement d'être juste, d'avoir la morale, de travailler honnêtement et d'être discipliné.",1
Partagez ce message dans tous le groupe où il y a la communauté africaine surtout.,1
Fin d'année confirmée avec le hit tant attendu 🥳🥳🥳!!! Pour toute les Diasporas Africaines en Russie à consommer sans modération.,1
"*La Russie condamne un citoyen américain à 15 ans de prison, découvrez son crime (Vidéo)*",1
*Lire ici*👇🏾,1
*Une semaine Noire pour l’aviation mondiale : Voici le bilan des 5 crashs d'avion (Les 5 Vidéos)*,1
*Lire ici*👇🏾,1
*Découvrez Les 7 prédictions incroyables de l’Intelligence Artificielle (IA)  pour l’Afrique en 2025*,1
*Lire ici*👇🏾,1
*380 milliards en une année : Le Sénégal s'est enrichi grâce à ce secteur*,1
*Lire ici*👇🏾,1
*Classement des pays d’Afrique avec les meilleures infrastructures en 2024*,1
*Lire ici*👇🏾,1
Utilise ce lien pour intégrer mon groupe WhatsApp : https://chat.whatsapp.com/GbMUG4G4EQIBGtnWjvCt0f,1
ALERTE INFO,1
Une chambre dans un appartement de deux chambres disponibles.,1
Loyer : 35.000r pour une personne ou 40.000r pour deux personnes avec les factures tout.,1
Caution : 35.000r payer en deux mois,1
Commission : 10.000r,1
Vraiment,1
Happy new year,1
Bsr nani aza n'a pondu ou fumbwa,1
Caviar a vendre 150 rouble le pot,1
*URGENT - Voyages en Afrique : Les ETATS-UNIS ajoutent deux pays de l’AES sur la liste noire américaine*,1
*Lire ici*👇🏾,1
*Mauvaise Nouvelle : Voici la Liste des téléphones qui ne pourront plus utiliser WHATSAPP dès le 1er Janvier 2025*,1
*Lire ici*👇🏾,1
*« Il ne me reste plus qu’un mois à vivre » : Terrible confession d’un jeune homme sur les rituels d’argent*,1
*Lire ici*👇🏾,1
*Un influenceur de 21 ans décède lors d'un challenge où il a avalé une bouteille entière de Whisky (Photo)*,1
*Lire ici*👇🏾,1
*DONALD TRUMP menace de récupérer le Canal de Panama*,1
*Lire ici*👇🏾,1
"1/1/25, 1:06 AM - +7 985 093-86-34 changed their phone number to a new number. Tap to message or add the new number.",1
Je vous donne 30 minute pour intégré ce canal télégramme . En effet à partir du 30 avril le control des étrangers seront amplifiés . si vous ne vous mettez pas en règles vous devriez quittez le territoire . Nouveauté pour c’est qui veulent se régulariser . Allez lire et chercher des informations à se sujet .,1
"1/1/25, 9:55 PM - ~ Belle added ~ 👀",1
"4 places disponibles dans une chambre Propres a 10.000r par personne, commission 3000r par personne",1
Salut la famille besoin de deux filles maintenant pour un travail permanent 12 h 20 h 40 a 2500 après aujourdhui c'est de 9 h a 20 h  a 2800 au métro Technopark,1
1 place disponible pour homme,1
Adresse : métro  domodeskaya,1
Loyer  9000,1
SVP abonnez vous à moi,1
*SAIS-TU QUE*,1
"Si tous les africains à Moscou contribuent avec 3.000 roubles par mois, la communauté africaine commencera à acheter 3 appartements chaque mois. Ceci aura comme avantages:",1
- Réduction du coût de loyer (6.000 roubles par personne  chaque mois);,1
- facilité de trouver un logement pour les noirs à Moscou.,1
"Dans 5 ans, nous aurons résolu définitivement le problème de logement à Moscou pour les noirs.",0
"*Un peuple qui ne pense pas à son avenir, est condamné à l'esclavage.*",1
Que Dieu (Allah) bénisse la communauté noire en Russie.,1
Veuillez partager ce message dans tous les groupes où il y a les africains et à tous vos proches africains.,1
"*2025, c'est le temps de l'Afrique en Russie.*",1
J'ai un peu d'mal à imaginer la vie sans mes proches,1
Quand j'dis un peu d'mal en fait j'l'imagine pas du tout,1
C'est avec eux qu'j'avance de la sérénité plein les poches,1
"S'ils ne l'partagent pas avec moi, aucun bonheur ne vaut l'coup",1
"Et à l'inverse, il n'y a rien qui n'me fasse plus de peine",1
Qu'imaginer leur visage au moment où ils ont appris,1
"Que mes 20 ans seraient cruels, que mon avenir s'annonçait terne",1
"Le drame ça s'partage, mais ça n'apaise pas l'esprit",1
Ils m'ont transmis tout c'que j'aimerais transmettre à mon tour,1
C'est grâce à eux si j'suis en paix et que j'pars pas en vrille,1
"Leur humanité est sans trompette, leur bienveillance sans détour",2
"C'que j'leur dois, je veux leur dire, j'crois qu'j'ai l'sens de la famille",1
"1/2/25, 2:06 PM - ~ valdes Le Phenix added ~ homme Fort",1
"Valdes tu es un maudit, ce n'est pas toi qui défendait Mohamed la fois passé ? Soit disant de donner le numéro de Ibrahim à celui qui réclame son argent d'aller demander Ibrahim et pourquoi aujourd'hui tu publie la photo de Mohamed ? Babiè,fafrô que tu es.",1
bonne année à tous nos étrangers préférés !vivez bien,2
Merci beaucoup,2
Faux profil 😂😂😂 un frappeur un étranger 😁😁😁😁,2
🤔,1
Bonjour la famille Les chaussures disponibles,1
Livraison au metro nekracovka et novokocino grattuitement,1
Venez nombreux😘☺️,1
*DEUX PLACE DISPONIBLE* dans une chambre deux personnes 32000 métro Dmitry danskova,1
Salut la famille besoin d'une chambre pour deux garçons non loin du métro,1
Essayez de salir quelq'un c'est très facile mais vous ne saviez pas le sacrifice ceux gars faire pour la communauté Africains ici a Russie l'argent que tu réclame en voulant salir ton frère sur le faux jugement la vérité est que je n'ai jamais reçu cette argent dieu et tous les travailleurs son témoin que moi Mohamed je n'ai jamais reçu l'argent de se travaille et tu te mets a publié ma photo dans les groupes négativement mais inchallah la vérité sortira quand les deux personnes concernées et moi serons devant le boss et il diras a qui il a donné l'argent ou s'il n'a pas donné on saura et on verra comment faire c'est en se moment je vais te montrer qui est Momo vraiment on salir pas toulmonde sur le massonge Merci a tous,2
Ils savent pas comment c'est difficile donné le travail et être salit en retour mieux tu arret,1
*PROPOSITION D'IDEES POUR LE BIEN-ÊTRE DU NOIR EN RUSSIE.*,2
1. Une prise de conscience générale de nos conditions misérables en Russie et du manque d'opportunités faciles d'émergence de l'homme noir en Russie.,1
2. Une organisation panafricaine et un recensement de tous les africains en Russie.,1
3. Réflexions approfondies pour dégager des pistes de solution consensuelles au regard de la situation misérable de l'homme noir en Russie.,1
4. Élaboration des mécanismes pour concrétiser ses pistes de solutions.,1
5. Consolider les acquis pour la postérité.,1
*N.B:* Chaque point mérite une réflexion approfondie et surtout la participation de tous les noirs dans la réflexion pour trouver des solutions consensuelles fortes et durables.,1
"Ignorez ces histoires aujourd'hui, ça va nous rattraper dans l'avenir et ça pourra être difficile ou tard pour notre communauté noire. On bat le fer quand il est encore chaud.",1
"Un peuple qui ne réfléchit pas par rapport à son avenir est condamné à l'esclavage (cfr l'histoire des israélites en Egypte, du temps de Joseph ou Moïse dans la Bible).",1
Que Dieu (Allah) bénisse la communauté noire en Russie.,1
Veuillez partager ce message dans tous les groupes où il y a les africains et à tous vos proches africains.,1
"*2025, c'est le temps de l'Afrique en Russie.*",1
*STUDIO DISPONIBLE*,1
*Loyer 40000*,1
*Garantie 40000* tu peux diviser par deux,1
*Commission15000*,1
Pas d'appel svp écrivez seulement. Pas de dérangement inutile si tu ne pas,1
"Hello guy's, for all those who want some knowledge from forex or free signals, join our telegram group now and make some money, we don't charge any fee for anything 👇👇",1
"Bonjour les gars, pour tous ceux qui veulent des connaissances sur le forex ou des signaux gratuits, rejoignez notre groupe Telegram maintenant et gagnez de l'argent, nous ne facturons aucun frais pour quoi que ce soit 👇👇",1
"Hello guy's, for all those who want some knowledge from forex or free signals, join our telegram group now and make some money, we don't charge any fee for anything 👇👇",1
"Salut les gars, pour tous ceux qui veulent des connaissances sur le forex ou des signaux gratuits, rejoignez notre groupe Telegram maintenant et gagnez de l'argent, nous ne facturons aucun frais pour quoi que ce soit 👇👇",1
Studio disponible non loin du metro,1
*COMMUNIQUÉ TRÈS IMPORTANT*,1
Nous tenons à souhaiter cordialement nos meilleurs voeux de prospérité à toute notre communauté africaine en Russie pour cette année 2025.,1
"Nous tenons à nous conscientiser aussi au regard de cette nouvelle année qui vient de commencer. Le coût de la vie est devenue un peu cher car vous observerez que les prix de biens et services ont augmenté. C'est une période très difficile que nous entamons maintenant en Russie. Les étrangers se voient tentés de faire du n'importe quoi qui peut aller à l'encontre des bonnes manières civiques dans la société. C'est le cas par exemple de vol, d'escroquerie, de braquage,...",2
"Pour éviter que ces cas se reproduisent, les russes renforcent des contrôles dans certains milieux publics de à forte démographie caractérisée surtout par un nombre élevé d'étrangers. N'oublions pas que beaucoup d'étrangers sont venus en Russie pour les festivités et actuellement ils doivent se préparer pour retourner dans leurs milieux d'origine.",1
"En ce qui nous concerne, communauté africaine, nous serons victimes de beaucoup de situations d'escroqueries de la part surtout de nos propres frères et soeurs qui chercheront à survivre par une voie facile d'escroquerie.",1
"Le premier plus grand problème en cette période sera le boulot. Évitez d'accepter n'importe quoi vu que vous êtes dans la galère. Face une offre d'emplois (chantier, restaurant, entrepôt,...) soyez rassurés tout d'abord de ce boulot mais surtout du paiement en exigeant les éléments d'identité de la personne (brigadier) qui recrute afin de savoir comment finir avec lui au cas où l'offre d'emplois n'était qu'une occasion ou opportunité pour ce brigadier de se faire de l'argent derrière vous par une forme d'escroquerie quelconque. N'oubliez pas que tous ces brigadiers vivent derrière vous. Si vous refusez de manière collective à certaines choses (par exemple le salaire de moins de 3.000 pour 9h) surtout que la vie est devenue un peu chère en Russie, alors vous verrez que les choses changeront.",0
"Si nous arrivons à partager ce genre de communiqué defois, c'est juste pour conscientiser et pour que nous soyons tous très prudents car beaucoup de mauvaises choses se passent pendant cette période en Russie.",1
"*Un peuple qui ne pense pas à son avenir, est condamné à l'esclavage.*",1
Que Dieu (Allah) bénisse la communauté noire en Russie.,1
Veuillez partager ce message dans tous les groupes où il y a les africains et à tous vos proches africains.,1
"*2025, c'est le temps de l'Afrique en Russie.*",1
Utilise ce lien pour intégrer mon groupe WhatsApp : https://chat.whatsapp.com/EH8GzaCpvfDJgQ0Ka9UUHE,1
Le coût caché de la gratuité.,1
"À l'ère du numérique, nous nous sommes habitués aux services en ligne gratuits. Mais avez-vous déjà réfléchi au véritable coût de ces services ? Comme le dit le dicton, « Si vous ne payez pas pour le produit, vous êtes le produit. » Cela est particulièrement évident avec WhatsApp.",1
"Avec plus de 2 milliards d'utilisateurs actifs par mois, WhatsApp est devenu un outil de communication indispensable. Mais derrière son interface conviviale et son service « gratuit » se cache un réseau complexe de collecte et de monétisation de données. Lorsque vous utilisez WhatsApp, vous n'envoyez pas seulement des messages : vous générez des données précieuses qui sont collectées et vendues à des tiers.",1
"Cela soulève de graves inquiétudes concernant la confidentialité, la sécurité et l'exploitation des utilisateurs. En collectant et en analysant votre historique de chat, vos données de localisation et vos coordonnées, WhatsApp peut établir un profil détaillé de votre comportement en ligne. Ces informations peuvent ensuite être utilisées pour vous cibler avec des publicités, influencer vos décisions d'achat et même compromettre votre sécurité personnelle.",1
"Le chiffrement de bout en bout de WhatsApp, autrefois présenté comme un signe distinctif de son engagement en matière de confidentialité, a été compromis par les pratiques de partage de données de sa société mère Facebook. Cela signifie que même vos conversations les plus intimes peuvent être consultées et exploitées par des tiers.",1
"Alors, quelle est la solution ? Il est temps que les utilisateurs se réveillent et exigent davantage de leurs plateformes de messagerie. Nous devons reconnaître que les services « gratuits » ont un coût caché – nos données personnelles – et qu’il est temps de prendre le contrôle de notre vie en ligne.",1
"Une alternative consiste à opter pour des services de messagerie payants qui privilégient la confidentialité et la sécurité des utilisateurs. Ces plateformes n’offrent peut-être pas les mêmes fonctionnalités que WhatsApp, mais elles offrent un environnement de communication sûr et sécurisé.",1
"Une autre solution consiste à exiger davantage de transparence et de responsabilité de la part des entreprises technologiques comme Facebook. Nous devons faire pression pour une réglementation plus stricte sur la collecte et la monétisation des données, et tenir les entreprises responsables de leurs actions.",1
Le coût caché de la gratuité est trop élevé pour être ignoré. Il est temps pour nous de prendre position et d’exiger de nos plateformes de messagerie un meilleur accord.  Nos données personnelles valent plus qu'un service « gratuit » – il est temps de reconnaître leur valeur et de lutter pour notre droit à la vie privée.,1
---,1
À propos de l'auteur :,1
"Ingénieur Chigozie Chukwuemeka Ononiwu, M.E.E.C.",1
Père | Élève | Technologue | Panafricain | Moderniste | Libéral démocrate (Lib Dem) | Agent de changement | Philanthrope | Entrepreneur en série | Environnementaliste | Acteur | Membre du Centre européen de l'énergie (M.E.E.C),1
#FreeNotFree #YouAreTheProduct,1
Saut quantique : les avancées révolutionnaires de la Chine dans le domaine de la 6G et de la communication laser spatiale.,1
"Alors que le monde se trouve à l'aube d'une nouvelle ère de communication sans fil, les avancées révolutionnaires de la Chine dans le domaine de la 6G et de la communication laser spatiale sont sur le point de transformer le paysage mondial. Cette technologie innovante, alimentée par la collaboration sino-mondiale, fait des vagues avec sa vitesse et son efficacité inégalées, et sa transition proposée vers la 6G devrait révolutionner davantage l'avenir de la communication...",1
"La percée de la communication laser spatiale chinoise pose un défi important à la constellation de satellites Starlink d'Elon Musk, qui domine le marché mondial de l'Internet par satellite. Grâce à sa technologie laser avancée, la Chine peut offrir une connectivité Internet plus rapide, plus sûre et plus fiable, perturbant potentiellement l'emprise oligopolistique de Starlink sur le marché.",1
Implications et opportunités futures...,1
"Hello guy's, for all those who want some knowledge on forex trading or free signals, join our telegram group now and make some money, we don't charge any fee for anything 👇👇",1
"Перейдите по ссылке, чтобы вступить в мою группу в WhatsApp: https://chat.whatsapp.com/BMkzp91YA1sFJbtiLJDK1",1
Bonjour la famille Les chaussures disponibles,1
Livraison au metro nekracovka et novokocino grattuitement,1
Venez nombreux😘☺️,1
"Hello guy's, for all those who want some knowledge on forex trading or free signals, join our telegram group now and make some money, we don't charge any fee for anything 👇👇",1
Postulez pour les bourses si vous voulez réellement fréquenter en Russie.,1
Nous partageons depuis le mois de septembre des opportunités ici déjà plus de 10 offres ou opportunités pour fréquenter ou continuer ses études en Russie gratuitement.,1
"N’attendez pas la dernière minute pour dire comme au pays, si je savais.",1
"ND : Un boursier n’est pas différent d’un contractuel académique, donc vaux mieux essayer et échouer que de ne rien faire du tout.",1
"Le fait de voir en son frère ou en sa soeur un moyen d'exploitation pour un enrichissement individuel et égoïste, c'est ce qui a freiné le développement de l'Afrique et c'est ce qui nous ne nous permet pas de faire évoluer nos conditions sociales en Russie en tant que noirs.",1
Aujourd'hui la Russie voit en l'Afrique un partenaire stratégique pour son développement; ils enseignent à leurs enfants déjà certaines langues africaines car ils ont une vision pour leur avenir.,1
"Et qu'en est-il des africains en retour, surtout ceux qui sont en Russie et qui doivent être normalement les premiers bénéficiaires de ce partenariat Russie-Afrique ?",1
"Nous sommes dans la distraction, nous refusons de prendre conscience de ces choses, nous refusons de réfléchir profondément pour notre avenir et tout ce que nous cherchons, c'est comment exploiter et escroquer nos frères et soeurs en Russie pour se faire de l'argent et fuir la Russie. Jusqu'à quand continuerons-nous à fuir ?",1
L'homme est appelé à éduquer la nature et à transformer toute adversité en son développement.,1
"Un peuple qui ne réfléchit pas par rapport à son avenir est condamné à l'esclavage (cfr l'histoire des israélites en Egypte, du temps de Joseph ou Moïse dans la Bible).",1
Que Dieu (Allah) bénisse la communauté noire en Russie.,1
Veuillez partager ce message dans tous les groupes où il y a les africains et à tous vos proches africains.,1
"*2025, c'est le temps de l'Afrique en Russie.*",1
"1/4/25, 7:39 PM - FbI added ~ Will Travel",1
*DIASPORA AFRICAINE EN RUSSIE*,1
"Très chers frères et soeurs de la diaspora africaine en Russie,",1
L'heure est très grave et l'avenir s'annonce pire pour notre communauté en Russie.,1
"Des propositions de lois ainsi que des nouvelles lois sont déposées et adoptées à chaque moment au niveau du parlement russe pour l'affaire de l'immigration. Ces lois telles qu'elles sont conçues, elles viennent pour empirer la les conditions sociales des étrangers en général et des africains en particuliers. Celà commence à se resembler à une forme de xenophobie qui ne dit pas clairement son nom.",1
"En plein 21ème siècle, aucun pays du monde ne peut plus recourir à des pratiques sociétales telles que le racisme, la xenophobie,... car ces pratiques ont été à la base dans le passé, de ce que nous appelions ""*La 2ème Guerre Mondiale*"" qui a fait plusieurs millions de mort, toute race confondue.",1
Les lois dans un pays sont élaborées soit pour répondre à  un besoin ou à un problème sociétal.,0
"La communauté africaine ne vient pas en Russie pour envahir ce pays, ni pour dépraver les moeurs, les us et coutumes de la Russie. Au contraire, la communauté noire souhaite un partage des cultures, des connaissances et une existence paisible afin de leur permettre de vivre paisiblement en Russie car en ce plein 21è siècle, le monde évolue considérablement et la notion des barrières (frontières) territoriales physiques tant à disparaître donnant accès à la libre circulation des personnes.",1
"Aux regard de ce qui vient d'être dit ci-haut et vu les nouvelles lois qui sont proposées et votées ces derniers temps en Russie, alors il semble clair maintenant qu'une forme de xenophobie commence à prendre existence en Russie vis-à-vis des étrangers.",1
"En tant que noirs en Russie, nous voulons en être sûrs de manière officielle de la part des autorités russes pour que nous tirons aussi des décisions claires et que nous les disions à nos concitoyens qui sont restés en Afrique car on ne peut venir en Afrique, dire qu'on nous aime, qu'on veut un partenariat gagnant-gagnant avec l'Afrique, nous offrir des opportunités facilitées pour voyager en Russie et  une fois en Russie, nous devenons des victimes de la xenophobie. Nous disons *NON*. La Russie doit être claire avec les africains. Soit elle veut des africains en Russie par des opportunités faciles de voyager en Russie et elle nous facilite les conditions d'intégration sur son territoire, soit la Russie dit NON et refuse l'arrivée des noirs sur son territoire pour éviter que l'homme noir soit traité comme une chose, sans valeur et sans considération.",1
"Pour que nous arrivions à celà, nous devons être unis, solidaires et regroupés dans une plateforme et que tous les africains prennent part à cette initiative pour notre avenir car personne n'est content du mode de vie que nous vivons en Russie par le simple fait que nous sommes des noirs.",1
"Si vous trouvez votre intérêt dans cette initiative, manifestez-vous en intégrant le groupe (forum) qui sera mis en place spécialement pour ça bientôt.",2
*N.B:* C'est un forum uniquement où nous allons créer une organisation panafricaine en Russie de façon officielle; où nous mettrons un comité et où tout africain devra participer en contribuant ne fusse par son point de vue pour l'avancement de notre cause.,1
"Un peuple qui ne réfléchit pas par rapport à son avenir est condamné à l'esclavage (cfr l'histoire des israélites en Egypte, du temps de Joseph ou Moïse dans la Bible).",1
Que Dieu (Allah) bénisse la communauté noire en Russie.,1
Veuillez partager ce message dans tous les groupes où il y a les africains et à tous vos proches africains.,1
"*2025, c'est le temps de l'Afrique en Russie.*",1
‎Open this link to join my WhatsApp Group: https://chat.whatsapp.com/GoKFgAM6o1a4obI780cQwP,1
Suivez ce lien pour rejoindre ma communauté WhatsApp : https://chat.whatsapp.com/DkWUnfpSPiqFIPPjbFI3fT,1
Chambre disponible non loin du metro,1
De quelle métro tu parles ?,1
🛑🛑🛑🛑🛑🛑🛑🛑🛑🛑🛑🛑🛑🛑🛑🛑🛑🛑🛑Demain besoin de 30 personnes travail d'intérieur- ext.,1
09h — 17h 50,1
Metro:  *nakhimovskiy prospekt*,1
Sortie : *1*,1
Au Metro a 8h30,1
Pas de retard,1
*Boulot confirmé*,1
Fini payer 3000p,1
1- Jhonny,1
2-,1
3-,1
4-,1
5-,1
6-,1
7-,1
8-,1
9-,1
10-,1
Bats toi pour ne dépendre de personne.,1
"1/5/25, 11:02 PM - +237 6 95 23 35 42 joined using this group's invite link",1
"1/5/25, 11:14 PM - +7 901 789-38-61 joined using this group's invite link",1
‎Suivez ce lien pour intégrer mon Groupe WhatsApp  : https://chat.whatsapp.com/Cl5Y3K4ykO5KHaONYQwOnB,1
"1/5/25, 11:20 PM - +237 6 98 42 35 54 joined using this group's invite link",1
It could've been better if you'd start it in your native country,1
23 kg disponible 09/12/2025,1
"Moscow>>douala , prix de rien (( ib)) pour infos",1
‎Suivez ce lien pour intégrer mon Groupe WhatsApp  : https://chat.whatsapp.com/F24C4Vq0MV0IMgmdLP8JX8,1
🌟 *Rejoignez LOOP maintenant !*🌟,1
🚀 *Découvrez L'HyperApp de pointe LOOP* (https://joinloop.one/welcome ) – **le tout premier hub social et financier tout-en-un !* 🌍,1
"💬 **Socialisez**, 💸 **envoyez et recevez de l'argent**, 🛒 **commercez**,  💡et beaucoup plus **créons de la richesse ** ensemble, où que vous soyez dans le monde !",1
"👉 **Pourquoi attendre ?** Rejoignez dès maintenant et invitez vos contacts à faire de même. Plus nous serons nombreux, plus nous pourrons **construire une communauté forte, inclusive et prospère** aux quatre coins du monde.",1
"🌐 **Ensemble, devenons des LOOPers et repoussons les limites du possible !**",1
🔗 **Cliquez ici pour nous rejoindre :** https://joinloop.one/register,1
📣 **Partagez ce message autour de vous et faisons grandir la famille LOOP !** 💪,1
#LOOPers #Communauté #SocialEtFinancier #RejoignezLaRévolution,1
2 Place disponible dans une chambre pour garçon,1
Les gars nous on a bouger déjà depuis jai prévenu je suis sur le chantier avec tout les gars qui sont arrivés tôt au métro.,1
Place pour un garçon dans une chambre de deux personnes métro Dimitri donskova,1
LA BAS EN ACTION !,1
Bonjour à tous Ajouter ce numéro svp,1
+79680388693,1
"1/6/25, 12:51 PM - ~ Franky 237L added ~ Франки",1
🚨🚨Départ confirmé,1
✈️ *DOUALA🇨🇲✈️✈️MOSCOU🇷🇺*,1
*08.01.2025*,1
🇨🇲23kilos disponibles,1
🇨🇲 Envoyez vos documents,1
🇨🇲 appareils électriques et petits colis.,1
IB: *+79888341550*,1
"1/6/25, 2:13 PM - +237 6 82 26 84 55 joined using this group's invite link",1
Okay,1
"1/6/25, 3:14 PM - +7 916 329-78-85 joined using this group's invite link",1
"1/6/25, 3:14 PM - +237 6 53 95 11 80 joined using this group's invite link",1
"1/6/25, 3:14 PM - +7 952 214-57-24 joined using this group's invite link",1
"1/6/25, 3:14 PM - +224 625 53 22 58 joined using this group's invite link",1
"1/6/25, 3:15 PM - +237 6 94 25 50 74 joined using this group's invite link",1
"1/6/25, 3:15 PM - +237 6 53 98 13 18 joined using this group's invite link",1
"1/6/25, 3:16 PM - +227 98 26 18 83 joined using this group's invite link",1
"1/6/25, 3:16 PM - +237 6 91 06 66 54 joined using this group's invite link",1
"1/6/25, 3:16 PM - +7 900 624-82-37 joined using this group's invite link",1
"1/6/25, 3:17 PM - +7 952 278-24-30 joined using this group's invite link",1
"1/6/25, 3:17 PM - +7 996 636-17-75 joined using this group's invite link",1
"1/6/25, 3:17 PM - +7 977 176-23-19 joined using this group's invite link",1
"1/6/25, 3:17 PM - +237 6 72 76 03 80 joined using this group's invite link",1
"1/6/25, 3:18 PM - +7 968 412-47-66 joined using this group's invite link",1
"1/6/25, 3:23 PM - +7 953 610-95-89 joined using this group's invite link",1
"1/6/25, 3:25 PM - +7 900 690-39-20 joined using this group's invite link",1
"1/6/25, 3:32 PM - +7 980 891-60-75 joined using this group's invite link",1
"1/6/25, 3:36 PM - +223 98 88 86 76 joined using this group's invite link",1
"1/6/25, 3:49 PM - +7 915 159-04-18 joined using this group's invite link",1
Chambre disponible non loin du metro,1
"🛑🛑Постоянная работа. Требуются сотрудники, в отдел сыра в Гипермаркет Глобус.Работа  с 9.00 до 21.00. С документами. Предоставляем бесплатный обед. Зарплата 71500руб., компенсации за патент . График работы 6/1",1
"🛑🛑Постоянная работа. Требуются сотрудники, в ресторан на выкладку в Гипермаркет Глобус.Работа в день.  С документами. Предоставляем бесплатный обед. Зарплата 80000руб., компенсации за патент . График работы 6/1.",1
"🛑🛑Постоянная работа. Требуются сотрудники, на склад в Гипермаркет Глобус.Работа в день с 9:00 до 21:00  С документами. Предоставляем бесплатный обед. Зарплата  87000руб, компенсации за патент.",1
"Метро Выхино, Новоухтомское шоссе 2а, выход с метро 4. Тел 89013346500",1
2 Chambre disponible non loin du metro,1
"1/6/25, 4:43 PM - +244 955 862 716 joined using this group's invite link",1
"1/6/25, 5:05 PM - +7 909 906-28-57 joined using this group's invite link",1
"1/6/25, 5:19 PM - +7 991 685-52-83 joined using this group's invite link",1
"1/6/25, 5:22 PM - +7 968 038-86-93 joined using this group's invite link",1
"1/6/25, 5:44 PM - +237 98480091 joined using this group's invite link",1
"1/6/25, 5:52 PM - +237 6 99 21 86 31 joined using this group's invite link",1
Place disponible pour 1 garçon non loin du metro,1
"1/6/25, 6:27 PM - Chrisva joined using this group's invite link",1
"1/6/25, 6:34 PM - +7 910 480-47-13 joined using this group's invite link",1
*CHAMBRE DISPONIBLE*,1
*Metro* boulevard Dmitry danskova,1
"1/6/25, 7:15 PM - +224 620 98 65 22 joined using this group's invite link",1
"1/6/25, 7:28 PM - +223 92 40 73 82 joined using this group's invite link",1
🌟 *Rejoignez LOOP maintenant !*🌟,1
🚀 *Découvrez L'HyperApp de pointe LOOP* (https://joinloop.one/welcome ) – **le tout premier hub social et financier tout-en-un !* 🌍,1
"💬 **Socialisez**, 💸 **envoyez et recevez de l'argent**, 🛒 **commercez**,  💡et beaucoup plus **créons de la richesse ** ensemble, où que vous soyez dans le monde !",1
"👉 **Pourquoi attendre ?** Rejoignez dès maintenant et invitez vos contacts à faire de même. Plus nous serons nombreux, plus nous pourrons **construire une communauté forte, inclusive et prospère** aux quatre coins du monde.",1
"🌐 **Ensemble, devenons des LOOPers et repoussons les limites du possible !**",1
🔗 **Cliquez ici pour nous rejoindre :** https://joinloop.one/register,1
📣 **Partagez ce message autour de vous et faisons grandir la famille LOOP !** 💪,1
#LOOPers #Communauté #SocialEtFinancier #RejoignezLaRévolution,1
"1/6/25, 7:54 PM - +7 915 442-42-23 joined using this group's invite link",1
"1/6/25, 7:56 PM - +224 622 66 88 33 joined using this group's invite link",1
Bonsoir à tous,1
J’ai besoin de 10 garçons pour un travail de chantier,1
Demain matin,1
9h à 18h00,1
Paye après chaque 10 jours le travail,1
3100 roubles,1
Adresse: улица,1
Остановка Верейская 41.,1
Métro Довыдкова .,1
Le bus 104 .622.,1
Mon frère @79997056753,1
tout mes respects chef,1
Partager mon patron 🫡🔥,1
On va manger quoi pendant les 10 jours là ???,1
Danger,1
On fait comment avec le genre ci 😅😅,1
"1/6/25, 10:06 PM - ~ enfants bénis added ~ aboesebastienjores2",1
"1/6/25, 10:16 PM - +235 66 66 06 65 joined using this group's invite link",1
‎Suivez ce lien pour intégrer mon Groupe WhatsApp  : https://chat.whatsapp.com/Cl5Y3K4ykO5KHaONYQwOnB,1
"1/7/25, 12:58 AM - +7 929 555-99-82 joined using this group's invite link",1
Place disponible a partir de 30 janvier fille et garçon Мурино,1
Utilise ce lien pour intégrer mon groupe WhatsApp : https://chat.whatsapp.com/Cl5Y3K4ykO5KHaONYQwOnB,1
"1/7/25, 2:02 PM - +7 926 950-20-25 joined using this group's invite link",1
"1/7/25, 2:08 PM - +7 925 007-88-03 joined using this group's invite link",1
*PS LOUNGE*,1
Le PS LOUNGE est situé à nkolbikok (au carrefour du parc),1
Au *PS LOUNGE* organisez vos réunions,1
Au *PS LOUNGE* organisez vos mariages,1
Au *PS LOUNGE* organisez vos réceptions,1
Au *PS LOUNGE*  organisez vos anniversaires,1
Au *PS LOUNGE* louez les tentes et chapiteaux pour vos cérémonies,1
Au *PS LOUNGE* faites vous fabriquer les tentes et chapiteaux,1
Au *PS LOUNGE* faites vous accompagner lors de vos cérémonies par des professionnels,1
Contacts 690683449 / 670945572,1
*PS EVENT*,1
"*Fabrication,  location et vente des tentes et chapiteaux*",1
Tél : 670945572,1
Manuel scolaire,1
Manuel scolaire,1
Bonne année à tous,1
Faites  vos réservations au *PS LOUNGE*,1
Mon point de vue sur la vie d'étudiant en France en 2025 : Interview avec Ornella qui nous dit tout,1
"Arrivée en France depuis plusieurs années déjà, Ornella est une jeune femme camerounaise qui travaille dans le domaine du BTP aujourd’hui en région parisienne.",1
Elle a accepté de répondre à notre micro pour donner son point de vue sur la vie d’un étudiant africain à l’étranger.,1
Merci de laisser vos suggestions ou appréciations en commentaires. Les likes nous sommes preneurs et n’oubliez pas de vous abonner à notre canal. 😊🙏🏾🇭🇷,2
‎Suivez ce lien pour intégrer mon Groupe WhatsApp  : https://chat.whatsapp.com/Cl5Y3K4ykO5KHaONYQwOnB,1
‎Suivez ce lien pour intégrer mon Groupe WhatsApp  : https://chat.whatsapp.com/Cl5Y3K4ykO5KHaONYQwOnB,1
"1/8/25, 1:01 AM - +229 67 43 09 74 joined using this group's invite link",1
Vous souvent arrêtez avec le sabotage frère ça ne te donne rien,1
Et si tu continues on va voir ton cas,1
*Une réussite assurée!*,1
Bonjour besoin d'un homme pour travailler de restaurant jusqu'à 18 heures 3000p,1
Bonjour ces ou  le métro,1
🚨🚨🚨🚨🚨🚨urgent place disponible pour fille à 10 minutes du metro Domodedovskaya,1
Loyer 15000,1
Commission  gratuite,1
Ib pour les intéressé,1
LA VIDÉO DU JOUR !,1
"1/8/25, 1:27 PM - +7 977 744-75-95 joined using this group's invite link",1
Utilise ce lien pour intégrer mon groupe WhatsApp : https://chat.whatsapp.com/GbMUG4G4EQIBGtnWjvCt0f,1
Urgent besoin d'une place pour homme a Dmitry danskova pas trop de personnes svp,1
Combien?,2
3500p l’ensemble,1
C’est pour fille ou garçon ?,1
Homme,1
Quelle taille?,1
"Cher client , *AfriLink Express* lance une promotion d’envoi de colis de la Russie vers le Cameroun .",1
Pour rester informé sur les départs et délais de réception de colis bien vouloir intégrer la communauté *AfriLink Express*,2
"Cher client , *AfriLink Express* lance une promotion d’envoi de colis de la Russie vers le Cameroun .",1
Pour rester informé sur les départs et délais de réception de colis bien vouloir intégrer la communauté *AfriLink Express*,2
Place disponible pour deux filles au métro Dimitri,1
C'est toujours ici à moscou 🙃🙃,1
"1/8/25, 5:52 PM - +237 6 86 89 42 45 joined using this group's invite link",1
"1/8/25, 6:28 PM - ~ aboesebastienjores2 added njiomecopchanny and ~ Нина гаэль",1
Merci,2
"1/8/25, 9:21 PM - +7 925 468-08-56 joined using this group's invite link",1
"1/8/25, 10:31 PM - ~ Foka added ~ #MD Marcel Dangmo 😇🙏🏿",1
Pour tout ceux et celle qui ont les documents,1
"Requis: Déménageurs,",1
"Cueilleurs De Meubles,",1
"(Documents: Passeport-tout, inscription.",1
Brevet - si nécessaire.,1
Travail à Moscou,1
dans l'État. organisations de la ville.,1
S / n 95000-123000 RUB. par mois.,1
"de 450 roubles / heure à 1150 roubles / heure-Collecteurs,",1
"de 350 roubles / heure à 950 roubles / heure-Déménageurs,",1
"Le salaire est émis Tous les jours! Sur la carte, juste après le travail !!!",1
Vous devez d'abord venir au Bureau!,1
Adresse Du Bureau:,1
"métro elektrozavodskaya,",1
2 min du métro,1
(traverser la route nécessaire),1
"Drum Lane, maison 4",1
"(porte près du Café) 2ème étage,",1
réception de 10h00 à 17h00 à Rab. jours.,1
Samedi et Dimanche-WEEK-end.,1
"D'abord au Bureau! Pas besoin d'appeler! Ils sont venus au bureau, ils ont dit à Alexei.",1
Salaire tous les jours!!!,1
(immédiatement après l'application de la carte),1
"Alexei, Mospersonal",1
+7 999 879 88 80,1
Veillez passer au bureau pour un entretien d'embauche,1
‎Open this link to join my WhatsApp Group: https://chat.whatsapp.com/GoKFgAM6o1a4obI780cQwP,1
"1/9/25, 11:47 AM - +7 916 119-35-84 joined using this group's invite link",1
null,1
"1/9/25, 3:15 PM - +237 6 93 22 96 35 joined using this group's invite link",1
"1/9/25, 8:03 PM - JoeBiz🤠 joined using this group's invite link",1
Rent a room a space or a full apartment 🏠,1
"Cher client , *AfriLink Express* lance une promotion d’envoi de colis de la Russie vers le Cameroun .",1
Pour rester informé sur les départs et délais de réception de colis bien vouloir intégrer la communauté *AfriLink Express*,2
"🚨🚨🚨🚨Le travail dans les cantines scolaires disponible . Le travail est de 8h à 16h. 2300 par jour. Si vous êtes intéressé, contactez-moi en privé.",1
"🚨🚨🚨🚨Work in school canteens  available. The Work is from 8am to 4pm. 2300 per day. If you are interested, contact me privately.",1
*Prière du matin*,1
"Au nom du Père, et du Fils, et du Saint Esprit, Amen. Dieu souverainement aimable, ton Fils nous a révélé les mystères de ton Royaume qui appartient à ceux qui ressemblent aux petits enfants, confiants et abandonnés. Fais que Seigneur nous sachions toujours reconnaître ton amour et ta bonté avec la sincérité des enfants qui se tournent vers toi au moindre besoin. Remplis-nous de reconnaissance, afin que nous nous levions pour te louer avec la joie sur les lèvres et l’action de grâce dans le cœur. À toi toute louange et toute gloire, maintenant et à jamais. Amen.",1
*Sainte journée et bon début de week-end*,1
🇧🇯COTONOU - MOSCOU 🇷🇺,1
15 janvier,1
14 janvier dernier jour de réception de colis .,1
10.000F / Document,1
Kilo / 10.000F,1
‎Open this link to join my WhatsApp Group: https://chat.whatsapp.com/GoKFgAM6o1a4obI780cQwP,1
Publie la photo de la place .c’est mieux que toi t photo 🤣🤣🤣 ou peut être je ne connais pas le projet de ta photo 🤣🤣,2
Si tu est intéressé tu viens en Inbox tous yeux ne doivent pas voilent là où les autres dorment ok,1
1 piece disponible non loin du metro chambre salon de 45 mille rouble,1
Place disponible pour 3 filles non loin du metro,1
Merci,2
‎Open this link to join my WhatsApp Group: https://chat.whatsapp.com/GoKFgAM6o1a4obI780cQwP,1
🚨🚨🚨🚨🚨🚨🚨🚨🚨🚨🚨🚨🚨🚨🚨🚨🚨🚨🚨 Depart,1
Moscou🇷🇺— DLA 🇨🇲,1
Le 13 janvier 2025,1
✅ 23 kg disponible,1
"✅ Envoyez vos petits appereils (Telephones, planchettes, laptop etc...)",1
"✅ Envoyez vos documents (Lettre d invitation, diplomes etc...)",1
——————————————,1
Depart,1
DLA🇨🇲 - Moscou🇷🇺,1
Le 16 Janvier 2025,1
✅ 23 kg disponible,1
✅ Envoyez vos documents et vos ecorses de l'afrique que je connais là😂😂😂,2
Yan travel ✈️,1
🚨🚨🚨 Part-time restaurant job . payment after working 3000. Time 12:00-23:00. +79687107286,1
Bonjour la famille Les chaussures disponibles,1
Livraison au metro nekracovka et novokocino. grattuitement,1
Venez nombreux😘☺️,1
"1/11/25, 3:36 PM - +233 24 052 7777 changed to +233 24 707 2005",1
Appartement de 2 chambre disponible non loin du metro,1
Place disponible pour 3 filles non loin du metro,1
Salut,1
Qui peut vendre à Moscow,1
Une puce Camerounaise ? C’est urgent,1
Travail Ville de Moscow,1
Le  Travail s’appelle ( комплектация) Rassembler les commandes a travers les scanners avec la machine a pics des petits cartons de 100 g max pour ceux qui ont déjà travaillé dans les entreprises comme  OZON ou Яндекс  ont déjà l’expérience de ce travail.,1
La température est de 5*c dans l’entrepôt.,1
Un bus gratuit vient vous chercher à Podolsk et vous emmène à votre lieu de travail et vous ramène après le travail.,1
"l’équipe de la nuit de 16h à 04h00,",1
Heure du déjeuner et Pauses fumée existent.,1
NOURRITURE (nous nourrissons gratuitement 1 fois par jour).,1
Le salaire varie de 3000 à 12 000 roubles par jour tout dépend de ta rapidité dans le travail.,1
La norme est de 1000-3000 pics . Un « pic » coûte 3.8 roubles.,1
Logement pour ceux qui en ont besoin + enregistrement.,1
"Conditions : Passport à jour , enregistrement, visa ! Carte verte pour ceux qui n’ont pas de logement !",1
Les salaires sont payés DEUX fois par mois !!,1
10 et 25 de chaque mois !!!,1
10 garçons !!!,1
Nb : n’appelez ou écrivez pas si votre situation n’est pas compatible !,1
89265405147,1
"Les russes, ils créent les lois qui deviendront problème pour eux.",0
1 noir illégal qui a mis enfant au monde sur le territoire n'aura pas de documents.🤔😱,1
2 noir qui s'est marié doit attendre 3ans 🤔😱,1
3 noir qui n'as pas de documents ne peut pas véhiculer 😱🤔,1
4 Noir qui n'est pas légal ne peut pas avoir carte bancaire,1
5 Noir qui n'est pas légal ne peut pas acheter sim carte.,1
6 Noir qui n'est pas légal ne peut pas prendre place à hostel.,1
7 Noir qui n'est pas légal ne peut pas travailler.,1
"Les diplomates Africains en Russie, les hommes d'affaires africains en Russie, les étudiants africains de haute classe en Russie, les sportifs africains en Russie, les africains en Russie qui ont obtenu le passeport russe........",1
Madames et monsieurs s'il vous plaît venez en aide à nous les africains sans papiers en Russie.,1
Nos parents ont dépensé énormément d'argents aux arnaqueurs avant que nous puissions venir en Russie.,1
L'état russe ( gouvernement) ne comprend pas la souffrance de nous les noirs  en Afrique ni en Russie.,1
"Je pleure chaque jour l'arrestation de la police me sépare avec bonne personne que je rêve visiter de temps, manger, boire, rire.",1
Nos dirigeants africains s'il vous plaît ne venez plus demander le blé venez demander la stabilité de vos compatriotes qui sont illégales en Russie.,1
"Frères et sœurs,toutes cérémonies que vous allez passer sur le territoire russe pour représenter votre nation s'il vous n'oublier pas de faire savoir ce message au chef de l'organisation.",1
J'aime beaucoup la Russie.,1
Ah effectivement vous avez raison,1
Mad man,1
Frère peut importe le pays d'entrée pour un étranger les règles d'immigration sont presque pareil d'où le slogan ( mbeng c'est le kaolo) même pour les autochtones c'est pas facile de vivre sans documents.et les lois contre l'immigration ne visent même pas les noirs en fédération de Russie plus les anciens pays de l'ex URSS les africains subissent seulement,1
black is not the target of the Russian government,1
every country has its Immigration laws,1
I pray 🙏 so,1
Merde seigneur,1
Espace disponible pour vivre dans un appartement d'une chambre. S'il vous plaît 🙏 partagez et cliquez pour voir. Merci ! https://t.me/afrohouses/6216?single,2
🛑🛑🛑🛑🛑🛑🛑🛑,1
places disponibles pour filles dans un appartement de deux chambres nouvellement construire au métro annino à 15min minutes du métro à bus.,1
-LOYER:12000,1
-CAUTION : 0,1
-COMMISSION : 3000.,1
INTERRESSÉ IB,1
Place disponible pour 3 filles non loin du metro,1
1  place disponible pour garçon   métro bulva admirala ushakova ligne12,1
5 minutes en bus d'état à pied 10 minutes  intéressé IB🛑🛑🛑🛑🛑🛑🛑🛑🛑🛑🛑,1
‎Suivez ce lien pour intégrer mon Groupe WhatsApp  : https://chat.whatsapp.com/FncwRso7yB957lFgSBi6mB,1
Une place disponible (fille ou garçon) au métro Dimitri donskova les intéressés retrouvez moi in box.,1
Ne m’appelez pas si vous n’êtes pas prêt,1
🆘🆘🆘🆘🆘🆘🆘🆘🆘🆘🆘,1
Salut à tous les gars !,1
"Chers frères et sœurs ,",1
"Aujourd'hui, je m'adresse à vous avec le cœur lourd. Notre cher  frère Camerounais Kamdem Yannick traverse une période extrêmement difficile et se bat courageusement contre une maladie très grave qui l’empêche de poursuivre son aventure en Russie .il doit actuellement payer son billet d'avion pour rentrer au pays car depuis déjà 1 an il n'a pas trouvé la guérison .Il a vraiment besoin de notre soutien.",1
"Ses médicaments s’élève à près de 300000p , et c'est pourquoi nous avons décidé de lancer une collecte de fonds pour l'aider à surmonter cette épreuve. Chaque contribution, quelle qu'elle soit, peut faire une différence significative dans sa vie et lui apporter un peu de réconfort en ces temps difficiles.",1
"Si vous pouvez contribuer financièrement, cela serait d'une grande aide. Même un petit geste peut avoir un impact énorme. Vous pouvez faire un don à ce numéro :",1
Сбербанк,1
+79996188959,1
Д.Лакину Озее. У,1
(Un membre de la famille),1
"Merci du fond du cœur pour votre générosité et votre soutien. Ensemble, nous pouvons montrer à  Yannick qu'il n'est pas seul dans ce combat.",2
Une place disponible (garçon ) au métro domodedovskaya les intéressés retrouvez moi in box.,1
Ne m’appelez pas si vous n’êtes pas prêt,1
Vraiment il est malade,1
On doit l aider !!!,1
Mieu daller voir l'ambassade et le HCR,1
Au métro prospect mira,1
"1/12/25, 4:45 PM - +7 923 447-50-61 joined using this group's invite link",1
Nous ne connaissons pas,1
C'est situe où stp,1
Metro prospect mira,1
Je vais cherche  l'adresse,1
Je vous envois,1
C’est la même personne ?,1
null,1
null,1
C’est bilingo de Mimboman ?,1
Oui frère c'est lui ça ne va vraiment pas son état est critique,1
Il parle qu’en même ?,1
Avec beaucoup de peine,1
"Si c'est une maladie traitable ici tant mieux,  mais si c'est seulement en Afrique pourquoi nous mobiliser et lui envoyer là-bas",1
What 🤯🤯 ? Maintenant avec le visa russe tu peux visiter la belarussie ? Quels sont les conditions ? Vas lire,1
1million de f cfa.,1
Besoin du rouble. Taux Google .,1
Ib,1
‎Open this link to join my WhatsApp Group: https://chat.whatsapp.com/GoKFgAM6o1a4obI780cQwP,1
ALERTE INFO,1
Chambre disponible non loin du metro,1
Ville,1
Quel Metro svp?,1
"1/13/25, 1:34 AM - +7 925 072-78-26 changed their phone number to a new number. Tap to message or add the new number.",1
Une place disponible pour une fille dans une chambre de deux filles intéressé ib,1
Chambre disponible non loin du metro,1
Bonjour la famille.,1
"personne de ne choisit d'être malade, ça peut arriver à tout le monde. Soutenons nôtre frère Yannick qui lutte contre la maladie depuis 1an déjà.",1
"1/13/25, 5:15 PM - +242 06 521 7291 joined using this group's invite link",1
Bonsoir à tous!,1
Chambre disponible,1
Prix: 25.000,1
Caution: ❌,1
Commission: 50%,1
Adresse:Пригородное 2( Мисайлово),1
Travail d'école disponible pour 2 personnes proche du métro planernaya 2400 chaque semaine,1
Juste besoin d'un carnet médical,1
Ib pour les intéressés,1
Chambre disponible non loin du metro,1
Une place disponible pour une fille dans une chambre de deux filles métro annino intéressé ib,1
A place available for a girl in a room of two girls metro annino interested ib,1
Chambre disponible metro *novogereevo* pour 1 garçon 12 minutes en bus,1
30.000 chambre,1
Commission 5.000,1
null,1
Chambre disponible non loin du metro,1
Bonsoir svp j aimerais savoir si nos assurance santé qu’on souscrit à l école la couvre aussi le problème des yeux? L ophtalmologie,0
Si non comment faire? Y’a t’il une assurance exclusivement pour les pbs des yeux,1
Salut famille. 46 kilos disponible au Cameroun.,1
-Départ: 22 janvier à 17h:00 a Douala,1
-Arrivée 23 janvier à Moscou à 14h:20,1
NB: uniquement pour Celui qui veut tout les 46 kilos pas de détail. Merci,2
✈️✈️✈️✈️✈️✈️🛩✈️✈️🛩✈️✈️✈️✈️✈️✈️✈️✈️,1
Côte d'Ivoire 🇨🇮# -Russie 🇷🇺,1
Abidjan # Moscou,1
Départ prévu le 20 janvier 2025,1
-23kg disponible,1
-nous prenons aussi les documents,1
Intéressé inbox,1
Bonsoir,1
Besoin d’un compte Netflix HD,1
Qui en a?,1
Je peux payer,1
Merci,2
"Demain besoin de 9 personnes(hommes) pour travail de déchargement matériel dans une école, travail intérieur et extérieur( le materiel est à l'extérieur on le prend et le décharge à l'intérieur), de 9h00 à 18h00 payé 3000r après boulot.",1
Vous avez jusqu’à 6 heures de teste  gratuit avant de confirmer votre abonnement.  Merci et bonne soirée à tous .,2
😂😂😂😂😂😂😂😂feu sur toi 🔥🔥🔥🔥🔥🔥,2
‎Open this link to join my WhatsApp Group: https://chat.whatsapp.com/GoKFgAM6o1a4obI780cQwP,1
*QikQik+: Revolutionizing Global Payments with Innovative Solutions*,1
"1/14/25, 5:55 AM - ~ Karol L'inconnu Dela Cité added +237 6 81 96 80 76",1
✈️✈️✈️✈️✈️✈️🛩✈️✈️🛩✈️✈️✈️✈️✈️✈️✈️✈️,1
-Cameroun 🇨🇲# -Russie 🇷🇺,1
Douala # Moscou,1
Départ prévu le 20 janvier 2025,1
-23kg disponible,1
-nous prenons aussi les documents,1
Intéressé inbox,1
Tous les plus grands poètes ont écrit son nom,1
Les hommes ont cherché la lumière en suivant son ombre,1
"Certains sont morts pour la sauver, combien de tombes fleuries",2
Certains attendent de la retrouver dans une cellule à Fleury,1
"On a aimé l'honorer, la chanter et la peindre",1
"On croit toujours en manquer, j'entends trop de monde se plaindre",1
Ceux qui l'ont vraiment perdue attendent le compte à rebours,0
As-tu déjà entendu parler du peuple ouïghour,1
"Avec ses petites sœurs, égalité, fraternité",1
Elle chante parmi les cris pour rester une réalité,1
Pour rester vibrante et espérer un avenir triomphant,1
Pour rester vivante à l'avenir pour nos enfants,1
Tu sais qui sait ?,1
Salut la famille comment vous allez j'espère que vous allez bien.,2
Information urgente !,1
Venez informer vos frères et sœurs et vos proches :,1
De ne pas aller au métro teply Stan aujourd'hui et demain et après demain la police a encerclé tout les coins. 🙏🏾🙏🏾🙏🏾🙏🏾🙏🏾,1
Chambre disponible non loin du metro,1
Сдаётся новая квартира ( 2 комнаты изолированы),1
Цена: 55.000,1
Залог: без Залог ( ❌),1
Комиссия: 80%,1
Адрес : Пригородное шоссе 12 подъезд 1,1
15 минут от метро Домодедовская,1
Appartement neuf à louer (2 chambres isolées),1
Prix: 55.000,1
Caution: sans Caution (❌),1
Commission: 80%,1
Adresse: autoroute suburbaine 12 entrée 1,1
15 minutes du métro domodedovskaya,1
Bonsoir à tous!,1
Chambre disponible,1
Prix: 25.000,1
Caution: ❌,1
Commission: 50%,1
Adresse:Пригородное 2( Мисайлово),1
Beaucoup de jeunes aujourd’hui n’ont pas encore réponse à cette question; d’où l’importance de partager mon point de vue avec eux car il est important d’y songer déjà et de pouvoir s’y préparer.,1
Merci de partager cette vidéo avec ces jeunes et ceux qui ont des jeunes près d’eux également.,2
"Les suggestions vous savez où les placer, pour ceux qui ne sont pas encore abonnée merci de le faire et d’activer la cloche de notification.",2
Place disponible pour 2 filles non loin du metro,1
Soutenons notre frère les gars,1
Il reste peu temps,1
‎Open this link to join my WhatsApp Group: https://chat.whatsapp.com/GoKFgAM6o1a4obI780cQwP,1
🚨🚨Départ confirmé,1
✈️DOUALA🇨🇲✈️✈️MOSCOU🇷🇺,1
17.01.2025,1
🇨🇲23kilos disponibles,1
🇨🇲 Envoyez vos documents,1
🇨🇲 appareil électrique et petits colis.,1
IB: +79888341550,1
🏮🏮🏮🏮🏮,1
Chambre disponible 15min du metro Dmitry Donskogo,1
Loyer :30000r,1
Commission :3000r,1
Contact: +7 915 416-22-79,1
Places Disponibles,1
Métro Dmitry Donskogo,1
10000r/personne,1
Commission :3000r,1
Contact: +7 915 416-22-79,1
"1/15/25, 7:37 AM - ~ SniperSGK added ~ kingsleyjoseph521@gmail . com, ~ osky de Dieu, and ~ Sabrina 😘",1
"1/15/25, 7:38 AM - ~ SniperSGK added +7 977 677-09-46",1
This one with this he’s graveyard 🪦 work make e  rest  a no be ya mate🤦🏿‍♂️,1
null,1
"SAINT PETER, MOSCOU🇷🇺-DOUALA🇨🇲",1
👉13.02.2025,1
✅23kilos disponibles,1
✅ Envoyez vos documents,1
Tel: +7 952 375 53 90,1
Voici un escroc qui joue les sages tu fais parti des 95% ( tu  voulu m’escroquer à travers un logement à louer),1
- PLACES DISPONIBLES  POUR FILLES DANS UNE GRANDE CHAMBRE  de 3 personnes maximum,1
- TYPE:  1 PLACE pour fille,1
- *LOYER* (rent) : 13000 ₽,1
- *Caution* (deposit) : 0 ₽,1
- *Comission* :1000 ₽,1
- *ADRESSE:* À 10 min du *Métro Anino*,1
- *NB: MOINS DE BAGAGES POSSIBLE*,1
- +79017128923/+79916277302 pour plus d'informations,1
"Salir une personne qui lutte pour le bien de la communauté, c'est facile. Nous acceptons que vous salissez notre image mais croyez-moi, personne ne va escroquer un africain à partir de cette année.",2
Cherche moi à me connaître d’abord. Tu es un escroc,1
"On le verra cette année, que ça soit en hiver ou en Été.",1
Nous avons le repertoire de tous les escrocs de la Russie avec tous vos nouveaux numéros vu que vous êtes dévoilées avec vos anciens numéros. <This message was edited>,1
Bonne journée à tous surtout. Soyons juste vigilants.,1
Les tonneaux vides font toujours du bruit. Je te tiens toujours à l’œil. Je ne parle pas beaucoup.,1
Répond moi. Tu luttes dans quel sens ? Dit moi ton statut en Russie 🇷🇺 tu fais parti de quelle association ou quel mouvement de leadership pour la communauté des africains en  Russie 🇷🇺 t’es seulement dans les groupes des africains en faisant tes lâchetés,1
Tu te connais toi. Tu ne connais pas tout les africains vivant en fédération de la Russie 🇷🇺. Raconte ta vie. T’es libre. Ne mélange pas les choses et surtout les personnes. T’es prévenu,1
D'accord avec toi  .  Très malhonnête ce monsieur et imbus de lui même,1
Il se nomme Isaac il a même un groupe d’immobilier . Je m’arrête là. Merci pour la bonne compréhension,2
Nous avons eu à échanger .. je parle en connaissance de cause ... Les membres du groupe devraient faire très attention à ce type,1
"Arrête de ternir l’image des noirs frères! Cette vidéo n’est pas d’ici en Russie, elle c’est produite en France…dc stop 🛑",1
"Ce type est un gros arnaqueur, toutes ses photos et vidéos sont toujours visibles une fois et lui seul peut parler dans son groupe, pourquoi feriez-vous cela si vous dirigiez une entreprise légitime… Vous tous dans ce groupe devriez être prudents avec ce type, vous n'avez pas besoin de panneaux de signalisation pour vous dire qu'il est un arnaqueur❗️❗️❗️",1
En le supprimant dans des différents groupes africains. Il peut encore revenir par d’autres moyens. Cherchons seulement à l’identifier et l’arrêter. Juste un cri de cœur,1
Voilà vraiment maman,1
Qu'il répond alors vraiment il est dans quel association en russie,1
Chambre disponible non loin du metro,1
Un misérable. J’espère que c’est Issac qui voyage en rdc 🇨🇩 en personne ou il a besoin d’un pourcentage sur les poids ( la honte) . Ne t’en fais pas. Tu seras dévoilé. Un agent immobilier soi disant et maintenant des transactions de bagages 🧳,1
Place disponible pour 3 filles non loin du metro,1
+237 6 94 21 50 34,1
Bikoi Sylvie,1
Il demande aux gens de faire la capture de leur compte d’abord 😁😁😁,1
Utilise ce lien pour intégrer mon groupe WhatsApp : https://chat.whatsapp.com/GbMUG4G4EQIBGtnWjvCt0f,1
Et il vient de me supprimer de ses groupes parce j’ai prouvé que la vidéo qu’il a posté ne vient pas d’ici,1
Supprimez le aussi dans tout les groupes. Et  vous devriez quittez de son groupe  .,1
Il est administrateur dans un groupe ( boulot Moscou) il m’a supprimé dans ce groupe….bref,1
Relax ☺️,1
Bsr à toute,1
Bsr à tous j’espère que vous allez bien,2
Moi non j’ai très faim,1
Ca ne laisse personne ma sœur,1
j’ai préparé les pommes pillées 😏,1
🥲🥲,1
j’envoie l’adresse.?😏,1
Svp comment faire pour arriver en Russie gratuitement 🙏🏻🙏🏻 y’a t’il un célibataire dans la sale????😃🏃🏻‍♀️🏃🏻‍♀️🏃🏻‍♀️🏃🏻‍♀️🏃🏻‍♀️🏃🏻‍♀️🏃🏻‍♀️,1
Envoi tes photos on évalue si le dossier est complet et on te fais passer 😂😂,2
👍,1
😂😂😂,2
Il faut d'abord juger le matériel,1
Tu es marié avec un jolie bb tu veux faire avec le matériel,1
🤔,1
Chambre disponible pour les couple,1
🤔,1
Photo entière,1
Bonsoir beauté jolie prénom,1
Tes marié ou célibataire,1
"Aujourd’hui J’ai vu  ma pierre tombale, et ceux qui viennent et ceux qui viennent pas",1
Plutôt ceux qui m'aiment ou qui ne m'aiment pas,1
Je peux tout voir et je n'vais rien vous cacher,1
"Certains y pleurent, certains y vont pour cracher",1
"Je vois ma fille, je pleure quand j'ai le blues",1
"Je la regarde grandir, je me réveille quand elle tousse",1
Je refuse qu'elle voit mon nom sur une plaque de marbre,1
Il pleut car je pleure des flaques de larmes,1
Que de regrets d'avoir laissé passer ma chance,1
De regarder mon plus jeune frère débarrasser ma chambre,1
"De le voir devenir insolent, tête de pierre",1
"Camé, se réfugier dans les canettes de bière",1
"J'aperçois Liza , tous les jaloux qui veulent sa mort <This message was edited>",1
A part time job needed at a restaurant time 11:00:23h,1
Payment after work 3000rub,1
Metro: solntsevo exit 4,1
Intéressée,1
Place disponible pour le fille Métro Dimitri danskova,1
‎Open this link to join my WhatsApp Group: https://chat.whatsapp.com/GoKFgAM6o1a4obI780cQwP,1
‎Suivez ce lien pour intégrer mon Groupe WhatsApp  : https://chat.whatsapp.com/F24C4Vq0MV0IMgmdLP8JX8,1
"1/16/25, 11:39 AM - ~ Offman added ~ Moi🥰",1
✈️✈️✈️✈️✈️✈️🛩✈️✈️🛩✈️✈️✈️✈️✈️✈️✈️✈️,1
-Cameroun 🇨🇲# -Russie 🇷🇺,1
Douala # Moscou,1
Départ prévu le 19 janvier 2025,1
-23kg disponible,1
-nous prenons aussi les documents,1
Intéressé inbox,1
‎Suivez ce lien pour intégrer mon Groupe WhatsApp  : https://chat.whatsapp.com/F24C4Vq0MV0IMgmdLP8JX8,1
2 places pour garçons disponibles dans une maison de deux chambres au métro Prajskaya bus d'état intéressé inbox,1
1 places disponibles pour garçon au métro domodedovskaya sorti 9,1
Studio disponible non loin du metro,1
Chambre disponible non loin du metro,1
Place disponible pour 3 filles non loin du metro,1
"1/16/25, 8:13 PM - +237 6 89 03 52 83 joined using this group's invite link",1
Kiekiekiekiekie,1
😅😅😅,1
Il joue juste avec son enfant,1
Bref,1
Studio disponible au métro Dmitry daskova lapatino (sukranovska),1
Sans caution,1
"Mes chers freres et soeurs, ce message sadresse a tous ceux qui veulent apprendre la langue russe facilement et efficacement",1
Всего доброго,1
‎Open this link to join my WhatsApp Group: https://chat.whatsapp.com/GoKFgAM6o1a4obI780cQwP,1
Bonjour à tous!,1
Chambre disponible,1
Prix: 25.000,1
Caution: ❌,1
Commission: 50%,1
Adresse:Пригородное 2( Мисайлово),1
Сдаётся новая квартира ( 2 комнаты изолированы),1
Цена: 55.000,1
Залог: без Залог ( ❌),1
Комиссия: 80%,1
Адрес : Пригородное шоссе 12 подъезд 1,1
15 минут от метро Домодедовская,1
Appartement neuf à louer (2 chambres isolées),1
Prix: 55.000,1
Caution: sans Caution (❌),1
Commission: 80%,1
Adresse: autoroute suburbaine 12 entrée 1,1
15 minutes du métro domodedovskaya,1
*Chambre disponible Dmitry danskova *intéressé inbox*,1
Une chambre disponible au métro Dimitri donskovo. Les intéressés retrouvez moi in box🛑🛑🛑🛑🛑,1
Salut urgent,1
Une Sim carte orange ou mtn,1
Demain à Moscou,1
Qui peut vendre ?,1
"Mes chers freres et soeurs, ce message s’adresse a tous ceux qui veulent parler la langue Russe simplement et couramment!",1
Je dis heinnn!!!  Tu respires ou tu joui mola 🙄🙄🙄???,1
Merci les frères et sœurs,2
Continuons à lui donner la force.👏🏿👏🏿👏🏿,1
Bonsoir orange tu a combien,2
Bonsoir,1
Deux places disponibles dans une chambre garçons et une place pour une fille,1
Loyer:10000r,1
Commission : 3000r,1
Métro domo,1
Follow this link to join my WhatsApp community: https://chat.whatsapp.com/KP7DnuqMcOd6N4gWUnOWdX,1
‎Open this link to join my WhatsApp Group: https://chat.whatsapp.com/GoKFgAM6o1a4obI780cQwP,1
1  place disponible pour garçon   métro bulva admirala ushakova ligne12,1
5 minutes en bus d'état à pied 10 minutes  intéressé IB🛑🛑🛑🛑🛑🛑🛑🛑🛑🛑🛑,1
*Chambre disponible Dmitry danskova *intéressé inbox*,1
Bonjour s'il vous plaît y a-t-il quelqu'un qui viennent russie dans les prochains jours,1
"Mes chers freres et soeurs, ce message s’adresse a tous ceux qui veulent parler la langue Russe simplement et couramment!",1
Il m’a aussi supprimé de son groupe,1
Bonjour à tous!,1
Chambre disponible,1
Prix: 25.000,1
Caution: ❌,1
Commission: 50%,1
Adresse:Пригородное 2( Мисайлово),1
Сдаётся новая квартира ( 2 комнаты изолированы),1
Цена: 55.000,1
Залог: без Залог ( ❌),1
Комиссия: 80%,1
Адрес : Пригородное шоссе 12 подъезд 1,1
15 минут от метро Домодедовская,1
Appartement neuf à louer (2 chambres isolées),1
Prix: 55.000,1
Caution: sans Caution (❌),1
Commission: 80%,1
Adresse: autoroute suburbaine 12 entrée 1,1
15 minutes du métro domodedovskaya,1
Bonjour svp comment transférer de l'argent du Congo vers le Cameroun par Orange Money?,1
Via Gimac,1
Comment ?,1
Bnjr svp qui connaît où on peut ce faire percer le nez ici à Moscou?,1
🇨🇲 **À l'attention de la diaspora Africaine et plus particulièrement camerounaise** 🇨🇲,1
Nous avons transferé officiellement CFA 723 Milliards au Cameroun en 2023 👇🏿,1
🔗 [Cf ce post] (https://www.linkedin.com/posts/george-meka-a0084b88_quand-les-transferts-financiers-de-la-diaspora-activity-7285354209946816512-x7nW?utm_source=share&utm_medium=member_android),1
"Et ce montant ne prend certainement pas en compte pour le Canada par ex, les ""compensations feuilles d'erable contre feuilles de N'dolè""",1
"👉🏿Saviez-vous que, et selon les chiffres de la Banque Mondiale,",1
"""Ces dernières années, les remises migratoires vers les pays en développement ont excédé le montant cumulé des investissements directs étrangers et de l’aide publique au développement, et l’écart ne cesse de se creuser. »? 🌍💪",1
"👉🏿 Cependant, malgré l'augmentation exponentielle année après année des fonds des migrants vers leurs pays d'origine, le cercle vicieux de la pauvreté et de la fragilité n'a pour autant pas reculé en Afrique Subsaharienne en général où on compte encore 35% de la population vivant dans une extreme pauvreté!",1
"POUVONS-NOUS AGIR AFIN QUE CET ARGENT PUISSE DÈS AUJOURD'HUI CONTRIBUER À SORTIR DEFINITIVEMENT, DURABLEMENT DE LA PAUVRETÉ TOUTES CES POPULATIONS ET PAR RICOCHET LE DÉCOLLAGE ÉCONOMIQUE DU CAMEROUN/CONTINENT?",1
"[ les transferts d'argent que nous envoyons chaque année vers le Cameroun représentent une part significative ,de l'investissement direct au Cameroun ? Ces fonds ne sont pas seulement une aide financière pour nos familles et nos communautés, mais une véritable force économique pour notre pays. 🌍💪]",1
**Pourquoi est-ce important ?**,1
"1️⃣ **Inclusion financière** : Nos fonds doivent atteindre les populations de base en les bancarisant, en les incluant financièrement afin de contribuer directement au développement socio-économique.",1
"Par exemple au Canada, l'Allocation canadienne pour enfants, une aide aux familles eligibles, est comptabilisée comme un revenu et permet à ces familles d'acceder à de nos nombreuses opportunités telles les hypothèques, etc.",1
Il doit en être de même de l'aide que nous envoyons à nos parents au pays!!,1
"2️⃣ **Influence politique** : En tant que diaspora, nous avons le pouvoir de peser sur les choix politiques et de demander des comptes sur l'utilisation de ces ressources.",1
"3️⃣ **Développement durable** : Une meilleure gestion de ces transferts dans un cadre bien structuré, intégré et centré sur le citoyen peut stimuler des projets structurants et créer des opportunités pour tous.",2
"Cependant, malgré l'augmentation exponentielle année apres année de ces envois massifs de fonds, l'impact social de ces envois, nous constatons que leur potentiel n'est pas pleinement exploité. Il est temps de nous organiser différemment, en contrôlant les flux financiers pour faire entendre notre voix et influencer les décisions politiques et économiques du Cameroun. Ensemble, nous pouvons nous organiser afin de  nous assurer que ces flux financiers sont mieux canalisés et contrôlés, de bout en bout et surtout apportent ce changement dont les populations ont grand besoin",1
**Agissons ensemble !**,1
- Organisons-nous pour former une force collective.,1
- Exigeons plus de transparence et de responsabilité dans l'utilisation de ces fonds.,1
- Travaillons à des solutions concrètes pour canaliser ces ressources vers des projets de développement durable.,1
💡 **Notre diaspora a un rôle clé à jouer dans l'avenir du Cameroun. Ne sous-estimons pas notre pouvoir !** 💡,1
"Partagez ce message, discutons-en et réfléchissons à des actions concrètes pour faire bouger les choses. Le Cameroun a besoin de nous, et nous avons les moyens de faire la différence. 🌍✊",1
Utilise ce lien pour intégrer mon groupe WhatsApp : https://chat.whatsapp.com/KW6PYlaTbqM28QjgD53HIU,1
#DiasporaCamerounaise #TransfertsDargent #Développement  #Cameroun,1
Place disponible 8000 mille rouble pour 2 garçon non loin du metro,1
"1/18/25, 6:16 PM - +7 996 275-88-01 joined using this group's invite link",1
658566868 ajouter ce numéro dans le groupe SVP Chère admirateurs sais un nouveau 🙏🏾,1
658566868 ajouter ce numéro dans le groupe SVP Chère admirateurs sais un nouveau 🙏🏾,1
*DEUX PALACE DISPONIBLE* *Dans la*,1
*Chambre deux personnes 15 minutes  du métro Dmitry danskova yuzhnaya*,1
*Pas d'appel svp écrivez seulement. Pas de dérangement inutile si tu ne pas pré*,1
Okay,1
"mes jeunes freres et soeurs, afin d’eviter d’envoyer des videos sans son, je vous invite sur vk.com a regarde notre nouvelle  video ou nous donnons encore plus de details sur notre module de langue russe Метиссаж Язык!",1
"Mes cheres freres et soeurs, nous vous invitons sur vk regarder notre nouvelle video ou nous donnons plus de details sur notre module de langue russe pour les etudiants africains en Russie. Le lien: https://vk.com/clip-194810098_456239026",1
‎Suivez ce lien pour intégrer mon Groupe WhatsApp  : https://chat.whatsapp.com/FFqI4pHnhduDuMUqjKD7wp,1
🚨 Une place disponible pour Homme dans un nouveau appartement de 2 chambres à dmitriya pour plus d'info contacter cet numéro +79773640658.,1
🛑STOP!  Devenez un Expert en  Élevage et en Agriculture en 2025,1
"Passionné par l'élevage et l'agriculture ? 🌟 Ne cherchez plus ! Nous avons créé des PDF complets et faciles à comprendre pour vous aider à maîtriser l'art de l'élevage et de l'agriculture . Que vous soyez débutant ou que vous souhaitiez perfectionner vos compétences, nos guides sont faits pour vous !",1
🔍 Ce que vous trouverez dans nos PDF :,1
- Techniques d'élevages et d'agricultures efficaces,1
- Soins et nutrition des animaux et des plantes,1
- Astuces pour maximiser votre production 🥇,1
- Résolution de problèmes courants  ❓,0
💰 **Pourquoi choisir nos PDF ?**,1
- Contenu de qualité rédigé par des experts 👩‍🏫👨‍🏫,1
- Accès instantané après achat 📥,1
- Satisfaction garantie ou remboursé 💯,1
**Ne manquez pas cette opportunité !** Transformez votre passion en succès dès aujourd'hui.,1
Rejoignez notre communauté  d'éleveurs et d'agriculteurs  passionnés et commencez votre aventure aujourd'hui ! 🚀🐾,1
🚨 NB : les PDF ne sont pas gratuit mais payant juste à 2000 et  5000F et vous aurez droit au condensée de plus de 300 documents et guides pratiques,1
payement direct par transfert mobile,1
👉NTM momo +237675683709,1
👉Orange Money,1
+237693475471,1
(Votre satisfaction notre priorité ✅),1
*#Jardinier paysagiste 237#*,1
‎Open this link to join my WhatsApp Group: https://chat.whatsapp.com/GoKFgAM6o1a4obI780cQwP,1
Besoin d’une personne proche du métro kuntsevskaya 2700 nettoyage,1
*DEUX PALACE DISPONIBLE* *Dans la*,1
*Chambre deux personnes 15 minutes  du métro Dmitry danskova yuzhnaya*,1
*Pas d'appel svp écrivez seulement. Pas de dérangement inutile si tu ne pas pré*,1
"Space available for a guy at Metro bratislaskay Moscow , six minutes  tracking interested one should call this number 89296340287",1
Follow this link to join my WhatsApp group: https://chat.whatsapp.com/EePfLDHFQ4eGzqZRUFDFbT,1
Follow this link to join my WhatsApp group: https://chat.whatsapp.com/EePfLDHFQ4eGzqZRUFDFbT,1
"bsr à ts, svp abonnés vous pour être tjrs informé de mes publications",1
*Une place disponible pour une fille dans la chambre de deux personnes*,1
Сдаётся 2х комнатная квартира,1
Цена: 60.000,1
Залог: 60.000( можно разделить на два месяца),1
Комиссия: 80%,1
Адрес: Пригородное шоссе 18 ( Мисайлово),1
15 минут от метро Домодедовская,1
Appartement 2 pièces à louer,1
Prix: 60.000,1
Caution: 60.000 (peut être divisé en deux mois),1
Commission: 80%,1
Adresse: Suburban Highway 18 (Misailovo),1
15 minutes du métro domodedovskaya,1
Bonjour bonsoir besoin de 4 garçons en urgence dans cette métro Ulitsa Gorchakova la maison est à 5 min du métro,1
Loyer 10000₽,1
Commission 2000₽,1
Intéressé Pv,1
‎Open this link to join my WhatsApp Group: https://chat.whatsapp.com/GoKFgAM6o1a4obI780cQwP,1
"Rejoignez notre groupe de vente où chaque article coûte moins de 1000 roubles. Bonnes baskets, vêtements, accessoires, etc. Une remise importante pour tous.",1
Utilise ce lien pour intégrer mon groupe WhatsApp : https://chat.whatsapp.com/JCnzfD8LVHtGuxpkyYPRmZ,1
*Chambre DISPONIBLE * pour deux personnes* *ou couple*,1
*15 minutes  du métro* *Dmitry* *danskova* *yuzhnaya*,1
*Pas d'appel svp écrivez seulement. Pas de dérangement inutile si tu ne pas pré*,1
"Gombo frais disponible l'unité à 350 livraison gratuite à la gare de train de boutova où cherbinka (Бутово, Щербинка)",1
🛑🛑🛑🛑🛑🛑🛑🛑,1
places disponibles pour filles dans un appartement de deux chambres nouvellement construire au métro annino à 15min minutes du métro en bus.,1
-LOYER:12000,1
-CAUTION : 0,1
-COMMISSION : 3000.,1
INTERRESSÉ IB,1
Bonjour à tous,1
Départ Moscou 🇷🇺 Douala 🇨🇲,1
Date 30/012025👌,1
Kilos disponibles 46 ✌️,1
Expédition documents,1
Ib si intéressé,1
"1/20/25, 11:36 AM - ~ Maski added ~ ❤️",1
Сдаётся квартира ( 2 комнаты изолировать),1
Никто не жил,1
Цена: 60.000,1
Залог: 60.000 ( разделить на два месяца),1
Комиссия: 80%,1
Адрес: Пригородное шоссе 14(Мисайлово),1
мебель будет установлена,1
Appartement à louer (2 chambres isolées),1
Personne n'a vécu,1
Prix: 60.000,1
Caution: 60.000 (divisé en deux mois),1
Commission: 80%,1
Adresse: Suburban Highway 14 (Misailovo),1
les meubles seront installés,1
Salut à tous et à toutes.,1
Départ prévu ce 28 Janvier.,1
Douala-Moscou,1
Moscou-Saint Petersbourg.,1
26kg disponibles.,1
1000rb/ kg,1
Nous prenons les enveloppes et les petits colis.,1
Intéressés ib.,1
"🛑🛑Une chambre disponible au métro Dimitri Donskova, yuzhnaya",1
Pour un couple ou deux filles.,1
In box pour les intéressés 🛑🛑🛑🛑,1
"1/20/25, 7:37 PM - ~ Espe Deplus🥺❤️ added ~ Kader",1
Besoin d'une fille pour UN boulot de 10h à 20h,1
Quand ?,1
Utilise ce lien pour intégrer mon groupe WhatsApp : https://chat.whatsapp.com/Lcm5hbj78Gq5BJqSaVt5wv,1
OMG 👍🏿,1
‎Open this link to join my WhatsApp Group: https://chat.whatsapp.com/GoKFgAM6o1a4obI780cQwP,1
An employee needed in a restaurant from now till 10 00mp payment 3000rub:,1
Metro: Чистые пруды,1
+,1
Prix?,1
Mbate,1
Hein,1
Une place disponible pour une fille dans une chambre de deux filles métro annino intéressé ib,1
A place available for a girl in a room of two girls metro annino interested ib,1
"1/21/25, 9:39 PM - +237 75686927 joined using this group's invite link",1
place disponible pour 4 garçon non loin du metro,1
‎Open this link to join my WhatsApp Group: https://chat.whatsapp.com/GoKFgAM6o1a4obI780cQwP,1
J’espère que tu es entrain de réfléchir aussi. Tu es un escroc.,1
Si t’as rien à dire. Ferme ta sale gueule,1
Place disponible pour 4 garçon non loin du metro,1
"Voici le moyen le plus efficace pour maitriser la langue Russe, pour les africains en Russie: https://vk.com/clip-194810098_456239024",1
‎Open this link to join my WhatsApp Group: https://chat.whatsapp.com/GoKFgAM6o1a4obI780cQwP,1
Une place disponible pour une fille dans une chambre de deux filles métro annino intéressé ib,1
A place available for a girl in a room of two girls metro annino interested ib,1
Vous êtes situé ou,1
*Les africains ne présenteront plus un visa pour se rendre dans ce pays*,1
*Lire ici*👇🏾,1
*La foudre frappe plusieurs monuments iconiques aux États-Unis (Vidéo)*,1
*Lire ici*👇🏾,1
*Bonne nouvelle au Sénégal : L'une des deux épouses de Diomaye FAYE a accouché (Photo)*,1
*Lire ici*👇🏾,1
*SANTÉ : Une cigarette fumée réduit 20 minutes sur votre vie*,1
*Lire ici*👇🏾,1
*« Il ne me reste plus qu’un mois à vivre » : confession d’un jeune homme sur les rituels d’argent*,1
*Lire ici*👇🏾,1
*Découvrez le Classement 2025 des Puissances Militaires en Afrique*,1
*Lire ici*👇🏾,1
Place disponible pour 2 garçon non loin du metro,1
Une place disponible pour une fille dans une chambre de deux filles 12mille métro annino ligne 9 intéressé ib,1
A place available for a girl in a room of two girls metro annino interested ib,1
Urgent besoin d'une personne pour un travail de 2800 fini paye,1
"1/24/25, 9:14 AM - ~ Offman added ~ Mobutu",1
Bonjour la famille,1
S il vous plait qui vend le ndolè?,1
🚨 A room available for rent for 2 people or couples  . 15 minutes to bulvar Dmitry donskogo. Contact for more details +79687107286,1
Bonjour!,1
4 Places disponible pour 4 garçons  propre,1
4 Places disponible pour 4 filles propre,1
Prix: 10.000r/ mois,1
Commission: 5.000,1
"N.B: L'appartement est nouveau, jamais habité",1
Moins de Bagages s'il vous plait,1
*C'est la Fin du FCFA : la monnaie coloniale disparaitra à cette date*,1
*Lire ici*👇🏾,1
Place disponible pour 2 garçon non loin du metro,1
*Les Africains ne présenteront plus de Visa avant de se rendre dans ce pays*,1
*Lire ici*👇🏾,1
"*À peine arrivé à la Maison Blanche, Donald Trump se venge froidement d'un ancien allié (PHOTO)*",1
*Lire ici*👇🏾,1
*Retrait des ÉTATS-UNIS de l’OMS : L’Union africaine (UA) envoie une message fort à Donald TRUMP*,1
*Lire ici*👇🏾,1
*La CEDEAO dans le tourment : Le passeport des pays de l’AES entre en vigueur à compter de cette date*,1
*Lire ici*👇🏾,1
*Dernière Minute : Très mauvaise nouvelle pour les anciens présidents Français*,1
*Lire ici*👇🏾,1
Bonjour!,1
4 Places disponible pour 4 garçons  propre,1
4 Places disponible pour 4 filles propre,1
Prix: 10.000r/ mois,1
Commission: 5.000,1
"N.B: L'appartement est nouveau, jamais habité",1
Moins de Bagages s'il vous plait,1
23 kilos disponible le 28 /01/2025,1
Moscou/ congo Kinshasa,1
23 kilos disponible le 30/01/2025,1
Moscou/ congo Kinshasa,1
Place disponible pour 2 garçon non loin du metro,1
Une place disponible pour une fille dans une chambre de deux filles 12mille métro annino ligne 9 intéressé ib,1
A place available for a girl in a room of two girls metro annino interested ib,1
C'est ensemble avec chaussures ?,1
Bonsoir svp quel qui le Cameroun pour moscou cette semaine,1
Deux places disponibles pour garçon dans une chambre,1
Bonsoir!,1
4 Places disponible pour 4 garçons  propre,1
4 Places disponible pour 4 filles propre,1
Prix: 10.000r/ mois,1
Commission: 5.000,1
"N.B: L'appartement est nouveau, jamais habité",1
Moins de Bagages s'il vous plait,1
Bonsoir  frère,1
Je peux avoir le lien de ce groupe s'il vous plaît,1
*Voici les Étapes simples à suivre pour obtenir un Visa Visiteur pour les ETATS-UNIS*,1
*Lire ici*👇🏾,1
"*Soudan du Sud : les autorités bloquent les réseaux sociaux pour 90 jours, les raisons*",1
*Lire ici*👇🏾,1
"*Découverte Historique : La République Centrafricaine trouve un diamant exceptionnel de 177,95 Carats (PHOTOS)*",1
*Lire ici*👇🏾,1
*Découvrez le classement des 6 pays Africains ayant acheté le plus d’armes depuis cinq ans*,1
*Lire ici*👇🏾,1
*ERIC MANDALA arrêté en Espagne avec 200 kg de Cocaïne : Découvrez les coulisses de l'arrestation du milliardaire congolais (Vidéo)*,1
*Lire ici*👇🏾,1
Utilise ce lien pour intégrer mon groupe WhatsApp : https://chat.whatsapp.com/CDnpTwo6F5m3vp41gfnmWe,1
Bonsoir la famille...on a trouvé une très bonne solution et fiable pour la réparation des téléphones de nos frères Africains en Russie 🇷🇺🇷🇺... comme vous le savez le coût de réparation de téléphone est chère à Moscou donc dans ce groupe on vous offre le meilleur.,1
Merci à tous et bonne soirée !!,2
Utilise ce lien pour intégrer mon groupe WhatsApp : https://chat.whatsapp.com/CDnpTwo6F5m3vp41gfnmWe,1
Bonsoir la famille...on a trouvé une très bonne solution et fiable pour la réparation des téléphones de nos frères Africains en Russie 🇷🇺🇷🇺... comme vous le savez le coût de réparation de téléphone est chère à Moscou donc dans ce groupe on vous offre le meilleur.,1
Merci à tous et bonne soirée !!,2
🚨🚨🚨🚨 *Appartement 3 pièce disponible*,1
*Loye 65000*,1
*Garantie 65000* diviser par deux,1
*Commission* *20000*,1
*métro domodeskaya*,1
"*Nb* *Évite de te déranger inutilement si tu n'as pas l'argent. Écris, n'appelle pas s'il te plaît.*",1
🚨🚨🚨🚨 *Appartement 3 pièce disponible*,1
*Loye 65000*,1
*Garantie 65000* diviser par deux,1
*Commission* *20000*,1
*métro domodeskaya*,1
🚨🚨🚨🚨🚨🚨,1
*CHAMBRE DISPONIBLE*,1
*Metro Dmitry danskova*,1
*Chambre 32000*,1
*Commission  5000*,1
*Caution 0*,1
"*Nb* *Évite de te déranger inutilement si tu n'as pas l'argent. Écris, n'appelle pas s'il te plaît.*",1
La révolution c'est ici,1
89996700083,1
"On ne construit pas son avenir grâce à des pratiques d'antivaleurs (exploitation, escroquerie,...) car Dieu (Allah) est juste et tout se paie ici bas.",1
Vous vous êtes dit que la Russie vous appartient parce que vous êtes doyens africains ou parce que vous avez obtenu déjà soit la carte de séjour non-permanent ou soit le passeport russe et suite à ça vous vous êtes dit que vous ferez de vos frères et soeurs en Russie vos cheveux-noirs ?,1
"Sachez que le jugement dernier en Russie approche pour tout le monde, peu importe ton statut en Russie, surtout que 95% d'Africains en Russie ne veulent pas réfléchir par rapport à leur avenir en Russie.",1
Nous mettons seulement en garde tout africain qui oserait escroquer un frère ou une soeur africain(e)  ou soit à bouffer son salaire en préparant son retour en Afrique car il ne rentrera plus en Afrique mais il fera la prison. Vous croyez que c'est de la blague quand nous répétons celà mais attendez voir.,1
Nous vous disons ces choses pour nous conscientiser par panafricanisme. 85% d'Africains ne sont pas sérieux en Russie car la majorité veulent se retrouver ou gagner leur vie en exploitant leurs frères et soeurs africains. Faîtes très attention surtout.,1
"*Un peuple qui ne pense pas à son avenir, est condamné à l'esclavage.*",1
Que Dieu (Allah) bénisse la communauté noire en Russie.,1
Veuillez partager ce message dans tous les groupes où il y a les africains et à tous vos proches africains.,1
"*2025, c'est le temps de l'Afrique en Russie.*",1
‎Open this link to join my WhatsApp Group: https://chat.whatsapp.com/GoKFgAM6o1a4obI780cQwP,1
"1/25/25, 9:55 AM - +7 996 276-71-95 joined using this group's invite link",1
Bonjour à tous,1
Départ Moscou 🇷🇺 Douala 🇨🇲,1
Date 30/012025👌,1
Kilos disponibles 46 ✌️,1
Expédition documents,1
Ib si intéressé,1
A votre attention ⛔️ s’il vous plaît. Le centre américain 🇺🇸 à Moscou exerce beaucoup dans le social tel que ( la santé. Les cours de langue russe… une prise en charge des femmes enceintes ou avec leurs bébés)  quasiment gratuit 🆓 pour les immigrés illégaux ( métro 🚇 Китай -город),1
Tres bon et joyeux weekend a tous! Давайте освоить русский язык оригинально и весело),1
Старосадский переулок дом 7 /10,1
Метро Китай Город,1
Sortie 6,1
"*Chassée du Mali, du Burkina Faso et du Niger, la FRANCE fait une promesse inattendue*",1
*Lire ici*👇🏾,1
*Voici les 10 Armées les plus faibles en Afrique (Classement)*,1
*Lire ici*👇🏾,1
*URGENT - Un immeuble s'effondre dans la ville de Konya tuant plusieurs occupants (Vidéo)*,1
*Lire ici*👇🏾,1
*Mauvaise nouvelle pour les migrants africains : DONALD TRUMP déploie 1 500 soldats pour...*,1
*Lire ici*👇🏾,1
"*À peine son arrivée à la Maison Blanche, Donald TRUMP envoie un message fort à Vladimir POUTINE*",1
*Lire ici*👇🏾,1
"*D’ici 2050, la population de ce pays africain dépassera celle des ÉTATS-UNIS*",1
*Lire ici*👇🏾,1
🚨🚨🚨🚨🚨🚨,1
*CHAMBRE DISPONIBLE*,1
*Metro Dmitry danskova*,1
*Chambre 32000*,1
*Commission  5000*,1
*Caution 0*,1
"*Nb* *Évite de te déranger inutilement si tu n'as pas l'argent. Écris, n'appelle pas s'il te plaît.*",1
Bonsoir!,1
4 Places disponible pour 4 garçons  propre,1
4 Places disponible pour 4 filles propre,1
Prix: 10.000r/ mois,1
Commission: 3.000,1
Caution: ❌,1
"N.B: L'appartement est nouveau, jamais habité",1
Moins de Bagages s'il vous plait,1
Deux places disponibles pour garçon dans une chambre,1
Salut la famille besoin de deux chambres Salon urgent,1
Salut la famille besoin d'une carte sim de la Russie,1
si t’es à jour tu peux aller à tyopli stan  tu vas facilement trouver là-bas puis on t’enregistre directement avec ton passeport <This message was edited>,1
Merci,2
Je ne suis pas,1
Une place disponible pour une fille dans une chambre de deux filles 12mille métro annino ligne 9 intéressé ib,1
A place available for a girl in a room of two girls metro annino interested ib,1
Bonsoir!,1
4 Places disponible pour 4 garçons  propre,1
4 Places disponible pour 4 filles propre,1
Prix: 10.000r/ mois,1
Commission: 3.000,1
Caution: ❌,1
"N.B: L'appartement est nouveau, jamais habité",1
Moins de Bagages s'il vous plait,1
*L'artiste ivoirien DJ LÉO est-il décédé ? Voici ce qui s'est réellement passé*,1
*Lire ici*👇🏾,1
*Tragique accident de la route à Yamoussoukro en CÔTE D'IVOIRE : 25 personnes décédées (IMAGES)*,1
*Lire ici*👇🏾,1
"*AES : Le journaliste ivoirien Moustapha Maïga arrêté au Niger, ce que l'on sait*",1
*Lire ici*👇🏾,1
*ÉRIC MANDALA : Voici l'immense fortune du milliardaire congolais amassée grâce au trafic de drogue (VIDÉO)*,1
*Lire ici*👇🏾,1
*La RDC rompt définitivement ses relations diplomatiques avec le RWANDA*,1
*Lire ici*👇🏾,1
"*Coopération Russie Afrique : Échange téléphonique entre Vladimir POUTINE et un président africain, ce qu'ils se sont dit (PHOTO)*",1
*Lire ici*👇🏾,1
*Voici le Classement 2025 des armées les plus puissantes d'Afrique*,1
*Lire ici*👇🏾,1
*Découvrez les 10 pays africains les plus respectueux de la loi*,1
*Lire ici*👇🏾,1
*AES : L'entreprise française TOTAL ENERGIES quitte le MALI*,1
*Lire ici*👇🏾,1
"*NIGÉRIA : Le puissant chef terroriste, BELLO TURJI, se dit prêt à se rendre aux autorités (Photo)*",1
*Lire ici*👇🏾,1
Bonjour,1
4 Places disponible pour 4 garçons,1
Prix: 10.000r/ mois,1
Commission: 3.000,1
Caution: ❌,1
"N.B: L'appartement est nouveau, jamais habité",1
Moins de Bagages s'il vous plait,1
*ÉRIC MANDALA : Voici les lourdes peines qui attendent le milliardaire congolais arrêté en Espagne avec 200 kg de Cocaïne*,1
*Lire ici*👇🏾,1
Utilise ce lien pour intégrer mon groupe WhatsApp : https://chat.whatsapp.com/GbMUG4G4EQIBGtnWjvCt0f,1
Place disponible pour 2 garçon non loin du metro,1
Chambre disponible non loin du metro,1
*Donald TRUMP est inarrêtable : Le nouveau président interdit les femmes transgenres dans les prisons pour femmes*,1
*Lire ici*👇🏾,1
"*À l'âge de 91 ans, PAUL BIYA candidat à la présidentielle en 2025*",1
*Lire ici*👇🏾,1
"*En 2075, le Nigéria sera la 5è puissance économique mondiale, la France loin derrière (Le Classement)*",1
*Lire ici*👇🏾,1
*Historique - Le Burkina Faso lance la fabrication de ses propres voitures électriques (Vidéo)*,1
*Lire ici*👇🏾,1
"1/26/25, 7:06 PM - ~ Amakiri Ingonabo Kelvin added ~ Layefa",1
"1/26/25, 8:58 PM - ~ Belle added ~ Narimene and ~ Siraj",1
Bonsoir j’ai besoin de travailler,1
*PS EVENT*,1
"*Fabrication,  location et vente des tentes et chapiteaux*",1
Tél : 670945572,1
Manuel scolaire,1
Manuel scolaire,1
*Une réussite assurée!*,1
*Une réussite assurée!*,1
*Une réussite assurée!*,1
*Une réussite assurée!*,1
"L'Amérique, l'Europe, l'Asie, l'Océanie que nous envions, n'étaient pas belles comme nous les voyons aujourd'hui.",1
"Les noirs en Amérique ou en Europe, ne jouissaient pas des droits qu'ils ont aujourd'hui. Ils étaient au départ des esclaves enchaînés et déportés loin de leur terre natale. Mais face à la souffrance, ils ne se sont pas montrés indifférents. Ils avaient pris conscience de leur sort; Ils s'étaient décidés à l'unanimité que toutes leurs conditions misérables devaient cesser car ils méritaient de vivre aussi une vie paisible et épanouie comme l'homme blanc car ce dernier n'est pas plus humain que l'homme noir.",1
Ils avaient mené des réflexions approfondies concernant l'émancipation de leurs droits en terre des blancs qui leur était hostile et aujourd'hui notre génération a été témoin du résultat de ce combat car l'homme noir a dirigé la plus grande nation des blancs au monde.,1
"Si je vous dis ces choses, c'est pour que ça nous interpelle  car nous pouvons aussi vivre une vie paisible et épanouie en Russie tout en respectant les us et coutumes de la Russie. C'est une lutte que nous devons mener de manière intellectuelle tous ensemble car nous devons voir loin surtout que le temps passe vite, sinon, nous risquerons d'être une génération sacrifiée à cause de vouloir ignorer ces choses.",1
"Tu dois avoir une stabilité dans la vie car tu es venu en Europe pour ça surtout que l'Europe est mieux que l'Afrique en terme d'opportunités. Tu dois te marier si possible pour assurer la descendance. Tu dois scolariser tes enfants, assurer leur avenir et aussi préparer ta vieillesse. Es-tu conscient de tout ça ? Si c'est le cas, pourquoi restes-tu toujours indifférent face à ta situation misérable actuelle où tu passes ton existence à survivre au lieu de vivre et de jouir pleinement de ta vie ?",1
"En réfléchissant, j'ai pensé à 2 choses: soit nous sommes des inconscients, soit nous ne sommes pas assez intelligents. Si c'est le cas, alors c'est mieux de retourner en Afrique.",1
"Personnellement je me rends compte que les jeunes de nos jours, que ce soit en Afrique ou à l'étranger, ne sont plus assez intelligents et préfèrent se livrer à des futilités qui ne leur apporteront rien pour leur avenir.",1
"En ce qui nous concerne, comme africains en Russie, sachez que nous sommes la cause de notre propre souffrance en Russie. Chaque jour que tu passes en Russie en refusant de prendre conscience de ce que je vous dis actuellement, te rattrapera un jour et ça risque d'être trop tard.",1
Que Dieu (Allah) bénisse la communauté noire en Russie.,1
Veuillez partager ce message dans tous les groupes où il y a les africains et à tous vos proches africains.,1
"*2025, c'est le temps de l'Afrique en Russie.*",1
Tu ne connais pas la définition de l’histoire ( je te renvoie au dictionnaire) tu crois t’es cool mais t’es un con. T’es le roi des cons,1
*Voici les 10 Choses à savoir avant de partir au Cameroun*,1
*Lire ici*👇🏾,1
*Nicolas Sarkozy devant la justice : découvrez les révélations chocs d'un Fils de Kadhafi*,1
*Lire ici*👇🏾,1
*URGENT : Le Logo de la CAN Maroc 2025 dévoilé (Photo)*,1
*Lire ici*👇🏾,1
"*Après les véhicules électriques, le BURKINA se lance également dans la fabrication des DRONES de surveillance (PHOTO)*",1
*Lire ici*👇🏾,1
*Les dix armées africaines les moins puissantes en 2025*,1
*Lire ici*👇🏾,1
Une place disponible pour une fille dans une chambre de deux filles 12mille métro annino ligne 9 intéressé ib,1
A place available for a girl in a room of two girls metro annino interested ib,1
2places pour filles disponible dans une chambre pour 3filles,1
Loyer : 10000 par mois,1
Commission : 0,1
Bus payant,1
Métro domodedovskya 15min,1
Être propre et moins de bagages,1
La chambre est dans un appartement de 3pieces,1
"Bonjour ,urgent besoin d’un garçon pour un travail de restaurant 2800₽ après le travail.",1
De maintenant jusqu’à 18h.,1
2places pour filles disponible dans une chambre pour 3filles,1
Loyer : 10000 par mois,1
Commission : 0,1
Bus payant,1
Métro domodedovskya 15min,1
Être propre et moins de bagages,1
La chambre est dans un appartement de 3pieces,1
Bonjour!,1
4 Places disponible pour 4 garçons  propre,1
4 Places disponible pour 3 filles propre,1
Prix: 10.000r/ mois,1
Commission: 3.000,1
Caution: ❌,1
"N.B: L'appartement est nouveau, jamais habité",1
Moins de Bagages s'il vous plait,1
*Drame au CAMEROUN : Une femme en fuite après avoir jeté son bébé de 3 mois dans les toilettes (Photos sensibles)*,1
*Lire ici*👇🏾,1
*Voici Les 10 pays les moins endettées d'Afrique auprès du FMI en 2025 (La Liste)*,1
*Lire ici*👇🏾,1
*Le Passeport togolais donne accès à ces 61 pays sans visa en 2025 (La Liste)*,1
*Lire ici*👇🏾,1
*CÔTE D'IVOIRE : Découverte de 700 kg de faux médicaments cachés dans des Maniocs (Photo)*,1
*Lire ici*👇🏾,1
*ÉTATS-UNIS : Très mauvaise nouvelle pour l'ex-président BARACK OBAMA (Photo)*,1
*Lire ici*👇🏾,1
Intéressé,1
Place disponible pour un homme métro domodeskaya,1
"1/27/25, 5:59 PM - +237 6 79 13 81 81 joined using this group's invite link",1
"*Pour une Diaspora Africaine Unie et Stratégique : Transformons l’Aide en Investissement Structurant, pour un avenir prospère*",1
"Chères sœurs, chers frères,",1
"Chaque année, nous la diaspora africaine transférons des milliards de dollars vers nos pays et l’Afrique subsaharienne en particulier, des montants qui dépassent largement les investissements directs étrangers et les aides publiques au développement (US $53 Milliards en 2022). Ces fonds, principalement  destinés à soutenir les familles et nos proches au pays, témoignent de notre solidarité et de notre attachement indéfectible à notre continent. Cependant, si ces transferts sont vitaux pour répondre aux besoins immédiats, ils pourraient également devenir une force motrice pour le développement économique durable de l’Afrique.",1
"Aujourd’hui, nous devons nous poser une question cruciale : *et si ces fonds que nous transférons, au lieu d’être uniquement une aide ponctuelle, devenaient une source d’investissement stratégique capable de générer des retours financiers pour la diaspora tout en contribuant au décollage économique de nos pays ?*",1
"Et si nous, membres de la diaspora, nous nous organisions pour transformer ces transferts en leviers de développement structurant ?",1
*De l’Aide à l’Investissement : Un Changement de Paradigme*,1
"Nous avons tous entendu parler de philanthropes comme Bill Gates, qui, tout en soutenant des causes humanitaires, parviennent à créer des modèles économiques viables et à générer des retours sur investissement. Pourquoi ne pas nous inspirer de cette approche ? Pourquoi ne pas structurer nos transferts de fonds pour qu’ils ne soient plus seulement une aide, mais aussi un investissement dans notre avenir et celui de nos pays ?",1
"Imaginez un instant : si ces milliards de dollars transférés contribuaient à inclure financièrement les populations dans nos pays ainsi qu’au financement des projets structurants – infrastructures, énergies renouvelables, agriculture moderne, éducation, santé, technologies innovantes – nous pourrions non seulement créer des emplois et stimuler l’économie locale, mais aussi générer des profits qui seraient redistribués aux membres de la diaspora proportionnellement à leur participation. Cela créerait un cercle vertueux où l’argent transféré ne serait plus une dépense, mais un investissement rentable.",1
*S’ Organiser pour Maximiser l’Impact*,1
"Pour y parvenir, nous devons simplement nous organiser. Mieux, en nous unissant, nous pourrons également attirer d’autres investisseurs et/ou philanthropes internationaux, renforçant ainsi notre capacité à financer durablement, des projets de grande envergure.",1
"Retrouvons-nous  pour jeter sans plus tarder, les bases de cette révolution: https://chat.whatsapp.com/KW6PYlaTbqM28QjgD53HIU",1
*Des Retombées pour la Diaspora et pour l’Afrique*,1
"Les bénéfices d’une telle approche seraient multiples. Pour la diaspora, cela signifierait un retour sur investissement tangible, une manière de voir son argent travailler pour elle tout en contribuant au développement du continent. Pour l’Afrique, cela se traduirait par des infrastructures modernes, des emplois créés, des secteurs clés dynamisés, et une économie en plein essor.",1
"En démocratisant l’inclusion financière pour tous et en investissant dans des projets structurants, nous ne ferons pas que soutenir nos familles – nous construirons l’avenir de nos pays. Nous participerons activement à la transformation de l’Afrique qui en a tant besoin, en faisant de nos transferts de fonds un outil de développement économique et social.",1
*Prenons notre destin en mainn!*,1
"Le moment est venu de changer notre approche. Nous avons le nombre, le  pouvoir, les ressources et la volonté de faire la différence. Organisons-nous stratégiquement et transformons notre solidarité en une force économique puissante. Ensemble, nous pouvons faire en sorte que chaque dollar transféré ne soit plus seulement une aide, mais une graine plantée pour un avenir prospère pour tous!.",1
"L’Afrique a besoin de nous, et nous avons besoin d’une Afrique forte et autonome. Engageons-nous dès aujourd’hui à construire un héritage durable pour les générations futures. Le temps est venu de passer de l’aide à l’investissement, et de la solidarité à la prospérité partagée.",1
*Unissons-nous et bâtissons l’Afrique de demain.*,1
2places pour filles disponible dans une chambre pour 3filles,1
Loyer : 10000 par mois,1
Commission : 0,1
Bus payant,1
Métro domodedovskya 15min,1
Être propre et moins de bagages,1
La chambre est dans un appartement de 3pieces,1
"*Voici les 10 footballeurs africains les plus riches de tous les temps : Didier DROGBA 2e, Samuel ETO'O... (Le Classement)*",1
*Lire ici*👇🏾,1
Svp je cherche un boulot,1
"❕ Les médias ukrainiens publient ""le plan de Trump sur 100 jours pour mettre fin à la guerre""",1
"Les principaux points du plan, que les diplomates américains auraient transmis à leurs collègues européens :",1
▪️ Conversation de Trump avec Poutine - fin janvier-début février 2025.,1
▪️ Annulation du décret de Zelensky sur l'impossibilité de négociations avec Poutine.,1
▪️ Rencontre Trump-Poutine-Zelensky – fin février-début mars 2025.,1
▪️ Armistice pour Pâques (20 avril 2025) avec retrait des troupes ukrainiennes de la région de Koursk.,1
▪️ Conférence internationale de la paix – fin avril 2025.,1
▪️ Échange de prisonniers de guerre selon la formule « tous pour tous ».,1
▪️ Fin de la guerre - déclaration de la conférence d'ici le 9 mai 2025.,1
"▪️ Élections en Ukraine – présidentielle en août, législatives en octobre 2025.",1
Conditions cadres :,1
▪️ Neutralité de l'Ukraine et interdiction d'adhérer à l'OTAN.,1
"▪️ Adhésion de l'Ukraine à l'UE jusqu'en 2030, restauration aux dépens de l'Europe.",1
▪️ Modernisation des forces armées ukrainiennes avec l'aide des États-Unis.,1
▪️ Le refus de l’Ukraine de reprendre les territoires occupés sans reconnaissance de leur souveraineté par la Russie.,1
▪️ Levée partielle des sanctions de la Russie après la signature de la paix.,1
▪️ Reprise des exportations d'énergie de la Fédération de Russie vers l'Europe avec des droits pour la restauration de l'Ukraine.,1
"▪️ Élections avec la participation des partis pro-russes, fin de la persécution de la langue russe et de l'Église Orthodoxe.",1
▪️ Contingent européen de maintien de la paix en Ukraine - comme convenu par les parties.,1
"La mise en œuvre de ce plan n’est possible qu’avec des négociations fructueuses entre Moscou et Washington. Dans le cas contraire, l'initiative est gelée.",1
🌟Abonnez-vous à Vpoutine,1
🚨 A room available for rent for 2 people or couples  . 15 minutes to bulvar Dmitry donskogo. Contact for more details +79687107286,1
Place disponible pour une fille,1
Bonjour besoin de savoir où on faire le carnet médical pour travailler dans les entreprises s’il vous plaît,1
Moi Jai ca suis a la Maison avec,1
Ou est le rapport avec le faites que tu te trouves à la maison avec <This message was edited>,1
J’ai demandé où je peux le faire ou si quelqu’un peut m’aider,1
Ca va oo pardon,1
Écrit moi 😏,1
Une place disponible pour une fille dans une chambre de deux filles  ligne 9 intéressé ib,1
A place available for a girl in a room of two girls metro annino interested ib,1
Place disponible pour 2 garçon non loin du metro,1
Salut,1
Pour les Camerounais,1
! J’ai 1 million 800 kolo au pays,1
Besoin du roubles,1
Inbox,1
Ib moi,1
Travail Ville de Moscow,1
Le  Travail consiste à Rassembler les commandes a travers les pics avec un scanner. pour ceux qui ont déjà travaillé dans les entreprises comme  OZON ou Яндекс  ont déjà l’expérience de ce travail.,1
Un bus gratuit vient vous chercher à Podolsk et vous emmène à votre lieu de travail et vous ramène après le travail.,1
l’équipe de la nuit de 15:00 24:00,1
Heure du déjeuner et Pauses fumée existent. Sans limite,1
NOURRITURE (nous nourrissons gratuitement,1
Le salaire est en fonction de vos capacités . Plus vous travaillez plus vous gagnez. 💯,1
Les salaires sont payés DEUX fois par mois !! Chaque 10 et 25 du mois.,1
Pas de faux rendez-vous!!!💯,1
Si tu as ton visa à jour viens travailler l’argent et laisse les chantiers . Tu vis à Moscou ou ailleurs tu es à jour. Il y’a un dortoir pour celui qui est dans le besoin.,1
N’appelle pas pour expliquer quoi que ce soit! ❌,1
Écrire pour dire que je veux commencer demain. ❌,1
Si tu travailles moins de 150.000p le mois il faut me porter plainte!!! 💯,1
Pas besoin de parler la langue russes,1
PAUVRE FRANCAFRIQUE !,1
Travail Ville de Moscow,1
Le  Travail consiste à Rassembler les commandes a travers les pics avec un scanner. pour ceux qui ont déjà travaillé dans les entreprises comme  OZON ou Яндекс  ont déjà l’expérience de ce travail.,1
Un bus gratuit vient vous chercher à Podolsk et vous emmène à votre lieu de travail et vous ramène après le travail.,1
l’équipe de la nuit de 15:00 24:00,1
Heure du déjeuner et Pauses fumée existent. Sans limite,1
NOURRITURE (nous nourrissons gratuitement,1
Le salaire est en fonction de vos capacités . Plus vous travaillez plus vous gagnez. 💯,1
Les salaires sont payés DEUX fois par mois !! Chaque 10 et 25 du mois.,1
Pas de faux rendez-vous!!!💯,1
Si tu as ton visa à jour viens travailler l’argent et laisse les chantiers . Tu vis à Moscou ou ailleurs tu es à jour. Il y’a un dortoir pour celui qui est dans le besoin.,1
N’appelle pas pour expliquer quoi que ce soit! ❌,1
Écrire pour dire que je veux commencer demain. ❌,1
Si tu travailles moins de 150.000p le mois il faut me porter plainte!!! 💯,1
Pas besoin de parler la langue russes,1
Uniquement pour hommes,1
*RDC / Guerre à Goma : L’ambassade de France et de Rwanda attaquées et brûlées à Kinshasa (Vidéos)*,1
*Lire ici*👇🏾,1
*Les Russes se plongent dans l’eau glacée pour célébrer l’Épiphanie (Photos)*,1
*Lire ici*👇🏾,1
*LAMINE YAMAL fait parler son coeur : le joueur barcelonais de 17 ans offre 3 maisons à...*,1
*Lire ici*👇🏾,1
*« Les hommes doivent rester des hommes et… » Ce président africain soutient DONALD TRUMP dans sa lutte contre les transgenres et les homosexuels (Photo)*,1
*Lire ici*👇🏾,1
*Découvrez ces six astuces pour éloigner les serpents de votre maison*,1
*Lire ici*👇🏾,1
Place disponible pour une fille,1
Place disponible pour une fille,1
comment se regulariser avant le 30 avrir,1
*Goma : Voici la situation dans l'Est de la RDC au soir de ce mardi*,1
*Lire ici*👇🏾,1
*DONALD TRUMP ordonne l'expulsion massive des ressortissants africains illégaux (La Liste complète et le nombre par pays)*,1
*Lire ici*👇🏾,1
*L'homme qui a coupé la main de sa femme a été arrêté (Photo)*,1
*Lire ici*👇🏾,1
*URGENT - AES : Niamey annonce le retrait définitif et irrévocable de la CEDEAO (Vidéos)*,1
*Lire ici*👇🏾,1
"Gombo frais disponible l'unité à 350 livraison à partir de 2 paquets à la station de train de boutova où cherbinka (Бутово, Щербинка",1
Place disponible pour garçon pour plus d'infos PV,1
‎Trouvez des produits de qualité à moins de 1000r,1
Open this link to join my WhatsApp Group: https://chat.whatsapp.com/GoKFgAM6o1a4obI780cQwP <This message was edited>,1
Chambre disponible pour garçon métro odintsovo ligne D1 pas de police là-bas 20mil commission 5mil,1
Ya. Pas pour fille ma. Mere bjr,1
2places pour filles disponible dans une chambre pour 3filles,1
Loyer : 10000 par mois,1
Commission : 0,1
Bus payant,1
Métro domodedovskya 15min,1
Être propre et moins de bagages,1
La chambre est dans un appartement de 3pieces,1
Nn coucou on veut plutôt l'homme,1
Mama si tu trouves pour femme pardon dit moi,1
Ib,1
Place disponible pour une fille,1
Bonjour la famille Les chaussures disponibles,1
Livraison au metro nekracovka et novokocino. grattuitement,1
Venez nombreux😘☺️,1
"Good morning please I need 200,000ruble physical transaction in Moscow, Cameroon Russia 🙏",1
Une place disponible pour une fille dans une chambre de deux filles  ligne 9 intéressé ib,1
How much?,1
Deux places disponibles pour filles métro kotelniki à 15min du métro,1
9000p la place,1
🤦‍♂️,1
"Déjà, je constate que vous n'êtes pas sérieux vous 2 car vous êtes en Russie mais toi qui accuse l'autre de bandit, tu utilises un numéro de l'Afrique pour faire le double jeu en Russie et l'autre le soit-disant ""bandit"" comme tu le qualifies, se distingue pzr ce qu'il t'a fait.",1
"Donc personnellement je constate qu'un malfaiteur a volé un malfaiteur. Donc c'est un non-événement. C'est tout simplement le signe de fin de temps pour tous les bandits et escrocs en Russie. Vous allez vous retrouver avec rien au finale et après vous allez retourner en Afrique comme des cochons. La justice de Dieu, il y en a. Tout ce que l'homme aura semé, il le missionnera.",1
Hummm,1
"Je n’ai pas besoin de faire du faux mon frère ,le problème a été posé et c’est pas parce que j’utilise un numéro africain que je vais prendre ça pour voler des gens erh attention à tes propos sincèrement",0
Tu n’as jamais vu de poste si ici ?? C’est justement lui qui s’est fait volé par un autre frère et toi tu viens traiter de gens de bandits tu es normal ?,1
Voilà sa commence à venir,1
Ici c’est frank???,1
Biensure c’est lui en faite et depuis il a un soucis avec sa puce orange du coup c’est moi qui reçoit les dépôts il y’a un bon moment,2
"Toi même qui utilise un numéro Russe, tu as cesser  d'arnaquer? Banditos",1
Ekieeehhh lui aussi??🤔🤔,1
Je ne comprends même pas son message sincèrement le rapport d’utiliser une puce africaine a quel problème est ce que tu as demandé mon numéro russe je ne t’ai pas donné,0
Sincèrement quelqu’un a un soucis et toi tu viens pour dire des bêtises,1
Sinon c'est la rage de quoi? C'est leur gbonyi comme ça.,1
Le prénom  Исаак est un escroc dans l’immobilier tout ce que je sais. Il a essayé de me dérober personnellement. Il se joue les connaisseurs. Pourtant c’est un voleur,1
Justement et il veut couvrir son autre frère bandit,1
"C'est un gros arnaqueur, l'indice téléphonique est du togo 🇹🇬 et aucun numéro du Togo ( Moov comme tgocel) ne commence jamais par 6",1
Il supprime les gens de son groupe lorsque tu veut revendiquer,1
Donc cherchons lui,1
Si vous avez effectué le dépôt dans son compte sberbank la personne qui a le compte sberbank est facilement repérable,1
Mon frère c'est très simple si tu es en règle d'ici demain matin tu pars dans une agence sberbank avec les capture d'écran et tout ce qui va avec les informations de la personne tu leur explique le problème là-bas et il trouve une solution pour toi,0
Сообщение от МВД:,1
"Уважаемые граждане, для вашего сведения:",1
Предупреждение о безопасности:,1
"Просим вас быть в курсе того, что существует группа людей, которая ходит по квартирам, выдавая себя за сотрудников внутренних дел. Они имеют при себе документы и бланки с символикой Министерства внутренних дел и утверждают, что им необходимо проверить наличие действительных удостоверений личности у всех жильцов и снять биометрию в преддверии предстоящей ""переписи населения"". Выглядят презентабельно. Могут носить форму МВД.",1
"Они высказывают намерение сделать вашу фотографию/снять отпечаток пальца ""в рамках какой-то схемы"". При себе имеют ноутбук, биометрическое устройство и список жильцов. Они показывают этот список и просят предоставить всю эту информацию.",1
"Напоминаем, что никаких подобных иннициатив со стороны Правительства не существует. Никаких биометрических данных просьба не предоставлять! Дверь не открывать! В дом не пускать!! Могут совершать кражи и мошенничества!",1
Не предоставляйте никакой информации без официальных процедур в учреждениях органов  власти. Будьте бдительными!,1
"Отправьте это сообщение всем в вашем сообществе. Пожалуйста, сообщите своим семьям и друзьям. Предупредите своих пожилых родителей и знакомых.",1
Travail pour garçons uniquement ‼️,1
Only for the guys ! ‼️‼️,1
Travail Ville de Moscow,1
Le  Travail consiste à Rassembler les commandes a travers les pics avec un scanner. pour ceux qui ont déjà travaillé dans les entreprises comme  OZON ou Яндекс  ont déjà l’expérience de ce travail.,1
Un bus gratuit vient vous chercher à Podolsk et vous emmène à votre lieu de travail et vous ramène après le travail.,1
15:00 24:00 ✅✅✅,1
Heure du déjeuner et Pauses fumée existent. Sans limite ✅✅✅,1
NOURRITURE (nous nourrissons gratuitement,1
Le salaire est en fonction de vos capacités . Plus vous travaillez plus vous gagnez. 💯💯💯💯,1
Les salaires sont payés DEUX fois par mois !! Chaque 10 et 25 du mois.,1
Pas de faux rendez-vous!!!💯,1
Si tu as ton visa est  à jour viens travailler l’argent et laisse les chantiers . Tu vis à Moscou ou ailleurs tu es à jour. Il y’a un dortoir pour celui qui est dans le besoin.,1
N’appelle pas pour expliquer quoi que ce soit! ❌,1
Écrire pour dire que je veux commencer demain. ❌,1
Si tu travailles moins de 150.000p le mois il faut me porter plainte!!! 💯,1
Pas besoin de parler la langue russes,1
Uniquement pour les garçons,1
Only the guys !!! <This message was edited>,1
Très simple. Franki doit aller en banque 🏦 et la banque va lui délivrer un document et ensuite il ira déposer une plainte à la police 👮. La personne qui a reçu l’argent sera fichier. Il ne pourra plus sortir de la Russie 🇷🇺 on va l’arrêter,1
Bonjour à tous,1
Départ Moscou 🇷🇺 Douala 🇨🇲,1
Date demain 30/01👌👌👌,1
Kilos disponibles 23✌️,1
Expédition documents,1
Ib si intéressé,1
Disponible à 10 mn du métro,1
Метро Семеновская,1
Laisse ce dernier il est plus mauvais que tous le monde en Russie,1
2places pour filles disponible dans une chambre pour 3filles,1
Loyer : 10000 par mois,1
Commission : 0,1
Bus payant,1
Métro domodedovskya 15min,1
Être propre et moins de bagages,1
La chambre est dans un appartement de 3pieces,1
bonsoir svp je cherche le travail 🤲. meme si cest lave vaiselle 🙏. merci,2
Tu n’es pas le seul bro,1
Il ya par le travail mais les maisons sont Cher au Seigneur aide nous,1
Surtout ses publications en méprisant les Africains,1
J'ai quitté son groupe avant hier,1
Merci pour l'information,2
Il se joue les connaisseurs pourtant nul un vrai voleur,1
Vraiment,1
Fait nous connaître ses gens sans cœur,1
O,1
Place disponible pour une fille,1
*Ordonnance d'expulsion de TRUMP : Voici les 10 pays africains les touchés*,1
*Lire ici*👇🏾,1
"*Le Burkina Faso, le Mali et le Niger quittent officiellement ce mercredi la CEDEAO*",1
*Lire ici*👇🏾,1
"*La CEDEAO confirme le retrait des pays de l’AES, mais annonce ces 4 mesures*",1
*Lire ici*👇🏾,1
*La Liste des téléphones qui ne pourront plus utiliser WHATSAPP en 2025*,1
*Lire ici*👇🏾,1
*Voici Les 10 pays les moins endettés d'Afrique auprès du FMI en 2025 (La Liste)*,1
*Lire ici*👇🏾,1
Mon Dieu Nous sommes en guerre et j'en ai marre,1
Il se permet de rigoler,1
Quand moi je pleure à la mémoire de ma mémoire,1
"Je le déteste, c'est dur à dire mais je l'ai dans la peau",1
Les policiers me cassent les couillent quand je l'ai dans la poche,1
Ses amis sont dangereux,1
La rumeur dit qu'ils ne font pas de cadeau,1
Qu'ils ne voyagent que par bateaux,1
"Si j'ai un fils, je lui dirais ""si tu le croises ne l'écoute pas",1
"Et reste droit si tu veux pas que j'te froisse""",1
"Il circule dans les veines, de préférence de nuit",1
Me persécute et exécute mon espérance de vie,1
Ma gueule au fil du temps ça fait mal,1
Il change les mâles en femelles,1
Les sportifs en flemmards,1
C'est un meurtrier,1
Il a tué ma vie et mon adolescence,1
La pire de mes connaissances,1
*URGENT - Les gagnants de la Loterie Visa sont-ils concernés par les expulsions aux ÉTATS-UNIS ? La Réponse*,1
*Lire ici*👇🏾,1
*CEDEAO maintient le libre-échange avec les pays de l’AES « jusqu’à nouvel ordre »*,1
*Lire ici*👇🏾,1
*Historique - CAN 2025 : La CAF annonce un changement radical pour la compétition*,1
*Lire ici*👇🏾,1
*Un homme gracié par DONALD TRUMP abattu par la police lors d’un contrôle routier (Photo)*,1
*Lire ici*👇🏾,1
Une place disponible dans un mimi studio de deux filles ligne 9,1
"Si cet loi est voté , vous pourriez attaquer le responsable de l’immigration responsable du refus de votre renouvellement si vous jugez que vous avez raison . Informez gratuitement : https://t.me/+8ny5VXJIjAlhYjhi",1
"1/30/25, 11:35 AM - +237 6 54 56 13 72 changed their phone number to a new number. Tap to message or add the new number.",1
🚨 A room available for rent for 2 people or couples  . 15 minutes to bulvar Dmitry donskogo. Contact for more details +79687107286,1
*Retrait définitif de l’AES de la CEDEAO : Voici ce qui va se passer maintenant*,1
*Lire ici*👇🏾,1
*Incroyable - CHIKUMBUTSO : Ce Zimbabwéen invente une voiture qui fonctionne sans carburant ni électricité (Vidéo)*,1
*Lire ici*👇🏾,1
*Dernière Minute : L’administration Biden a tenté d’assassiner Vladimir POUTINE (Photo)*,1
*Lire ici*👇🏾,1
*Urgent - CORÉE DU SUD : Un avion prend feu à l’aéroport avec 176 personnes à bord (Vidéo)*,1
*Lire ici*👇🏾,1
Appartement d'une piece disponible non loin du metro,1
Сдаётся однокомнатную квартира,1
Цена: 45.000,1
Залог: 25.000,1
Комиссия: 60%,1
Адрес: Литературный бульвар 3( Мисайлово),1
15 минут от метро Домодедовская,1
Louer un appartement d'une pièce,1
Prix: 45.000,1
Caution: 25.000,1
Commission: 60%,1
Adresse: Boulevard Littéraire 3 (Misailovo),1
15 minutes du métro domodedovskaya,1
Всем!,1
Давайте поддержать талантливого артиста с новой песней: https://vk.com/wall-159637832_3016,1
"Лайками, комментами, репостами!",1
Благодарю,1
"1/30/25, 9:17 PM - +237 6 86 89 42 45 changed their phone number to a new number. Tap to message or add the new number.",1
Utilise ce lien pour intégrer mon groupe WhatsApp : https://chat.whatsapp.com/Gxlbc0sliFnJDCvY1IQsSB,1
🚨🚨🚨Permanent restaurant job is available. Time 08:00-18:30 . payment 3000 rub. +79687107286,1
Une chambre disponible ;,1
Métro buniskaya ( ligne 12),1
Loyer : 22.000r,1
Caution : 5000r,1
Commission : 50%,1
La maison est a 5mn a pieds du métro.interresser inbox,1
✈️Imminent départ,1
04.02.2025,1
*DOUALA 🇨🇲- MOSCOU* 🇷🇺,1
*Uniquement les documents*,1
Une place disponible dans un mimi studio de deux filles ligne 9,1
"Gombo frais disponible l'unité à 350 livraison à partir de 2 paquets à la station de train de boutova où cherbinka (Бутово, Щербинка",1
Chambre disponible pour garçon ds un appartement de 2 pièces sur la ligne D1 odintsovo 10 minutes à pied pour la maison 20mil commission 5000 intéressée ib pardon ne m'écrivez pas si vous êtes pas intéressés merci 🙏🙏,2
‎Open this link to join my WhatsApp Group: https://chat.whatsapp.com/GoKFgAM6o1a4obI780cQwP,1
"1/31/25, 11:00 AM - +7 901 733-14-59 joined using this group's invite link",1
"*Salwan Momika, l’homme qui a brûlé le Coran, fusillé en Suède (Vidéo)*",1
*Lire ici*👇🏾,1
*TOGO : Jeter des ordures sur la voie publique va vous coûter désormais très cher*,1
*Lire ici*👇🏾,1
*Gagnez plus de 3.738.000 FCFA par mois en marchant seulement : Découvrez cette offre d’emploi insolite d’Elon Musk*,1
*Lire ici*👇🏾,1
*ETATS-UNIS : Des ressortissants Ghanéens dénoncent leurs compatriotes sans papiers pour 1500 dollars*,1
*Lire ici*👇🏾,1
*Un Chinois tire dans les fesses d'un Zimbabwéen qu'il suspecte de vol d’or*,1
*Lire ici*👇🏾,1
Bonsoir svp qui arrive en Russie dans les jours à venir?,1
Cameroun,1
✈️✈️✈️✈️✈️✈️✈️✈️✈️✈️✈️✈️,1
Départ le 9/01/2025,1
Douala🇨🇲 -Moscou 🇷🇺,1
23kg disponible,1
Nous prenons aussi vos documents,1
Nb. Visa privé,1
Intéressé inbox,1
Salut,1
Besoin dune fille pour le nettoyage 🧽,1
1h-2h,1
2000 rbls,1
Intéresser,1
Inbox,1
null,1
null,1
Tu as amenés ta maman traverser la frontière mon gars 😀,1
😂😂😂,2
Travail chantier pour homme uniquement ceux qui ont les documents 3500 par jour heure de rencontre 8h 19h au métro potapovo sortie 1 la paye c est après chaque 2 semaines sans retard de paiement,1
🚨 A room available for rent for 2 people or couples  . 15 minutes to bulvar Dmitry donskogo. Contact for more details +79687107286,1
Иностранцу в России,1
2 944 364 подписчика,1
21 января 2025.,1
Что такое режим высылки и как он будет работать,1
"Режим высылки — это новая система ограничений для иностранцев, которые живут в России нелегально.  Процедура начнет действовать 5 февраля 2025.",1
Как это будет работать,1
"МВД составит реестр контролируемых лиц.  В него попадут иностранцы, у которых нет оснований находиться в России.",1
"Реестр поможет искать нарушителей: сотрудники полиции будут запрашивать любые данные у операторов связи, банков и других организаций.",1
В марте 2025 реестр разместят на сайте МВД и сделают доступным для всех иностранцев.,1
Какие появятся ограничения,1
"Если иностранец попадет в реестр, он не сможет:",1
купить и зарегистрировать недвижимость и автомобиль;,1
получить права и управлять машиной;,1
оформить регистрацию по месту пребывания или жительства;,1
открыть счет в банке;,1
снять со счета больше 30 000 Р в месяц;,1
заключить брак.,1
Кого коснется режим высылки,1
"Иностранных граждан, у которых больше нет оснований находиться в России.",1
Вот список частых оснований для высылки.,1
"истек срок действия РВП, ВНЖ или временного пребывания;",1
"аннулирована виза, РВП или ВНЖ,",1
назначено выдворение из страны;,1
отказано в предоставлении убежища;,1
иностранец совершил преступление;,1
прекратилось гражданство;,1
запрещен въезд в Россию.,1
*Pour les étrangers en Fédération de Russie*,1
2 944 364 abonnés,1
*21 janvier 2025* .,1
Quel est le régime d’expulsion (Déportation) et comment fonctionnera-t-il ?,1
Le régime d’expulsion est un nouveau système de restrictions pour les étrangers qui vivent illégalement en Russie.  La procédure entrera en vigueur le *5 février 2025* .,1
*Comment cela fonctionnera?*,1
Le Ministère de l’Intérieur établira un registre des personnes contrôlées.  Cela inclura les étrangers qui n’ont aucune raison de se trouver en Russie.,1
"Le registre aidera à retrouver les contrevenants : les policiers demanderont toutes les données aux opérateurs de télécommunications(Мегафон, Билайн, Теле2, МТС, Юота..ect..., aux banques et à d'autres organisations.",1
"En *Mars 2025* , le registre sera publié sur le site Internet du ministère de l’Intérieur et mis à la disposition de tous les étrangers.",1
Quelles restrictions y aura-t-il ?,1
"Si un étranger qui est inscrit au registre, il ne pourra pas :",1
1.Acheter et enregistrer un bien immobilier (Maison) et une voiture ;,2
2. Obtenir un permis de conduire et conduire une voiture ;,1
3. Se faire enregistrer (l'enregistrement) au lieu de séjour ou de résidence ;,1
4. Ouvrir un compte bancaire;,1
5. Retirer plus de 30 000 RUB du compte bancaire  par mois ;,1
6.Se marier.,1
Qui sera affecté par le régime d’expulsion (Déportation )?,1
Citoyens étrangers qui n’ont plus de raisons de se trouver en Fédération de Russie.,1
Voici une liste de motifs courants d’expulsion.,1
"1. La durée de validité du permis de séjour temporaire, du permis de séjour permanent ou de l'autorisation de séjour temporaire est expirée ;",1
"2. Le visa, le permis de séjour temporaire ou le permis de séjour permanent a été annulé,",1
3. L’expulsion(déportation ) du pays a été ordonnée ;,1
4. L'asile temporaire des réfugiés ou le statut de réfugié a été refusé ;,1
5. Un étranger a commis un crime ;,1
6. La citoyenneté a cessé (expirée);,1
7. L'entrée en Russie est interdite (Déportation).,1
La traduction française établie par Mlle Vénéra Bessalah K.,1
null,1
"2/1/25, 10:42 AM - +7 991 975-74-16 joined using this group's invite link",1
"2/1/25, 10:42 AM - +7 920 248-49-96 joined using this group's invite link",1
"2/1/25, 10:42 AM - +7 977 367-52-99 joined using this group's invite link",1
"2/1/25, 10:42 AM - +7 925 583-31-85 joined using this group's invite link",1
"2/1/25, 10:43 AM - +7 977 498-41-76 joined using this group's invite link",1
"2/1/25, 10:44 AM - +973 3501 2295 joined using this group's invite link",1
"2/1/25, 10:47 AM - +7 925 459-85-91 joined using this group's invite link",1
"2/1/25, 10:47 AM - +7 991 597-59-95 joined using this group's invite link",1
"2/1/25, 10:48 AM - +7 977 912-01-52 joined using this group's invite link",1
"2/1/25, 10:50 AM - +7 977 282-80-51 joined using this group's invite link",1
"2/1/25, 10:51 AM - +7 928 437-28-38 joined using this group's invite link",1
"2/1/25, 10:58 AM - +7 967 254-55-30 joined using this group's invite link",1
Utilise ce lien pour intégrer mon groupe WhatsApp : https://chat.whatsapp.com/Gxlbc0sliFnJDCvY1IQsSB,1
"2/1/25, 11:06 AM - +237 6 99 16 29 75 joined using this group's invite link",1
"2/1/25, 11:09 AM - Desire Soldat joined using this group's invite link",1
"2/1/25, 11:10 AM - Josiane joined using this group's invite link",1
"2/1/25, 11:13 AM - +7 993 559-33-19 joined using this group's invite link",1
*Une femme enceinte raconte comment son ventre a été mystiquement attaqué (Photo)*,1
*Lire ici*👇🏾,1
*VIH : Voici les Pays Africains avec le grand nombre de personnes vivant avec le SIDA*,1
*Lire ici*👇🏾,1
"*TOGO : Bientôt des milliers d’emplois pour les jeunes, détails*",2
*Lire ici*👇🏾,1
"2/1/25, 11:20 AM - +7 996 505-46-96 joined using this group's invite link",1
"2/1/25, 11:20 AM - +7 912 085-71-04 joined using this group's invite link",1
"2/1/25, 11:23 AM - +7 911 909-13-83 joined using this group's invite link",1
"2/1/25, 11:49 AM - +7 901 796-99-95 joined using this group's invite link",1
"2/1/25, 11:50 AM - +237 6 91 26 47 76 joined using this group's invite link",1
"2/1/25, 11:53 AM - +7 999 095-76-81 joined using this group's invite link",1
"2/1/25, 11:54 AM - +7 991 972-26-44 joined using this group's invite link",1
🚨🚨Départ imminement urgemment confirmé,1
✈️✈️MOSCOU🇷🇺DOUALA🇨🇲✈️,1
*04.02.2025*,1
🇷🇺-🇨🇲23kilos disponibles,1
🇷🇺-🇨🇲 Envoyez vos documents,1
🇷🇺-🇨🇲 appareil électrique et petits colis.,1
IB: +79888341550,1
*VOUS FACILITER LA TÂCHE C'EST MON CREDO* 🫡,1
"2/1/25, 12:01 PM - +7 999 986-26-39 joined using this group's invite link",1
"2/1/25, 12:03 PM - +7 905 165-24-76 joined using this group's invite link",1
"2/1/25, 1:43 PM - ~ Eñøčk Lks 🥷🏾❤️‍🩹 was added",1
"2/1/25, 1:43 PM - +243 971 357 746 joined using this group's invite link",1
2  places disponible dans un appartement de  2 chambresau métro Schyoskosvkaya,1
🌹 1ere chambre pour  2 personnes reste  1 place,1
Loyer  11.000 rub/ mois,1
Commission  2000 rub,1
🌹2eme pour 3 personnes reste 1 place,1
Loyer  10.000rub/mois,1
Commission 2000 rub,1
NB ne m'appeler pas contacter ce numéro+7 977 662-19-26,1
"2/1/25, 2:48 PM - +228 91 31 28 62 joined using this group's invite link",1
2 places disponibles pour les garçons,1
Métro : domodedovskaya,1
"2/1/25, 2:57 PM - +237 6 93 22 88 63 joined using this group's invite link",1
"2/1/25, 2:59 PM - ~ Offman added ~ Мервей Пупина💕🙏",1
Cameroun🇨🇲——>Russie 🇷🇺✈️,1
1-Pour tout besoins des documents importants urgent au Cameroun,1
- besoin du bulletin no3 de l’extrait de casier judiciaire (inbox),1
- ⁠besoin du certificat de célibat (inbox),1
————————————————(2)l’égalisation de vos documents importants,1
-ministère des relations extérieurs,1
-Àmbassade de la Russie 🇷🇺,1
<diplômes de baccalauréat et de licence >,1
<extrait de casier judiciaire >,1
<certificat de célibat >,1
<Acte de naissance >,1
<Acte de mariage >,1
<Acte notarié >,1
<Attestation d’existence de la souche >,1
<Attestation d’omiciliation bancaire >,1
< Acte de naissance avec cours jugement >,1
<Autorisation parentale >,1
Et biens d’autres documents importants,2
—————————————————3- enroulement de vos passports,1
(Assistance passport),1
4- carnet jaune du centre pasteur de Yaoundé disponible,1
Exress 1h de temp,1
5- Assurence voyage disponibles,1
6- reservation et Achat du billet d’avion ✈️des prix bas,1
Billet d’avion Aller et retour toutes destinations posibilite du remboursement de votre billet d’avion retour,1
7- Assistance à toutes personnes en difficulté pour leurs procédure,1
- Allemagne 🇩🇪,1
- ⁠Belgique 🇧🇪,1
- ⁠Italie 🇮🇹,1
Et bien d’autres pays,2
8- l’égalisation de vos documents dans différentes ambassades au Cameroun 🇨🇲,1
9- expédition de vos,1
<Document >,1
<petit colis >,1
<kilo à vendre >,1
Russie 🇷🇺——->cameroun 🇨🇲,1
Cameroun🇨🇲——>Russie 🇷🇺,1
10- expédition de vos documents,1
-Congo Brazzaville  🇨🇬——>yde——>moscou 🇷🇺,1
⁠- Congo Kinshasa🇨🇩——>yde———>Moscou 🇷🇺,1
Nb: pour tout besoin d’informations concernant la documentation,1
(L’information c’est gratuite),1
Contact watsap MTN et ORANGE (cmr) +237,1
-693228863,1
-651215164,1
Toujours connecté 🛜🛜(7/7 )— (24/24),1
Si tu veux me rencontrer en face je suis basé à Yaoundé quartier 🏘️ ( Mendong en face de la gendarmerie Mendong) ou on ce rencontre au Minrex je suis toujours présent chaque jour de ce côté,1
"2/1/25, 3:59 PM - +7 996 135-46-10 joined using this group's invite link",1
Une place disponible pour une femme dans une chambre de deux femme plus de détails ib,1
"2/1/25, 4:49 PM - +7 920 920-68-95 joined using this group's invite link",1
*Tentative d’assassinat de Vladimir POUTINE par BIDEN : Voici la réaction de la Moscou*,1
*Lire ici*👇🏾,1
*VOYAGES : Kes Etats-Unis ajoutent deux pays de l’AES sur la liste noire américaine*,1
*Lire ici*👇🏾,1
*URGENT - Allemagne en deuil : décès de l’ancien président Horst Köhler*,1
*Lire ici*👇🏾,1
*Ibrahim TRAORÉ reçoit son passeport biométrique de l’AES (Photo)*,1
*Lire ici*👇🏾,1
*KHABY LAME : Le plus célèbre Tiktokeur au monde reçu au Palais par le président DIOMAYE FAYE (Photos)*,1
*Lire ici*👇🏾,1
*DONALD TRUMP est inarrêtable : Le nouveau président remodifie le sexe d’une femme transgenre (Photo & Vidéo)*,1
*Lire ici*👇🏾,1
"2/1/25, 6:09 PM - +7 919 728-29-89 joined using this group's invite link",1
Bonsoir a tous ici Momo,1
Je viens vous prévenir des danger actuellement les africains qui vivent au métro necrasovka faites très attention la police contre partout les sorties ils son très nombreux donc celui où celle qui n'est pas en règle et tu vie au métro necrasovka faire très attention 🛑🛑🛑🛑🛑🛑🛑🛑🛑🛑🛑🛑🛑🛑🛑🛑🛑🛑🛑🛑🛑🛑🛑🛑🛑🛑🛑🛑🛑🛑🛑🛑,1
"2/1/25, 7:24 PM - +7 900 365-26-41 joined using this group's invite link",1
Chantier de 9h30 à 17h 2800 rouble  besoin de 4 garçon,1
Disponible,1
"2/1/25, 8:21 PM - Shine joined using this group's invite link",1
Disponible,1
🔐🔐🔐🔐,1
À Moscou il y à beaucoup des berbères 😅😅😅,1
HEIN MERDE,1
Je te dis 😂,2
T’avais compris ça aussi.? 🤣🤣,2
HEIN MERDE,1
Place disponible pour 2 filles non loin du metro,1
Chambre disponible non loin du metro,1
"2/1/25, 8:46 PM - +7 991 120-66-50 joined using this group's invite link",1
Chambre disponible de 20 mille rouble non loin du metro,1
Cameroun🇨🇲——>Russie 🇷🇺✈️,1
1-Pour tout besoins des documents importants urgent au Cameroun,1
- besoin du bulletin no3 de l’extrait de casier judiciaire (inbox),1
- ⁠besoin du certificat de célibat (inbox),1
————————————————(2)l’égalisation de vos documents importants,1
-ministère des relations extérieurs,1
-Àmbassade de la Russie 🇷🇺,1
<diplômes de baccalauréat et de licence >,1
<extrait de casier judiciaire >,1
<certificat de célibat >,1
<Acte de naissance >,1
<Acte de mariage >,1
<Acte notarié >,1
<Attestation d’existence de la souche >,1
<Attestation d’omiciliation bancaire >,1
< Acte de naissance avec cours jugement >,1
<Autorisation parentale >,1
Et biens d’autres documents importants,2
—————————————————3- enroulement de vos passports,1
(Assistance passport),1
4- carnet jaune du centre pasteur de Yaoundé disponible,1
Exress 1h de temp,1
5- Assurence voyage disponibles,1
6- reservation et Achat du billet d’avion ✈️des prix bas,1
Billet d’avion Aller et retour toutes destinations posibilite du remboursement de votre billet d’avion retour,1
7- Assistance à toutes personnes en difficulté pour leurs procédure,1
- Allemagne 🇩🇪,1
- ⁠Belgique 🇧🇪,1
- ⁠Italie 🇮🇹,1
Et bien d’autres pays,2
8- l’égalisation de vos documents dans différentes ambassades au Cameroun 🇨🇲,1
9- expédition de vos,1
<Document >,1
<petit colis >,1
<kilo à vendre >,1
Russie 🇷🇺——->cameroun 🇨🇲,1
Cameroun🇨🇲——>Russie 🇷🇺,1
10- expédition de vos documents,1
-Congo Brazzaville  🇨🇬——>yde——>moscou 🇷🇺,1
⁠- Congo Kinshasa🇨🇩——>yde———>Moscou 🇷🇺,1
Nb: pour tout besoin d’informations concernant la documentation,1
(L’information c’est gratuite),1
Contact watsap MTN et ORANGE (cmr) +237,1
-693228863,1
-651215164,1
Toujours connecté 🛜🛜(7/7 )— (24/24),1
Si tu veux me rencontrer en face je suis basé à Yaoundé quartier 🏘️ ( Mendong en face de la gendarmerie Mendong) ou on ce rencontre au Minrex je suis toujours présent chaque jour de ce côté,1
🚨🚨🚨 1 place is available for a man . 15 minutes to bulvar Dmitry donskogo . +79687107286,1
Départ prévue le 05 Février,1
(yde - moscou - Saint Petersburg,1
-expedition uniquements de vos documents,1
(Inbox),1
"2/2/25, 12:19 AM - +233 25 646 3267 joined using this group's invite link",1
‎Suivez ce lien pour intégrer mon Groupe WhatsApp  : https://chat.whatsapp.com/Ek2dQglBBqI4DYeasVCavi,1
"2/2/25, 2:32 AM - +974 6629 8630 joined using this group's invite link",1
"2/2/25, 10:59 AM - +237 6 70 68 42 65 joined using this group's invite link",1
Appartement à louer (2 chambres isolées),1
Personne n'a vécu,1
Prix: 65.000,1
Caution: 65.000 (divisé en deux mois),1
Commission: 80%,1
Adresse: Suburban Highway 16 (Misailovo),1
"2/2/25, 11:24 AM - +7 901 521-98-59 joined using this group's invite link",1
Cameroun🇨🇲——>Russie 🇷🇺✈️,1
1-Pour tout besoins des documents importants urgent au Cameroun,1
- besoin du bulletin no3 de l’extrait de casier judiciaire (inbox),1
- ⁠besoin du certificat de célibat (inbox),1
————————————————(2)l’égalisation de vos documents importants,1
-ministère des relations extérieurs,1
-Àmbassade de la Russie 🇷🇺,1
<diplômes de baccalauréat et de licence >,1
<extrait de casier judiciaire >,1
<certificat de célibat >,1
<Acte de naissance >,1
<Acte de mariage >,1
<Acte notarié >,1
<Attestation d’existence de la souche >,1
<Attestation d’omiciliation bancaire >,1
< Acte de naissance avec cours jugement >,1
<Autorisation parentale >,1
Et biens d’autres documents importants,2
—————————————————3- enroulement de vos passports,1
(Assistance passport),1
4- carnet jaune du centre pasteur de Yaoundé disponible,1
Exress 1h de temp,1
5- Assurence voyage disponibles,1
6- reservation et Achat du billet d’avion ✈️des prix bas,1
Billet d’avion Aller et retour toutes destinations posibilite du remboursement de votre billet d’avion retour,1
7- Assistance à toutes personnes en difficulté pour leurs procédure,1
- Allemagne 🇩🇪,1
- ⁠Belgique 🇧🇪,1
- ⁠Italie 🇮🇹,1
Et bien d’autres pays,2
8- l’égalisation de vos documents dans différentes ambassades au Cameroun 🇨🇲,1
9- expédition de vos,1
<Document >,1
<petit colis >,1
<kilo à vendre >,1
Russie 🇷🇺——->cameroun 🇨🇲,1
Cameroun🇨🇲——>Russie 🇷🇺,1
10- expédition de vos documents,1
-Congo Brazzaville  🇨🇬——>yde——>moscou 🇷🇺,1
⁠- Congo Kinshasa🇨🇩——>yde———>Moscou 🇷🇺,1
Nb: pour tout besoin d’informations concernant la documentation,1
(L’information c’est gratuite),1
Contact watsap MTN et ORANGE (cmr) +237,1
-693228863,1
-651215164,1
Toujours connecté 🛜🛜(7/7 )— (24/24),1
Si tu veux me rencontrer en face je suis basé à Yaoundé quartier 🏘️ ( Mendong en face de la gendarmerie Mendong) ou on ce rencontre au Minrex je suis toujours présent chaque jour de ce côté,1
Une place disponible pour une femme dans une chambre de deux femme plus de détails ib,1
Bon dimanche a toute la famille africaine en Russie!,1
Pour ceux qui veulent maitriser la langue de Poutine https://vk.com/wall-194810098_450,1
"Deux place disponible dans une chambre au métro Domodedovskaya, la place est à 10000rouble",1
"600 000 roubles disponibles , besoin du fcfa. Intéressé ib.    NB: taux Google",1
"2/2/25, 8:36 PM - …Work joined using this group's invite link",1
Déjà pris,1
30 jours pour maitriser la langue russe par des exercices simples et efficaces! Cest pas la magie,1
*Une vidéo bouleversante des derniers instants d’un soldat congolais secoue le web (Vidéo)*,1
*Lire ici*👇🏾,1
*Barack OBAMA accusé d’infidélité : Voici la décision surprenante de sa femme MICHELLE*,1
*Lire ici*👇🏾,1
*EGYPTE : Violent incendie au canal de Suez (Vidéo)*,1
*Lire ici*👇🏾,1
*Ce pays africain débourse près de 630 Milliards pour acheter deux puissants satellites espions*,1
*Lire ici*👇🏾,1
*SOGBOSSITO : Un togolais agressé à mort dans un restaurant Diallo par des cuisiniers guinéens (Vidéo)*,1
*Lire ici*👇🏾,1
30 jours pour maitriser la langue russe par des exercices simples et efficaces! Cest pas la magie,1
‼️Annonce de travail sur Moscou ‼️,1
‼️Uniquement pour les hommes ‼️,1
Uniquement pour ceux qui ont des documents à jour. Minimum visa étudiant. 💯💯,1
Travaille de tous les jours de 18h à 02h du matin. 8h de temps de travail. Rien de difficile pour un homme . Pas de chargement ou déchargement. Tout est simple à faire.,1
Paiement 3000 et 3300/ jours.,1
"Transport , nutrition et logement gratuits .",1
"Комплектовщик:c’est à dire que vous êtes appelés à rassembler des commandes dans l’entrepôt. ( pain , gâteau, sandwich bref la nourriture. )",1
Le travail se fait sur la base d’un contrat de travail écrit et signé et non verbale.,1
Cameroun🇨🇲——>Russie 🇷🇺✈️,1
1-Pour tout besoins des documents importants urgent au Cameroun,1
- besoin du bulletin no3 de l’extrait de casier judiciaire (inbox),1
- ⁠besoin du certificat de célibat (inbox),1
————————————————(2)l’égalisation de vos documents importants,1
-ministère des relations extérieurs,1
-Àmbassade de la Russie 🇷🇺,1
<diplômes de baccalauréat et de licence >,1
<extrait de casier judiciaire >,1
<certificat de célibat >,1
<Acte de naissance >,1
<Acte de mariage >,1
<Acte notarié >,1
<Attestation d’existence de la souche >,1
<Attestation d’omiciliation bancaire >,1
< Acte de naissance avec cours jugement >,1
<Autorisation parentale >,1
Et biens d’autres documents importants,2
—————————————————3- enroulement de vos passports,1
(Assistance passport),1
4- carnet jaune du centre pasteur de Yaoundé disponible,1
Exress 1h de temp,1
5- Assurence voyage disponibles,1
6- reservation et Achat du billet d’avion ✈️des prix bas,1
Billet d’avion Aller et retour toutes destinations posibilite du remboursement de votre billet d’avion retour,1
7- Assistance à toutes personnes en difficulté pour leurs procédure,1
- Allemagne 🇩🇪,1
- ⁠Belgique 🇧🇪,1
- ⁠Italie 🇮🇹,1
Et bien d’autres pays,2
8- l’égalisation de vos documents dans différentes ambassades au Cameroun 🇨🇲,1
9- expédition de vos,1
<Document >,1
<petit colis >,1
<kilo à vendre >,1
Russie 🇷🇺——->cameroun 🇨🇲,1
Cameroun🇨🇲——>Russie 🇷🇺,1
10- expédition de vos documents,1
-Congo Brazzaville  🇨🇬——>yde——>moscou 🇷🇺,1
⁠- Congo Kinshasa🇨🇩——>yde———>Moscou 🇷🇺,1
Nb: pour tout besoin d’informations concernant la documentation,1
(L’information c’est gratuite),1
Contact watsap MTN et ORANGE (cmr) +237,1
-693228863,1
-651215164,1
Toujours connecté 🛜🛜(7/7 )— (24/24),1
Si tu veux me rencontrer en face je suis basé à Yaoundé quartier 🏘️ ( Mendong en face de la gendarmerie Mendong) ou on ce rencontre au Minrex je suis toujours présent chaque jour de ce côté,1
null,1
Départ prévue le 09 février,1
Départ prévue le 13 février,1
Départ prévue le 14 février,1
Briansk’s —- moscou- dla - yde ( 23 kilo disponible),1
Yaroslav - moscou— Dla — Yde ( 23 kilo disponible),1
Moscou—-  Dla —- Yde — ( 23 kilo disponible),1
-1 kilo ——-> 600 roubles,1
-expédition de vos Documents,1
- expedition de vos appareils,1
- ⁠expédition de vos bouteilles de votka,1
- ⁠expédition de vos Petit colis 📦,1
30 jours pour maitriser la langue russe par des exercices simples et efficaces! Cest pas la magie,1
Waiting for this message,1
‼️Annonce de travail sur Moscou ‼️,1
‼️Uniquement pour les hommes ‼️,1
Uniquement pour ceux qui ont des documents à jour. Minimum visa étudiant. 💯💯,1
Travaille de tous les jours de 18h à 02h du matin. 8h de temps de travail. Rien de difficile pour un homme . Pas de chargement ou déchargement. Tout est simple à faire.,1
Paiement 3000 et 3300/ jours.,1
Deux fois par mois le paiement!!! Chaque le 10 et 25 . Un jour ne passe pas.,1
Vous aurez une carte bancaire pour le salaire.,1
"Transport , nutrition et logement gratuits .",1
"Комплектовщик:c’est à dire que vous êtes appelés à rassembler des commandes dans l’entrepôt. ( pain , gâteau, sandwich bref la nourriture. )",1
Le travail se fait sur la base d’un contrat de travail écrit et signé et non verbale. <This message was edited>,1
30 jours pour maitriser la langue russe par des exercices simples et efficaces! Cest pas la magie,1
Une place disponible pour une fille dans une chambre de deux filles 12mill avec la facture,1
🚨🚨🚨 1 place is available for a man . 15 minutes to bulvar Dmitry donskogo . +79687107286,1
30 jours pour maitriser la langue russe par des exercices simples et efficaces! Cest pas la magie,1
✈️✈️✈️✈️✈️✈️✈️✈️✈️✈️✈️✈️,1
Départ le 9/02/2025,1
Douala🇨🇲 -Moscou 🇷🇺,1
23kg disponible,1
Nous prenons aussi vos documents,1
Nb. Visa privé,1
Intéressé inbox,1
Appartement à louer (2 chambres isolées),1
Personne n'a vécu,1
Prix: 65.000,1
Caution: 65.000 (divisé en deux mois),1
Commission: 80%,1
Adresse: Suburban Highway 16 (Misailovo),1
Départ prévue le 05 février,1
( yde-moscou- Saint Petersburg,1
- expedition de vos documents uniquements,1
Nb : réception des documents Aujourd’hui,1
Chambre 25 mille rouble disponible non loin du metro,1
"2/3/25, 11:10 AM - +7 904 363-22-17 joined using this group's invite link",1
*RWANDA : Très mauvaise nouvelle pour PAUL KAGAMÉ (Photo)*,1
*Lire ici*👇🏾,1
*Voici le Top 5 des pays Africains avec les plus grandes flottes d’hélicoptères d’attaque en 2025*,1
*Lire ici*👇🏾,1
*Un faux avocat arrêté alors qu'il s’est fait passer pour un avocat décédé (Vidéo)*,1
*Lire ici*👇🏾,1
*La jeunesse tchadienne appelle Mahamat Idriss Déby à faire tout pour rejoindre l’AES (Vidéo)*,1
*Lire ici*👇🏾,1
*Nouvel incident aérien aux USA : Le moteur d'un avion a pris feu (Vidéo)*,1
*Lire ici*👇🏾,1
Hmmm commission la,1
On peux négocier 😂😂,2
Bonjour a tous s il vous plaît je recherche une place dans une chambre a saint Petersburg. Urgence!!!! <This message was edited>,1
Merci à tous ceux qui continue de nous faire confiance pour leur transfert d'argent 🙏,2
Départ prévue le 05 février,1
(Yde — Moscou — Petersburg),1
- expedition uniquements des documents,1
Nb: délai de réception des documents aujourd’hui,1
Je suis déjà avec le voyageur,1
*700 morts et 2800 blessés : Découvrez la situation à GOMA au matin du 3 février*,1
*Lire ici*👇🏾,1
*Voici l’unique aéroport Africain qui vous relie à tous les 6 continents habités*,1
*Lire ici*👇🏾,1
*DERNIÈRE MINUTE : L’Alliance des États du Sahel (AES) va instaurer le Visa pour les voyageurs étrangers sur son territoire*,1
*Lire ici*👇🏾,1
*ÉTATS-UNIS : La police arrête un des 10 fugitifs les plus recherchés par le FBI et le plus dangereux d'Amérique (VIDÉO)*,1
*Lire ici*👇🏾,1
"2/3/25, 9:44 PM - Martial added Gaius Bounga Kwagne",1
Bonjour et bon mardi famille,1
null,1
‎Open this link to join my WhatsApp Group: https://chat.whatsapp.com/GoKFgAM6o1a4obI780cQwP,1
Depart prévu le 12 fevrier.,1
Moscou🇷🇺===> yaoundé 🇨🇲. 23 kilogrammes disponible.,1
Pas de petit colis ni de téléphone passeport etc.,1
NB:23kilos disponible prix ib.,1
Départ prévue demain le 05 février 2025,1
( yde- moscou- Saint Petersburg 🇷🇺),1
- expédition uniquement de vos documents,1
Nb; je suis disponible pour récupérer aujourd’hui,1
Cameroun🇨🇲——>Russie 🇷🇺✈️,1
1-Pour tout besoins des documents importants urgent au Cameroun,1
- besoin du bulletin no3 de l’extrait de casier judiciaire (inbox),1
- ⁠besoin du certificat de célibat (inbox),1
————————————————(2)l’égalisation de vos documents importants,1
-ministère des relations extérieurs,1
-Àmbassade de la Russie 🇷🇺,1
<diplômes de baccalauréat et de licence >,1
<extrait de casier judiciaire >,1
<certificat de célibat >,1
<Acte de naissance >,1
<Acte de mariage >,1
<Acte notarié >,1
<Attestation d’existence de la souche >,1
<Attestation d’omiciliation bancaire >,1
< Acte de naissance avec cours jugement >,1
<Autorisation parentale >,1
Et biens d’autres documents importants,2
—————————————————3- enroulement de vos passports,1
(Assistance passport),1
4- carnet jaune du centre pasteur de Yaoundé disponible,1
Exress 1h de temp,1
5- Assurence voyage disponibles,1
6- reservation et Achat du billet d’avion ✈️des prix bas,1
Billet d’avion Aller et retour toutes destinations posibilite du remboursement de votre billet d’avion retour,1
7- Assistance à toutes personnes en difficulté pour leurs procédure,1
- Allemagne 🇩🇪,1
- ⁠Belgique 🇧🇪,1
- ⁠Italie 🇮🇹,1
Et bien d’autres pays,2
8- l’égalisation de vos documents dans différentes ambassades au Cameroun 🇨🇲,1
9- expédition de vos,1
<Document >,1
<petit colis >,1
<kilo à vendre >,1
Russie 🇷🇺——->cameroun 🇨🇲,1
Cameroun🇨🇲——>Russie 🇷🇺,1
10- expédition de vos documents,1
-Congo Brazzaville  🇨🇬——>yde——>moscou 🇷🇺,1
⁠- Congo Kinshasa🇨🇩——>yde———>Moscou 🇷🇺,1
Nb: pour tout besoin d’informations concernant la documentation,1
(L’information c’est gratuite),1
Contact watsap MTN et ORANGE (cmr) +237,1
-693228863,1
-651215164,1
Toujours connecté 🛜🛜(7/7 )— (24/24),1
Si tu veux me rencontrer en face je suis basé à Yaoundé quartier 🏘️ ( Mendong en face de la gendarmerie Mendong) ou on ce rencontre au Minrex je suis toujours présent chaque jour de ce côté,1
❤️‍🔥,1
Place disponible pour 2 garçon non loin du metro,1
Utilise ce lien pour intégrer mon groupe WhatsApp : https://chat.whatsapp.com/Gxlbc0sliFnJDCvY1IQsSB,1
3 places disponibles pour filles,1
Prix: 10.000r/ mois,1
Commission: 3.000,1
Caution: ❌,1
"N.B: L'appartement est nouveau, jamais habité",1
Moins de Bagages s'il vous plait,1
🚨🚨🚨 A room and  space is available . 15 minutes to bulvar Dmitry donskogo . +79687107286,1
Départ prévue le 05 février,1
(Yde — Moscou — Petersburg),1
- expedition uniquements des documents,1
Nb: délai de réception des documents aujourd’hui,1
Je suis déjà avec le voyageur,1
La vie c’est question de temps,1
- determination,1
- ⁠volonté,1
- ⁠courage,1
"Débutant cours d’allemand 🇩🇪 en ligne (online) préparation pour vos différents examens par niveau de l’institut Goethe ( A1 ,A2,  B1 , B2)",1
Nb: le secret pour immigrer en Allemagne 🇩🇪  c’est d’avoir un niveau de langue bien précis 50% de votre procédure est concentré sur la langue,2
Les Inscriptions pour les cours ont déjà débuté pour ceux qui ont de la volonté la détermination,1
Russie 🇷🇺 ——> Allemagne 🇩🇪 garantie à 100 % pour celui qui est éligible,1
‎Suivez ce lien pour intégrer mon Groupe WhatsApp  : https://chat.whatsapp.com/Ek2dQglBBqI4DYeasVCavi,1
Une place disponible pour une fille dans une chambre de deux filles 12mill avec la facture,1
🌍 Prêt pour un voyage à l'étranger en 2025 ? Ne pars pas à l'aventure sans connaître ces 6 astuces essentielles qui feront la différence !,1
"🚀 Dans cette vidéo, je vais te dévoiler les secrets pour réussir ton voyage, qu’il s’agisse de préparation administrative, de gestion du budget, ou encore de la découverte de ta nouvelle destination.",1
"Tu veux savoir comment éviter les erreurs courantes et partir serein(e) ? Alors, cette vidéo est faite pour toi !",1
"🌟 Et bien plus encore ! Si tu prévois de partir en 2025, cette vidéo est ton guide ultime pour ne rien oublier et éviter les mauvaises surprises.",2
"🚨 N'oublie pas de t'abonner pour ne pas manquer d'autres vidéos pratiques sur le voyage, l'expatriation et la gestion de la vie à l'étranger.",1
"PLACE DISPONIBLE POUR GARÇON dans une chambre de 3 personnes à 15 munites du MÉTRO BOULEVARD DMITRIA DONSKOVO, BUS PAYANT 1224 sortie 6 intéressé inbox",1
‎Suivez ce lien pour intégrer mon Groupe WhatsApp  : https://chat.whatsapp.com/Ek2dQglBBqI4DYeasVCavi,1
‎Open this link to join my WhatsApp Group: https://chat.whatsapp.com/GoKFgAM6o1a4obI780cQwP,1
🚨🚨Départ imminement urgemment confirmé,1
✈️✈️MOSCOU🇷🇺DOUALA🇨🇲✈️,1
*06.02.2025*,1
🇷🇺-🇨🇲23kilos disponibles,1
🇷🇺-🇨🇲 Envoyez vos documents,1
🇷🇺-🇨🇲 appareil électrique et petits colis.,1
IB: +79888341550,1
*VOUS FACILITER LA TÂCHE C'EST MON CREDO* 🫡,1
Depart prévue du 09 février,1
Départ prévue du 14 février,1
23 kilo X 3 disponible,1
1kilo ——> 600  roubles,1
23 kilo —- 10 000 roubles,1
Réception des colis à moscou,1
(Moscou —-Dla— yde),1
Nb: la personne descend au Cameroun 🇨🇲,1
Allemagne 🇩🇪 c’est deux programmes,1
1- programme Étude,1
2- programme formation professionnelle,1
Allemagne 🇩🇪 pas de visa touriste impossible,1
Si tu est en Afrique tu dois avoir un niveau de langue b2,1
Si tu est en Russie 🇷🇺tu dois avoir un niveau de langue,1
A2 ou B1,1
Merci,2
Mais ça ne réponds pas à ma question,1
Ne viens pas en Russie en touriste 😒,1
Quelle question?,1
Pour le départ norrrr,1
Où bien,2
Non chercher un autre pays,1
Ok,1
Merci pour le conseil,2
La Russie est trop compliqué maintenant,1
Ok,1
Pourquoi ne pas ce concentré sur l”Allemagne 🇩🇪,1
Si tu est au Cameroun il y’a des centre pour apprendre la langue,1
La Russie c l’enfer 🔥🔥🔥🔥,1
Effectivement la jungle,1
Chacuns est dans son schéma la bas,1
Je te conseille de te chercher ailleurs,1
Si tu viens en Russie tu v mourir pauvre 🤣,2
D’accord merci beaucoup,2
Et ceux qui voyagent là sont les extras???? Bref,1
Quelle âge,1
Ok merci,2
"2/5/25, 3:35 AM - +7 995 266-13-10 joined using this group's invite link",1
*Conflit en RDC : Un bilan dramatique de près de 800 morts et 3000 blessés à GOMA*,1
*Lire ici*👇🏾,1
*RÉVÉLATION CHOC : Un homme séropositif avoue avoir couché sans protection avec près de 1000 femmes (Photo)*,1
*Lire ici*👇🏾,1
"*AES Airlines : bientôt une compagnie aérienne pour des vols entre Bamako, Ouagadougou et Niamey*",2
*Lire ici*👇🏾,1
*La Chine va sanctionner sévèrement les produits américains : Voici pourquoi*,1
*Lire ici*👇🏾,1
*La France délocalise la fabrication de ses tenues militaires dans ce pays Africain: Les raisons…*,1
*Lire ici*👇🏾,1
*Scandale au CAMEROUN : Les vidéos sextape de plusieurs élèves fuitent sur la toile (Vidéo)*,1
*Lire ici*👇🏾,1
"*Moov Africa Bénin condamné à payer plus d’1,5 milliard FCFA, les raisons*",1
*Lire ici*👇🏾,1
"*GUERRE en RDC : Cyrille RAMAPHOSA, le président sud-africain envoie un message inattendu à Félix TSHISEKEDI*",1
*Lire ici*👇🏾,1
null,1
Pour arriver à Moscou ? <This message was edited>,1
🚨🚨🚨 Permanent restaurant job  in the night is available for a lady. Payment 3000 rub . 22:00-10:00. +79687107286,1
Cameroun🇨🇲——>Russie 🇷🇺✈️,1
1-Pour tout besoins des documents importants urgent au Cameroun,1
- besoin du bulletin no3 de l’extrait de casier judiciaire (inbox),1
- ⁠besoin du certificat de célibat (inbox),1
————————————————(2)l’égalisation de vos documents importants,1
-ministère des relations extérieurs,1
-Àmbassade de la Russie 🇷🇺,1
<diplômes de baccalauréat et de licence >,1
<extrait de casier judiciaire >,1
<certificat de célibat >,1
<Acte de naissance >,1
<Acte de mariage >,1
<Acte notarié >,1
<Attestation d’existence de la souche >,1
<Attestation d’omiciliation bancaire >,1
< Acte de naissance avec cours jugement >,1
<Autorisation parentale >,1
Et biens d’autres documents importants,2
—————————————————3- enroulement de vos passports,1
(Assistance passport),1
4- carnet jaune du centre pasteur de Yaoundé disponible,1
Exress 1h de temp,1
5- Assurence voyage disponibles,1
6- reservation et Achat du billet d’avion ✈️des prix bas,1
Billet d’avion Aller et retour toutes destinations posibilite du remboursement de votre billet d’avion retour,1
7- Assistance à toutes personnes en difficulté pour leurs procédure,1
- Allemagne 🇩🇪,1
- ⁠Belgique 🇧🇪,1
- ⁠Italie 🇮🇹,1
Et bien d’autres pays,2
8- l’égalisation de vos documents dans différentes ambassades au Cameroun 🇨🇲,1
9- expédition de vos,1
<Document >,1
<petit colis >,1
<kilo à vendre >,1
Russie 🇷🇺——->cameroun 🇨🇲,1
Cameroun🇨🇲——>Russie 🇷🇺,1
10- expédition de vos documents,1
-Congo Brazzaville  🇨🇬——>yde——>moscou 🇷🇺,1
⁠- Congo Kinshasa🇨🇩——>yde———>Moscou 🇷🇺,1
Nb: pour tout besoin d’informations concernant la documentation,1
(L’information c’est gratuite),1
Contact watsap MTN et ORANGE (cmr) +237,1
-693228863,1
-651215164,1
Toujours connecté 🛜🛜(7/7 )— (24/24),1
Si tu veux me rencontrer en face je suis basé à Yaoundé quartier 🏘️ ( Mendong en face de la gendarmerie Mendong) ou on ce rencontre au Minrex je suis toujours présent chaque jour de ce côté,1
🚨🚨🚨 A room and  space is available . Many state buses ( blue )  to bulvar Dmitry donskogo (15 minutes) . +79687107286,1
1place disponible pour fille dans une chambre de deux fille à scherbika 15min en bus des metro annino ou Dimitri à  11mille,1
*Technologie du futur : Un pays africain veut sauter directement à la 6G*,1
*Lire ici*👇🏾,1
*Une offre jamais vue : Ce pays se propose d’accueillir des prisonniers Américains sur son territoire (Vidéo)*,1
*Lire ici*👇🏾,1
*AFRIQUE : Des Chrétiens protestants poursuivis en justice pour avoir prié en privé (Vidéo - Photos)*,1
*Lire ici*👇🏾,1
"*FRANCE : Sous pression en Europe et viré du Sahel, le président Macron s’offre de nouvelles armes (Vidéos)*",1
*Lire ici*👇🏾,1
"*L’AES lance son propre réseau télécom après son départ de la CEDEAO, détails*",1
*Lire ici*👇🏾,1
"*FRANCE: agression sexuelle d'une fillette de 12 ans, le verdict tombe pour le violeur (Photo)*",1
*Lire ici*👇🏾,1
"*TOGO : Coup dur pour 14 opposants togolais condamnés à 10 ans de prison , il s’agit de…*",1
*Lire ici*👇🏾,1
*Les pays de l’AES quittent la CEDEAO : Voici ce qui va se passer maintenant*,1
*Lire ici*👇🏾,1
null,1
Utilise ce lien pour intégrer mon groupe WhatsApp : https://chat.whatsapp.com/Gxlbc0sliFnJDCvY1IQsSB,1
null,1
Bsr ici,1
Bonsoir Beauté,1
🙏🏻🙏🏻🙏🏻,1
Comment tu vas,1
Mal l’envie de manger le beignet haricots bouilli 😄,1
Mais u peux le faire maison nor,1
Viens a Bafoussam me trouver,1
😂😂,2
Que qui à rationner??,1
Il ya tout au marche Africain,1
Non avec la poussière les temps si à fessap,1
Mais toi bien sur,2
Tu es dans quelle ville,1
Je le fais tous les jours aujourd’hui je suis en incapacité,1
C est que u ne veux pas vraiment mange,1
Si je n’es pas je vole???? Hummmmm,1
C est tjrs quelque chose mais avec tous les  boulots ici a moscou u na pas besoin de vole,1
Toi depuis que je suis dans ce groupe tu as toujours un problème de famine. Tu n’exagères pas unpeu?,0
Le pays ne blague pas,1
Lol,1
😂😂😂,2
Je ment ?,1
Qui a dit que tu ment massa,1
Tu as raison,1
Reviens je suis déjà là,1
Je suis la,1
Massah,1
Pardon Sussu dis nous 🖖 néanmoins dis moi ✍🏽 je te dois????,1
Nn tu ne me dois ooh,1
C'est pas ce que tu crois je peu tout expliquer oupsss désolé 🏃‍♂️ 🏃‍♂️ 🏃‍♂️ 🏃‍♂️,1
😂😂😂,2
Je t’aime aussi,1
❤️,1
Lol,1
Tu ne m'aime plus ? 😏,1
🚨🚨🚨🚨🚨🚨🚨🚨🚨🚨🚨🚨🚨🚨🚨🚨🚨🚨🚨 Depart confirmé,1
Moscou ——— Douala,1
10 fevrier 2024,1
✅ 15 kg disponible,1
"✅ Envoyez vos telephones, laptop, planchettes etc...",1
"✅ Envoyez vos documents ( invitation, diplomes etc...)",1
Yan travel ✈️,1
Cameroun🇨🇲——>Russie 🇷🇺✈️,1
1-Pour tout besoins des documents importants urgent au Cameroun,1
- besoin du bulletin no3 de l’extrait de casier judiciaire (inbox),1
- ⁠besoin du certificat de célibat (inbox),1
————————————————(2)l’égalisation de vos documents importants,1
-ministère des relations extérieurs,1
-Àmbassade de la Russie 🇷🇺,1
<diplômes de baccalauréat et de licence >,1
<extrait de casier judiciaire >,1
<certificat de célibat >,1
<Acte de naissance >,1
<Acte de mariage >,1
<Acte notarié >,1
<Attestation d’existence de la souche >,1
<Attestation d’omiciliation bancaire >,1
< Acte de naissance avec cours jugement >,1
<Autorisation parentale >,1
Et biens d’autres documents importants,2
—————————————————3- enroulement de vos passports,1
(Assistance passport),1
4- carnet jaune du centre pasteur de Yaoundé disponible,1
Exress 1h de temp,1
5- Assurence voyage disponibles,1
6- reservation et Achat du billet d’avion ✈️des prix bas,1
Billet d’avion Aller et retour toutes destinations posibilite du remboursement de votre billet d’avion retour,1
7- Assistance à toutes personnes en difficulté pour leurs procédure,1
- Allemagne 🇩🇪,1
- ⁠Belgique 🇧🇪,1
- ⁠Italie 🇮🇹,1
Et bien d’autres pays,2
8- l’égalisation de vos documents dans différentes ambassades au Cameroun 🇨🇲,1
9- expédition de vos,1
<Document >,1
<petit colis >,1
<kilo à vendre >,1
Russie 🇷🇺——->cameroun 🇨🇲,1
Cameroun🇨🇲——>Russie 🇷🇺,1
10- expédition de vos documents,1
-Congo Brazzaville  🇨🇬——>yde——>moscou 🇷🇺,1
⁠- Congo Kinshasa🇨🇩——>yde———>Moscou 🇷🇺,1
Nb: pour tout besoin d’informations concernant la documentation,1
(L’information c’est gratuite),1
Contact watsap MTN et ORANGE (cmr) +237,1
-693228863,1
-651215164,1
Toujours connecté 🛜🛜(7/7 )— (24/24),1
Si tu veux me rencontrer en face je suis basé à Yaoundé quartier 🏘️ ( Mendong en face de la gendarmerie Mendong) ou on ce rencontre au Minrex je suis toujours présent chaque jour de ce côté,1
🚨🚨🚨Permanent restaurant job  . Time 08:00-18:30. Payment 3000 rub. +79687107286,1
Besoin d'une fille maintenant travail permanent 2800 par jour lave vaisselle payement après chaque deux semaines interressé ib si tu est a jour,1
Fermé,1
Appartement à louer (2 chambres isolées),1
Personne n'a vécu,1
Prix: 65.000,1
Caution: 65.000 (divisé en deux mois),1
Commission: 80%,1
Adresse: Suburban Highway 16 (Misailovo),1
3 places disponibles pour filles,1
Prix: 10.000r/ mois,1
Commission: 3.000,1
Caution: ❌,1
"N.B: L'appartement est nouveau, jamais habité",1
Moins de Bagages s'il vous plait,1
Départ prévue demain,1
Le 7 février (Dla🇨🇲 — Moscou),1
.,1
-23 kilo disponible,1
-  expédition de vos documents,1
-expédition de vos appareils,1
Départ prévue le 10 février,1
( Dla 🇨🇲— Moscou🇷🇺 - briansk,1
- 23 kilo disponible,1
- ⁠expédition de vos documents,1
- ⁠expédition de vos appareils,1
Depart prévu le 12 fevrier.,1
Moscou🇷🇺===> yaoundé 🇨🇲. 23 kilogrammes disponible.,1
Pas de petit colis ni de téléphone passeport etc.,1
NB:23kilos disponible prix ib.,1
Espace de couchage disponible à la location,1
À 9000 roubles par mois à 7 minutes à pied du métro 🚇….la personne intéressée doit m'envoyer un message privé,1
Chambre 25 mille rouble disponible non loin du metro,1
Départ prévue demain,1
Le 7 février (Dla🇨🇲 — Moscou),1
.,1
-23 kilo disponible,1
-  expédition de vos documents,1
-expédition de vos appareils,1
Départ prévue le 10 février,1
( Dla 🇨🇲— Moscou🇷🇺 - briansk,1
- 23 kilo disponible,1
- ⁠expédition de vos documents,1
- ⁠expédition de vos appareils,1
Arrêtes de distraire les gens,1
Fou le camp,1
Besoin d'une place pour un garson dans une chambre au métro Parnas,1
Si au moins tu avais une photo de profil je pouvais te répondre bonne fête de la jeunesse à toi mon jeune frère,1
Bonsoir la famille S'il vous plaît besoin non loin du métro d'une chambre,1
Good day sir/ ma please help repost God bless you all 🙏🙏🙏,1
"2/6/25, 5:59 PM - +7 996 967-49-48 joined using this group's invite link",1
Place disponible pour une fille,1
Russia 🇷🇺———-> Cameroun 🇨🇲,1
1-Pour tout besoin de ses documents au Cameroun 🇨🇲,1
- extrait de casier judiciaire,1
- ⁠certification de célibat,1
- ⁠et bien d’autres documents,2
( inbox),1
2-besoin de l’égalisations de vos documents,1
- ministère des relations extérieurs,1
- ⁠Ambassade de la Russie 🇷🇺,1
Et dans d’autres Ambassades,1
(Inbox),1
Place disponible pour femme dans une chambre de deux femme,1
Départ prévue le 13 février,1
( yde — Dla —- moscou 🇷🇺),1
Expedition de vos documents uniquements ( rien que les documents),1
Nb: la fille est Ancienne en Russie 🇷🇺avec le passport Russes,1
Posibilite d’expédier vos documents dans vos différentes villes respectives à vos frais,1
Place disponible pour une fille,1
Place disponible pour un homme,1
Cameroun🇨🇲——>Russie 🇷🇺✈️,1
1-Pour tout besoins des documents importants urgent au Cameroun,1
- besoin du bulletin no3 de l’extrait de casier judiciaire (inbox),1
- ⁠besoin du certificat de célibat (inbox),1
————————————————(2)l’égalisation de vos documents importants,1
-ministère des relations extérieurs,1
-Àmbassade de la Russie 🇷🇺,1
<diplômes de baccalauréat et de licence >,1
<extrait de casier judiciaire >,1
<certificat de célibat >,1
<Acte de naissance >,1
<Acte de mariage >,1
<Acte notarié >,1
<Attestation d’existence de la souche >,1
<Attestation d’omiciliation bancaire >,1
< Acte de naissance avec cours jugement >,1
<Autorisation parentale >,1
Et biens d’autres documents importants,2
—————————————————3- enroulement de vos passports,1
(Assistance passport),1
4- carnet jaune du centre pasteur de Yaoundé disponible,1
Exress 1h de temp,1
5- Assurence voyage disponibles,1
6- reservation et Achat du billet d’avion ✈️des prix bas,1
Billet d’avion Aller et retour toutes destinations posibilite du remboursement de votre billet d’avion retour,1
7- Assistance à toutes personnes en difficulté pour leurs procédure,1
- Allemagne 🇩🇪,1
- ⁠Belgique 🇧🇪,1
- ⁠Italie 🇮🇹,1
Et bien d’autres pays,2
8- l’égalisation de vos documents dans différentes ambassades au Cameroun 🇨🇲,1
9- expédition de vos,1
<Document >,1
<petit colis >,1
<kilo à vendre >,1
Russie 🇷🇺——->cameroun 🇨🇲,1
Cameroun🇨🇲——>Russie 🇷🇺,1
10- expédition de vos documents,1
-Congo Brazzaville  🇨🇬——>yde——>moscou 🇷🇺,1
⁠- Congo Kinshasa🇨🇩——>yde———>Moscou 🇷🇺,1
Nb: pour tout besoin d’informations concernant la documentation,1
(L’information c’est gratuite),1
Contact watsap MTN et ORANGE (cmr) +237,1
-693228863,1
-651215164,1
Toujours connecté 🛜🛜(7/7 )— (24/24),1
Si tu veux me rencontrer en face je suis basé à Yaoundé quartier 🏘️ ( Mendong en face de la gendarmerie Mendong) ou on ce rencontre au Minrex je suis toujours présent chaque jour de ce côté,1
Chambre disponible non loin du metro,1
"PLACE DISPONIBLE POUR GARÇON dans une chambre de 3 personnes à 15 munites du MÉTRO BOULEVARD DMITRIA DONSKOVO, BUS PAYANT 1224 sortie 6 intéressé inbox",1
Toutes les news sur la russie transfert d'argent et ventes des produits cosmétiques🕺🏼🕺🏼🕺🏼,1
✈️✈️départ inattendu et extrêmement urgemment confirmé.,1
*Douala- Moscou*,1
*07.02.2025*,1
✈️quelques kilos encore disponibles/46kg,1
✈️nous prenons les documents en charge en toute sécurité.,1
NB: collecte jusqu'à 21h heure du Cameroun🇨🇲,1
*Vous faciliter la tâche c'est mon credo* 🫡,1
Départ de la Ruissie 🇷🇺 au Mali 🇲🇱 prévue pour le 17 Février 2025.,1
Des poids disponibles:,1
Dernier jour du rassemblement des colis le 16 Février .,1
1kg = 1000 Roubles,1
Document = 800 Roubles .,1
🇷🇺🇲🇱,1
Place disponible pour une fille,1
Place disponible pour une fille,1
Quel. Ville,1
Yaoundé ? <This message was edited>,1
"2/7/25, 6:03 PM - +237 6 91 26 47 76 changed their phone number to a new number. Tap to message or add the new number.",1
Cameroun 🇨🇲——->🇷🇺 Russie,1
1- pour tout besoin des Documents important au Cameroun inbox,1
Besoin :,1
- l’extrait de casier judiciaire,1
- ⁠certificat de célibat,1
- ⁠certificat de nationalité,1
- ⁠carnet jaune pour le voyage,1
- ⁠Attestation bancaire,1
Et bien d’autres documents (inbox),2
2- l’égalisation de vos documents,1
- minesup,1
- ⁠minrex,1
- ⁠Ambassade de la Russie 🇷🇺,1
- ⁠dans Différents Ambassade,1
3- traduction de vos documents,1
- russe ——- français /Anglais,1
- ⁠français/ Anglais—-russe,1
4- passport,1
- enroulement de vos passeports,1
- ⁠Assistance passport,1
( Cameroun ou Russie 🇷🇺),1
5- besoin de Mon service pour assistance visa dans différentes procédures des pays de l’espace,1
Schengen,1
6- expédition de vos Documents,1
- Afrique central—-Russie 🇷🇺,1
7- je suis disponible pour tout autres services du côté du Cameroun 🇨🇲,1
Contactez moi sur mon numéro de téléphone watsap,1
- +237651215164,1
- ⁠+237693228863,1
🚨🚨🚨🚨Place pour fille disponible dans une maison à 7mn à pieds du métro intéressé ib,1
Je peux 2 places pour fille,1
"Bonjour la famille. J'ai une plainte contre le gars qui nous a envoyé travailler le 27 décembre parce qu'il ne paie que certains travailleurs et ne veut pas payer ceux qui parlent anglais. S'il vous plaît, si vous le connaissez, dites-lui de nous payer l'argent. Nous ne voulons pas de problèmes",0
Contact +7 977 413-24-59,1
🚨🚨🚨,1
"Salut à tous,",1
"Y’a t’il des gens qui ont des comptes GitHub et veulent de l’aide ? Cela peut être pour se référencer, visibilité…",1
Intégrer ce groupe de qui réunit plusieurs personnes de divers pays d’Afrique,1
"Hi there,",1
"Some one needs help to reach out something ? It can be to get stars 🌟, need a support, advice or something else ?",1
Here is the link to join this group,1
🚨🚨🚨,1
"Salut à tous,",1
"Y’a t’il des gens qui ont des comptes GitHub et veulent de l’aide ? Cela peut être pour se référencer, visibilité…",1
Intégrer ce groupe de qui réunit plusieurs personnes de divers pays d’Afrique,1
L'HEURE A SONNÉ !,1
"PLACE DISPONIBLE POUR GARÇON dans une chambre pour 3 personnes à 15 minutes du MÉTRO DMITRIA DONSKOVO BOULEVARD, BUS D'ÉTAT e91, 948,737,953 sortie 7 ou 5 intéressé inbox +79687107286",1
Je peux 2 place garcon a coté de mtro urgence 🚨,1
Je peux 2 place garcon a coté de mtro urgence 🚨,1
Ib,1
??,1
"Реестр контролируемых лиц, где можно проверить данные иностранных граждан, появился на сайте МВД России, сообщил корреспондент ТАСС.",1
"Так, https://search.app/?link=https%3A%2F%2Fxn%2D%2D90aivcdt6dxbc%2Exn%2D%2Dp1ai%2Farticles%2Fnews%2Fna%2Dsayte%2Dmvd%2Dotkrylsya%2Dreestr%2Dkontroliruemykh%2Dlits%2F&utm_campaign=57165%2Dor%2Digacx%2Dweb%2Dshrbtn%2Diga%2Dsharing&utm_source=igadl%2Cigatpdl%2Csh%2Fx%2Fgs%2Fm2%2F5",1
Bsr à tous le secret pour obtenir un visa Schengen ici au Cameroun 🇨🇲,1
1- un passeports vierge c’est n’est pas possible,1
2- vous deviez avoir au moins 3 à 4 visa de différents pays dans votre passport,1
3- cachets d’entrées et de sorties,1
4- Avoir son propre compte personnelle dans une banque reconnue,1
Vous deviez avoir au moi. 6 a 8 milions à l’intérieur votre compte dois être en mouvement,1
- Attestation bancaire de votre compte,1
- ⁠historique de votre compte,1
5- avoir un casier judiciaire propre au Cameroun 🇨🇲,1
Nb: le reste de documents c’est la paperasse,1
- invitation,1
- ⁠test de vih,1
- ⁠Assurence voyage,1
- ⁠demi carte photo,1
- ⁠Attestation de travail,1
- ⁠Attestation de congé,1
- ⁠bulletin de paie,1
Si vous êtes commerçant,1
- registre de commerce,1
- ⁠papiers d’impôts,1
- ⁠papier de votre entreprise,1
- ⁠un titre foncier de votre domicile,1
- ⁠acte de mariage si vous avez,1
- ⁠acte de naissance des enfants si vous avez,1
- ⁠réservation du billet d’avion aller et retour,1
- ⁠réservation d’hôtel payer pour 3 semaines au 14 eme à paris ou à Bruxelles ou à Rome,1
Voilà un peux comment on gère la procédure visa Schengen tu obtiens ton visa propre 100% ✅,1
Donc si tu as tout ces critère et un passeport vierges tu n’auras pas le visa ?,1
🤣,2
Tu rire comment ?🙌🏻🙌🏻😂😂,2
Vraiment c’est bizarre avec vous en Russie massa,1
Je pause ma question tu dis que c’est bizarre avec nous en raison comment ?,1
Amen 🙏🏻,1
Pourtant je suis sérieuse sur ma question,1
Tu ne réponds pas à ma question pourtant je suis sérieuse,1
Breff cava alors,1
Tu peux avoir tous ces critères mais ton passeport est vierge c’est bien possible,2
Il y’en a qui ne sont jamais sortir du pays et ils ont tous ces critère donc tu as cité mais le passeport est vierge !! Dans ce cas les possibilités d’avoir un visa shengeng sont elle fiable ?,1
Bonne nuit je ne te réponds pas,1
👍,1
Non,1
Cameroun 🇨🇲——->🇷🇺 Russie,1
1- pour tout besoin des Documents important au Cameroun inbox,1
Besoin :,1
- l’extrait de casier judiciaire,1
- ⁠certificat de célibat,1
- ⁠certificat de nationalité,1
- ⁠carnet jaune pour le voyage,1
- ⁠Attestation bancaire,1
Et bien d’autres documents (inbox),2
2- l’égalisation de vos documents,1
- minesup,1
- ⁠minrex,1
- ⁠Ambassade de la Russie 🇷🇺,1
- ⁠dans Différents Ambassade,1
3- traduction de vos documents,1
- russe ——- français /Anglais,1
- ⁠français/ Anglais—-russe,1
4- passport,1
- enroulement de vos passeports,1
- ⁠Assistance passport,1
( Cameroun ou Russie 🇷🇺),1
5- besoin de Mon service pour assistance visa dans différentes procédures des pays de l’espace,1
Schengen,1
6- expédition de vos Documents,1
- Afrique central—-Russie 🇷🇺,1
7- je suis disponible pour tout autres services du côté du Cameroun 🇨🇲,1
Contactez moi sur mon numéro de téléphone watsap,1
- +237651215164,1
- ⁠+237693228863,1
Départ prévue le 13 février,1
( Dla —- Moscou 🇷🇺),1
Expédition uniquement de vos documents,1
Nb: Anciennes en Russie 🇷🇺 àvec passport Russes,1
Posibilite d’expédier vos documents dans vos différentes villes respectives à vos frais,1
"*PLACE DISPONIBLE POUR GARÇON DANS UNE CHAMBRE DE 3 PERSONNES À 15 MUNITES DU MÉTRO BOULEVARD DMITRIA DONSKOVO, BUS PAYANT, INTÉRESSÉ INBOX*",1
Espace de couchage disponible à la location,1
À 9000 roubles par mois à 7 minutes à pied du métro 🚇….la personne intéressée doit m'envoyer un message privé,1
Merde vous ne riez plus avec les maison hien 15mil la place ?  Yes gagnez🙏,1
Une chambre pour 2 personne uniquement deux personnes dans une chambre il y’a déjà 1 personne à l’intérieur il faut juste 1 personne encore sa fait 2 personne c’est tout,1
L’appartement n’est pas un truc commercial,2
Ne confondez pa les choses,1
Pas de caution,1
Tu viens juste tu paye ton loye,1
Quelque personnes seulement dans l’appartement,1
"2/8/25, 6:31 PM - +7 901 727-18-95 joined using this group's invite link",1
Place disponible pour femme dans une chambre de deux femme métro annino 10mille,1
🛑🛑 Besoin des 15 personnes qui ont les Visa à jour pour un travail de chantier lundi matin.,1
3500 roubles paiement chaque jour,1
Metro: paveleskaya,1
Travail au chaud pas dehors.,1
Horaires:9h à 18h,1
Envoyé vos documents pour qu'on puisse faire le carnet d'entrée.,1
Nb: écrivez sauf si vous êtes sincères.,1
🛑🛑 Need 15 people who have up-to-date Visas for construction work on Monday morning.,1
3500 rubles payment each day,1
Metro: Paveleskaya,1
"Work in the warm, not outside.",1
Hours: 9am to 6pm,1
Sent your documents so we can make the entry book.,1
Nb: write unless you are sincere.,1
VPN,1
Un studio de 40mil pour 3 personnes disponibles,1
Located at where,1
Cameroun 🇨🇲——->🇷🇺 Russie,1
1- pour tout besoin des Documents important au Cameroun inbox,1
Besoin :,1
- l’extrait de casier judiciaire,1
- ⁠certificat de célibat,1
- ⁠certificat de nationalité,1
- ⁠carnet jaune pour le voyage,1
- ⁠Attestation bancaire,1
Et bien d’autres documents (inbox),2
2- l’égalisation de vos documents,1
- minesup,1
- ⁠minrex,1
- ⁠Ambassade de la Russie 🇷🇺,1
- ⁠dans Différents Ambassades,1
"- ⁠Espagne 🇪🇸,Italie 🇮🇹,Allemagne 🇩🇪,Belgique 🇧🇪",1
3- traduction de vos documents,1
- russe ——- français /Anglais,1
- ⁠français/ Anglais—-russe,1
4- passport,1
- enroulement de vos passeports,1
- ⁠Assistance passport,1
( Cameroun ou Russie 🇷🇺),1
5- besoin de Mon service pour assistance visa dans différentes procédures des pays de l’espace,1
Schengen,1
6- expédition de vos Documents,1
- Afrique central—-Russie 🇷🇺,1
7- je suis disponible pour tout autres services du côté du Cameroun 🇨🇲,1
Contactez moi sur mon numéro de téléphone watsap,1
- +237651215164,1
- ⁠+237693228863,1
Expédition de vos Documents 📃✈️,1
1-Congo Brazza 🇨🇬— Yde 🇨🇲 —Moscou 🇷🇺,1
2- congo Kinshasa 🇨🇩-Yde 🇨🇲-Moscou 🇷🇺,1
Congo Brazzaville 🇨🇬,1
Congo Kinshasa 🇨🇩,1
Je prend uniquement les documents et vos passeports,1
Contactez moi sur ceux Numero watsap,1
+237 651-21-51-64,1
+237 693-22-8863,1
🛑🛑la police a le droit de signer les papiers d’expulsion sans passé par le juge 🧑‍⚖️,1
-Cette nouvelle loi fais peur 😨,1
Informe toi avant que la loi t’informe . Anticipe ton immigration,1
Départ prévue le 12 février,1
( Moscou - Dla 🇨🇲),1
40 kilo disponible,1
1kilo —> 600 rouble,1
Documents,1
Appareil,1
Bouteille de votka,1
Chanbre disponible pour deux fille,1
Fermé,1
🚨🚨🚨🚨🚨🚨,1
*CHAMBRE DISPONIBLE*,1
*Metro Dmitry danskova*,1
*Chambre 30000*,1
*Commission  5000*,1
*Caution 0*,1
"*Nb* *Évite de te déranger inutilement si tu n'as pas l'argent. Écris, n'appelle pas s'il te plaît.*",1
🚨🚨🚨🚨🚨🚨🚨🚨🚨🚨🚨🚨🚨🚨🚨🚨🚨🚨🚨🚨 DEPART CONFIRMÉ +++,1
DOUALA🇨🇲-MOSCOU🇷🇺,1
12 FEVRIER 2024,1
✅  10 kg disponible,1
✅ Document ( Gratuit🤓 Wandayance 🤩,1
Yan travel ✈️,1
( le boys qui send seulement les ways),1
Yan Travel ✈️,1
‎Open this link to join my WhatsApp Group: https://chat.whatsapp.com/GoKFgAM6o1a4obI780cQwP,1
"2/9/25, 5:50 AM - ~ Феликс added ~ Босс Джервис",1
✈️ ✈️ ✈️ ✈️ ✈️ ✈️ ✈️ ✈️ ✈️ ✈️ ✈️ ✈️ ✈️ ✈️ ✈️ ✈️ ✈️ ✈️ ✈️ ✈️ ✈️ ✈️ ✈️ ✈️ ✈️ ✈️ ✈️✈️ ✈️ ✈️,1
DOUALA🇨🇲->MOSCOU🇷🇺,1
11 FEVRIER 2024,1
✅  10 kg disponible,1
✅ Documents 📃,1
Depart prévu le 12 fevrier.,1
Moscou🇷🇺===> yaoundé 🇨🇲. 23 kilogrammes disponible.,1
Pas de petit colis ni de téléphone passeport etc.,1
NB:23kilos disponible prix ib.,1
Bonjour pour certifier,1
Vos  Documents,1
- relevé de baccalauréat,1
- ⁠diplôme de baccalauréat,1
(Sa ce gère au minesup ou à la délégation régionale des enseignements secondaires),1
Nb: vous déviez juste faire la photocopie de votre document vous timbrez,1
2-pour la licence,1
.•Relevé de licence,1
- diplôme de licence,1
Sa ce gère dans votre université dans où vous aviez eu  votre licence dans votre département,1
Juste la photocopie timbre du document que vous deviez déposer avec des originaux,1
- Aux minrex il faut les originaux de vos diplômes,1
La l’égalisation ce gère en 24h express,1
3-Ambassade de la Russia 🇷🇺 pour l’égaliser un document 📃 actuellement il faut,1
- remplir le formulaire de l’égalisation portant les informations du concerné,1
- ⁠photocopie du passeport du concerné,1
- ⁠photocopie de la cni ( carte nationale d’dentide de celui qui dépose il est le responsable de votre doc,1
-Si tu as des questions n’excite pas de me posez,1
- si tu sollicite mon service alors disponible pour vite gère,1
"PLACE DISPONIBLE POUR GARÇON dans une chambre pour 2 personnes à 15 minutes du MÉTRO DMITRIA DONSKOVO BOULEVARD, BUS D'ÉTAT e91, 948,737,953 sortie 7 ou 5 intéressé inbox +79687107286",1
Bonjour à tous,1
Besoin urgent d'une place pour garson dans une chambre métro Parnas,1
Une placer disponible pour fille au métro domodedovskaya,1
Saint petersbourg,1
Départ prévue le 13 février,1
( Dla —- moscou 🇷🇺),1
Expedition uniquements de vos documents,1
Nb: Ancienne en Russie 🇷🇺avec passport russe,1
La récupération de vos documents ce fais uniquement chez elle à son adresser,1
Posibilite de vous expédiez vos documents dans vos différentes villes respectives à vos frais,1
Une place disponible pour fille dans une chambre de deux filles à  10mill non loin du métro interresser ib,1
"🚨🚨🚨🚨Le travail dans les cantines scolaires disponible . Le travail est de 8h à 16h. 2300 par jour. Si vous êtes intéressé, contactez-moi en privé.",1
"🚨🚨🚨🚨Work in school canteens  available. The Work is from 8am to 4pm. 2300 per day. If you are interested, contact me privately.",1
Places disponible,1
Prix: 10.000r/ mois,1
Commission: 3.000,1
Caution: ❌,1
"N.B: L'appartement est nouveau, jamais habité",1
Moins de Bagages s'il vous plait,1
Depuis 3 ans tu ne grandit pas Micheal ? Même lorsqu'on aide quelqu'un on est pas obligé d'afficher cela en Public...,1
On a déjà passé l'âge des clashs et autre inutile là...,1
"La Russie 🇷🇺 c'est notre Paradis comme pour ceux qui sont au Canada 🇨🇦 , USA 🇺🇸 et Schengen 🇪🇺 c'est leur paradis...",1
"_Bon dimanche à tous sous protection divine singulière, beaucoup de courage dans vos différentes activités..._",1
Bonne fête de la jeunesse à tous,1
😏Le Bitacola c'est pourquoi Tonton Boxeur 🥊 ?,1
Bon week-end à tous,1
C’est pour mes. Gars ici,1
Tu en as !? Mola,1
Je suis moi d'épargne pas lui hien,1
😂😂😂😂 il n'est pas normal,2
PLACE DISPONIBLE POUR UNE FEMME DANS UNE CHAMBRE DE DEUX PERSONNES,1
INTÉRESSÉ ib,1
*PLACE DISPONIBLE POUR GARÇON DANS UNE CHAMBRE DE 3 PERSONNES À 15 MINUTES DU MÉTRO BOULEVARD DIMITRIA DONSKOVO BUS PAYANT INTÉRESSÉ INBOX*,1
"2/9/25, 6:20 PM - ~ мбани эдвиж added ~ ondoboessombajeanclaude",1
Merci,2
Cameroun 🇨🇲——->🇷🇺 Russie,1
1- pour tout besoin des Documents important au Cameroun inbox,1
Besoin :,1
- l’extrait de casier judiciaire,1
- ⁠certificat de célibat,1
- ⁠certificat de nationalité,1
- ⁠carnet jaune pour le voyage,1
- ⁠Attestation bancaire,1
Et bien d’autres documents (inbox),2
2- l’égalisation de vos documents,1
- minesup,1
- ⁠minrex,1
- ⁠Ambassade de la Russie 🇷🇺,1
- ⁠dans Différents Ambassades,1
"- ⁠Espagne 🇪🇸,Italie 🇮🇹,Allemagne 🇩🇪,Belgique 🇧🇪",1
3- traduction de vos documents,1
- russe ——- français /Anglais,1
- ⁠français/ Anglais—-russe,1
4- passport,1
- enroulement de vos passeports,1
- ⁠Assistance passport,1
( Cameroun ou Russie 🇷🇺),1
5- besoin de Mon service pour assistance visa dans différentes procédures des pays de l’espace,1
Schengen,1
6- expédition de vos Documents,1
- Afrique central—-Russie 🇷🇺,1
7- je suis disponible pour tout autres services du côté du Cameroun 🇨🇲,1
Contactez moi sur mon numéro de téléphone watsap,1
- +237651215164,1
- ⁠+237693228863,1
Place disponible pour une fille dan la chanbre de deux,1
🤔,1
SAINT-PETERBOURG -MOSCOU🇷🇺-DOUALA 🇨🇲,1
👉27.02.2025,1
✅23 kilos disponibles,1
✅ Envoyez vos documents,1
✅petits colis,1
Tel: 89883181086,1
Bsr la famille,1
Cette semaine c’est la semaine de jeunesse je gère vite les Documents de l’égalisation de qui,1
- minesup,1
- ⁠minrex,1
- ⁠Ambassade de la Russie 🇷🇺,1
- ⁠Ambassade de l’Italie 🇮🇹,1
- ⁠Ambassade de la France 🇫🇷,1
- ⁠Ambassade de l’Espagne 🇪🇸,1
- ⁠Ambassade de l’Allemagne 🇩🇪,1
- ⁠Ambassade de la Belgique 🇧🇪,1
Nb : tu est coincé tu as besoin de mon service du côté du Cameroun 🇨🇲 besoins d’un document important d’urgence,1
Plus besoin de vous déplacez je gère tout surplace rapide,1
2- l’expédition de tes documents rassure toi de donner a une personne de confiance résident en Russie 🇷🇺 avec passeports russes,1
Ne t’inquiète pas ton document te trouve dans ta ville,1
Nb: l’expédition de ton document de moscou pour ta ville est à tes frais,1
- passeports venez remettre,1
- ⁠téléphone venez remettre,1
- ⁠ordinateur portable venez remettre,1
- ⁠documents venez remettre,1
Départ prévue le 13 février a 8h ( Dla - Moscow) si ton document ce trouve à Yde tu peux venir remettre,1
Nb: ne venez pas à l’aéroport ne,1
Vous pouvez passez n’importe quand en.n’importe quelle moment récupérer vos colis à son domicile à moscou,1
Bonsoir à tous 245 milles au Cameroun besoin du roubles taux Google,1
Une place disponible pour fille dans une chambre de deux filles à  10mill non loin du métro interresser ib,1
Départ prévue le 13 février,1
( yde — Dla — Moscou 🇷🇺),1
- expédition de vos documents,1
- ⁠expédition de vos appareils,1
Nb: ancienne en Russie 🇷🇺avec passeports russes,1
Posibilite t’expédie vos documents dans vos différentes villes à vos frais par cdeck ou par la poste,1
"2/10/25, 10:07 AM - +7 953 467-42-38 changed to +7 920 875-25-35",1
Place disponible pour une fille,1
Places disponible,1
Prix: 10.000r/ mois,1
Commission: 3.000,1
Caution: ❌,1
"N.B: L'appartement est nouveau, jamais habité",1
Moins de Bagages s'il vous plait,1
Chanbre disponible pour deux fille,1
🚨🚨🚨🚨🚨🚨,1
*CHAMBRE DISPONIBLE*,1
*Metro Dmitry danskova*,1
*Chambre 30000*,1
*Commission  5000*,1
*Caution 0*,1
*PLACE DISPONIBLE* *POUR FILLE DANS LA CHAMBRE DE DEUX PERSONNES*,1
*Loyer 15000*,1
*Commission 2500*,1
"*Nb* *Évite de te déranger inutilement si tu n'as pas l'argent. Écris, n'appelle pas s'il te plaît.*",1
"Fondation Moumié: ""la libération de Mohamed Touré est un geste historique""",1
"La Fondation Moumié, toutes ses antennes réunies vient d'apprendre la libération de Mohamed Touré et son épouse aux USA alors qu'ils purgeaient une peine de 7 ans après une accusation de ""travail forcé"" assorti à une peine de sept ans de réclusion par un jury fédéral.",1
Nous saisissons cette occasion pour adresser au Parti démocratique de Guinée et du rassemblement démocratique africains ( PDG-RDA) et au parti révolutionnaire Guinéen nos vives félicitations pour cette libération que nous qualifions d'historique.,1
"La Fondation Moumié espère que le peuple Africain, les Guinéens, tout comme les membres du PDG-RDA,que cette libération incarnera un nouveau départ pour Mohamed Touré et pour les idéaux qu’il représente.",1
"Cette libération ne doit pas seulement être perçue comme une victoire personnelle, mais comme un rappel de l’engagement continu envers les valeurs de justice, de liberté et de dignité que son père, Ahmed Sékou Touré, a défendues avec tant de ferveur.",1
"En ce jour , la Fondation Moumié remercie infiniment du fond du cœur tous ceux qui, individuellement ou collectivement, n’ont cessé de témoigner leur inestimable solidarité et soutien à l’égard du couple Touré et du PDG-RDA pendant ces années de détention.",2
Fait à Bruxelles le 08 février 2025,1
La Cellule de communication,1
Courriel: fondationfelixrolandmoumie@gmail.com,1
"🚨🚨🚨🚨Le travail dans les cantines scolaires disponible . Le travail est de 8h à 16h. 2300 par jour. Si vous êtes intéressé, contactez-moi en privé.",1
"🚨🚨🚨🚨Work in school canteens  available. The Work is from 8am to 4pm. 2300 per day. If you are interested, contact me privately.",1
Place disponible pour 2 garçon non loin du metro,1
🔥 Découvrez le Spécial Okok Sucré/Salé chez Azar Délices !,1
"Un délicieux mélange de manioc/bâtons de manioc, prêt à ravir vos papilles. 🍽✨",1
Aujourd’hui dès 14h – seulement 1000₽ + 150₽ la livraison au métro. 📍 Passez commande et régalez-vous ! 🚀📞,1
————————————————,1
🔥 Discover the Special Okok Sweet/Sour at Azar Délices!,1
"A delicious blend of cassava/Bobolo, ready to delight your taste buds. 🍽✨",1
Today from 2pm - only 1000₽ + 150₽ metro delivery. 📍,1
Place your order and enjoy yourself! 🚀📞,1
Départ prévue le 13 février,1
( Dla —— moscou 🇷🇺),1
- expédition de vos documents,1
Uniquement,1
- expédition de vos passeports et de vos téléphone,1
Nb: Ancienne en Russie avec passeports russe,1
Posibilite d’expédier vos documents dans vos différentes villes de la Russie à vos frais,1
"2/11/25, 8:49 AM - +7 968 574-16-52 changed to +7 916 429-55-90",1
Espace de couchage pour un homme disponible à la location,1
À 9000 roubles par mois à 7 minutes à pied du métro 🚇….la personne intéressée doit m'envoyer un message privé,1
Je demande cela à cause des gar qui vient ici en mode visiteur,1
🚨🚨🇨🇲——-> ✈️🇷🇺,1
Bonne fête 🥳 🍾de la jeunesse,1
Des services Disponibles du côté du Cameroun 🇨🇲 pour simplifier et faciliter les choses à l’extérieur peux importe l’endroit le lieu et le pays que vous vous trouvez Actuellement,1
1- besoin de mes services pour la certification et la l’égalisation de vos documents,1
- minesup,1
- ⁠minrex,1
"- ⁠Ambassades (Italie 🇮🇹 ,Espagne 🇪🇸,Belgique 🇧🇪,Russia 🇷🇺,Allemagne 🇷🇺 etc…)",1
2- besoin de la caution bancaire pour vos procédures Schengen,1
3- enroulement de vos passeports + assistance passeports,1
4- besoin du carnet jaune pour le voyage toutes destinations ✈️ carnet jaune du Centre pasteur de Yaoundé,1
-Europe,1
-Afrique,1
-Amérique,1
-Asie,1
Nb:chaques pays à ses vaccins 💉 identiques,1
"5- cours d’allemand 🇩🇪 disponible en ligne préparation pour les examens par niveau (A1,A2,B1, B2) institut Goethe Russie 🇷🇺",1
Nb: institut Goethe est situé dans 6 grandes villes de la Russie,1
6- expédition de vos documents,1
-Cameroun🇨🇲—-> Russie 🇷🇺,1
-  Brazza🇨🇬—> yde —> Moscou,1
7- Assistance visa pour vos différentes procédures Schengen 🇪🇺,1
- besoin des cautions bancaires ( Attestation et historique),1
8- disponible du côté du Cameroun 🇨🇲 pour tout autres services important,1
Contactez moi sur ses deux numéro de téléphone watsap,1
- +237-693-22-88-63,1
- ⁠+237652-21-52-64,1
Une place disponible pour fille dans une chambre de deux filles à  10mill non loin du métro interresser ib,1
Qui as besoin d’une information,1
Je gere les documents de l’égalisation de qui,1
Qui est déjà prêt ??,1
Bonjour la Famille il ya aussi Mr 7G services qui fait des transactions d'argent fiable et tout le temps que j'ai solliciter ses services cela à toujours été fiable. Bonne journée à vous.,1
Départ prévue le 13 février,1
( Dla —moscou 🇷🇺,1
- 10 kilo disponible,1
(Inbox),1
Et que penses-tu de 7G services ?!,1
toi u fais l identification sur tes trucs de documents petit malhonnête faut respecter les gens <This message was edited>,1
Je suis étonnée🤣🤣🤣,2
Heureusement que les gens comme vous était le groupe pour témoigner si non le blasphème de ce monsieur aurait eu l’effet voulu,1
*Ils ont d’abord essayé de signaler mon compte pour faire bloquer mais ça a raté j’ai réussi à débloquer et maintenant la deuxième étape c’est blasphémer mon nom*,1
🚨🚨🚨🚨🚨🚨,1
*CHAMBRE DISPONIBLE*,1
*Metro Dmitry danskova*,1
*Chambre 30000*,1
*Commission  5000*,1
*Caution 0*,1
*PLACE DISPONIBLE* *POUR FILLE DANS LA CHAMBRE DE DEUX PERSONNES*,1
*Loyer 15000*,1
*Commission 2500*,1
"*Nb* *Évite de te déranger inutilement si tu n'as pas l'argent. Écris, n'appelle pas s'il te plaît.*",1
"Bonjour, je cherche un emploi permanent pour une fille.",1
Svp ! Qui peut m'aider ?,1
"2/11/25, 4:52 PM - +7 985 266-49-34 changed their phone number to a new number. Tap to message or add the new number.",1
Voilà,1
J'crois qu'il fait pas bon vivre au troisième millénaire,1
Et c'est comme ça tous les jours un peu partout sur Terre,1
"Comme aux pires heures de l'Histoire, les hommes se font la guerre",1
Des soldats s'entre tuent sans même savoir pourquoi,1
"S'ils s'étaient mieux connus, ils pourraient être frères",1
Mais leurs présidents se sentaient les plus forts c'est comme ça,1
Et puis il y a toutes ces religions qui prônent chacune l'amour,1
"Et qui fabriquent de la haine, des assassins, des terroristes",1
"Pour telle ou telle croyance, des innocents meurent chaque jour",1
Tout ça au nom de Dieu,1
On sait même pas s'il existe,1
Places disponible pour les garçons,1
Prix: 10.000r/ mois,1
Caution: ❌,1
"N.B: L'appartement est nouveau, jamais habité",1
Moins de Bagages s'il vous plait,1
Prive sil te plait,1
Écrit moi alors,1
Grand corps malade,1
Départ prévue demain 12 février,1
(Moscou- Dla,1
23 kilo disponible,1
1 kilo ———> 600 r,1
Expédition de vos documents,1
Expédition de vos appareils,1
Le registre des personnes  contrôler est disponible dans le bureau de MVD . Ceci veux simplement dire qu’il faudra faire l’effort de se régulariser en Russie avant le 30 avril . Si tu veux mieux savoir par rapport à ce registre va lire et informe tes voisins,1
Oui boss,1
J'ai mal au ventre  quand je vois l'argent mis dans les armes,1
"Dans les fusées, les sous-marins et dans les porte-avions",1
"Pendant que des peuples entiers manquent d'eau, comme nos yeux manquent de larmes",1
Et voient leur fils et leur filles mourir de malnutrition,1
Apparemment la nature elle-même a du mal à se nourrir,1
Les homme ont pollués l'air et même pourris la pluie,1
"Quand tu auras plus d'eau nul part, faudra garder le sourire",1
Et même l'odeur des forêts sera tombée dans l'oubli,1
vous savez ce que c'est des ressources naturelles?,1
Si vous savez pas c'est pas grave de toute façon y en a presque plus,1
"Les mots ""humain"" et ""gaspillage"" sont des synonymes éternels",1
L'écologie à l'école serait pas une matière superflue….,2
🚨🚨🚨🚨🚨🚨,1
*CHAMBRE DISPONIBLE*,1
*Metro Dmitry danskova*,1
*Chambre 30000*,1
*Commission  5000*,1
*Caution 0*,1
*PLACE DISPONIBLE* *POUR FILLE DANS LA CHAMBRE DE DEUX PERSONNES*,1
*Loyer 15000*,1
*Commission 2500*,1
*CHAMBRE DISPONIBLE POUR FILLE*,1
*Loyer 30000*,1
*Commission 5000*,1
"*Nb* *Évite de te déranger inutilement si tu n'as pas l'argent. Écris, n'appelle pas s'il te plaît.*",1
‎Open this link to join my WhatsApp Group: https://chat.whatsapp.com/GoKFgAM6o1a4obI780cQwP,1
*Depart prévu le 14 février *,1
<<Moscou🇷🇺 Yaoundé 🇨🇲 >>,1
15kilo disponible,1
Vous vendez tous maintenant hien mm ce qui est accessible en un clic 🤦🏻‍♂️,1
✈️✈️départ confirmé,1
*Moscou* - *Douala*,1
*20.02.2025*,1
✈️46 kilos encore disponibles,1
✈️nous prenons vos documents en charge en toute sécurité.,1
*Vous faciliter la tâche c'est mon credo* 🫡,1
🚨🚨🇨🇲——-> ✈️🇷🇺,1
Bonne fête 🥳 🍾de la jeunesse,1
Des services Disponibles du côté du Cameroun 🇨🇲 pour simplifier et faciliter les choses à l’extérieur peux importe l’endroit le lieu et le pays que vous vous trouvez Actuellement,1
1- besoin de mes services pour la certification et la l’égalisation de vos documents,1
- minesup,1
- ⁠minrex,1
"- ⁠Ambassades (Italie 🇮🇹 ,Espagne 🇪🇸,Belgique 🇧🇪,Russia 🇷🇺,Allemagne 🇷🇺 etc…)",1
2- besoin de la caution bancaire pour vos procédures Schengen,1
3- enroulement de vos passeports + assistance passeports,1
4- besoin du carnet jaune pour le voyage toutes destinations ✈️ carnet jaune du Centre pasteur de Yaoundé,1
-Europe,1
-Afrique,1
-Amérique,1
-Asie,1
Nb:chaques pays à ses vaccins 💉 identiques,1
"5- cours d’allemand 🇩🇪 disponible en ligne préparation pour les examens par niveau (A1,A2,B1, B2) institut Goethe Russie 🇷🇺",1
Nb: institut Goethe est situé dans 6 grandes villes de la Russie,1
6- expédition de vos documents,1
-Cameroun🇨🇲—-> Russie 🇷🇺,1
-  Brazza🇨🇬—> yde —> Moscou,1
7- Assistance visa pour vos différentes procédures Schengen 🇪🇺,1
- besoin des cautions bancaires ( Attestation et historique),1
8- disponible du côté du Cameroun 🇨🇲 pour tout autres services important,1
Contactez moi sur ses deux numéro de téléphone watsap,1
- +237-693-22-88-63,1
- ⁠+237652-21-52-64,1
Bonjour vous vendez aussi des produits dove?,1
🚨🚨🚨Permanent restaurant job .,1
Time 08:00-19:00 . payment 3200,1
Time 11:00-23:00,1
Payment 3100 .,1
Contact+79687107286,1
"2/12/25, 10:00 AM - ~ Gerem Nianga added +242 05 068 1057",1
Départ prévue demain le 13 février,1
( Dla — moscou ),1
- expedition de telephone,1
- ⁠expedition de vos documents,1
- ⁠expedition de vos petits colis,1
Nb: pas de kilo disponible,1
Ancienne en Russie 🇷🇺 avec le passport Russes,1
Dla venez remettre,1
*Depart prévu le 14 février *,1
<<Moscou- Yaoundé- Douala  >>,1
30kilo disponible,1
"Besoin de 10 personnes pour un bon travail a Yandex, travail très facile rien ne compliqué que tu sois a jour ou pas, tu vas travailler juste besoin de ton passeport.",1
"Le travail commence a 9h jusqu'à 21h. Payement après le travail, travail a l'intérieur.",1
Les intéressés écrit moi en imbox.,1
Salaire 3200₽.,1
NB: le travail est très facile et sans pression,1
C'est simple et facile,1
"Vous avais des doutes à propos de votre visa il suffit d'aller à l'immigration la plus proche УМВД  c'est gratuit idem pour l'enregistrement,  pour l'enregistrement posé même la question aux policiers qui sont dans les métro avec des tablette",1
Bonne journée,1
Je suis dépassé que quelqu'un vienne demander 2500 pour çà 🤦‍♂️,1
Bon comprends seulement c'est le service,1
Il n'y a que la vie éternel qui est gratuite <This message was edited>,1
🤦‍♂️,1
J'envoie le lien,1
Chacun peut ouvrir et vérifier,1
Salut a tous!,1
Tres bonne nouvelle pour ceux qui veulent apprendre la langue russe!,1
Places disponible pour les garçons,1
Prix: 10.000r/ mois,1
Caution: ❌,1
"N.B: L'appartement est nouveau, jamais habité",1
Moins de Bagages s'il vous plait,1
Les cours sont dispensés au centre américain 🇺🇸 gratuitement,1
Ай ай ай,1
En français ?,1
Des éducateurs anglais russe et français russe,1
Вау 🔥🔥🔥,1
Svp 🙏pouvons-nous avoir l’adresse ? De ce centre,1
Старосадский переулок дом 7 /10,1
Метро Китай Город,1
Sortie 6,1
Merci beaucoup 🙏🙇,2
De que l’heure à que l’heure ?,1
Les ways de USAID…..hm,1
null,1
Mon cher je ne travaille pas là bas. Je ne me souviens pas des horaires de travail,1
Merci beaucoup frère 🙏,2
"2/12/25, 2:38 PM - +7 901 726-43-92 changed their phone number to a new number. Tap to message or add the new number.",1
🚨🚨🚨🚨🚨🚨,1
*CHAMBRE DISPONIBLE*,1
*Metro Dmitry danskova*,1
*Chambre 30000*,1
*Commission  5000*,1
*Caution 0*,1
*PLACE DISPONIBLE* *POUR FILLE DANS LA CHAMBRE DE DEUX PERSONNES*,1
*Loyer 15000*,1
*Commission 2500*,1
*CHAMBRE DISPONIBLE POUR FILLE*,1
*Loyer 30000*,1
*Commission 5000*,1
"*Nb* *Évite de te déranger inutilement si tu n'as pas l'argent. Écris, n'appelle pas s'il te plaît.*",1
PETERSBURG-MOSCOU————Douala.   20 kilos disponibles. Départ le 15- février. Intéressé IB,1
Yandex maps gratuit. Google traduction gratuit 🆓 on est et 1/4 du 21 siècle. ….( un exemple très simple l’histoire des chinois …..),1
Donc tout ce que tu peux avoir juste en tapant sur le moteur de recherche yandex start c'est ça tu demandes on paie 🤦‍♂️,1
C'est gratuit,1
J'enverrai le lien ici et tout le monde se taper des informations voir s'il y est ou pas ' AFRICAINS AIDONS NOUS ARRÊTONS DE VENDRE TOUT GENRE DE SERVICE À NOS FRÈRES MÊME CEUX QUI SONT GRATUITS,1
Voici le lien les gar c'est gratuit,1
Il ya travail a Ozon 4000 la journée faut aller te battre la bas,1
Je suis dépassé,1
S'il vous plaît la famille je ne comprends pas le lien ci,1
Toi tu vois le mensonge et le piège partout🙌🏽,1
C’est la façon qu’il écarte sa bouche pour crier qui me retient 🤣🤣🤣 le gar avait déjà lui compter l’argent sans avoir reçu 🙌🏾🙌🏾🙌🏾,2
Une place disponible pour filles,1
Métro : domodedovskaya,1
"UNE PLACE DISPONIBLE POUR 1 HOMME. 15 minutes du MÉTRO DMITRIA DONSKOVO BOULEVARD, STATE BUS e91, 948,737,953 sortie 7 ou 5 intéressé par la boîte aux lettres +79687107286",1
*On a tous 24h mais on a pas tous la même chance*,1
‎Open this link to join my WhatsApp Group: https://chat.whatsapp.com/GoKFgAM6o1a4obI780cQwP,1
*VOICI les métiers qui seront très demandés dans les prochaines années*,1
*Lire ici*👇🏾,1
*RUSSIE-AFRIQUE : Poutine annonce l’ouverture d’ambassades dans quatre nouveaux pays africains (La Liste)*,1
*Lire ici*👇🏾,1
*RDC-Rwanda : Kinshasa annonce une très mauvaise nouvelle à PAUL KAGAMÉ*,1
*Lire ici*👇🏾,1
*URGENT - ARABIE Saoudite restreint les Visas à entrées multiples pour 7 en Afrique (La LISTE)*,1
*Lire ici*👇🏾,1
*SORCELLERIE en Afrique : Une femme enceinte raconte son ventre a été mystiquement attaqué (Photo)*,1
*Lire ici*👇🏾,1
*Grosse catastrophe en CHINE : Au moins 30 disparus après un glissement de terrain qui a englouti un village (Vidéos)*,1
*Lire ici*👇🏾,1
🩸LOGEMENT,1
UNE CHAMBRE À LOUER DANS UN APPARTEMENT DE DEUX CHAMBRES. UNIQUEMENT POUR DEUX FILLES A 15.000 ROUBLES CHACUNE PAR MOIS.,1
"Dans l’appartement, tout le nécessaire. Deux douches , salon, cuisine, deux chambres.",1
Au métro Bulvar Dimitri Donskova.,1
NB: - pas de commission,1
- pas de caution.,1
Contact: +79164047210,1
🚨🚨🚨🚨🚨🚨,1
*CHAMBRE DISPONIBLE*,1
*Metro Dmitry danskova*,1
*Chambre 30000*,1
*Commission  5000*,1
*Caution 0*,1
*PLACE DISPONIBLE* *POUR FILLE DANS LA CHAMBRE DE DEUX PERSONNES*,1
*Loyer 15000*,1
*Commission 2500*,1
*CHAMBRE DISPONIBLE POUR FILLE*,1
*Loyer 30000*,1
*Commission 5000*,1
"*Nb* *Évite de te déranger inutilement si tu n'as pas l'argent. Écris, n'appelle pas s'il te plaît.*",1
Départ prévue le 20 février,1
(Moscou —-Dla🇨🇲),1
30 kilo disponible,1
1 kilo —> 650 rouble,1
- expédition de vos documents,1
- ⁠expédition de vos appareils,1
- ⁠expédition de vos petits colis,1
*Un garçon de 13 ans met enceinte son enseignante (PHOTO)*,1
*Lire ici*👇🏾,1
*Plus de 81.885 fonctionnaires fantômes démasqués dans ce pays Africain*,1
*Lire ici*👇🏾,1
*IRAN : Une vidéo montrant une rivière d'eau Rouge s'écoulant d'une montagne vers la mer est devenue virale (Regardez)*,1
*Lire ici*👇🏾,1
*CÔTE D'IVOIRE : Le rappeur ivoirien Didi B pris en flagrant délit de fraude (Vidéo)*,1
*Lire ici*👇🏾,1
⚠️⚠️⚠️⚠️⚠️🗣️🗣️🗣️🗣️🗣️🗣️Beaucoup  de Rouble disponible besoin du franc CFA⚠️⚠️⚠️⚠️⚠️⚠️,1
Chanbre disponible pour deux fille,1
Métro,1
Est-ce que tu étais obligé de mettre votre conversation ici il a eu une mauvaise compréhension entre vous tu pouvais gérer sa en ibx mais tu viens afficher ici quel est objectif oubien c'est juste pour le salir regarde sur les publications il n'a jamais écrit tôt de Google souvent arrêtons un peu de se vendre entre nous les frères 🙏,2
Les cours de russe pour les nouveaux commenceront le 24 fevrier 2025 ONLINE!,1
Plus de details dans la video:,1
Ambassade de la Belgique 🇧🇪,1
Ambassade de l’Italie 🇮🇹,1
Ambassade de l’Espagne 🇪🇸,1
Ambassade de la France 🇫🇷,1
Ambassade de l’Allemagne 🇩🇪,1
Ambassade de la Russie 🇷🇺 etc…,1
- l’égalisation de vos documents tout ce qui concerne vos documents,1
- ⁠traduction de vos documents et autres,1
Inbox pour le services,1
Chanbre disponible pour deux fille,1
*Découvrez les 10 des Pays Africains les Plus Corrompus*,1
*Lire ici*👇🏾,1
*CÔTE D’IVOIRE : Un footballeur s’effondre et meurt en plein match*,1
*Lire ici*👇🏾,1
*Ce pays africain impose désormais un visa obligatoire pour les voyageurs français sur son territoire*,1
*Lire ici*👇🏾,1
"*GHANA – Ken Ofori-Atta : Accusé de corruption, L’Ex-ministre des finances de Nana Akufo-Addo a pris la fuite (Photo)*",1
*Lire ici*👇🏾,1
*URGENT - Donald TRUMP et Vladimir POUTINE ont choisi Arabie Saoudite se rencontrer (Vidéo)*,1
*Lire ici*👇🏾,1
*Cameroun – Douala : Un bébé jeté dans une poubelle par sa mère (Photo)*,1
*Lire ici*👇🏾,1
Studio,1
Métro Buniskaya Alleya Ligne 12,1
35000(+l’eau et électricité) + 17500 (caution) + 17500 (commission).total 70000,1
Chanbre disponible pour deux fille,1
Places disponible pour les garçons,1
Prix: 10.000r/ mois,1
Caution: ❌,1
"N.B: L'appartement est nouveau, jamais habité",1
Moins de Bagages s'il vous plait,1
"A SPACE AVAILABLE FOR 1  PERSON . 15 minutes by bus from METRO DMITRIY DONSKOVO BOULEVARD, STATE BUS e91, 948,737,953 exit 7 or 5 interested in mailbox +79687107286",1
Besoin d'une femme pour cohabiter avec une autre femme interressé ib,1
Happy Val day!,1
Chanbre disponible pour deux fille,1
*INCROYABLE : Une Éthiopienne de 76 ans a donné naissance à son premier enfant (Vidéo)*,1
*Lire ici*👇🏾,1
*Drame en COLOMBIE : Quatre footballeuses frappées par la foudre en plein match (Les images)*,1
*Lire ici*👇🏾,1
"*NIGER : L’ordre des avocats défie le Général TIANI, les raisons*",1
*Lire ici*👇🏾,1
*Plusieurs américains deviennent aveugles après la prise de ce médicament (Photo)*,1
*Lire ici*👇🏾,1
*Voici la Liste des pays Africains qui continuent d’imprimer leur monnaie en FRANCE*,1
*Lire ici*👇🏾,1
*VLADIMIR POUTINE annonce l’ouverture d’ambassades dans quatre nouveaux pays Africains (La Liste)*,1
*Lire ici*👇🏾,1
🚨🚨🚨🚨🚨🚨,1
*CHAMBRE DISPONIBLE*,1
*Metro Dmitry danskova*,1
*Chambre 30000*,1
*Commission  5000*,1
*Caution 0*,1
*PLACE DISPONIBLE* *POUR FILLE DANS LA CHAMBRE DE DEUX PERSONNES*,1
*Loyer 15000*,1
*Commission 2500*,1
*CHAMBRE DISPONIBLE POUR FILLE*,1
*Loyer 30000*,1
*Commission 5000*,1
"*Nb* *Évite de te déranger inutilement si tu n'as pas l'argent. Écris, n'appelle pas s'il te plaît.*",1
null,1
✈✈départs très imminents,1
*Douala- Moscou*,1
*17.02.25*,1
*Moscou- Douala*,1
*20.02.25*,1
✅ 23 kilos disponibles,1
✅ on récupére également les documents importants,1
✅Petits colis et appareils électriques,1
Vous faciliter la tâche c'est mon credo🫡,1
*+79888341550*,1
*+237693559012*,1
Bonsoir à tous,1
J'ai 12000 rouble ici,1
Je veux 100000 cfa au Cameroun,1
Je suis sur Instagram sous le nom @tysondjone. Installez l’application pour suivre mes photos et vidéos. https://www.instagram.com/invites/contact/?igsh=14oc7jfjr9lgr&utm_content=1isjom3,1
Départ prévue le 19 février,1
(Yde 🇨🇲 ——moscou 🇷🇺,1
- expédition uniquement de vos documents,1
- ⁠expédition de vos passeports,1
Pas de kilo disponible 0 kilo,1
Nb: Àncien en Russie avec passport Russes,1
*DEUIL : Kylian Mbappé frappé par un grand malheur*,0
*Lire ici*👇🏾,1
*Urgent - Guerre à GOMA : Très mauvaise nouvelle pour PAUL KAGAMÉ*,1
*Lire ici*👇🏾,1
*14 FÉVRIER : Voici tous les mensonges autour de la célébration de la SAINT-VALENTIN*,1
*Lire ici*👇🏾,1
*DRAME à Agoè : Un camion se renverse et fait plusieurs morts (Photos)*,1
*Lire ici*👇🏾,1
Chanbre disponible pour deux fille,1
ALERTE INFO,1
500k au Cameroun 🇨🇲 besoin du roubles taux Google,1
Intéresser ib,1
Chambre a 25mil pour une fille.,1
Utilise ce lien pour intégrer mon groupe WhatsApp : https://chat.whatsapp.com/KrUioBZK4l64fKySTa1SwJ,1
Départ prévue le 19 Février,1
(yde 🇨🇲——> Moscou 🇷🇺,1
1- Expédition uniquement de vos documents et de vos passeports,1
Nb: Ancien en Russie avec passport Russes tout est ok,1
Posibilite de vous faire parvenir vos documents dans vos différentes villes respectives à vos frais par ( cdeck ou la poste),1
Place disponible pour deux fille,1
"*URGENT - ROME : Le Pape François hospitalisé d’urgence, voici ce que l'on sait*",1
*Lire ici*👇🏾,1
"*RDC : Voici la situation dans l'est de la RDC au matin du 15 février, Plus de 4000 Morts*",1
*Lire ici*👇🏾,1
*Classement 2025 des footballeurs africains les mieux payés*,1
*Lire ici*👇🏾,1
*JOHN MAHAMA : Le nouveau président ghanéen annonce une mauvaise nouvelle à ses ministres*,1
*Lire ici*👇🏾,1
*Barack OBAMA et sa femme vont-ils divorcer ? L'ancien président américain réagit enfin (Photo)*,1
*Lire ici*👇🏾,1
Départ prévue le 20 fervrier,1
(Moscou —- Dla,1
35 kilo disponible,1
1 kilo ——> 650 r,1
- expédition de vos documents,1
- ⁠expédition de vos petits colis 📦,1
Salut la famille besoin d'une chambre pour deux filles non loin du métro,1
🚨🚨🚨🚨🚨🚨,1
*CHAMBRE DISPONIBLE*,1
*Metro Dmitry danskova*,1
*Chambre 30000*,1
*Commission  5000*,1
*Caution 0*,1
*PLACE DISPONIBLE* *POUR FILLE DANS LA CHAMBRE DE DEUX PERSONNES*,1
*Loyer 15000*,1
*Commission 2500*,1
*CHAMBRE DISPONIBLE POUR FILLE*,1
*Loyer 30000*,1
*Commission 5000*,1
"*Nb* *Évite de te déranger inutilement si tu n'as pas l'argent. Écris, n'appelle pas s'il te plaît.*",1
Chambre 28 mille rouble disponible non loin du metro,1
Louer un appartement d'une pièce,1
Prix: 45.000,1
Caution: 45.000 (peut être divisé en deux mois),1
Commission: 80%,1
Adresse: Sovremennikov 3 (Misailovo),1
Places disponible pour les garçons,1
Prix: 10.000r/ mois,1
Caution: ❌,1
Commission: 3000roubles,1
Métro: domodedovskaya,1
"N.B: L'appartement est nouveau, jamais habité",1
Moins de Bagages s'il vous plait,1
Chambre 28 mille rouble disponible non loin du metro,1
Départ prévue le 28 février,1
(Dla — Moscou - briansk,1
-expédition de vos documents,1
- expédition de vos petits colis,1
- ⁠quelque kilo disponible à vendre,1
"A SPACE AVAILABLE FOR 1  PERSON . 15 minutes by bus from METRO DMITRIY DONSKOVO BOULEVARD, STATE BUS e91, 948,737,953 exit 7 or 5 interested in mailbox +79687107286",1
🛑 *Entrevue*,1
Deux entrepreneurs camerounais basés au Canada proposent  des solutions iinnovantes pour développer l’Afrique à travers les transferts d’argent de la diaspora.,1
*Camille Aubin Lagueu et Héron Bomono sont face à JSK*,1
Watch Now👌🏿👇🏿,1
Rejoignez la discussion et ensemble transformons l'Afrique à partir de nos transferts d'argent :,1
et,1
*RDC : Le chanteur Delcat Idengo tué lors du tournage d’un clip vidéo à GOMA*,1
*Lire ici*👇🏾,1
*CHINE : un fonctionnaire exécuté pour vol de 421 millions de dollars (Photo)*,1
*Lire ici*👇🏾,1
*L'artiste nigérian 2FACE Idibia porté disparu : Sa famille lance un appel urgent*,1
*Lire ici*👇🏾,1
"*Révolution Énergétique au SÉNÉGAL : Gosail, Kérosène, Essence, le pays commence le raffinage de son propre Pétrole (Vidéo)*",1
*Lire ici*👇🏾,1
*CLASSEMENT 20 des footballeurs africains avec leurs salaires*,1
*Lire ici*👇🏾,1
Combien ?,2
Chambre 28 mille rouble disponible non loin du metro,1
3200p prix de gros minimum 10 PCs et 5000p prix unitaire,1
Avec la chaussure ?,1
Non,1
Place disponible pour femme interresser ib,1
"2/15/25, 7:59 PM - +7 901 770-12-52 added +228 98 58 08 94",1
‎Suivez ce lien pour intégrer mon Groupe WhatsApp  : https://chat.whatsapp.com/Ek2dQglBBqI4DYeasVCavi,1
"Utilise ce lien pour intégrer mon groupe WhatsApp, : https://chat.whatsapp.com/Lcm5hbj78Gq5BJqSaVt5wv",1
Chanbre disponible,1
‎Suivez ce lien pour intégrer mon Groupe WhatsApp  : https://chat.whatsapp.com/KOinYFcRWVI4okxogY0uiw,1
Interdit-18,1
Pardon ajouté ce numéro  dans le groupe,1
+79168974088,1
Je viens d inviter ce numéro,1
*URGENT - Un autre pays africain menace d'attaquer une ville de la RDC dans les prochaines 24 heures (Photo)*,1
*Lire ici*👇🏾,1
*Un enseignant battu par les parents de son élève après avoir mangé sa nourriture (Vidéo)*,1
*Lire ici*👇🏾,1
*ÉQUATEUR : Un colonel de l’Armée abattu en pleine célébration de la Saint-Valentin (Vidéo)*,1
*Lire ici*👇🏾,1
*Voici les 10 des monnaies les plus difficiles à contrefaire*,1
*Lire ici*👇🏾,1
*Découvrez les 10 Pays africains les plus touchés par le VIH-SIDA*,1
*Lire ici*👇🏾,1
Chanbre disponible pour deux fille,1
Size 42-43 is available,1
Départ prévue le 19 février,1
( yde—->moscou 🇷🇺,1
Expedition uniquements des Documents et des appareils,1
Nb: Ancien en Russia 🇷🇺avec passport Russes,1
Posibilite de vous faires parvenir vos documents dans vos différentes villes à vos frais respectives par cdeck ou par la poste,1
"2/16/25, 9:33 AM - ~ Фиорелло 💎🍄 added ~ mamgnojulienne",1
Place disponible pour garçon 10 minutes bus d'état intéressé 🔴🔴🔴🔴🔴🔴🔴🔴🔴🔴🔴🔴🔴🔴🔴🔴🔴,1
Chambre 28 mille rouble disponible non loin du metro,1
null,1
Un placer disponible pour les homme,1
Métro :domodedovskaya si tu n’es pas prêt svp ne me dérangez pas,1
Chanbre disponible,1
🚨🚨🚨🚨🚨🚨,1
*CHAMBRE DISPONIBLE POUR* *FILLE OU COUPLE*                              *DMITRY DONSKOVA*,1
*Loyer 30000*,1
*Commission 5000*,1
"*Nb* *Évite de déranger inutilement si tu n'as pas l'argent. Écris, n'appelle pas s'il te plaît.*",1
Départ prévue le 20 février,1
( Dla —- Moscou 🇷🇺),1
35 kilo disponible,1
- paiement à la réception du colis à Moscou,1
*Tensions à l’Union Africaine : PAUL KAGAME quitte la salle après des accusations de la RDC*,1
*Lire ici*👇🏾,1
*BONNE NOUVELLE : Les citoyens de ce pays africain n'auront plus besoin de Visa avant d'aller au QATAR*,1
*Lire ici*👇🏾,1
*USAID : Découvrez les pays africains les plus touchés par la suspension de l’aide américaine*,1
*Lire ici*👇🏾,1
"*Après le Rwanda, le fils du Président Ougandais menace également d’attaquer la RDC dans les prochaines 24 heures (Photo)*",1
*Lire ici*👇🏾,1
*MALI : Le dangereux Chef terroriste BNOU AG M’BAYARACH éliminé lors d’une opération militaire à Kidal (Photo)*,1
*Lire ici*👇🏾,1
Chanbre disponible pour deux fille,1
Metro Dmitri,1
Chanbre disponible pour deux fille,1
Metro Dmitri,1
Voyage prévu demain matin 9h 00 Douala/ Moscou Saint-Pétersbourg 10 kilos en soldes.,1
🚨🇷🇺✈️✈️🇨🇲,1
1 - assistance pour l’obtention de votre passeport au Cameroun 🇨🇲,1
Et en Russie 🇷🇺 ( enroulement passeports),1
2-  besoin du côté du Cameroun 🇨🇲,1
- l’extrait casier judiciaire,1
- ⁠certificat de célibat,1
- ⁠certificat de nationalité,1
3- certifications et l’égalisations de vos documents importants,1
- minesup,1
- ⁠minrex,1
- ⁠Ambassades,1
4- besoin du carnet jaune disponible pour le voyage toutes destination (✈️),1
- Afrique,1
- ⁠Europe,1
- ⁠Asie,1
- ⁠Amérique,1
5- expéditions de vos documents et de vos  colis en Russie 🇷🇺 via le meilleur canal,1
- Assurence,1
- ⁠fiabilité,1
- ⁠garantie,1
6- Disponible pour tout Autres services du côté du Cameroun 🇨🇲,1
Nb: vous n’aviez plus besoin de vous inquiétez j’assure tout du coté du Cameroun 🇨🇲 pour vous je suis disponible (7 / 7),1
Watsap - (+237 693- 22-88- 63),1
Mon numéro mtn est bloqué je le ferais débloquer demain,1
"Chambre simple disponible à 20 minutes en bus du métro Medelkovo. Veuillez partager le lien ☝️ ci-dessus, vous pourriez peut-être aider quelqu'un qui en a désespérément besoin à trouver un endroit où loger. Merci de partager !",2
Quand le Boza passe comme ça c'est bon quand ça cuit c'est les pleurs du mbolé avec les ohhh aidons nos frères on les a tchéqué jusqu'à c'est le grand si qui fait la pub chose qu'il a fait de ça son combat que Dieu soit toujours le guide de chacun et bonne chance à tous,1
Une place disponible pour une fille dans une chambre de deux filles métro annino intéressé ib,1
A place available for a girl in a room of two girls metro annino interested ib,1
Louer un appartement d'une pièce,1
Prix: 45.000,1
Caution: 45.000 (peut être divisé en deux mois),1
Commission: 80%,1
Adresse: Sovremennikov 3 (Misailovo),1
*Scandale Alimentaire : PAUL BIYA accusé de vendre du riz de mauvaise qualité aux Camerounais (Vidéo)*,1
*Lire ici*👇🏾,1
*Suspension de l’USAID : Voici la Liste de tous les projets annulés pour l'Afrique*,1
*Lire ici*👇🏾,1
*Une femme enceinte disparue retrouvée vivante sans son bébé (Photos)*,1
*Lire ici*👇🏾,1
*Retrait définitif de l’AES de la CEDEAO : Découvrez ce qui va se passer maintenant*,1
*Lire ici*👇🏾,1
Places disponible pour les garçons,1
Prix: 10.000r/ mois,1
Caution: ❌,1
Commission: 3000roubles,1
"N.B: L'appartement est nouveau, jamais habité",1
Moins de Bagages s'il vous plait,1
"🚨🚨🚨A SPACE AVAILABLE FOR 1  PERSON . 15 minutes by bus from METRO BULVAR DMITRY DONSKOGO.  STATE BUS e91, 948,737,953 exit 7 or 5 interested in mailbox +79687107286",1
✈✈départ très imminent,1
**MOSCOU 🇷🇺✈️ DOUALA 🇨🇲*,1
*20.02.25*,1
✅ encore quelques kilos disponibles,1
✅ on récupére également les documents importants,1
✅Petits colis et appareils électriques,1
Vous faciliter la tâche c'est mon credo🫡,1
*+79888341550*,1
*+237693559012*,1
Une place disponible pour un garçon dans une chambre de deux garçons métro Bulvar Dimitri Donskova intéressé ib,1
A place available for a boy in a room of two boys  metro Bulvar Dimitri Donskova interested ib,1
🚨🇷🇺✈️✈️🇨🇲,1
1 - assistance pour l’obtention de votre passeport au Cameroun 🇨🇲,1
Et en Russie 🇷🇺 ( enroulement passeports),1
2-  besoin du côté du Cameroun 🇨🇲,1
- l’extrait casier judiciaire,1
- ⁠certificat de célibat,1
- ⁠certificat de nationalité,1
3- certifications et l’égalisations de vos documents importants,1
- minesup,1
- ⁠minrex,1
- ⁠Ambassades,1
4- besoin du carnet jaune disponible pour le voyage toutes destination (✈️),1
- Afrique,1
- ⁠Europe,1
- ⁠Asie,1
- ⁠Amérique,1
5- expéditions de vos documents et de vos  colis en Russie 🇷🇺 via le meilleur canal,1
- Assurence,1
- ⁠fiabilité,1
- ⁠garantie,1
6- Disponible pour tout Autres services du côté du Cameroun 🇨🇲,1
Nb: vous n’aviez plus besoin de vous inquiétez j’assure tout du coté du Cameroun 🇨🇲 pour vous je suis disponible (7 / 7),1
Watsap - (+237 693- 22-88- 63),1
Mon numéro mtn est bloqué je le ferais débloquer demain,1
Bonne après-midi à vous chers frères s'il vous plaît plaît j'ai 100eur besoin du rouble,1
"*URGENT - RDC : Après la prise de Goma et Bukavu, les rebelles du M23 veulent marcher sur la capitale KINSHASA*",1
*Lire ici*👇🏾,1
*Découvrez les 5 pays du monde qui n’ont pas d’aéroport*,1
*Lire ici*👇🏾,1
*NIGÉRIA : Le gouvernement d'Anambra commence l'arrestation des filles qui se promènent sans Soutien-gorge et ni pantalon (Vidéo)*,1
*Lire ici*👇🏾,1
"*Dernière Minute : Le Visa français refusé aux maliens détenteurs du passeport AES, Voici Pourquoi*",1
*Lire ici*👇🏾,1
*CHRONIQUE - Paul KAGAMÉ : un Ange ou un démon pour l’Afrique ? (Vidéo)*,1
*Lire ici*👇🏾,1
🚨🚨🚨🚨🚨🚨🚨🚨🚨,1
*CHAMBRE*,1
*POUR FILLE OU COUPLE* *DISPONIBLE28700* *commission 5000*,1
*Métro Dmitry danskova*,1
"*Nb* *Évite de déranger inutilement si tu n'as pas l'argent. Écris, n'appelle pas s'il te plaît.* <This message was edited>",1
Une place disponible pour un garçon dans une chambre de deux garçons métro Bulvar Dimitri Donskova intéressé ib,1
A place available for a boy in a room of two boys  metro Bulvar Dimitri Donskova interested ib,1
Départ prévue le 25 février,1
( Moscou🇷🇺 — Dla —- yaounde 🇨🇲,1
- 23 kilo disponible,1
- ⁠1 kilo—-600 roubles,1
- ⁠expédition de vos documents,1
- ⁠expédition de vos petits colis,1
- ⁠expédition de vos bouteilles de votka,1
- ⁠expédition de vos appareils,1
Départ prévue le 25 février,1
( Moscou🇷🇺 — Dla —- yaounde 🇨🇲,1
- 23 kilo disponible,1
- ⁠1 kilo—-600 roubles,1
- ⁠expédition de vos documents,1
- ⁠expédition de vos petits colis,1
- ⁠expédition de vos bouteilles de votka,1
- ⁠expédition de vos appareils,1
Intéressés me contact inbox pour plus d’information,1
Si tu c’est lever le pied et que tu a confiance en toi,1
C’est le moment de prouver,1
Ta vrai valeur,1
*Visa français refusé aux maliens détenteurs du passeport AES : Voici la réaction ferme de BAMAKO*,1
*Lire ici*👇🏾,1
*CÔTE D’IVOIRE : Un ingénieur abandonne son diplôme et gagne 4 millions CFA par mois avec cette autre activité*,1
*Lire ici*👇🏾,1
*Sénégal : De deux individus arrêtés avec de plus de 2 milliards FCFA en faux billets (Photos)*,1
*Lire ici*👇🏾,1
*SCANDALE : « Barack OBAMA est h0mosexeul et marié à un homme » révèle le père d'Elon Musk (Vidéo)*,1
*Lire ici*👇🏾,1
Départ prévue le 25 février,1
( Moscou🇷🇺 — Dla —- yaounde 🇨🇲,1
- 23 kilo disponible,1
- ⁠1 kilo—-600 roubles,1
- ⁠expédition de vos documents,1
- ⁠expédition de vos petits colis,1
- ⁠expédition de vos bouteilles de votka,1
- ⁠expédition de vos appareils,1
🚨🇷🇺✈️✈️🇨🇲Voisi mes services au Cameroun 🇨🇲 passe le message à ton Voisin finis vos problèmes de réflexion je gère tout propre,0
1 - nouvelle carte nationale d’identité au Cameroun 🇨🇲 ( cni),1
- assistance pour l’obtention de la nouvelle cni biometric au Cameroun,1
- ⁠Assistance pendant toutes votre procédure,1
- ⁠enroulement de la cni,1
- ⁠cni express (48h),1
1 - assistance pour l’obtention de votre passeport au Cameroun 🇨🇲,1
Et en Russie 🇷🇺 ( enroulement passeports),1
2-  besoin du côté du Cameroun 🇨🇲,1
- l’extrait casier judiciaire,1
- ⁠certificat de célibat,1
- ⁠certificat de nationalité,1
3- certifications et l’égalisations de vos documents importants,1
- minesup,1
- ⁠minrex,1
- ⁠Ambassades,1
4- besoin du carnet jaune disponible pour le voyage toutes destination (✈️),1
- Afrique,1
- ⁠Europe,1
- ⁠Asie,1
- ⁠Amérique,1
5- expéditions de vos documents et de vos  colis en Russie 🇷🇺 via le meilleur canal,1
- Assurence,1
- ⁠fiabilité,1
- ⁠garantie,1
6- Disponible pour tout Autres services du côté du Cameroun 🇨🇲,1
Nb: vous n’aviez plus besoin de vous inquiétez j’assure tout du coté du Cameroun 🇨🇲 pour vous je suis disponible (7 / 7),1
Watsap - (+237 693- 22-88- 63),1
Mon numéro mtn est bloqué je le ferais débloquer demain,1
✈✈départ très imminent,1
*DOUALA 🇨🇲✈️✈️ MOSCOU 🇷🇺*,1
*19.02.25*,1
✅ 23 kilos disponibles,1
✅ on récupére également les documents importants,1
✅Petits colis et appareils électriques,1
Vous faciliter la tâche c'est mon credo🫡,1
*+79888341550*,1
*+237693559012*,1
🚨🚨🚨🚨🚨🚨🚨🚨🚨🚨🚨🚨🚨🚨🚨🚨🚨🚨🚨🚨🚨🚨🚨🚨🚨DEPART CONFIRMÉ,1
Moscou🇷🇺 — Douala 🇨🇲,1
Le 25 février 2025,1
✅         46 kg disponible,1
✅ Envoyez vos documents,1
✅ Envoyez vos petits appareils,1
Yan travel ✈️,1
Départ prévue le 25 février,1
( Moscou🇷🇺 — Dla —- yaounde 🇨🇲,1
- 23 kilo disponible,1
- ⁠1 kilo—-600 roubles,1
- ⁠expédition de vos documents,1
- ⁠expédition de vos petits colis,1
- ⁠expédition de vos bouteilles de votka,1
- ⁠expédition de vos appareils,1
Depart prévue le 19 février,1
(Yde — moscou 🇷🇺),1
Si vous avez des documents à envoyer venez remettre,1
- expédition de vos documents,1
- ⁠expédition de vos passeports,1
- ⁠expédition de vos appareils de téléphone et laptop,1
Nb: le gar est Ancien en Russie 🇷🇺 avec passeports russe il vie longtemps en Russie,1
Pour ceux qui sont dans d’autres villles posibilite de vous expédiez vos documents dans vos différentes villes respectives mais à vos frais par cdeck ou par la poste,1
Louer un appartement d'une pièce,1
Prix: 45.000,1
Caution: 45.000 (peut être divisé en deux mois),1
Commission: 80%,1
Adresse: Sovremennikov 3 (Misailovo),1
Places disponible pour les garçons et filles,1
Prix: 10.000r/ mois,1
Caution: ❌,1
Commission: 3000roubles,1
"N.B: L'appartement est nouveau, jamais habité",1
Moins de Bagages s'il vous plait,1
‎Open this link to join my WhatsApp Group: https://chat.whatsapp.com/GoKFgAM6o1a4obI780cQwP,1
🚨🇷🇺✈️✈️🇨🇲Voisi mes services au Cameroun 🇨🇲 passe le message à ton Voisin finis vos problèmes de réflexion je gère tout propre,0
1 - nouvelle carte nationale d’identité au Cameroun 🇨🇲 ( cni),1
- assistance pour l’obtention de la nouvelle cni biometric au Cameroun,1
- ⁠Assistance pendant toutes votre procédure,1
- ⁠enroulement de la cni,1
- ⁠cni express (48h),1
1 - assistance pour l’obtention de votre passeport au Cameroun 🇨🇲,1
Et en Russie 🇷🇺 ( enroulement passeports),1
2-  besoin du côté du Cameroun 🇨🇲,1
- l’extrait casier judiciaire,1
- ⁠certificat de célibat,1
- ⁠certificat de nationalité,1
3- certifications et l’égalisations de vos documents importants,1
- minesup,1
- ⁠minrex,1
- ⁠Ambassades,1
4- besoin du carnet jaune disponible pour le voyage toutes destination (✈️),1
- Afrique,1
- ⁠Europe,1
- ⁠Asie,1
- ⁠Amérique,1
5- expéditions de vos documents et de vos  colis en Russie 🇷🇺 via le meilleur canal,1
- Assurence,1
- ⁠fiabilité,1
- ⁠garantie,1
6- Disponible pour tout Autres services du côté du Cameroun 🇨🇲,1
Nb: vous n’aviez plus besoin de vous inquiétez j’assure tout du coté du Cameroun 🇨🇲 pour vous je suis disponible (7 / 7),1
Watsap - (+237 693- 22-88- 63),1
Mon numéro mtn est bloqué je le ferais débloquer demain,1
*MUHSIN HENDRICKS : Premier imam au monde ouvertement Gay a été tué en Afrique du Sud (La Vidéo)*,1
*Lire ici*👇🏾,1
*«J’ai 38 ans et j’ai besoin d’un mari. 50 millions pour quiconque veut m’épouser»: Une femme d'affaires célibataire en détresse (VIDÉO)*,1
*Lire ici*👇🏾,1
*Top 5 des pays africains avec les plus grandes flottes d’hélicoptères d’attaque en 2025*,1
*Lire ici*👇🏾,1
🚨🚨🚨🚨🚨🚨🚨🚨,1
*CHAMBRE*,1
*POUR FILLE OU COUPLE* *DISPONIBLE28700* *commission 5000*,1
*Métro Dmitry danskova*,1
"*Nb* *Évite de déranger inutilement si tu n'as pas l'argent. Écris, n'appelle pas s'il te plaît.*",1
Place disponible pour deux fille,1
ALERTE INFO !,1
Départ prévue le 20 février,1
( Dla —- Moscou 🇷🇺),1
35 kilo disponible,1
- paiement à la réception du colis à Moscou,1
Nb: tout ce pays en Russie,1
*URGENT - CRASH : Un avion s'est écrasé à son atterrissage avec 80 personnes à bord au CANADA (Vidéo)*,1
*Lire ici*👇🏾,1
"*Attaque meurtrière au nord du GHANA : Des TOGOLAIS parmi les victimes, bilan (images sensibles)*",1
*Lire ici*👇🏾,1
*Ce mécanicien automobile réalise son rêve et devient médecin à 51 Ans (Vidéo)*,1
*Lire ici*👇🏾,1
*URANIUM : Voici les pays africains avec les plus grandes réserves sur le continent*,1
*Lire ici*👇🏾,1
"*Des voleurs audacieux au BÉNIN : Un commissariat de Police cambriolé, plusieurs motos emportées; Les faits*",1
*Lire ici*👇🏾,1
Iphone 14 pro max a vendre,1
Ib,1
Qui as un document ou un téléphone à faire monter en Russie 🇷🇺 ? La personne peux venir remettre je suis àctuellement avec le doyen qui monte le 20 février,1
(Yde —- moscou) tout est en sécurité,1
Une place disponible à scherbika pour fille 10mill,1
UN TÉMOIGNAGE RIDICULE !,1
10 mille,1
Commission 2000,1
Place dans une chambre,1
Le métro?,1
*Redécouvrez LASSINA SAWADOGO : L’homme qui a affronté l’armée de BLAISE COMPAORÉ à mains nues au Burkina Faso (Vidéo)*,1
*Lire ici*👇🏾,1
*Incendie au Tribunal de Lomé : Ce qui s'est réellement passé (BILAN)*,1
*Lire ici*👇🏾,1
"*Malgré le conflit avec l’Ukraine, la France a payé 1758 milliards à la Russie pour acheter son...*",1
*Lire ici*👇🏾,1
*SÉNÉGAL : Diomaye FAYE reçoit l'homme le plus riche d'Afrique : Voici ce se prépare pour le pays*,1
*Lire ici*👇🏾,1
.https://togo-plus.com/bassirou-diomaye-faye-rencontre-aliko-dangote-un-tournant-pour-leconomie-senegalaise/,1
*Voici les 12 pays africains qui continuent d’imprimer leur monnaie en FRANCE*,1
*Lire ici*👇🏾,1
Deux places disponibles dans une chambre,1
"🚨🚨🚨A SPACE AVAILABLE FOR 1  PERSON . 15 minutes by bus from METRO BULVAR DMITRY DONSKOGO.  STATE BUS e91, 948,737,953 exit 7 or 5 interested in mailbox +79687107286",1
Chanbre disponible pour deux fille,1
Ou couple,1
Chanbre disponible pour deux fille,1
Ou couple,1
Départ prévue demain le 20,1
( yde - moscou 🇷🇺),1
-expédition de vos documents uniquement,1
- expédition de vos appareils,1
Nb: ancien en Russie avec passeports russes,1
—————————————————,1
Départ prévue le 20 février,1
( Dla — Moscou 🇷🇺),1
- kilo disponible,1
- ⁠30 kilo disponible,1
Nb: tout ce pays a la réception des colis à moscou venez juste remettre vos kilos,1
Chambre disponible dans un appartement de 3 chambres propre et calme au métro лермонтовский проспект ligne violette vers le bas,1
5 minutes en bus et 15 Minutes a pieds du métro,1
Pas de caution ni de commission 🙏🙏🙏,1
Places disponible pour garçon et (3) trois places pour filles,1
Prix: 10.000r/ mois,1
Commission: 3000r,1
Caution: ❌,1
"N.B: L'appartement est nouveau, jamais habité",1
Moins de Bagages s'il vous plait,1
"*URGENT - RDC : Après la prise de Goma et Bukavu, les rebelles du M23 s’emparent ce mardi de KAMANYOLA (Vidéo)*",1
*Lire ici*👇🏾,1
*Scandale au TOGO : Le comptable d'hôpital Public détourne plus de 100 millions de FCFA*,1
*Lire ici*👇🏾,1
*Ghana : Le nouveau président John Dramani Mahama déclare ses biens (Vidéo)*,2
*Lire ici*👇🏾,1
*Voici les 10 pays africains offrant une éducation de qualité*,1
*Lire ici*👇🏾,1
🚨🇷🇺✈️✈️🇨🇲Voisi mes services au Cameroun 🇨🇲 passe le message à ton Voisin finis vos problèmes de réflexion je gère tout propre,0
1 - nouvelle carte nationale d’identité au Cameroun 🇨🇲 ( cni),1
- assistance pour l’obtention de la nouvelle cni biometric au Cameroun,1
- ⁠Assistance pendant toutes votre procédure,1
- ⁠enroulement de la cni,1
- ⁠cni express (48h),1
1 - assistance pour l’obtention de votre passeport au Cameroun 🇨🇲,1
Et en Russie 🇷🇺 ( enroulement passeports),1
2-  besoin du côté du Cameroun 🇨🇲,1
- l’extrait casier judiciaire,1
- ⁠certificat de célibat,1
- ⁠certificat de nationalité,1
3- certifications et l’égalisations de vos documents importants,1
- minesup,1
- ⁠minrex,1
- ⁠Ambassades,1
4- besoin du carnet jaune disponible pour le voyage toutes destination (✈️),1
- Afrique,1
- ⁠Europe,1
- ⁠Asie,1
- ⁠Amérique,1
5- expéditions de vos documents et de vos  colis en Russie 🇷🇺 via le meilleur canal,1
- Assurence,1
- ⁠fiabilité,1
- ⁠garantie,1
6- Disponible pour tout Autres services du côté du Cameroun 🇨🇲,1
Nb: vous n’aviez plus besoin de vous inquiétez j’assure tout du coté du Cameroun 🇨🇲 pour vous je suis disponible (7 / 7),1
Watsap - (+237 693- 22-88- 63),1
Mon numéro mtn est bloqué je le ferais débloquer demain,1
Tu proposes des services/produits sur whatsapp?,1
Tu  n’as pas le temps de faire des publications dans tes groupes?,1
Tu as besoin de visibilite efficace et reguliere?,1
Voici la solution: LE CONTINENT!,1
"Le Continent cest une application qui permet d’envoyer automatiquement des publications (textes, fotos et videos) dans ses groupes whatsapp!",1
"Pour ceux qui feront des commandes avant le 1 mars 2025, Gros BONUS!",1
Welcome Inbox!,1
"Mmmm. Salut Teo! 👋 Tu vas bien, j’espère ? <This message was edited>",2
Saint-Pétersbourg,1
Enregistrement disponible À Saint-Pétersbourg,1
Pour ceux et celle intéressée,1
Ib,1
Service payant,1
"A SPACE IS AVAILABLE  . 15 minutes by bus from METRO DMITRIY DONSKOVO BOULEVARD, STATE BUS e91, 948,737,953 exit 7 or 5 interested in mailbox +79687107286",1
Départ prévue demain le 20 février,1
35 kilo disponible,1
850 rouble le kilo,1
Vous payez tout à destination à la réception du colis,1
( Dla —moscou),1
Venez remettre,1
*Urgent - RDC : L'Ouganda envoie aussi des soldats attaquer la ville congolaise BUNIA (Photo)*,1
*Lire ici*👇🏾,1
*Guerre à GOMA : Paul KAGAMÉ sanctionne la Belgique suite à sa position en faveur de la RDC*,1
*Lire ici*👇🏾,1
*Pape FRANÇOIS entre la vie et la mort ? Le Vatican réagit enfin*,1
*Lire ici*👇🏾,1
*Dernière Minute : Le NIGER impose des restrictions strictes d’entrée aux nigérians voyageant avec le passeport de la CEDEAO*,1
*Lire ici*👇🏾,1
*Suspension de l'aide américaine : Voici la Liste de tous les projets annulés en Afrique*,1
*Lire ici*👇🏾,1
Chanbre disponible pour deux fille,1
Pas de derangement inutile.,1
Chanbre disponible pour deux fille,1
Pas de derangement inutile.,1
🚨🚨🚨🚨🚨🚨,1
*PLACE DISPONIBLE POUR 3* *FILLE   *                              *DMITRY DONSKOVA*,1
*loyer 12500*,1
"*Nb* *Plus de détails in box et évite de déranger si tu n'as pas l'argent. Écrivez , n'appelle pas s'il vous plaît.*",1
🚨🚨🚨🚨🚨🚨,1
*PLACE DISPONIBLE POUR 3* *FILLE   *                              *DMITRY DONSKOVA*,1
*loyer 12500*,1
"*Nb* *Plus de détails in box et évite de déranger si tu n'as pas l'argent. Écrivez , n'appelle pas s'il vous plaît.*",1
Départ imminent le 25 février,1
Moscou🇷🇺🇷🇺 - douala -Yaoundé🇨🇲🇨🇲🇨🇲,1
Je prend rien que les documents à 500 roubles.,1
"SPACE AVAILABLE  . 15 minutes by bus from METRO DMITRIY DONSKOVO BOULEVARD, STATE BUS e91, 948,737,953 exit 7 or 5 interested in mailbox +79687107286",1
*RDC : Le président FÉLIX TSHISEKEDI veut emprunter des soldats Tchadiens pour contrer l’avancée des rebelles du M23*,1
*Lire ici*👇🏾,1
*Drame au NIGÉRIA : Une jeune fille tuée et découpée par son copain rencontrée sur Facebook (Photos)*,1
*Lire ici*👇🏾,1
"*CAMEROUN : Caché dans le train d'atterrissage, cet homme chute mortellement de l'avion à l'aéroport de Yaoundé (Vidéo)*",1
*Lire ici*👇🏾,1
*Voici la Situation dans l’Est de la RDC ce mercredi 19 février*,1
*Lire ici*👇🏾,1
Besoin d'une fille pour cohabiter avec une autre dans une chambre interresser ib,1
Louer un appartement d'une pièce,1
Prix: 45.000,1
Caution: 45.000 (peut être divisé en deux mois),1
Commission: 80%,1
Adresse: Sovremennikov 3 (Misailovo),1
Places disponible pour les garçons et filles,1
Prix: 10.000r/ mois,1
Caution: ❌,1
Commission: 3000roubles,1
"N.B: L'appartement est nouveau, jamais habité",1
Moins de Bagages s'il vous plait,1
"DECLARATION SUR LA DECOUVERTE DU CHARNIER DE SIKOUM, PAR EDEA, ET SUR L'INSECURITE TOTALE DANS LAQUELLE LE REGIME RDPC A PLONGE LES CAMEROUNAIS.",1
"Selon diverses sources, un charnier de onze (11) squelettes, quatre (4) corps et deux (2) personnes encore vivantes a été découvert le 18 février 2025 à Sikoum, non loin du péage d'Édéa.",1
"Cette découverte macabre vient peut-être lever un coin du voile sur les disparitions de nombreuses personnes, et notamment des motos taximen et chauffeurs de taxi dans les villes de Yaoundé, Douala et ailleurs.",1
"Au nom de militants et sympathisants du MRC, je présente mes sincères condoléances aux familles des personnes disparues et retrouvées mortes dans le charnier de Sikoum. Je souhaite un prompt rétablissement aux deux personnes retrouvées miraculeusement vivantes sur le théâtre de cette tragédie.",1
De nombreux cas de disparitions non élucidées ont fini par plonger notre pays dans une psychose que vient accentuer la découverte du charnier de Sikoum.,1
"Deux jours après cette découverte macabre, le Président de la République, le Premier Ministre, Chef du Gouvernement, le Porte-parole du Gouvernement, le Secrétaire d'État chargé de la Gendarmerie, le Délégué Général à la Sûreté Nationale (DGSN), le Ministre de l'Administration Territoriale, le Procureur de la République près le Tribunal de Grande Instance de la Sanaga Maritime restent étrangement silencieux.",1
"Décidément, après 43 ans de gestion du régime RDPC, on peut constater avec tristesse que rien, pas même ce qui touche à la vie des Camerounais n'émeut le Président de la République en fonction : qu'il s'agisse des massacres de la secte Boko Haram dans la Région de l'Extrême-Nord, ou des milliers de morts et du million de déplacés internes et des dizaines de milliers de réfugiés de la guerre civile dans le Nord-Ouest et le Sud-Ouest, des drames survenus à Ngouache, Bafoussam, de l'éboulement meurtrier du mont Mbankolo à Yaoundé, des morts d'Olembe lors de la coupe d'Afrique des nations, des inondations meurtrières du Mayo Danay, des nombreuses catastrophes de la circulation à l'exemple de celle de Kombé sur la route Yaoundé-Sangmelima, ou de l'éboulement dévastateur de la falaise de Dschang, pour s'en tenir aux cas les plus graves survenus au cours des années récentes. À quoi donc s'occupe le Président de la République calfeutré dans son palais ? Lui et les membres de son Gouvernement ont-ils un cœur ? Qui  gouvernent-ils donc, si le sort des Camerounais ne les intéresse pas, même quand ils sont dans la plus grande détresse ?",0
"Que font les nombreux services de sécurité, dont on est tenté de croire que leur zèle ne se manifeste que lorsqu'ils doivent surveiller, arrêter arbitrairement et à torturer les militants du MRC, comme chacun a pu le voir lors des répressions sauvages des Marches Pacifiques de 2019 et de 2020 ?",1
"En effet, en faisant l'hypothèse - qui reste à confirmer par des enquêtes sérieuses - que les malheureuses victimes de la tragédie de Sikoum auraient été enlevées à Yaoundé, ou à Douala, ou à Edéa même puis conduites à Sikoum pour être exécutées, on peut se demander à quoi servent toutes les barrières de contrôle de police, de  gendarmerie, des douanes, des agents du Ministère des Transports, des eaux et forêts ainsi que les brigades mixtes, qui encombrent la route Douala-Yaoundé ?  Doit-on conclure que le renseignement dont la fonction stratégique est la connaissance et l'anticipation ne fonctionne dans notre pays que lorsqu'il faut surveiller les opposants et les acteurs de la société civile ?",0
"Le MRC demande au Président de la République et au Gouvernement de prendre en urgence la parole pour donner des clarifications sur cette terrible affaire de Sikoum afin de rassurer les populations, en particulier celles de la zone concernée désormais gagnées par la psychose.",1
Le MRC demande aux autorités judiciaires d'informer l'opinion de l'évolution des enquêtes sur cette affaire.,1
"Le MRC demande au Parlement de lancer, dès l'ouverture de la session de mars prochain, une enquête parlementaire pour établir toutes les responsabilités dans la survenue de ce scandale sécuritaire et humanitaire qui traumatise les Camerounais abandonnés à eux-mêmes par le pouvoir dont la seule raison de vivre est de survivre pour, espère-t-il, se succéder à lui-même.",1
Fait à Yaoundé le 20 février 2025,1
"Maurice KAMTO, Président National du MRC,",1
Candidat du MRC et de l'APC à l'élection présidentielle à venir.,1
*Voici le CLASSEMENT des 6 pays Riches mais avec des populations Pauvres dans le monde; Deux sont africains*,1
*Lire ici*👇🏾,1
*SANTÉ : Un ver ressemblant à un serpent retiré du nez d'un garçon de 9 ans (Vidéo)*,1
*Lire ici*👇🏾,1
"*RDC : 3 enfants exécµtés Par les rebelles du M23, les faits*",1
*Lire ici*👇🏾,1
*Découvrez les 10 Pays Africains les moins corrompus*,1
*Lire ici*👇🏾,1
*Ligue des Champions : Voici la Liste des 16 équipes qualifiées pour les 8es de finale*,1
*Lire ici*👇🏾,1
Chanbre disponible pour deux fille,1
Pas de derangement inutile .svp,1
Métro,1
15 pro max,1
77k,1
"Batterie 87% , capacité 256 gb",1
"2/20/25, 1:59 PM - +7 925 028-62-48 added +243 819 318 280",1
Place pour une fille,1
Dan la chanbre de deux,1
LA NOUVELLE AFRIQUE EST DEBOUT !,1
*URGENT - Afrique du Sud : Une maire envoie par erreur ses vidéos sextape dans le groupe WhatsApp de son parti politique. (La Vidéo)*,1
*Lire ici*👇🏾,1
*Présidentielle 2026 au Bénin : Patrice TALON prend une importante décision*,1
*Lire ici*👇🏾,1
*Le Football brésilien en deuil : Un joueur décède subitement juste avant le début un match (Photo)*,1
*Lire ici*👇🏾,1
*CAMEROUN : Deux jeunes infligent un vi0l de 2 heures non-stop à une fille à Yaoundé (Les Photos)*,1
*Lire ici*👇🏾,1
Salut la famille besoin d'une place pour un garçon juste deux jours,1
Place disponible pour une fille,1
Dans la chanbre de deux,1
Place disponible pour une fille,1
Dans la chanbre de deux,1
Louer un appartement d'une pièce,1
Prix: 45.000,1
Caution: 45.000 (peut être divisé en deux mois),1
Commission: 80%,1
Adresse: Sovremennikov 3 (Misailovo),1
Places disponible pour les garçons et filles,1
Prix: 10.000r/ mois,1
Caution: ❌,1
Commission: 3000roubles,1
"N.B: L'appartement est nouveau, jamais habité",1
Moins de Bagages s'il vous plait,1
🚨🇷🇺✈️✈️🇨🇲Voisi mes services au Cameroun 🇨🇲 passe le message à ton Voisin finis vos problèmes de réflexion je gère tout propre,0
1 - nouvelle carte nationale d’identité au Cameroun 🇨🇲 ( cni),1
- assistance pour l’obtention de la nouvelle cni biometric au Cameroun,1
- ⁠Assistance pendant toutes votre procédure,1
- ⁠enroulement de la cni,1
- ⁠cni express (48h),1
1 - assistance pour l’obtention de votre passeport au Cameroun 🇨🇲,1
Et en Russie 🇷🇺 ( enroulement passeports),1
2-  besoin du côté du Cameroun 🇨🇲,1
- l’extrait casier judiciaire,1
- ⁠certificat de célibat,1
- ⁠certificat de nationalité,1
3- certifications et l’égalisations de vos documents importants,1
- minesup,1
- ⁠minrex,1
- ⁠Ambassades,1
4- besoin du carnet jaune disponible pour le voyage toutes destination (✈️),1
- Afrique,1
- ⁠Europe,1
- ⁠Asie,1
- ⁠Amérique,1
5- expéditions de vos documents et de vos  colis en Russie 🇷🇺 via le meilleur canal,1
- Assurence,1
- ⁠fiabilité,1
- ⁠garantie,1
6- Disponible pour tout Autres services du côté du Cameroun 🇨🇲,1
Nb: vous n’aviez plus besoin de vous inquiétez j’assure tout du coté du Cameroun 🇨🇲 pour vous je suis disponible (7 / 7),1
Watsap - (+237 693- 22-88- 63),1
Mon numéro mtn est bloqué je le ferais débloquer demain,1
"2/20/25, 7:48 PM - +237 74647105 joined using this group's invite link",1
"2/20/25, 7:48 PM - +237 6 77 99 87 89 joined using this group's invite link",1
🚨🚨🚨🚨🚨🚨,1
*CHAMBRE DISPONIBLE*,1
*Metro Dmitry danskova*,1
*Chambre 32000*,1
*Commission  5000*,1
*Caution 0*,1
"*Nb* *Évite de te déranger inutilement si tu n'as pas l'argent. Écris, n'appelle pas s'il te plaît.*",1
🚨🚨🚨🚨🚨🚨,1
*3 PLACE DISPONIBLE POUR FIlLE est GARÇON*,1
*Metro Dmitry danskova*,1
*Chambre 12000*,1
"*Nb* *Évite de te déranger inutilement si tu n'as pas l'argent. Écris, n'appelle pas s'il te plaît.*",1
‎Open this link to join my WhatsApp Group: https://chat.whatsapp.com/GoKFgAM6o1a4obI780cQwP,1
Besoin de 02 personnes maintenant pour travail chantier au métro lyublino ligne 10 de 9h00 à 18h00 payé 3000r après boulot,1
Départ prévue le 25 février,1
Moscou🇷🇺—->Dla —->yde🇨🇲,1
23 kilo disponible,1
1 kilo——-> 600 rouble,1
Expédition de vos documents m,1
Expédition de vos petits colis,1
Expédition de vos appareils,1
Chanbre disponible pour deux fille,1
Places disponible pour une fille dans la chanbre de deux,1
Louer un appartement d'une pièce,1
Prix: 45.000,1
Caution: 45.000 (peut être divisé en deux mois),1
Commission: 80%,1
Adresse: Sovremennikov 3 (Misailovo),1
Places disponible pour les garçons et filles,1
Prix: 10.000r/ mois,1
Caution: ❌,1
Commission: 3000roubles,1
"N.B: L'appartement est nouveau, jamais habité",1
Moins de Bagages s'il vous plait,1
"2/21/25, 9:47 AM - +7 980 399-46-85 joined using this group's invite link",1
🚨🇷🇺✈️✈️🇨🇲Voisi mes services au Cameroun 🇨🇲 passe le message à ton Voisin finis vos problèmes de réflexion je gère tout propre,0
1 - nouvelle carte nationale d’identité au Cameroun 🇨🇲 ( cni),1
- assistance pour l’obtention de la nouvelle cni biometric au Cameroun,1
- ⁠Assistance pendant toutes votre procédure,1
- ⁠enroulement de la cni,1
- ⁠cni express (48h),1
1 - assistance pour l’obtention de votre passeport au Cameroun 🇨🇲,1
Et en Russie 🇷🇺 ( enroulement passeports),1
2-  besoin du côté du Cameroun 🇨🇲,1
- l’extrait casier judiciaire,1
- ⁠certificat de célibat,1
- ⁠certificat de nationalité,1
3- certifications et l’égalisations de vos documents importants,1
- minesup,1
- ⁠minrex,1
- ⁠Ambassades,1
4- besoin du carnet jaune disponible pour le voyage toutes destination (✈️),1
- Afrique,1
- ⁠Europe,1
- ⁠Asie,1
- ⁠Amérique,1
5- expéditions de vos documents et de vos  colis en Russie 🇷🇺 via le meilleur canal,1
- Assurence,1
- ⁠fiabilité,1
- ⁠garantie,1
6- Disponible pour tout Autres services du côté du Cameroun 🇨🇲,1
Nb: vous n’aviez plus besoin de vous inquiétez j’assure tout du coté du Cameroun 🇨🇲 pour vous je suis disponible (7 / 7),1
Watsap - (+237 693- 22-88- 63),1
Mon numéro mtn est bloqué je le ferais débloquer demain,1
L’égalisation et traduction de vos documents,1
- ministère des relations extérieurs,1
- ⁠Ambassade de la Belgique 🇧🇪,1
- ⁠Ambassade de l’Allemagne 🇩🇪,1
- ⁠Ambassade de l’Espagne 🇪🇸,1
- ⁠Ambassade de l’Espagne,1
- ⁠Ambassade de l’Italie 🇮🇹,1
Nb : je gère aussi dans d’autres Ambassades,1
Contactez moi pour le service rapide,1
2- pour tout. Ceux qui veulent monter leurs procédures de visa je vous assister aussi assistance visa,1
null,1
Pacer disponible pour une fille,1
Métro :domodedovskaya,1
Loyer:10.000p,1
Commission :0,1
Depart ✈️Moscou-Douala🇨🇲pour le 17/04/25,1
23Kg Disponibles!  ib : Tel +79002849798  /  +79778308943. Merci,2
Chanbre pour deux fille,1
Dispo,1
Chanbre pour deux fille,1
Dispo,1
Ok,1
🚨🇷🇺✈️✈️🇨🇲Voisi mes services au Cameroun 🇨🇲 passe le message à ton Voisin finis vos problèmes de réflexion je gère tout propre,0
1 - nouvelle carte nationale d’identité au Cameroun 🇨🇲 ( cni),1
- assistance pour l’obtention de la nouvelle cni biometric au Cameroun,1
- ⁠Assistance pendant toutes votre procédure,1
- ⁠enroulement de la cni,1
- ⁠cni express (48h),1
1 - assistance pour l’obtention de votre passeport au Cameroun 🇨🇲,1
Et en Russie 🇷🇺 ( enroulement passeports),1
2-  besoin du côté du Cameroun 🇨🇲,1
- l’extrait casier judiciaire,1
- ⁠certificat de célibat,1
- ⁠certificat de nationalité,1
3- certifications et l’égalisations de vos documents importants,1
- minesup,1
- ⁠minrex,1
- ⁠Ambassades,1
4- besoin du carnet jaune disponible pour le voyage toutes destination (✈️),1
- Afrique,1
- ⁠Europe,1
- ⁠Asie,1
- ⁠Amérique,1
5- expéditions de vos documents et de vos  colis en Russie 🇷🇺 via le meilleur canal,1
- Assurence,1
- ⁠fiabilité,1
- ⁠garantie,1
6- Disponible pour tout Autres services du côté du Cameroun 🇨🇲,1
Nb: vous n’aviez plus besoin de vous inquiétez j’assure tout du coté du Cameroun 🇨🇲 pour vous je suis disponible (7 / 7),1
Watsap - (+237 693- 22-88- 63),1
Mon numéro mtn est bloqué je le ferais débloquer demain,1
🚨🚨🚨🚨🚨🚨,1
*CHAMBRE DISPONIBLE POUR* *FILLE OU COUPLE*                              *DMITRY DONSKOVA*,1
*Loyer 30000*,1
*Commission 5000*,1
"*Nb* *Évite de déranger inutilement si tu n'as pas l'argent. Écris, n'appelle pas s'il te plaît.*",1
🚨🚨🚨🚨🚨🚨🚨🚨🚨🚨🚨🚨🚨🚨🚨🚨🚨🚨🚨🚨 DEPART CONFIRMÉ +++,1
MOSCOU🇷🇺-DOUALA🇨🇲,1
27 FEVRIER 2025,1
✅  23 kg disponible,1
"✅ Envoyez vos documents( Invitation, Diplomes, passports ect.....)",1
"✅Envoyez vos petits appareils( Telephones, Planchettes, Laptops",1
Yan travel ✈️,1
( l'argence de transport de colis qui assure et rassure vos colis🥳),1
🚨🚨🚨🚨,1
*3PLACE DISPONIBLE POUR* *FILLE *                              *DMITRY DONSKOVA*,1
*Loyer 12000*,1
"*Nb* *Évite de déranger inutilement si tu n'as pas l'argent. Écris, n'appelle pas s'il te plaît.*",1
Une place disponible pour garçon dans une chambre où vit déjà une personne pas Loin du métro лермонтовский проспект ligne violette vers le bas,1
A 5 minutes en bus et 15 minutes à pied,1
Pas de commission ni de caution 🙏🙏🙏🙏 <This message was edited>,1
Places disponible pour les garçons et filles,1
Prix: 10.000r/ mois,1
Caution: ❌,1
Commission: 3000roubles,1
"N.B: L'appartement est nouveau, jamais habité",1
Moins de Bagages s'il vous plait,1
Louer un appartement d'une pièce,1
Prix: 45.000,1
Caution: 45.000 (peut être divisé en deux mois),1
Commission: 80%,1
Adresse: Sovremennikov 3 (Misailovo),1
Louer un appartement d'une pièce,1
Prix: 40.000,1
Caution: 20.000,1
Commission: 80%,1
Adresse: Улица луговая 4(Мисайлово),1
‎Suivez ce lien pour intégrer mon Groupe WhatsApp  : https://chat.whatsapp.com/Ek2dQglBBqI4DYeasVCavi,1
Départ prévue le 25 février,1
Moscou 🇷🇺—-> Dla —- > yde 🇨🇲,1
20 kilo disponible,1
1kilo ——> 550 rouble,1
- expédition de vos documents,1
- ⁠expédition de vos appareils,1
Nb : la personne descend au Cameroun 🇨🇲,1
Le vivre ensemble est très bien et facile mais c'est le partagez ensemble qui est le problème si se sont les deux si qui se gâte comme ça c'est que c'est grave,2
"Sa date de l'année écoulée, il ne faut pas nous ramener des histoires d'antiquité mais les gens veulent du travail en permanence et bien payé...",2
Toi tu as un groupe où tu es entrain de vénérer l'Allemagne et tu viens ici dit que c'est pas le paradis de qui tu te moques,1
Depart ✈️Moscou-Douala🇨🇲pour le 17/04/25,1
23Kg Disponibles!  ib : Tel +79002849798  /  +79778308943. Merci,2
🚨🚨🚨‼️‼️🇨🇲🇨🇲,1
Voisi mes différents services Au,1
Cameroun 🇨🇲pour tout besoin de Mes services je gère tout propre,1
1–nouvelle format de la carte nationale d’identité au Cameroun,1
(Cni)-,1
-Assistance pour l’obtention de la nouvelle ( cni) biométries,1
-enroulement de votre cni en ligne,1
-Assistance pendant la procedure,1
-cni express (48h),1
2—— Assistance pour l’obtention de votre passport au Cameroun 🇨🇲et en Russie 🇷🇺,1
- enroulement de vos passeports en ligne,1
3—-Assurance voyage ✈️Disponible toutes destinations,1
"( Afrique, Europe, Amérique,Asie",1
4- besoin du côté du Cameroun 🇨🇲,1
- De l’extrait de casier judiciaire,1
- ⁠Du certificat de célibat,1
- ⁠certificat de nationalité,1
5– certification et légalisation de vos documents,1
—Minesup,1
—minrex,1
—-Ambassades,1
6- besoin du carnet jaune pour le voyage ✈️toutes destinations,1
Carnet jaune du Centre pasteur de Yaoundé (valide à vie),1
7–réservation du billet D’avion ✈️toutes destinations,1
—-billets D’avion au bas prix,1
8— expédition de vos,1
— colis,1
—- Documents,1
—-Appareil,1
( tout ce passe avec assurance transparence et fiabilité),1
9- Disponible pour tout Autres services du côté du Cameroun 🇨🇲,1
Nb: confiez moi tout le travail je gère bien et vite j’assure tout du côté du Cameroun vos familles ne vont plus courir le risque pour venir sur yde gère vos doc je gère tout surplace,2
10- expédition de vos documents,1
Afrique central—- Russia 🇷🇺,1
Pour me joindre Voisi,1
Mes deux numéro de téléphone watsap disponible,1
—+(237)693228863,1
—+(237) 651215164,1
J’ai toujours ma photo sur mon profil pour plus de confiance,1
Chanbre disponible pour deux fille,1
Places disponible pour une fille dans la chanbre de deux,1
🚨🚨🚨‼️‼️🇨🇲🇨🇲,1
Voisi mes différents services Au,1
Cameroun 🇨🇲pour tout besoin de Mes services je gère tout propre,1
1–nouvelle format de la carte nationale d’identité au Cameroun,1
(Cni)-,1
-Assistance pour l’obtention de la nouvelle ( cni) biométries,1
-enroulement de votre cni en ligne,1
-Assistance pendant la procedure,1
-cni express (48h),1
2—— Assistance pour l’obtention de votre passport au Cameroun 🇨🇲et en Russie 🇷🇺,1
- enroulement de vos passeports en ligne,1
3—-Assurance voyage ✈️Disponible toutes destinations,1
"( Afrique, Europe, Amérique,Asie",1
4- besoin du côté du Cameroun 🇨🇲,1
- De l’extrait de casier judiciaire,1
- ⁠Du certificat de célibat,1
- ⁠certificat de nationalité,1
5– certification et légalisation de vos documents,1
—Minesup,1
—minrex,1
—-Ambassades,1
6- besoin du carnet jaune pour le voyage ✈️toutes destinations,1
Carnet jaune du Centre pasteur de Yaoundé (valide à vie),1
7–réservation du billet D’avion ✈️toutes destinations,1
—-billets D’avion au bas prix,1
8— expédition de vos,1
— colis,1
—- Documents,1
—-Appareil,1
( tout ce passe avec assurance transparence et fiabilité),1
9- Disponible pour tout Autres services du côté du Cameroun 🇨🇲,1
Nb: confiez moi tout le travail je gère bien et vite j’assure tout du côté du Cameroun vos familles ne vont plus courir le risque pour venir sur yde gère vos doc je gère tout surplace,2
10- expédition de vos documents,1
Afrique central—- Russia 🇷🇺,1
Pour me joindre Voisi,1
Mes deux numéro de téléphone watsap disponible,1
—+(237)693228863,1
—+(237) 651215164,1
J’ai toujours ma photo sur mon profil pour plus de confiance,1
Je gère les documents de qui demain qui est déjà prêt??,1
"La Déclaration Statistique et Fiscale (DSF) ou ""Bilan de l'entreprise"" pour le commun des ""mortels"".",1
"La DSF est le document récapitulatif annuel de l'entreprise. Il englobe le Bilan et bien d'autres tableaux financiers et fiscaux. C'est donc un abus de l'appeler ""Bilan de l'entreprise"".",2
Cette dernière(La DSF) nous permet de voir clairement :,1
De quel entreprise il est question ?,1
Quelle est la performance de cette dernière ?,1
Quels sont les impôts payés ?,1
Quelles sont les informations significatives de l'entreprise sur divers plans ?,1
"Conformément à l'Article L99, la non souscription des DSF dans les délais prescrits expose les entreprises à des pénalités de 250.000Fr pour les entreprises des CDI, de 1.000.000Fr pour les entreprises du CSIPLI et du CIME, enfin de 5.000.000Fr pour les entreprises de la DGE.",1
Nous sommes ravis de vous rappeler les différentes dates limites de souscription et de paiement des soldes de 2024 (voir image ci-dessous).,1
"Nous sommes disponibles , et très disposé à monter et à soumettre  vos DSF dans les délais.",1
"De plus si vous devez certifier vos états financiers, nous serons honoré de vous mettre en contact avec un Commissaire aux comptes en cas de besoin.",1
"📞 Pour tous vos besoins sur les DSF Contactez-nous, et nous ferons le reste.",1
WhatsApp aux contacts 696960671/654557135,1
#LoiDeFinances2025 #impots  #DSF #DSF2025,1
Louer un appartement d'une pièce,1
Prix: 40.000,1
Caution: 20.000,1
Commission: 80%,1
Adresse: Улица луговая 4(Мисайлово),1
Louer un appartement d'une pièce,1
Prix: 45.000,1
Caution: 45.000 (peut être divisé en deux mois),1
Commission: 80%,1
Adresse: Sovremennikov 3 (Misailovo),1
Places disponible pour les garçons et filles,1
Prix: 10.000r/ mois,1
Caution: ❌,1
Commission: 3000roubles,1
"N.B: L'appartement est nouveau, jamais habité",1
Moins de Bagages s'il vous plait,1
null,1
Départ prévue 25 février,1
Moscou —- Dla —- Yde,1
1 kilo ———> 550 rouble,1
- expédition de vos documents,1
- ⁠expédition de vos appareils,1
Nb: la personne descend au Cameroun 🇨🇲,1
20 kilo disponible,1
1 kilo ——,1
Donc toi tu es au Cameroun tu conseil les gens en Russie ? 😒 gros malho,1
Ta garderie est où ? 😒,1
Je Wanda moi sur les gens qui écoute ce gars,1
Vraiment,1
"La Russie l’a dépassé, il cherche la facilité en arnaquant ces frères et les moutons sont là à l’écouter",1
Si tu t’en sort tant que sa au Cameroun mon frère oublie la Russie nooo,1
Il y’a même quoi avec vous,1
Laisser les enfants vivrent tranquillement leur vie en Russie,1
Bro n'aide plus tintin,1
Tu as finis avec ton schéma de l'Allemagne ta garderie et maintenant tu viens dire au gens que le vng ne sert à rien toi seulement on doit te délivrer,1
Une place disponible pour garçon dans une chambre où vit déjà un garçon pas Loin du métro лермонтовский проспект ligne violette vers le bas,1
A 5 minutes en bus et 15 minutes à pied,1
Pas de commission ni de caution 🙏🙏🙏🙏,1
"2/23/25, 2:07 PM - ~ carinegalo200 added ~ Maman Tu",1
Depart ✈️Moscou-Douala🇨🇲pour le 17/04/25,1
23Kg Disponibles!  ib : Tel +79002849798  /  +79778308943. Merci,2
DOUALA 🇨🇲-MOSCOU 🇷🇺-,1
👉04.03.2025,1
✅23 kilos disponibles,1
✅ Envoyez vos documents,1
✅petits colis,1
Tel: 89883181086,1
Une piece pour une fille dans une chambre métro Dimistri,1
Place 13.500 pour 2 fille,1
Place 13.500 pour 2 fille,1
ALERTE INFO,1
Chanbre disponible pour deux fille,1
Place disponible pour une fille dans la chanbre de deux,1
"*PARTAGEZ LE LIEN,PARTAGEZ,QUE DIEU VOUS BENIS ENORMENT COMME VOUS ETE ENTRAIN DE PARTAGE*",1
Besoin d'une chambre pour deux garçons budget 20.000,1
Place 13.500 pour 2 fille,1
"Besoin d'un homme sérieux qui peut travailler à la cantine de l'école, qui sait au moins utilisé Maps de 7h30 à 16h payement 3000r pour plus d’informations  inbox",1
🚨🚨🚨🚨🚨🚨,1
*CHAMBRE DISPONIBLE*                              *DMITRY DONSKOVA*,1
*Loyer 32000r*,1
*Commission 5000r*,1
"*Évite de déranger inutilement si tu n'as pas l'argent. Écrivez, n'appellez pas s'il vous plaît.*",1
Une piece pour une fille dans une chambre métro Dimistri,1
Documents uniquement,1
Brazzaville🇨🇬—yde - moscou 🇨🇲,1
Kinhassa 🇨🇩—- yde - Moscou 🇨🇲,1
Départ prévue le 03 mars pour saint peterburg,1
Couple russe Ancien en Russie 🇷🇺 avec passeports russe,1
Une piece pour une fille dans une chambre métro Dimistri,1
Chanbre disponible pour deux fille,1
Places disponible pour une fille dans la chanbre de deux,1
*Plusieurs filles africaines torturées et réduites à l'esclavage au YÉMEN (La Vidéo)*,1
*Lire ici*👇🏾,1
*Drame en INDE : Un poids de 270 kg tombe sur le cou d'une jeune athlètes et la tue pendant l'entraînement (VIDÉO)*,1
*Lire ici*👇🏽,1
*Découvrez Les 20 pays Africains qui enregistrent le plus d’accidents meurtriers sur leur route*,1
*Lire ici*👇🏽,1
*Confédération des États du Sahel : Les trois pays lancent le drapeau unique officiel de l'AES (image)*,1
*Lire ici*👇🏽,1
*ALLEMAGNE : Des lumières mystérieuses dans le ciel effraient les habitants (Vidéos)*,1
*Lire ici*👇🏽,1
*Voici le CLASSEMENT des pays les plus d'Afrique*,1
*Lire ici*👇🏽,1
*Une femme bat son époux à mort à cause de son salaire*,1
*Lire ici*👇🏽,1
*« Il ne me reste plus qu’un mois à vivre » : confession d’un jeune homme sur les rituels d’argent*,1
*Lire ici*👇🏽,1
*NIGÉRIA : Des hommes armés tirent sur un pasteur dans une église et kidnappent 6 fidèles (Photo)*,1
*Lire ici*👇🏽,1
.,1
Départ prévue le Demain le 25 Février ( moscou🇷🇺 — Dla — Yde),1
17kilo disponible à vendre,1
-1 kilo ——->500 roubles,1
-expédition de vos documents,1
-expédition de vos petits colis,1
Kilo à 500 rouble ✌🏿✌🏿,1
Nb: la personne descend au Cameroun 🇨🇲,1
Chanbre disponible pour deux fille,1
Places disponible pour une fille dans la chanbre de deux,1
🚨🚨🚨🚨🚨🚨🚨🚨🚨🚨🚨🚨🚨🚨🚨🚨🚨🚨🚨🚨 DEPART CONFIRMÉ +++,1
MOSCOU🇷🇺-DOUALA🇨🇲,1
27 FEVRIER 2025,1
✅ 12kg encore  disponible,1
"✅ Envoyez vos documents( Invitation, Diplomes, passports ect.....)",1
"✅Envoyez vos petits appareils( Telephones, Planchettes, Laptops",1
Yan travel ✈️,1
( l'argence de transport de colis qui assure et rassure vos colis🥳),1
Depart prévu le 03 Mars,1
( Dla — Moscou- Saint Petersburg),1
- expédition de vos documents uniquement,1
- ⁠expédition de vos téléphone,1
Nb: couple Russie 🇷🇺 avec passeports russe il sont venues  au Cameroun pour un séjour et maintenant retourne dans leurs pays,1
DOUALA 🇨🇲-MOSCOU 🇷🇺-,1
👉27.02.2025,1
UNIQUEMENT DOCUMENTS,1
Tel: 89883181086,1
Chambre disponible dans un appartement de 3 chambres propre et calme au métro лермонтовский проспект ligne violette vers le bas,1
5 minutes en bus et 15 Minutes a pieds du métro,1
Pas de caution ni de commission 🙏🙏🙏,1
Chambre disponible dans un appartement de 3 chambres propre et calme au métro лермонтовский проспект ligne violette vers le bas,1
5 minutes en bus et 15 Minutes a pieds du métro,1
Pas de caution ni de commission 🙏🙏🙏,1
Depart ✈️Moscou-Douala🇨🇲pour le 17/04/25,1
23Kg Disponibles!  ib : Tel +79002849798  /  +79778308943. Merci,2
Salut besoin d'une fille pour faire un massage rapide 1h du temps massage simple 1h à 2500p massage complet 1h à 10.000p intéressé inbox 🛑🛑🛑🛑🛑🛑🛑🛑🛑🛑🛑🛑🛑🛑🛑🛑🛑🛑,1
"*1 PLACE POUR GARÇON DISPONIBLE DANS UNE CHAMBRE DE 3 PERSONNES À 15 MUNITES DU MÉTRO BOULEVARD DIMITRIA DONSKOVO, BUS PAYANT, INTÉRESSÉ INBOX*",1
Chanbre disponible pour deux fille,1
Place disponible pour une fille dans la chanbre de deux,1
Chanbre disponible pour deux fille,1
Place disponible pour une fille dans la chanbre de deux,1
Départ prévue le 03 Mars 2024,1
( Dla — Moscou- briansk),1
- expédition de vos documents,1
- ⁠expédition de vos petits colis,1
10 kilo disponible,1
-,1
*BRÉSIL : Accident aérien entre un avion et un oiseau (Photos)*,1
*Lire ici*👇🏽,1
*Découvrez les 10 Pays Africains les plus influents en 2025*,1
*Lire ici*👇🏽,1
*GUERRE EN UKRAINE : Voici les Milliards perdus par les grandes entreprises américaines après leur retrait de RUSSIE*,0
*Lire ici*👇🏽,1
"*BÉNIN : Patrice TALON inscrit son nom dans l'histoire, plus de 15 milliards de FCFA pour...*",1
*Lire ici*👇🏽,1
*URGENT : Les 3 pays de l'AES annoncent enfin une bonne nouvelle à la CEDEAO*,1
*Lire ici*👇🏽,1
"*RECORD MONDIAL : En seulement 40 ans, cette femme a donné naissance à 69 enfants*",1
*Lire ici*👇🏽,1
*Burkina Faso - IBRAHIM TRAORÉ honore Didier DROGBA et Samuel ETO'O : Leur nom gravé dans la « Rue des Étoiles » (PHOTOS)*,1
*Lire ici*👇🏽,1
*Deux africaines nommées à la CPI (Photos)*,1
*Lire ici*👇🏽,1
*Le Niger devient officiellement un pays producteur de Cuivre*,1
*Lire ici*👇🏽,1
C'est mieux la musique bro..... j'avais misé sur toi pendant tes deux combats de boxe ...ton physique m'a trompé ....j'ai perdu,0
Datsik  plus de 40 ans t'a envoyé au Sol,1
Chanbre disponible pour deux fille,1
Place disponible pour deux fille dans la chanbre de deux,1
Places disponible pour les garçons et filles,1
Prix: 10.000r/ mois,1
Caution: ❌,1
Commission: 3000roubles,1
"N.B: L'appartement est nouveau, jamais habité",1
Moins de Bagages s'il vous plait,1
"*1 PLACE POUR GARÇON DISPONIBLE DANS UNE CHAMBRE DE 3 PERSONNES À 15 MUNITES DU MÉTRO BOULEVARD DIMITRIA DONSKOVO, BUS PAYANT, INTÉRESSÉ INBOX*",1
*125 milliards détournés au Sénégal : Le fils de MACKY SALL rattrapé par la justice (Photo)*,1
*Lire ici*👇🏽,1
*INDE : Un vieil homme trouvé dans une grotte et prétendant avoir 188 ans (Vidéo)*,1
*Lire ici*👇🏽,1
*CLASSEMENT des 11 pays africains les plus mal gouvernés*,1
*Lire ici*👇🏽,1
"*Voici le Top 5 des plus Grandes Mines d’or en Afrique en 2024... Mali, RDC dans le classement*",1
*Lire ici*👇🏽,1
🚨🚨🚨🚨🚨🚨,1
*CHAMBRE DISPONIBLE POUR* *FILLE OU COUPLE*,1
*DMITRY DONSKOVA*,1
*Loyer 30000*,1
*Commission 5000*,1
"*Nb* *Évite de déranger inutilement si tu n'as pas l'argent. Écris, n'appelle pas s'il te plaît.*",1
Une place disponible pour un homme,1
métro domodeskaya,1
"2/25/25, 1:23 PM - ~ BAH added ~ Djawad and ~ Haythem Drif",1
Besoin de 100 personnes demain pour un travail de chantier démontage au métro Marino payer chaque soir après le travail 2800p  09h00 17h50 Rencontre à 08h 20,1
Sortie 1 du métro,1
1-Momo,1
2-Alban,1
3-Djonny,1
4-Willy,1
5-Jojo,1
6-Mauro,1
7-Ben,1
8-Moses mbuyu,1
9-Kabirou,1
10-Alex,1
11-Kameroon,1
12-Gerard,1
13-Abdou Coulibaly,1
14-Abdoulaye drame,1
15-Massiry,1
16-Ulrich,1
17-Mohamed,1
18-Mélaine,1
19-Tomas,1
20-Grâce,1
21-Mohamed Soudan,1
22-Noël,1
23-Eitel,1
24-Victor,1
25-Djawal,1
26-Youness,1
27-Aythem,1
28-Blaise Lido,1
29-Brice,1
30-Éric,1
31-Prnce,1
32-Landri,1
33-Lomone,1
34-Vieux papy,1
35-Michel ndoya,1
36-Mousse,1
37-Éric djomo,1
38-Skyb,1
39-Léo,1
40-Benzema,1
41-Jacques,1
42-Moussa Fofana,1
43-Rolly,1
44-,1
45-,1
56-,1
47-,1
48-,1
49-,1
50-,1
+ Peter,1
Besoin de 100 personnes demain pour un travail de chantier démontage au métro Marino payer chaque soir après le travail 2800p  09h00 17h50 Rencontre à 08h 20,1
Sortie 1 du métro,1
1-Momo,1
2-Alban,1
3-Djonny,1
4-Willy,1
5-Jojo,1
6-Mauro,1
7-Ben,1
8-Moses mbuyu,1
9-Kabirou,1
10-Alex,1
11-Kameroon,1
12-Gerard,1
13-Abdou Coulibaly,1
14-Abdoulaye drame,1
15-Massiry,1
16-Ulrich,1
17-Mohamed,1
18-Mélaine,1
19-Tomas,1
20-Grâce,1
21-Mohamed Soudan,1
22-Noël,1
23-Eitel,1
24-Victor,1
25-Djawal,1
26-Youness,1
27-Aythem,1
28-Blaise Lido,1
29-Brice,1
30-Éric,1
31-Prnce,1
32-Landri,1
33-Lomone,1
34-Vieux papy,1
35-Michel ndoya,1
36-Mousse,1
37-Éric djomo,1
38-Skyb,1
39-Léo,1
40-Benzema,1
41-Jacques,1
42-Moussa Fofana,1
43-Rolly,1
44-Jojo,1
45-Peter,1
56-Arice,1
47-Jordane,1
48-James,1
49-Malle,1
50-,1
51-,1
52-,1
53-,1
54-,1
55-,1
56-,1
57-,1
58-,1
59-,1
60-,1
Besoin de 100 personnes demain pour un travail de chantier démontage au métro Marino payer chaque soir après le travail 2800p  09h00 17h50 Rencontre à 08h 20,1
Sortie 1 du métro,1
1-Momo,1
2-Alban,1
3-Djonny,1
4-Willy,1
5-Jojo,1
6-Mauro,1
7-Ben,1
8-Moses mbuyu,1
9-Kabirou,1
10-Alex,1
11-Kameroon,1
12-Gerard,1
13-Abdou Coulibaly,1
14-Abdoulaye drame,1
15-Massiry,1
16-Ulrich,1
17-Mohamed,1
18-Mélaine,1
19-Tomas,1
20-Grâce,1
21-Mohamed Soudan,1
22-Noël,1
23-Eitel,1
24-Victor,1
25-Djawal,1
26-Youness,1
27-Aythem,1
28-Blaise Lido,1
29-Brice,1
30-Éric,1
31-Prnce,1
32-Landri,1
33-Lomone,1
34-Vieux papy,1
35-Michel ndoya,1
36-Mousse,1
37-Éric djomo,1
38-Skyb,1
39-Léo,1
40-Benzema,1
41-Jacques,1
42-Moussa Fofana,1
43-Rolly,1
44-Jojo,1
45-Peter,1
56-Arice,1
47-Jordane,1
48-James,1
49-Malle,1
50-Ludovic,1
51-,1
52-,1
53-,1
54-,1
55-,1
56-,1
57-,1
58-,1
59-,1
60-,1
Besoin de 100 personnes demain pour un travail de chantier démontage au métro Marino payer chaque soir après le travail 2800p  09h00 17h50 Rencontre à 08h 20,1
Sortie 1 du métro,1
1-Momo,1
2-Alban,1
3-Djonny,1
4-Willy,1
5-Jojo,1
6-Mauro,1
7-Ben,1
8-Moses mbuyu,1
9-Kabirou,1
10-Alex,1
11-Kameroon,1
12-Gerard,1
13-Abdou Coulibaly,1
14-Abdoulaye drame,1
15-Massiry,1
16-Ulrich,1
17-Mohamed,1
18-Mélaine,1
19-Tomas,1
20-Grâce,1
21-Mohamed Soudan,1
22-Noël,1
23-Eitel,1
24-Victor,1
25-Djawal,1
26-Youness,1
27-Aythem,1
28-Blaise Lido,1
29-Brice,1
30-Éric,1
31-Prnce,1
32-Landri,1
33-Lomone,1
34-Vieux papy,1
35-Michel ndoya,1
36-Mousse,1
37-Éric djomo,1
38-Skyb,1
39-Léo,1
40-Benzema,1
41-Jacques,1
42-Moussa Fofana,1
43-Rolly,1
44-Jojo,1
45-Peter,1
56-Arice,1
47-Jordane,1
48-James,1
49-Malle,1
50-Ludovic,1
51-King dollars 💵,1
52-Ayob,1
53-,1
54-,1
55-,1
56-,1
57-,1
58-,1
59-,1
60-,1
Besoin de 100 personnes demain pour un travail de chantier démontage au métro Marino payer chaque soir après le travail 2800p  09h00 17h50 Rencontre à 08h 20,1
Sortie 1 du métro,1
1-Momo,1
2-Alban,1
3-Djonny,1
4-Willy,1
5-Jojo,1
6-Mauro,1
7-Ben,1
8-Moses mbuyu,1
9-Kabirou,1
10-Alex,1
11-Kameroon,1
12-Gerard,1
13-Abdou Coulibaly,1
14-Abdoulaye drame,1
15-Massiry,1
16-Ulrich,1
17-Mohamed,1
18-Mélaine,1
19-Tomas,1
20-Grâce,1
21-Mohamed Soudan,1
22-Noël,1
23-Eitel,1
24-Victor,1
25-Djawal,1
26-Youness,1
27-Aythem,1
28-Blaise Lido,1
29-Brice,1
30-Éric,1
31-Prnce,1
32-Landri,1
33-Lomone,1
34-Vieux papy,1
35-Michel ndoya,1
36-Mousse,1
37-Éric djomo,1
38-Skyb,1
39-Léo,1
40-Benzema,1
41-Jacques,1
42-Moussa Fofana,1
43-Rolly,1
44-Jojo,1
45-Peter,1
56-Arice,1
47-Jordane,1
48-James,1
49-Malle,1
50-Ludovic,1
51-King dollars 💵,1
52-Ayob,1
53-,1
54-,1
55-,1
56-,1
57-,1
58-,1
59-,1
60-,1
Besoin de 100 personnes demain pour un travail de chantier démontage au métro Marino payer chaque soir après le travail 2800p  09h00 17h50 Rencontre à 08h 20,1
Sortie 1 du métro,1
1-Momo,1
2-Alban,1
3-Djonny,1
4-Willy,1
5-Jojo,1
6-Mauro,1
7-Ben,1
8-Moses mbuyu,1
9-Kabirou,1
10-Alex,1
11-Kameroon,1
12-Gerard,1
13-Abdou Coulibaly,1
14-Abdoulaye drame,1
15-Massiry,1
16-Ulrich,1
17-Mohamed,1
18-Mélaine,1
19-Tomas,1
20-Grâce,1
21-Mohamed Soudan,1
22-Noël,1
23-Eitel,1
24-Victor,1
25-Djawal,1
26-Youness,1
27-Aythem,1
28-Blaise Lido,1
29-Brice,1
30-Éric,1
31-Prnce,1
32-Landri,1
33-Lomone,1
34-Vieux papy,1
35-Michel ndoya,1
36-Mousse,1
37-Éric djomo,1
38-Skyb,1
39-Léo,1
40-Benzema,1
41-Jacques,1
42-Moussa Fofana,1
43-Rolly,1
44-Jojo,1
45-Peter,1
56-Arice,1
47-Jordane,1
48-James,1
49-Malle,1
50-Ludovic,1
51-King dollars 💵,1
52-Ayob,1
53-Ibrahim,1
54-João,1
55-Sebastião,1
56-Mauro,1
57-,1
58-,1
59-,1
60-,1
Besoin de 100 personnes demain pour un travail de chantier démontage au métro Marino payer chaque soir après le travail 2800p  09h00 17h50 Rencontre à 08h 20,1
Sortie 1 du métro,1
1-Momo,1
2-Alban,1
3-Djonny,1
4-Willy,1
5-Jojo,1
6-Mauro,1
7-Ben,1
8-Moses mbuyu,1
9-Kabirou,1
10-Alex,1
11-Kameroon,1
12-Gerard,1
13-Abdou Coulibaly,1
14-Abdoulaye drame,1
15-Massiry,1
16-Ulrich,1
17-Mohamed,1
18-Mélaine,1
19-Tomas,1
20-Grâce,1
21-Mohamed Soudan,1
22-Noël,1
23-Eitel,1
24-Victor,1
25-Djawal,1
26-Youness,1
27-Aythem,1
28-Blaise Lido,1
29-Brice,1
30-Éric,1
31-Prnce,1
32-Landri,1
33-Lomone,1
34-Vieux papy,1
35-Michel ndoya,1
36-Mousse,1
37-Éric djomo,1
38-Skyb,1
39-Léo,1
40-Benzema,1
41-Jacques,1
42-Moussa Fofana,1
43-Rolly,1
44-Jojo,1
45-Peter,1
56-Arice,1
47-Jordane,1
48-James,1
49-Malle,1
50-Ludovic,1
51-King dollars 💵,1
52-Ayob,1
53-Ibrahim,1
54-João,1
55-Sebastião,1
56-Mauro,1
57-Victoire,1
58-Moussa Coulibaly,1
59-Bandiougou baradji,1
60-Biaga konaté,1
61-Salif,1
62-,1
63-,1
64-,1
65-,1
66-,1
67-,1
68-,1
69-,1
70-,1
*KENYA : Les fidèles d’une église ont attaché et brµlé vive une femme âgée pour la debarasser de la sorcellerie (Vidéo sensible)*,1
*Lire ici*👇🏽,1
*Les 5 pays africains abritant les plus grandes bases militaires américaines en 2024*,1
*Lire ici*👇🏽,1
*Les 5 Présidents Africains les plus Longtemps au pouvoir en 2025*,1
*Lire ici*👇🏽,1
*Bilan de la guerre dans l’Est de la RDC depuis janvier : 7000 morts en deux mois (Vidéo)*,1
*Lire ici*👇🏽,1
Besoin de 100 personnes demain pour un travail de chantier démontage au métro Marino payer chaque soir après le travail 2800p  09h00 17h50 Rencontre à 08h 20,1
Sortie 1 du métro,1
1-Momo,1
2-Alban,1
3-Djonny,1
4-Willy,1
5-Jojo,1
6-Mauro,1
7-Ben,1
8-Moses mbuyu,1
9-Kabirou,1
10-Alex,1
11-Kameroon,1
12-Gerard,1
13-Abdou Coulibaly,1
14-Abdoulaye drame,1
15-Massiry,1
16-Ulrich,1
17-Mohamed,1
18-Mélaine,1
19-Tomas,1
20-Grâce,1
21-Mohamed Soudan,1
22-Noël,1
23-Eitel,1
24-Victor,1
25-Djawal,1
26-Youness,1
27-Aythem,1
28-Blaise Lido,1
29-Brice,1
30-Éric,1
31-Prnce,1
32-Landri,1
33-Lomone,1
34-Vieux papy,1
35-Michel ndoya,1
36-Mousse,1
37-Éric djomo,1
38-Skyb,1
39-Léo,1
40-Benzema,1
41-Jacques,1
42-Moussa Fofana,1
43-Rolly,1
44-Jojo,1
45-Peter,1
56-Arice,1
47-Jordane,1
48-James,1
49-Malle,1
50-Ludovic,1
51-King dollars 💵,1
52-Ayob,1
53-Ibrahim,1
54-João,1
55-Sebastião,1
56-Mauro,1
57-Victoire,1
58-Moussa Coulibaly,1
59-Bandiougou baradji,1
60-Biaga konaté,1
61-Salif,1
62-Merlin,1
63-Wata,1
64-Nancy,1
65-Gloire,1
66-Hassan,1
67-Babig,1
68-Dramane,1
69-Bouba,1
70-Lamine,1
71-Galileo,1
72-Peugy,1
73-,1
74-,1
75-,1
76-,1
77-,1
78-,1
79-,1
80-,1
100 personne rencontre à la sortie du métro ? Pour faire arrêter les gars ou quoi?,1
‎Suivez ce lien pour intégrer mon Groupe WhatsApp  : https://chat.whatsapp.com/Ek2dQglBBqI4DYeasVCavi,1
Un schéma hien tu a finis avec la garderie maintenant c'est l'Allemagne toi nor on doit te bannir de tout les groupes de la Russie,1
🚨🔔,1
Pour tout ceux résidents à l’extérieur ( étrangers) et vous avez besoin de mon services le plus vite possible pour :,1
"1 - Authentifications,certifications, l’égalisations de vos documents",1
- minesup,1
- ⁠Minrex,1
"- ⁠Ambassades ( Espagne 🇪🇸, Belgique 🇧🇪,Italie 🇮🇹,Russia 🇷🇺,Allemagne 🇩🇪, france 🇫🇷, chine 🇨🇳 etc…)",1
2- traduction de vos documents à ( Ambassades ),1
3- besoin du certificat de célibat ( inbox),1
- besoin de l’extrait de casier judiciaire ( bulletin no3),1
Je gère tout et propre le vite vite possible,1
Watsap ( +237693228863),1
Watsap (+237651215164),1
Schéma 3.0 on wait les pleurs,1
Il n’y a rien en Russie mais vous ne laissez pas les gens tranquille avec les arnaques par si par là,1
Toi tu peux apporter quoi à un étudiant ? Vraiment trouve toi un emploi au bled et laisse les gens tranquille,1
"Après maintenant, il diront que c'est Dieu qui ai voulu.",1
Place disponible pour une fille dans la chanbre de deux,1
Louer un appartement d'une pièce,1
Prix: 50.000,1
Caution: 50.000( en 2 tranches),1
Commission: 80%,1
Adresse: Улица луговая 4(Мисайлово),1
Tu te demandes si c’est possible de réussir en tant qu’étudiant en Russie ?,1
J’ai créé une vidéo pour répondre à toutes tes questions ! 🎥,1
"Dans cette vidéo, nous échangeons avec un frère qui partage des conseils pratiques pour étudier en Russie, éviter les pièges courants et maximiser ton expérience ! Que tu sois déjà là ou que tu envisages d'y partir, tu y trouveras des astuces utiles pour bien démarrer et t’en sortir avec succès. 💡",2
😍 Regarde maintenant ! https://youtu.be/DznDMl-nUvM,1
"Laisse un commentaire, pose tes questions et n'oublie pas de t'abonner pour plus de conseils !",1
ALERTE INFO,1
‎Open this link to join my WhatsApp Group: https://chat.whatsapp.com/GoKFgAM6o1a4obI780cQwP,1
*L'église catholique en panique : Voici la prédiction troublante de Nostradamus sur le Pape François*,1
*Lire ici*👇🏽,1
*Un pasteur quitte son église pour épouser un homme (Photos du mariage)*,1
*Lire ici*👇🏽,1
"*Le ""Rond-point de l'AES""  inauguré au Burkina Faso (La Vidéo)*",1
*Lire ici*👇🏽,1
*Guerre en RDC : FELIX TSHISEKEDI fait appel à trois anciens présidents africains pour négocier un cessez-le-feu avec le Rwanda et le M23 (Photos)*,1
*Lire ici*👇🏽,1
*CORÉE DU SUD : Un pont s'effondre tuant plusieurs personnes (Vidéo)*,1
*Lire ici*👇🏽,1
"2/26/25, 4:18 AM - +237 6 75 05 56 01 joined using this group's invite link",1
Bonjour une place disponible  pour une fille à domo intéressé inbox,1
*Une vidéo choquante montre Donald TRUMP en train d'embrasser les pieds d’Elon MUSK (Vidéo)*,1
*Lire ici*👇🏽,1
*Découvrez les 10 armées d'Afrique les plus faibles en 2025*,1
*Lire ici*👇🏽,1
*Les 10 pays africains les plus touchés par le VIH*,1
*Lire ici*👇🏽,1
"*EFOFAT : L’armée togolaise recrute des ÉLÈVES-OFFICIERS pour 2025, tout ce qu'il faut savoir*",1
*Lire ici*👇🏽,1
Départ prévue le 04 mars,1
( Dla —moscou—> saint peterburg),1
- expédition uniquement de vos documents,1
- ⁠expédition de vos passeports,1
- ⁠expédition de vos appareils,1
Nb :    Couple russe venir au Cameroun 🇨🇲 pour un séjour retour le 04 mars,1
"2/26/25, 10:14 AM - +7 999 220-30-64 joined using this group's invite link",1
Place disponible,1
🚨🚨🚨‼️‼️🇨🇲🇨🇲,1
Voisi mes différents services Au,1
Cameroun 🇨🇲pour tout besoin de Mes services je gère tout propre,1
1–nouvelle format de la carte nationale d’identité au Cameroun,1
(Cni)-,1
-Assistance pour l’obtention de la nouvelle ( cni) biométries,1
-enroulement de votre cni en ligne,1
-Assistance pendant la procedure,1
-cni express (48h),1
2—— Assistance pour l’obtention de votre passport au Cameroun 🇨🇲et en Russie 🇷🇺,1
- enroulement de vos passeports en ligne,1
3—-Assurance voyage ✈️Disponible toutes destinations,1
"( Afrique, Europe, Amérique,Asie",1
4- besoin du côté du Cameroun 🇨🇲,1
- De l’extrait de casier judiciaire,1
- ⁠Du certificat de célibat,1
- ⁠certificat de nationalité,1
5– certification et légalisation de vos documents,1
—Minesup,1
—minrex,1
—-Ambassades,1
6- besoin du carnet jaune pour le voyage ✈️toutes destinations,1
Carnet jaune du Centre pasteur de Yaoundé (valide à vie),1
7–réservation du billet D’avion ✈️toutes destinations,1
—-billets D’avion au bas prix,1
8— expédition de vos,1
— colis,1
—- Documents,1
—-Appareil,1
( tout ce passe avec assurance transparence et fiabilité),1
9- Disponible pour tout Autres services du côté du Cameroun 🇨🇲,1
Nb: confiez moi tout le travail je gère bien et vite j’assure tout du côté du Cameroun vos familles ne vont plus courir le risque pour venir sur yde gère vos doc je gère tout surplace,2
10- expédition de vos documents,1
Afrique central—- Russia 🇷🇺,1
Pour me joindre Voisi,1
Mes deux numéro de téléphone watsap disponible,1
—+(237)693228863,1
—+(237) 651215164,1
J’ai toujours ma photo sur mon profil pour plus de confiance,1
*Voici les origines des rebelles du M23 en RDC*,1
*Lire ici*👇🏽,1
*Urgent - MLS : Très mauvaise nouvelle pour LIONEL MESSI (Vidéo)*,1
*Lire ici*👇🏽,1
"*Carte dorée : TRUMP propose à tous de devenir citoyen américain contre un paiement de 5 millions de dollars, les conditions*",1
*Lire ici*👇🏽,1
*Découvrez le Classement 2025 des 10 meilleures universités d'Afrique*,1
*Lire ici*👇🏽,1
.,1
J’espère que tu n’as pas faim aujourd’hui,1
J’ai déjà mangé,1
Kiekiekiekiekie,1
Tu as mit le cœur????,1
Dans quoi?,1
Depart ✈️Moscou-Douala🇨🇲pour le 17/04/25,1
23Kg Disponibles!  ib : Tel +79002849798  /  +79778308943. Merci,2
Départ prévue le 03 mars,1
( Dla — Moscou - Petersburg),1
- expédition uniquement de vos documents,1
- ⁠expédition de vos passport,1
- ⁠expédition de vos téléphone,1
Nb: Ancien en Russia avec passport russe ( couple russes),1
Il y’a pas de kilo disponible,1
*URGENT - Crash d’un avion militaire au Soudan : plusieurs morts et blessés près de Khartoum (Vidéo)*,1
*Lire ici*👇🏽,1
*Les citoyens de ces 40 pays peuvent désormais voyager au ÉTATS-UNIS sans Visa (La Liste)*,1
*Lire ici*👇🏽,1
*Découvrez le salaire XXL de Donald Trump en tant que Président des ÉTATS-UNIS*,1
*Lire ici*👇🏽,1
"*Grâce au Général TIANI, le Niger a triplé ses recettes pétrolières, les chiffres*",1
*Lire ici*👇🏽,1
*Le Royaume-Uni et les États-Unis sanctionnent le Rwanda pour son soutien au M23 : Découvrez tout ce que KAGALI va perdre*,1
*Lire ici*👇🏽,1
null,1
Mon malhonnête ++,1
Louer un appartement d'une pièce,1
Prix: 50.000,1
Caution: 50.000( en 2 tranches),1
Commission: 80%,1
Adresse: Пригородное шоссе 2(Мисайлово),1
Our shop offers a wide range of dehydrated products,1
*Dehydrated cake* 1kg at 1500p,1
*Placali powder*(cassava) 500g to 600p,1
*placali paste*(cassava) 500g to 600p,1
*Dehydrated seed* 250g at 700p,1
"👉Currently, the products are available in Moscow and Kaluga.we deliver everywhere in Russia📦👌🏼",1
☎️+7996 967 49 48 call/ WhatsApp,1
🌞🌞🌞🌞🌞🌞🌞🌞🌞🌞🌞,1
Notre boutique propose une large gamme de produits déshydratés,1
*Attiéke déshydratée* 1kg à 1500p,1
*Poudre de placali*(manioc) 500g à 600p,1
*pâte de placali*(manioc) 500g à 600p,1
*Graine déshydraté* 250g à 700p,1
"👉Actuellement, les produits sont disponibles à Moscou et kalouga.nous livrons partout en Russie📦👌🏼",1
☎️+7996 967 49 48 appel/ WhatsApp,1
«Miss & Mister Cacao 2025»,1
La vente des billets est lancee!,1
Beneficiez des reductions maximales!,1
billet de 5000 a 3000,1
billet de 8000 a 5000,1
billet de 15000 a 10000,1
promocode inbox,1
Offre valable jusqu’au 1 mars 2025!,1
Départ prévue le 03 mars,1
( Dla — Moscou - briansk),1
-10 kilo disponible,1
- expédition de vos documents,1
- ⁠expédition de vos appareils,1
*Bonne nouvelle pour la Côte d'Ivoire :  certains ivoiriens n'auront plus besoin de Visa avant de voyager en FRANCE*,1
*Lire ici*👇🏽,1
"*L’histoire triste de VERONICA : Une femme qui a été mariée 20 fois, divorcée 20 fois (Photos)*",0
*Lire ici*👇🏽,1
*La Russie aidera ce pays africain à étudier et à explorer tous les minerais de son sous-sol (Photo)*,1
*Lire ici*👇🏽,1
*BILAN : Voici le nombre de morts dans tous les accidents aériens dans le monde en 2024*,1
*Lire ici*👇🏽,1
*Urgent - ÉTATS-UNIS : Collision évitée de justesse entre deux avions à Chicago (La Vidéo)*,1
*Lire ici*👇🏽,1
POLL:,1
"D'après votre expérience en Russie par rapport au mode de vie sociétale des russes à l'endroit des noirs, *les russes sont-ils racistes en général* ?",1
OPTION: OUI (2 votes),1
OPTION: NON (5 votes),1
"2/27/25, 5:37 PM - +237 6 79 13 81 81 changed their phone number to a new number. Tap to message or add the new number.",1
*URGENT - RDC : Explosion meurtrière lors d’un meeting des rebelles du M23 à Bukavu tuant plusieurs personnes (Les Vidéos)*,1
*Lire ici*👇🏽,1
"*L’acteur GENE HACKMAN, sa femme et son chien retrouvés tous morts à leur domicile (Vidéo)*",1
*Lire ici*👇🏽,1
*TRUMP sans pitié avec l'Afrique : Le président américain met fin un à important programme lancé par OBAMA*,1
*Lire ici*👇🏽,1
Deux places disponibles pour garçon 15 minutes de métro bus payent  métro domodeskaya,1
ALERTE INFO,1
Une personne qui mens sur toi pour amener les gens à te détester est capable de t'empoisonner sans remords,1
*Les citoyens de ces 40 pays peuvent désormais voyager au ÉTATS-UNIS sans Visa (La Liste)*,1
*Lire ici*👇🏽,1
*Voici les 10 pays africains les plus sûrs en 2025 : Rwanda classé premier*,1
*Lire ici*👇🏽,1
*SANTÉ : Faut-il dormir nu ou habillé ? Découvrez les avantages et inconvénients*,1
*Lire ici*👇🏾,1
*Découvrez les 6 pays immensément Riches avec des habitants extrêmement Pauvres*,1
*Lire ici*👇🏽,1
"*Fini des friperies au ZIMBABWE : Le gouvernement compte brûler tous les vêtements d’occasion importés, les raisons*",1
*Lire ici*👇🏽,1
Et l’Allemagne là c’est quoi? La fin du monde?,1
Toi même tu es où !?,1
Donc tu es rentré parce que la Russie t’a dépassé ?,1
Malhonnête,1
"2/28/25, 8:51 AM - +7 915 156-72-86 changed their phone number to a new number. Tap to message or add the new number.",1
Place disponible pour 2 garçons métro domodevskaya,1
Loyer:9000p,1
Commission :0%,1
Bonjour svp besoin d'un job permanent,1
null,1
Type d'appartement et de chambre : Chambres dans un appartement de 3 chambres.,1
"Emplacement de la chambre de l'appartement : 15 minutes en electricska de la station de métro, maison à distance de marche de la gare electricska.",1
Prix de revient de la chambre par mois : Une personne 23 000 roubles tandis que deux personnes 25 000 roubles.,1
Caution par chambre : 15 000 roubles.,1
Frais d'agence par chambre : 5 000 roubles,1
Le nombre maximum de personnes dans une chambre doit être : Pas plus de deux personnes.,1
"Contactez-nous : Veuillez 🙏 avec ces deux numéros, +79777443118, +79683851770",1
"*CAMEROUN : Des élèves du lycée d’Oulago chassent les enseignants et incendient l’établissement, les raisons (Les images)*",1
*Lire ici*👇🏽,1
*SCANDALE : Les Etats-Unis et l'ONU ont fait un don de 87 camions de médicaments périmés au Nigéria*,1
*Lire ici*👇🏽,1
*Scandale sexuel au CAMEROUN : la sextape de plusieurs élèves fuitent sur la toile (Vidéo)*,1
*Lire ici*👇🏽,1
*PAPE FRANÇOIS : Enfin des nouvelles rassurantes pour le souverain pontife*,1
*Lire ici*👇🏽,1
Louer un appartement d'une pièce,1
Prix: 50.000,1
Caution: 50.000( en 2 tranches),1
Commission: 80%,1
Adresse: Пригородное шоссе 2(Мисайлово),1
Places disponible pour les garçons et filles,1
Prix: 10.000r/ mois,1
Caution: ❌,1
Commission: 3000roubles,1
"N.B: L'appartement est nouveau, jamais habité",1
Moins de Bagages s'il vous plait,1
Départ prévue le 03 mars,1
( Dla - moscou- Saint Petersburg),1
(Dla — moscou- briansk),1
- expédition uniquement de vos documents,1
- ⁠expédition de vos petits colis,1
- ⁠expédition de vos appareils,1
Nb: Ancien en Russia 🇷🇺 avec passport Russes,1
Depart prévue le 03 mars,1
( Dla - moscou -briansk ),1
15 kilo disponible,1
Départ prévue le 10 mars,1
( Paris 🇫🇷——-> yde 🇨🇲,1
- expédition de vos documents,1
- ⁠expédition de vos petits colis,1
- ⁠expédition de vos appareils,1
Nb : le colis ce récupérer à domicile a yde,1
Je cherche un travail est-ce qu'il y a un travail.,1
Départ prévue le 03 mars,1
( Dla - moscou- Saint Petersburg),1
(Dla — moscou- briansk),1
- expédition uniquement de vos documents,1
- ⁠expédition de vos petits colis,1
- ⁠expédition de vos appareils,1
- ⁠10 kilo disponible,1
Nb: Ancien en Russia 🇷🇺 avec passport Russes,1
😭😭😭,0
Bonjour besoin d'un homme qui sait coiffé,1
*ÉVEIL DE CONSCIENCE AFRICAINE*,1
"Il n'y a pas d'avantages pour un africain en Russie sur le plan sociologique. Tout l'argent que tu auras dépensé pour ton voyage, jamais tu vas le récupérer en  1 an ou même 2 ans au regard de plusieurs raisons: le fait d'être noir, l'exploitation des africains en Russie par des africains, les réalités de saisons (Eté et hiver) en Russie.",1
"La Russie n'a rien à offrir aux noirs pour l'intégration de ces noirs en Russie au regard des lois votées ces derniers temps. En tant que noirs, on se rend compte de ces choses un peu tard et en étant déjà en Russie. D'où l'impératif pour tout noir, devient ""la recherche dune bonne somme d'argent suffisant"" pour quitter la Russie et repartir à zéro ailleurs.",1
"À nos frères et soeurs qui sont en Afrique et qui veulent venir en Russie vu que c'est la destination facile d'être en Europe, sachez le temps de l'ambiance en Europe ou Amérique est déjà révolu. Choisir la Russie, c'est un mauvais choix au regard de l'organisation de la société russe qui accorde très peu d'opportunités aux noirs pour leur intégration. Venir en Russie, ne sera qu'avantgeux pour la Russie.",1
"D'où il est maintenant temps de changer la manière de voir les choses. Ne pensez plus que le paradis c'est ailleurs. L'homme est appelé a éduquer la nature. Les blancs l'ont fait et ils ont rendu meilleur leur environnement. C'est à nous, africains, de commencer maintenant à réfléchir pour transformer notre Afrique afin que nous renversions la tendance c'est-à-dire faire de l'Afrique une terre attractive sur tous les plans.",1
"Les cheveux-noirs viennent en Russie, pas pour l'ambiance, mais pour se faire de l'argent surtout que déjà le voyage ne coûte rien pour eux et ils gagnent beaucoup d'argent. Ni t'était celà, ils ne viendront pas en Russie en masse. Mais l'africain dépense beaucoup d'argent pour le voyage, tu rencontres l'exploitation et le racisme et tu as laissé ton continent très loin. En caz de manque de moyens financiers, comment tu t'en sortiras?",1
"Bref, passez ce message  dans tous les groupes facebook d'Afrique; dîtes à nos frères et soeurs africains que la Russie n'est pas une bonne destination pour les africains car la facilité qu'ils accordent pour le voyage, c'est uniquement dans leur intérêt.",1
Que Dieu (Allah) bénisse la communauté noire en Russie.,1
Veuillez partager ce message dans tous les groupes où il y a les africains et à tous vos proches africains.,1
"*2025, c'est le temps de l'Afrique en Russie.*",1
Tu oublies que l'Afrique est une tombe pour les Africains,1
Le Monde était créé partout de la même manière.,1
"Si l'homme blanc a transformé sa partie. Le noir peut aussi le faire. Si tu penses que c'est impossible, alors peut-on conclure que la race la plus bête du monde, c'est le noir?",1
Nos dirigeants sont très mauvais,1
Regarde la RDC pourquoi aucun pays africains n'aide?,1
Pourquoi l'union africaine ne sanctionne pas le Rwanda ?,1
Et regarde l'Ukraine tout les Européens aide,1
C'est ça la différence,1
Les dirigeants sont l'émanation du peuple et l'image du peuple.,1
Pourquoi les dirigeants blancs ne font pas ce que les dirigeants noirs font?,1
Le problème n'est pas les dirigeants mais plutôt  l'homme noir lui-même.,0
Bon c'est vrai. Mais l'Afrique c'est une honte.,1
"En Russie, nous vivons sans être dirigés par les dirigeants noirs mais on s'escroque, on s'exploite entre-africains. Et tu diras que la faute c'est aux dirigeants noirs?",0
😂😂😂😂,2
C'est vrai,1
"Les russes ne s'exploitent pas entre-eux, ils ne de volent pas. Et leurs dirigeants font la même chose.",1
Bref les dirigeants trouvent plaisir dans ce que le peuple fait,1
T’es le premier escroc en voulant escroquer toujours les personnes à la recherche d’appartement,1
"Le jour où j'ai compris que tu étais sans intelligence d'après nombreux rapport que j'ai reçu de toi, je t'avais même bloqué.",1
Donc je préfère les gens qui incarnent les valeurs. C'est ce que les Africains ont besoin.,1
Non ne vous insulter pas les grand,1
Restons positifs,1
Nous n'avons pas besoin des injures ici,1
Nous parlons des problèmes de l'Afrique,0
Les gens qui injurent font preuve de déficit intellectuel.,1
Il existe 4 grands groupes de personnes 1/les surdoués,1
2/ les doués,1
3 / les imbéciles,1
4/ lés bêtes,1
"Et tu penses qu’entre blanc y’a pas d’escroquerie tu raconte quoi tout le temps dans tes message.? Tu veux te faire passer pour qui., tu es qui en Russie jusqu’à dire que la race la plus bête.? Tu cherche à montrer quoi au gens.?",1
Je ne veux plus t'injure ici,1
Un escroc pas des injures. Ta qualification,1
Il faut relire mes messages encore. J'avais écrit en français mais je comprends que le français n'est pas la langue des africains. Mais relis encore stp. Tu vas certainement comprendre frère.,1
T’as voulu escroquer et plusieurs personnes avec des témoins,1
Nous n'avons pas besoin de démontrer a qui que ce soit ici que nous sommes des Africains,1
Le gar ici ne supporte pas de debat intellectuel. Voilà pourquoi même je le répond par un simple silence.,1
Tout ce que je peux te dire moi je ne suis pas ton égal 🟰 méfie toi,1
Ok frère c'est intelligent de ta part,1
Merci pour ce que tu fais. Tu as un groupe où tu proposes des logements sans caution sans commission a Moscou. Merci beaucoup,2
Tu peux envoyer le lien du groupe ?,1
Je suis sur que certains ici aimerais entré,1
"il dit être agent immobilier et quand tu dis être intéressé par l’offre ( appartement , place ) il te demande ensuite de faire une capture de ton Сбербанк pour l’envoyer..!!! c’est ça être un vrai agent immobilier.???",1
C'est ce message qui les dérange. J'ai compris une chose. Certains africains font tout pour que les noirs en général ne puissent pas évoluer.,1
"Quand tu lances un sujet de réflexion intellectuel, ils sont les premiers à réagir avec des choses irréfléchies pour détourner l'attention des gens à ce sujet intellectuel.",1
2025 ne sera jamais comme les années passées.,1
1) déjà tu dis des choses que je n'ai jamais dit (agent immobilier),1
"2) Je ne prélève pas de commission chez moi. Mais par contre, vous voulez utiliser ma personne pour que vous partez prendre des grandes sommes d'argent de commission chez vos frères et soeurs. Donc vous ne vivez que de commission ? Voilà pourquoi même je n'aime pas traiter avec les commissionnaires que vous êtes car Vous rendez la vie difficile à vos frères et soeurs.",1
Donc je comprends que vous me détestiez parce que j'ai supprimé cette affaire de commission et donc vous ne vous retrouvez plus.,1
"De toute façon, si tu veux te retrouver, il faut sortir de chez toi et aller travailler. <This message was edited>",1
Tu veux dire que quoi ? Que c'est un harqueur ?,1
Donc tu fais tout ça a cause de la demande d'un captures d'écran ?,1
"Je connais beaucoup d'arnaqueurs en Russie car j'ai reçu beaucoup de rapport d'eux auprès de victimes, l'année passée, que ça soit à Moscou ou en province.",1
"Mais 2025, j'ai donné la chance à tout le monde d'abandonner les mauvaises pratiques car je les observe. Celui ou celle qui va se escroquer un frère ou une soeur africaine, il ne quittera pas Russie par l'aéroport.",1
Que Dieu te garde 🤲🤲,1
"Je vais prier pour toi mon frère, que tu sois fort devant la tentation comme moi ton frère.",1
Ce sont les oiseaux de même plumage qui volent ensemble,1
*HISTORIQUE - Clash en direct entre TRUMP et ZELENSKY : «Président stupide... vous jouez avec la troisième guerre mondiale» - La VIDÉO*,1
*Lire ici*👇🏽,1
*RDC : Joseph KABILA et ses chaussures Zegna à 1190$ enflamment la toile (Vidéo)*,1
*Lire ici*👇🏽,1
*Classement des 10 monnaies africaines les plus fortes en février 2025*,1
*Lire ici*👇🏽,1
*Mauvaise nouvelle au MALI : un convoi ministériel ciblé par une attaque terroriste*,1
*Lire ici*👇🏽,1
*CAMEROUN/EYET : Une jeune femme enceinte étranglée à mort par son frère qui essayait de la violer (Photo)*,1
*Lire ici*👇🏽,1
"*Découvrez LASSINA SAWADOGO, l’homme qui a affronté l’armée de Blaise COMPAORÉ à mains nues au Burkina Faso (Vidéo)*",1
*Lire ici*👇🏽,1
Utilise ce lien pour intégrer mon groupe WhatsApp : https://chat.whatsapp.com/Gxlbc0sliFnJDCvY1IQsSB,1
27 kilo dispo,1
Départ prévue le 03 mars,1
(Dla —- moscou 🇷🇺),1
- expédition de vos documents,1
- 🚨🚨🚨‼️‼️🇨🇲🇨🇲,1
Voisi mes différents services Au,1
Cameroun 🇨🇲pour tout besoin de Mes services je gère tout propre,1
1–nouvelle format de la carte nationale d’identité au Cameroun,1
(Cni)-,1
-Assistance pour l’obtention de la nouvelle ( cni) biométries,1
-enroulement de votre cni en ligne,1
-Assistance pendant la procedure,1
-cni express (48h),1
2—— Assistance pour l’obtention de votre passport au Cameroun 🇨🇲et en Russie 🇷🇺,1
- enroulement de vos passeports en ligne,1
3—-Assurance voyage ✈️Disponible toutes destinations,1
"( Afrique, Europe, Amérique,Asie",1
4- besoin du côté du Cameroun 🇨🇲,1
- De l’extrait de casier judiciaire,1
- ⁠Du certificat de célibat,1
- ⁠certificat de nationalité,1
5– certification et légalisation de vos documents,1
—Minesup,1
—minrex,1
—-Ambassades,1
6- besoin du carnet jaune pour le voyage ✈️toutes destinations,1
Carnet jaune du Centre pasteur de Yaoundé (valide à vie),1
7–réservation du billet D’avion ✈️toutes destinations,1
—-billets D’avion au bas prix,1
8— expédition de vos,1
— colis,1
—- Documents,1
—-Appareil,1
( tout ce passe avec assurance transparence et fiabilité),1
9- Disponible pour tout Autres services du côté du Cameroun 🇨🇲,1
Nb: confiez moi tout le travail je gère bien et vite j’assure tout du côté du Cameroun vos familles ne vont plus courir le risque pour venir sur yde gère vos doc je gère tout surplace,2
10- expédition de vos documents,1
Afrique central—- Russia 🇷🇺,1
Pour me joindre Voisi,1
Mes deux numéro de téléphone watsap disponible,1
—+(237)693228863,1
—+(237) 651215164,1
J’ai toujours ma photo sur mon profil pour plus de confiance,1
Places disponible pour les garçons et filles,1
Prix: 10.000r/ mois,1
Caution: ❌,1
Commission: 3000roubles,1
"N.B: L'appartement est nouveau, jamais habité",1
Moins de Bagages s'il vous plait,1
Un studio a 37000r avec facture tout dedans disponible pour deux personnes plus d'informations en cliquant ib,1
Deux places disponibles dans la chambre pour garçon 9000 métro domodeskaya,1
Deux places disponibles dans la chambre pour garçon 9000 métro domodeskaya,1
Malhonnête,1
La Russie y’a dépassé vend tes maillots et tu restes trankil noo,1
3 places disponibles pour homme au métro domodova a 11.000r avec facture inclus,1
J’ai  compris lopè 😎,1
*TRISTE : Un enseignant affamé est bastonné par les parents de son élève pour avoir mangé sa nourriture (Vidéo)*,0
*Lire ici*👇🏽,1
"*Classement 2025 des 10 villes les plus dangereuses au monde, deux villes africaines sur la Liste*",1
*Lire ici*👇🏽,1
*TANZANIE : Cet homme avec 16 épouses et 104 enfants dévoile les secrets de sa vie de famille (Photos)*,1
*Lire ici*👇🏽,1
*NIGER : « L’ennemi public N°1 » du pays a fait près de 400 morts*,1
*Lire ici*👇🏽,1
*Voici le pays Africain le plus visité en 2024*,1
*Lire ici*👇🏽,1
‎Open this link to join my WhatsApp Group: https://chat.whatsapp.com/GoKFgAM6o1a4obI780cQwP,1
*URGENT - Coup de tonnerre au Sénégal : Le gouvernement annonce des poursuites judiciaires contre MACKY SALL*,1
*Lire ici*👇🏽,1
*Dictateurs ou leaders visionnaires ? Voici les 10 Présidents Africains ayant duré le plus au pouvoir*,1
*Lire ici*👇🏽,1
"Appartement de deux chambres disponible dans la région de Moscou. Veuillez cliquer et partager le lien ci-dessus, vous pourriez peut-être aider quelqu'un qui en a désespérément besoin à trouver un endroit où loger.",1
"Appartement d'une chambre disponible dans la région de Moscou. Veuillez cliquer et partager le lien ci-dessus, vous pourriez peut-être aider quelqu'un qui en a désespérément besoin à trouver un endroit où loger.",1
Mon Bonjour particulier Aux Mignons Garçons De Ce Forum Sans toutefois Pas Oublié Les Roses 🌹Fée Alos s'il vous plaît accordées moi Votre attention ⚠️,1
S'il vous plaît besoin d'une Chambre dans un appartement mais attention ⚠️ aux prix exorbitant gar 😂😎🥲,2
Places disponible pour les garçons et filles,1
Prix: 10.000r/ mois,1
Caution: ❌,1
Commission: 3000roubles,1
"N.B: L'appartement est nouveau, jamais habité",1
Moins de Bagages s'il vous plait,1
Départ prévue demain le 3 mars,1
(Dla —- moscou — briansk),1
- expedition de vos documents,1
- ⁠expedition de vos petits colis,1
- ⁠8 kilo disponible,1
"*PAKISTAN : Attentat meurtrier dans une mosquée lors de la prière du vendredi, faisant plusieurs morts (Les Vidéos)*",1
*Lire ici*👇🏽,1
*Cet homme surpris en flagrant délit d'adultère avec une femme enceinte (Vidéo)*,1
*Lire ici*👇🏽,1
"*CLASSEMENT des 10 monnaies africaines les plus fortes en février 2025, le FCFA très loin sur la liste*",1
*Lire ici*👇🏽,1
*VOICI 20 plateformes de l’ONU offrant des cours gratuits : Formez-vous dès maintenant*,1
*Lire ici*👇🏽,1
*DÉCOUVREZ les 10 métiers qui seront très demandés dans les prochaines années*,1
*Lire ici*👇🏽,1
1 place disponible pour fille en cohabitation avec une autre fille dans une chambre,1
Adresse Bulvard Dmitri danskovo,1
Loyer 15000 rub / mois,1
Commission  0,1
NB facture inclus,1
Contacter +7 909 640-28-20,1
🌹🌹🌹🌹🌹🌹🌹🌹,1
1 place disponible pour fille,1
Adresse métro bulvard Dmitri danskovo  (krynskaya),1
Loyer  15 000 rub/mois,1
Commission  0,1
NB facture à part,1
Contact +7 967 218-57-71,1
CANAUX POUR SUIVRE NOS ÉMISSIONS :,1
Sur Youtube FCC Europe: https://www.youtube.com/live/TzUF6dY6boM?si=sk8ckuuXHYigFSYx,1
Sur Facebook FCC Europe TV : https://www.facebook.com/share/p/1Gvb24wvZP/,1
Sur Facebook Honorable Jean Michel NINTCHEU : https://www.facebook.com/share/1D4aJmcWtw/,1
Besoin d'un garçon demain pour un travail de restaurant intéressé ib,1
+,1
Fermer,1
Besoin d'une personne qui parle et comprend le russe pour un travail du restaurant 3000₽ au M.pyatnitskoe shosse,1
Sortie 3 puis ont prend le bus 9:00 à 22:00,1
Depart prevue le 7 mars,1
( Moscou— Dla — Yaoundé),1
30 kilo disponible,1
1 kilo ——-> 500 rouble,1
- expédition de vos documents,1
- ⁠expédition de vos appareils,1
Nb : pas de médicaments 💊 pas de bouteilles de wisky,1
🚨🚨🚨🚨🚨🚨,1
*CHAMBRE DISPONIBLE POUR* *FILLE OU COUPLE*,1
*DMITRY DONSKOVA*,1
*Loyer 30000*,1
*Commission 5000*,1
"*Nb* *Évite de déranger inutilement si tu n'as pas l'argent. Écris, n'appelle pas s'il te plaît.*",1
bonjour svp je cherche une chambre pour couple en urgence 🚨,1
✈✈ *départ confirmé*,1
*Moscou🇷🇺✈️✈️Douala 🇨🇲*,1
*20.03.25*,1
✅46 kilos disponibles,1
✅ transport de vos documents importants en toute sécurité.,1
✅Petits colis et appareils électriques,1
"*NB* : on peut déjà se préparer à acheter les cadeaux pour la pacque. À vos marques, partezzzz,...",1
Vous faciliter la tâche c'est mon credo🫡,1
*+79888341550*,1
*+237693559012*,1
🚨🚨🚨🚨🚨🚨,1
*CHAMBRE DISPONIBLE POUR* *FILLE OU COUPLE*,1
*DMITRY DONSKOVA*,1
*Loyer 30000*,1
*Commission 5000*,1
"*Évite de déranger inutilement si tu n'as pas l'argent. Écris, n'appelle pas s'il te plaît.*",1
Urgentment Besoin d'une personne qui parle et comprend le russe pour un travail du restaurant 3000₽ au M.pyatnitskoe shosse,1
Sortie 3 puis ont prend le bus 9:00 à 22:00,1
Besoin d'un garçon maintenant pour un boulot de restaurant 10h a 16h 3000r fini payer,1
🤣🤣🤣🤣🤣,2
Pour le visa tu dois remplir en ligne,1
*Les ETATS-UNIS annulent une subvention de 14 millions de dollars pour le MALI : Bamako réagit vigoureusement*,1
*Lire ici*👇🏽,1
*Urgent - NASA : Les ÉTATS-UNIS réussissent un nouvel exploit sur la lune (Vidéo)*,1
*Lire ici*👇🏽,1
*BURKINA FASO : Les avocats et les juges désormais en tenues africaines devant les tribunaux (Photos)*,1
*Lire ici*👇🏽,1
*Cet homme surpris en flagrant délit d'adultère avec une femme enceinte (Vidéo)*,1
*Lire ici*👇🏽,1
1 place disponible pour fille en cohabitation avec une autre fille dans une chambre,1
Adresse Bulvard Dmitri danskovo,1
Loyer 15000 rub / mois,1
Commission  0,1
NB facture inclus,1
Contacter +7 909 640-28-20,1
🌹🌹🌹🌹🌹🌹🌹🌹,1
1 place disponible pour fille,1
Adresse métro bulvard Dmitri danskovo  (krynskaya),1
Loyer  15 000 rub/mois,1
Commission  0,1
NB facture à part,1
Contact +7 967 218-57-71,1
🌹🌹🌹🌹🌹🌹🌹🌹,1
1 place disponible pour garçon(dans la cuisine),1
Adresse Metro буниская аллея,1
Loyer  10 000 rub/mois,1
Commission  2000 rub,1
Contact +7 925 976-46-60,1
🌹🌹🌹🌹🌹🌹🌹🙏,1
1 place disponible pour garçon,1
Adresse métro Prachkaya,1
Loyer  11 000 rub/mois,1
Commission  2000 rub,1
Contacter +7 925 976-46-60,1
*POURQUOI CHOISIR SFF CONSTRUCTION ?*,1
✔️ Une expertise professionnelle ;,1
✔️ Un service de qualité ;,1
✔️ Une meilleure construction et adapté aux clients dans chaque projet que nous nous engageons ;,1
✔️ Promouvoir et construire une nouvelle réalité ;,1
✔️ Construction confortable et durable à coût raisonnable ;,1
✔️ Garantir nos prestations pour la sécurité et le confort des occupants.,1
"Tels sont les objectifs et la mission que SFF CONSTRUCTION c'est confié pour mieux vous servir à travers une équipe réactive et disponible pour assurer une assistance technique, préventive et curative, rapide et efficace.",1
#NosServices : 👇🏾,1
✅ Génie Civil & Construction,1
- Études et Montage de Projets ;,1
- Construction de bâtiments Rénovation et Extension ;,1
- Aménagement intérieur & extérieur.,1
✅ Service Immobilier,1
"- Vente, achat et gestion de biens.",2
✅ Location d'engins,1
- Location de matériel BTP,1
✅ Formation & Conseil,1
- Formations professionnelles,1
- Accompagnement,1
Bénéficiez d'une consultation gratuite en cliquant sur le lien WhatsApp👇🏾,1
Abonnez-vous à notre page pour suivre l'actualité et partager avec votre entourage.,1
Facebook : https://www.facebook.com/share/1Eg4iQMMZo/?mibextid=wwXIfr,1
Instagram : https://www.instagram.com/sffconstruction237?igsh=bTgxdXE5dTQzcXh5&utm_source=qr,1
Tik tok : https://www.tiktok.com/@sff_construction?_t=ZM-8uN1lsDqjNF&_r=1,1
"La passion de mieux construire, bâtissons ensemble.🤝🏾",1
Bonjour a tous!,1
Chambre disponible pour une personne ( une fille ou un homme) a 6 min du métro Рязанский проспект,1
Loyer: 35.000( tout inclu ),1
Commission: 50%,1
Caution: ❌,1
Metro: Рязанский проспект,1
"*NON Mr Joseph Stiglitz, LOOP est le modèle alternatif à Elon Musk et Mark Zuckerberg""!*",1
"Non seulement vos données vous appartiennent, il est interoperable (pas rectrictif comme le fait Apple qui serait une secte?) mais surtout, LOOP offre à ses utilisateurs-trices de devenir co-propriétaires, l'unique façon de s'assurer que le pouvoir demeure entre les mains de ses véritables propriétaires, donc en quelque sorte, la véritable democratie que vous estimez menacée par ""Elon Musk et Mark Zuckerberg""",1
"PS: plus bas le lien reddit intitulé ""Apple est sincèrement la pire marque tech qui ai vu le jour"" qui demontre que Apple est tout sauf une ""marque ethique"".",1
*******************************,1
"*Selon le lauréat du prix Nobel Joseph Stiglitz, « Elon Musk et Mark Zuckerberg manquent de valeurs morales ». Il existe un modèle éthique alternatif : Apple*",1
"[...]Joseph Stiglitz ne mâche pas ses mots. Selon lui, les réseaux sociaux sont des outils de propagande plus puissants que ceux des nazis. Une déclaration choc, certes, mais qui donne tout de même à réfléchir. Quoi qu'on en pense, force est de constater que jamais auparavant une technologie n'avait offert une telle capacité à façonner l'opinion publique en temps réel. Instagram et X (ex-Twitter) ont un rayonnement instantané et global, capable d'influencer des élections, d'attiser des débats et de polariser des sociétés entières. Les patrons de ces machines à opinion en sont d'ailleurs bien conscient et Elon Musk ne se cache absolument pas d'être un idéologue qui façonne son algorithme à des fins politiques.[...]",2
******************,1
*Apple est sincèrement la pire marque tech qui ai vu le jour:*,1
Bsr svp quitte le Cameroun pour la russie la semaine ci,1
*Coup de Théâtre GABON : Brice Oligui NGUEMA forcé de démissionner ? Voici ce qui s'était passé*,1
*Lire ici*👇🏾,1
"*Comment travailler à l’ONU ? Voici le Guide complet pour rejoindre le PAM, PNUD, UNICEF, OMS*",1
*Lire ici*👇🏾,1
*Découvrez le Top 3 des forces navales les plus puissantes du Monde en 2024*,1
*Lire ici*👇🏾,1
"*GABON : Ali BONGO et sa famille, Voici les raisons du déclin financier*",1
*Lire ici*👇🏾,1
"Appartement de deux chambres disponible dans la région de Moscou. Veuillez cliquer et partager le lien ci-dessus, vous pourriez peut-être aider quelqu'un qui en a désespérément besoin à trouver un endroit où loger.",1
"Appartement d'une chambre disponible dans la région de Moscou. Veuillez cliquer et partager le lien ci-dessus, vous pourriez peut-être aider quelqu'un qui en a désespérément besoin à trouver un endroit où loger.",1
Tu gère hien 😂😂😂 C'est pas mieux tu ouvre ton ministère des relations extérieures mondiale 😂😂😂,2
Place disponible pour un homme 9000 métro domodeskaya,1
🚨🚨🚨🚨🚨🚨,1
*CHAMBRE DISPONIBLE POUR* *FILLE OU COUPLE*,1
*DMITRY DONSKOVA*,1
*Loyer 30000*,1
*Commission 5000*,1
"*Nb* *Évite de déranger inutilement si tu n'as pas l'argent. Écris, n'appelle pas s'il te plaît.*",1
*GUINÉE : Le pays lance la fabrication de ses propres automobiles (Photos)*,1
*Lire ici*👇🏽,1
*Le Burkina Faso et le Mali remplacent le drapeau de la CEDEAO par celui de l’AES (La Vidéo)*,1
*Lire ici*👇🏽,1
"*Umaro Sissoco Emballo :le président bissau-guinéen chantre de l’intervention militaire contre le Niger, chasse la CEDEAO de son pays*",1
*Lire ici*👇🏽,1
🚨🚨🚨🚨🚨🚨🚨🚨🚨🚨🚨🚨🚨🚨🚨🚨🚨🚨🚨,1
Depart CONFIRMÉ,1
YDE 🇨🇲 - MOSCOU🇷🇺,1
Le 6 Mars 2025,1
✅ 23 kg disponible,1
✅ Envoyez vos remédes améres de l'afrique que je connais la et vos kabas du 8 Mars,1
"✅ Envoyez vos documents (Diplomes, certificats de celibat, passport etc...)",1
YAN TRAVEL ✈️,1
Good morning please help me repost 🙏❤️,1
- 🚨🚨🚨‼️‼️🇨🇲🇨🇲,1
Voisi mes différents services Au,1
Cameroun 🇨🇲pour tout besoin de Mes services je gère tout propre,1
1–nouvelle format de la carte nationale d’identité au Cameroun,1
(Cni)-,1
-Assistance pour l’obtention de la nouvelle ( cni) biométries,1
-enroulement de votre cni en ligne,1
-Assistance pendant la procedure,1
-cni express (48h),1
2—— Assistance pour l’obtention de votre passport au Cameroun 🇨🇲et en Russie 🇷🇺,1
- enroulement de vos passeports en ligne,1
3—-Assurance voyage ✈️Disponible toutes destinations,1
"( Afrique, Europe, Amérique,Asie",1
4- besoin du côté du Cameroun 🇨🇲,1
- De l’extrait de casier judiciaire,1
- ⁠Du certificat de célibat,1
- ⁠certificat de nationalité,1
5– certification et légalisation de vos documents,1
—Minesup,1
—minrex,1
—-Ambassades,1
6- besoin du carnet jaune pour le voyage ✈️toutes destinations,1
Carnet jaune du Centre pasteur de Yaoundé (valide à vie),1
7–réservation du billet D’avion ✈️toutes destinations,1
—-billets D’avion au bas prix,1
8— expédition de vos,1
— colis,1
—- Documents,1
—-Appareil,1
( tout ce passe avec assurance transparence et fiabilité),1
9- Disponible pour tout Autres services du côté du Cameroun 🇨🇲,1
Nb: confiez moi tout le travail je gère bien et vite j’assure tout du côté du Cameroun vos familles ne vont plus courir le risque pour venir sur yde gère vos doc je gère tout surplace,2
10- expédition de vos documents,1
Afrique central—- Russia 🇷🇺,1
Pour me joindre Voisi,1
Mes deux numéro de téléphone watsap disponible,1
—+(237)693228863,1
—+(237) 651215164,1
J’ai toujours ma photo sur mon profil pour plus de confiance,1
"Besoin d'une personne travail restaurant de maintenant jusqu'à 23h paiement 3250₽ au М. ЦСКА,",1
Départ prévue le 06 mars,1
( yde — Dla —- moscou 🇷🇺),1
- expédition uniquement de vos documents,1
- ⁠expédition de vos passeports,1
- ⁠expédition de vos téléphones,1
*Urgent - Très mauvaise nouvelle pour le Pape FRANÇOIS*,1
*Lire ici*👇🏾,1
*Dernière Minute : Donald Trump suspend l'aide militaire à l'Ukraine en guerre contre Russie*,1
*Lire ici*👇🏾,1
*INÉDIT : Le président de ce pays présente publiquement ses excuses pour avoir... (Photo)*,1
*Lire ici*👇🏾,1
"*Après le congolais Eric Mandala, un autre homme d’affaires arrêté à l’aéroport avec de la drogue (Photo)*",1
*Lire ici*👇🏾,1
"*Voici Comment travailler à l’ONU, Guide complet*",1
*Lire ici*👇🏾,1
‎Suivez ce lien pour intégrer mon Groupe WhatsApp  : https://chat.whatsapp.com/HlMd2wuffgGItz7MzxjccG,1
null,1
Appartement à louer (2 chambres),1
Prix: 55.000,1
Caution: 55.000 (divisé en deux mois),1
Commission: 60%,1
Adresse: Suburban Highway 28 (Misailovo),1
Salut Place disponible pour des homme a domo intéressée inbox <This message was edited>,1
Besoin dune chambre pour couple en urgence 🚨,1
"🚨🚨🚨🚨Le travail dans les cantines scolaires disponible . Le travail est de 8h à 16h. 2300 par jour. Si vous êtes intéressé, contactez-moi en privé.",1
"🚨🚨🚨🚨Work in school canteens  available. The Work is from 8am to 4pm. 2300 per day. If you are interested, contact me privately.",1
Besoin dune chambre pour couple en urgence 🚨,1
*Voici les 10 des pays les plus pauvres du monde en 2025*,1
*Lire ici*👇🏽,1
*ZELENSKY brise enfin le silence après son clash avec TRUMP*,1
*Lire ici*👇🏽,1
"*Le ministre camerounais MOUNOUNA FOUTSOU tabassé en Belgique, voici ce qui s'est réellement passé  (Photos et Vidéo)*",1
*Lire ici*👇🏽,1
*Découvrez le salaire XXL de TRUMP en tant que Président des ÉTATS-UNIS*,1
*Lire ici*👇🏽,1
*BURKINA FASO : Ibrahim TRAORÉ exclut un soldat de l'armée pour usage de téléphone en pleine attaque*,1
*Lire ici*👇🏽,1
3 voleurs ne l'accepte pas dans vos maisons,1
À tous ceux qui ont entendu les mensonges et les fausses accusations qui ont été diffusés contre moi,1
"Je vous écris ces mots avec le cœur apaisé, car je suis certaine que Dieu ne laisse jamais le droit du faible se perdre, et que le mensonge, aussi fort soit-il, finira toujours par disparaître.",1
"Les rumeurs et calomnies qui circulent à mon sujet ne sont que des mensonges sans aucun fondement, propagés par une personne sans scrupules, qui cherche à salir mon honneur après m’avoir injustement chassée de la maison où je vivais dignement, en payant mon loyer avec respect et honnêteté.",1
"La vérité est claire pour ceux qui me connaissent et connaissent ma moralité. Je jure devant Dieu que je n’ai jamais volé de ma vie, et l’argent qu’elle m’a pris est mon droit, et je ne lui pardonnerai jamais, ni dans cette vie, ni dans l’au-delà.",1
"Quant à ceux qui lancent des accusations infondées et salissent l’honneur des autres, Dieu les jugera pour chaque mot de mensonge et de diffamation.",1
"Je ne répondrai pas aux insultes par des insultes, car mon éducation et ma dignité m’interdisent de descendre à ce niveau La vérité finira toujours par triompher, et Dieu est témoin de tout",1
"Hasbiya Allah wa ni’ma al-wakil (Dieu me suffit, Il est le meilleur des garants).",1
"Les insultes, la vulgarité et les mots sales que cette personne utilise pour me diffamer ne font que révéler sa vraie personnalité et son manque d’éducation.",1
"Chaque personne s’exprime selon son éducation, et la manière dont elle parle est la meilleure preuve de qui elle est réellement Quant à moi, je laisse Dieu témoigner de mon innocence. Je n’ai rien à prouver à ceux qui me connaissent, car la vérité finit toujours par éclater.",1
Celui qui a la conscience propre n’a pas besoin de salir les autres pour se justifier.,1
"Si elle était réellement honnête, elle n’aurait pas besoin de recourir aux insultes et à la diffamation pour cacher ses propres fautes.",0
"Je mets ma confiance en Dieu, et je sais que la justice divine ne tarde jamais",1
Bon prix,1
Départ prévue le 06 Mars,1
( Dla —- moscou),1
- expedition de vos documents,1
- ⁠expedition de vos passeports,1
- ⁠expédition de vos appareils,1
Nb: pas de kilo disponible à vendre 0,1
*Ramadan au NIGERIA : 20 personnes arrêtées à Kano pour avoir mangé et bu en public*,1
*Lire ici*👇🏽,1
*Classement 2025 des 9 pays les plus démocratiques en Afrique*,1
*Lire ici*👇🏽,1
*Guerre dans l’est de la RDC : Une nouvelle mauvaise nouvelle pour PAUL KAGAMÉ*,1
*Lire ici*👇🏽,1
"*Culture : L’humoriste Gbadamassi Yaya, devient enseignant à l’Université*",1
*Lire ici*👇🏽,1
Des algériens ?,1
1 place disponible pour fille en cohabitation avec une autre fille dans une chambre,1
Adresse Bulvard Dmitri danskovo,1
Loyer 15000 rub / mois,1
Commission  0,1
NB facture inclus,1
Contacter +7 909 640-28-20,1
🌹🌹🌹🌹🌹🌹🌹🌹,1
1 place disponible pour fille,1
Adresse métro bulvard Dmitri danskovo  (krynskaya),1
Loyer  15 000 rub/mois,1
Commission  0,1
NB facture à part,1
Contact +7 967 218-57-71,1
🌹🌹🌹🌹🌹🌹🌹🌹,1
1 place disponible pour garçon(dans la cuisine),1
Adresse Metro буниская аллея,1
Loyer  10 000 rub/mois,1
Commission  2000 rub,1
Contact +7 925 976-46-60,1
🌹🌹🌹🌹🌹🌹🌹🙏,1
1 place disponible pour garçon,1
Adresse métro Prachkaya,1
Loyer  11 000 rub/mois,1
Commission  2000 rub,1
Contacter +7 925 976-46-60,1
Ok merci grand,2
"SALLE SON TAY, Bordeaux",1
"Conférence co-animée par Esther MVONDO et Josephine MBELLA, nous auront comme intervenantes",1
"- *Koniba DIOMANDE* , coordonnatrice de programmes",1
"- *Laetitia MAYOMBO* , Data scientist",1
"- *Lois LANOIS* , stratégie marketing et communication",1
"- *Valdie KAYA* , sexotherapeute",1
Nous vous attendons nombreux ….a 14h,1
🚨🚨🚨🚨🚨🚨,1
*CHAMBRE DISPONIBLE*,1
*Metro Dmitry danskova*,1
*CHAMBRE DISPONIBLE DANS UN APPARTEMENT POUR DEUX FILLES PROPRES UNIQUEMENT*,1
*Loyer 30000*,1
*Commission 0*,1
"*Nb* *Évite de déranger inutilement si tu n'as pas l'argent. Écris, n'appelle pas s'il te plaît.*",1
Je prends le rouble aujourd’hui à 6’95 rub quand descend au pays et a 100mil rub je donne à 7 venez me tromper 🥰,1
🚨🚨🚨Alerte arnaque.,1
Message pour les frères africains qui sont sans papiers et veulent se régulariser.,1
La procédure coûte au total 15000 roubles,1
"Vous payez une amende de 8000 roubles et les tests médicaux sont à 7000 roubles, don total de 15 mille roubles.",1
La police de l’immigration ne va pas vous arrêter.,1
"Le décret est en vigueur à Moscou, pour les autres villes, je ne sais pas.",1
L’adresse de l’immigration pour aller le faire : 📍посёлок ЛМС,1
"Plusieurs Africains ont arnaqué les propres frères en leur prenant des sommes comme 50 milles, 60 milles et même 120 milles en disant qu’ils vont mettre un avocat sur votre dossier. L'avocat ne peut  rien faire dans votre procédure.",1
Bsr,1
*NOUVEL accident aérien : Le moteur d’un avion-cargo en flammes après une collision avec un oiseau (Vidéos)*,1
*Lire ici*👇🏽,1
*ATROCITÉ : Une femme frappe la tête de son fils de neuf ans avec un pilon (Photo)*,1
*Lire ici*👇🏽,1
*Voici Les 10 pays africains qui bénéficient le plus de l’aide chinoise*,1
*Lire ici*👇🏽,1
*CÔTE D’IVOIRE : Un Chinois condamné à 7 ans de prison et à une amende de plus d’un milliard de FCFA pour avoir...*,1
*Lire ici*👇🏽,1
*Des soldats de l’armée ougandaise déployés à Mahagi dans l’est de la RDC*,1
*Lire ici*👇🏽,1
Kaolin disponible,1
Départ prévue demain,1
Le (6 mars ),1
Dla — Moscou 🇷🇺),1
- expédition de vos documents,1
- ⁠expédition de vos passeports,1
- ⁠expédition de vos appareils,1
Nb: pas de kilo disponible,1
Salut à tous besoin de sim carte,1
2000 rouble,1
2000 rouble,1
Va acheter ta sim,1
Toi même tu n'as pas besoin de quelqu'un ici,1
Les sim card sont deja en vente dans les milieux africains ? 😳,1
Sa devien difficile c'est dernière temps il faut être en jour et avoir l enregistrement,1
Moi je veux les battons de manioc,1
Moi mm je suis dépasse,1
En tous cas pas a t2,1
"SIM card en vente 🤣🤣🤣25 simcard disponible , ib",2
*ADULTÈRE : Cet homme surprend sa femme enceinte de 7 mois avec un autre homme (Vidéo)*,1
*Lire ici*👇🏽,1
*INSOLITE : L’ex-chef antidrogue du port d’Abidjan condamné à 5 ans de prison pour détournement de Cocaïne*,1
*Lire ici*👇🏽,1
*AES : L'ex-footballeur SEYDOU KÉÏTA investit 14 milliards de FCFA au Mali dans ce secteur industriel (images)*,1
*Lire ici*👇🏽,1
*Découvrez les vraies origines des rebelles du M23 en RDC*,1
*Lire ici*👇🏽,1
"*PHUOC-VINH TRAN : Un gynécologue devant la justice pour des viols sur une centaine de femmes, découvrez ces méthodes*",1
*Lire ici*👇🏽,1
"*La Russie condamne à 19 ans de prison un mercenaire britannique, voici la faute*",0
*Lire ici*👇🏽,1
*Les 9 pays Africains les plus démocratiques*,1
*Lire ici*👇🏽,1
