text,label
J'ai besoin de personnes 30 demain matin,1
Need *40* people tomorrow at the lublino metro exit *1 from *9:00 a.m. to 5:50 p.m. 2800 rubles* just after the work Need *40* people tomorrow at the lublino metro exit *1 from *9:00 a.m. to 5:50 p.m. 2800 rubles* just after the work,1
Besoin demain de *40* personnes au métro konkova sortie *10* de *9h00- 17h 50 . 2500 roubles* juste après le oulot.,1
✈️Départ imminent ✈️,1
Besoin encore de 30 personnes 🚨🚨🚨🚨🚨🚨🚨🚨🚨🚨🚨🚨🚨🚨🚨🚨🚨🚨🚨demain matin au métro borisovo sortie 2 juste aller tirer photos et se promener dans le chantier 🏗️ jusqu’au soir pour montrer à la commission qu’il y’a beaucoup de personnes au chantier travail léger 09h 17h50 fini payer 2300p,1
Besoin maintenant de 15 personnes au métro борисово au plutard à 10h15 juste pour nettoyage de chantier et faire acte de présence car la commission sera là tout à l'heure à la pause.,1
Besoin maintenant de 12 personnes au métro борисово au plutard à 11h00 juste pour faire acte de présence car la commission sera là tout à l'heure à la pause.,1
"*Continuez à parler du MINSEP/ FECAFOOT, voilà le Parle G qui commence déjà à sortir 3 biscuits dans le paquet au lieu de 4*",1
Besoins d'une personne sérieuse pour un boulot permanent homme/femme 10h 22h 2600r finis payé ne m'écrives que si vous avez un enregistrement,1
https://t.me/+V2g_mXzy-05kOTg6,1
https://www.streamonsport.ru/4801-lien-cameroun-cap-vert-en-streaming-coupe-du-monde.html,1
Transférez de l'argent rapidement et en toute sécurité.,1
Bonsoir pour ceux qui cherchent travail d'entreprise,1
"Voyage prévu le *11 juillet 2024* ✈️ MOSCOU ~ DOUALA ✈️, kilos disponible.",1
"Besoin maintenant d'une personne proche du métro ukhtomskaya pour travail de nettoyage de chantier de 11h à 18h00 avec 1h de pause donc travail de 6h de temps, payé 2100r après boulot.",1
Désolé de t’écrire tard s’il te plaît j’ai besoin une nounou,1
De lundi a vendredi elle peut venir rester si elle veut chez moi la une semaine il y’a une chambre où elle pourra dormir seule ou alors elle vient en rentre nous allons nous entendre sur les heures 2000₽ la journée,1
🚨disponible 10kg au 🇨🇲,1
🚨🚨🚨🚨🚨🚨🚨🚨🚨🚨🚨🚨🚨🚨🚨🚨🚨🚨 Depart confirmé,1
besoin de 5 personnes pour travailler les fleurs avec moi 2500 la journée 9h -18 avec 1 heure de pose,1
Saint petersbourg,1
Quel modèle de iPhone ?,1
https://t.me/hamstEr_kombat_bot/start?startapp=kentId946427812,1
6+,1
Iphone 6 plus,1
🙆🏿‍♂️,1
"Bonsoir, s'il vous plaît s'il y'a quelqu'un qui quitte d'ici pour le Cameroun ces jours bien vouloir me faire signe.",2
Besoin demain de *30* personnes au métro konkova sortie *10* de *9h00- 17h 50 . 2500 roubles* juste après le oulot.,1
Besoin demain de *30* personnes au métro konkova sortie *10* de *9h00- 17h 50 . 2500 roubles* juste après le oulot.,1
Besoin demain de *30* personnes au métro konkova sortie *10* de *9h00- 17h 50 . 2500 roubles* juste après le oulot.,1
🎉 UNITY PARTY CHALLENGE - LE CONCOURS ULTIME POUR LA MEILLEURE SOIRÉE DE L'UNITÉ 🎉,1
Besoin demain de *30* personnes au métro konkova sortie *10* de *9h00- 17h 50 . 2500 roubles* juste après le oulot.,1
Deux places disponibles pour les garçons intéressé écrivez-moi,1
Besoin demain de *30* personnes au métro konkova sortie *10* de *9h00- 17h 50 . 2500 roubles* juste après le oulot.,1
🚨🚨🚨Besoin de 10 personne pour compléter l’effectif demain pour un travail de 🏗️ au métro filatov lug,1
"https://youtu.be/zUD2uRglGx0?si=fIPZEo3CvmEmnnos.           Svp, veuillez cliquez sur le lien en bas de la vidéo pour vous abonner et recevoir les prochaines videos en mode mise à jour regardant l'immigration américaine.",2
Il reste 2 place libre,1
🚨🚨🚨Need 10 people to complete the workforce tomorrow for 🏗️ work at the filatov lug metro,1
"Voyage prévu le *11 juillet 2024* ✈️ MOSCOU ~ DOUALA ✈️, kilos disponible.",1
Besoin de 02 personnes(hommes) ce matin pour travail de chantier de 9h00 à 18h00 payé 2500r après boulot au métro Филатов луг,1
🛑🛑🛑🛑🛑🛑🛑🛑🛑🛑🛑🛑🛑 🛑🛑🛑🛑🛑🛑🛑🛑🛑🛑🛑🛑🛑🛑🛑🛑🛑🛑🛑🛑🛑🛑🛑🛑🛑🛑🛑🛑🛑🛑🛑 besoin de 60 personnes aujourd'hui de 9h - 17h45 Metro kaluzhskaya sortie 04 fini payer 2500p,1
Good morning guys.,1
Besoin maintenant d'une personne(homme) au métro Филатов луг pour travail de chantier payé 2500r après boulot,1
https://t.me/+V2g_mXzy-05kOTg6,1
Ok bby wel come,1
Besoin de 8 personnes rapidement au métro koncovo sortie 10 chantiers 13h30 17h50  salaire 2000p,1
Besoin de 8 personnes rapidement au métro koncovo sortie 10 chantiers 13h30 17h50  salaire 2000p,1
🚨🚨🚨Besoin de 10 personne pour compléter l’effectif demain pour un travail de 🏗️ au métro filatov lug,1
‎Open this link to join my WhatsApp Group: https://chat.whatsapp.com/E1qcc8fymKk9ywjdFmNckx,1
Venez rapidement Les gars,1
Chambre disponible,1
✈️✈️DEPART imminent CONFIRME,1
null,1
https://complexityperfume.top/5c24YV95fF8Ic0dKaVZrBwQFB1x3XGEBZwV2JjU_JxsdDTQadzEAOhRPKC98?1718025747626,1
Besoin de 10 personnes (hommes) demain pour un boulot très facile (nettoyage).,1
LE 13 HEURES JOURNAL,1
Départ le 12 juin,1
*Appartement disponible à partir de demain 12h.*,1
Besoin demain de *30* personnes au métro konkova sortie *10* de *9h00- 17h 50 . 2500 roubles* juste après le oulot.,1
Besoin demain de *30* personnes au métro konkova sortie *10* de *9h00- 17h 50 . 2500 roubles* juste après le oulot.,1
Besoin demain de *30* personnes au métro konkova sortie *10* de *9h00- 17h 50 . 2500 roubles* juste après le oulot.,1
Besoin demain de *30* personnes au métro konkova sortie *10* de *9h00- 17h 50 . 2500 roubles* juste après le oulot.,1
Besoin demain de *30* personnes au métro konkova sortie *10* de *9h00- 17h 50 . 2500 roubles* juste après le oulot.,1
Transférez de l'argent rapidement et en toute sécurité.,1
25 sambaBesoin demain de *30* personnes au métro konkova sortie *10* de *9h00- 17h 50 . 2500 roubles* juste après le oulot.,1
25 sambaBesoin demain de *30* personnes au métro konkova sortie *10* de *9h00- 17h 50 . 2500 roubles* juste après le oulot.,1
Besoin demain de *30* personnes au métro konkova sortie *10* de *9h00- 17h 50 . 2500 roubles* juste après le oulot.,1
🛑🛑🛑🛑🛑🛑🛑🛑🛑🛑🛑🛑🛑 🛑🛑🛑🛑🛑🛑🛑🛑🛑🛑🛑🛑🛑🛑🛑🛑🛑🛑🛑🛑🛑🛑🛑🛑🛑🛑🛑🛑🛑🛑🛑 besoin de 60 personnes demain de 9h - 17h45 Metro kaluzhskaya sortie 04 fini payer 2500p,1
Besoin demain de *30* personnes au métro konkova sortie *10* de *9h00- 17h 50 . 2500 roubles* juste après le oulot.,1
🚨🚨🚨Besoin de 5 personne pour compléter l’effectif demain pour un travail de 🏗️ au métro filatov lug,1
🛑🛑🛑🛑🛑🛑🛑🛑🛑🛑🛑🛑🛑 🛑🛑🛑🛑🛑🛑🛑🛑🛑🛑🛑🛑🛑🛑🛑🛑🛑🛑🛑🛑🛑🛑🛑🛑🛑🛑🛑🛑🛑🛑🛑 besoin de 60 personnes demain de 9h - 17h45 Metro kaluzhskaya sortie 04 fini payer 2500p,1
🛑🛑🛑🛑🛑🛑🛑🛑🛑🛑🛑🛑🛑 🛑🛑🛑🛑🛑🛑🛑🛑🛑🛑🛑🛑🛑🛑🛑🛑🛑🛑🛑🛑🛑🛑🛑🛑🛑🛑🛑🛑🛑🛑🛑 besoin de 60 personnes demain de 9h - 17h45 Metro kaluzhskaya sortie 04 fini payer 2500p,1
Besoin de 04 personnes demain pour travail de chantier de 9h00 à 18h00 payé 2500r après boulot au métro Филатов луг,1
Cameroun,1
LE 17 HEURES JOURNAL,1
https://t.me/+H66j11tAGwEzNDJi,1
"Travail de chantier demain de 9h00 à 18h00 payé 2500r après boulot, besoin de 02 personnes au métro Филатов луг.",1
Départ prévue le 12 juin,1
"Voyage prévu le *11 juillet 2024* ✈️ MOSCOU ~ DOUALA ✈️, kilos disponible.",1
"Travail de chantier de 9h00 à 18h00 payé 2500r après boulot, besoin de 03 personnes encore ce matin au métro Филатов луг.",1
Chambre disponible,1
https://t.me/+V2g_mXzy-05kOTg6,1
Comment voter dans UNITY PARTY CHALLENGE ? Très simple :,1
Grande chambre disponible pour fille avec 3filles tomilino ib pour plus d'informations,1
🚨🚨🚨Besoin de 10 personne pour compléter l’effectif demain pour un travail de 🏗️ au métro filatov lug,1
one bedroom apartment available for rent,1
LA UNE DES JOURNAUX DU 11-006-2024/ THE NEWS PAPERS FRONT PAGES FROM 06-11-2024,1
CAMEROUN,1
Okay,1
BESOIN DE DEUX PERSONNES PONCTUELLES POUR UN TRAVAIL CE SOIR .,1
"Voyage prévu le *11 juillet 2024* ✈️ MOSCOU ~ DOUALA ✈️, kilos disponible.",1
✈️✈️✈️✈️✈️✈️✈️✈️✈️✈️✈️✈️✈️✈️✈️✈️ ✈️✈️,1
Appartement chambre disponible à lesnaya 6,1
CAMEROUN,1
LE 13 HEURES JOURNAL,1
"🚨🚨🚨🚨🚨🚨🚨🚨🚨🚨🚨🚨🚨🚨🚨🚨🚨🚨🚨🚨🚨🚨Bonsoir les gars,demain besoin de 6personne pour un boulot de chantier au métro Савеловская de 10h à 19h 2500p",1
Cameroun,1
LE 17 HEURES JOURNAL,1
🚨🚨🚨Besoin de 4 personne pour compléter l’effectif demain pour un travail de 🏗️ au métro filatov lug,1
Place disponible pour fille dans une grande chambre avec 3filles tomilino ib.8000r,1
"Voyage prévu le *11 juillet 2024* ✈️ MOSCOU ~ DOUALA ✈️, kilos disponible.",1
"J'ai besoin de quelqu'un qui quitte d'ici pour le Cameroun cette semaine... J'ai besoin d'envoyer des médicaments, c'est urgent svp.",1
https://t.me/+V2g_mXzy-05kOTg6,1
Chambre disponible,1
LA UNE DES JOURNAUX DU 12-06-2024/ THE NEWS PAPERS FRONT PAGES FROM 06-12-2024,1
LA UNE DES JOURNAUX DU 12-06-2024/ THE NEWS PAPERS FRONT PAGES FROM 06-12-2024,1
LA UNE DES JOURNAUX DU 12-06-2024/ THE NEWS PAPERS FRONT PAGES FROM 06-12-2024,1
"*Besoin de 10 personnes pour un travail dans un chantier hors de Moscou, le paiement se fait tous les jours 3000r par personne*",1
🚨🚨🚨Besoin de 4 personne pour compléter l’effectif demain pour un travail de 🏗️ au métro filatov lug,1
"*Besoin de 10 personnes pour un travail dans un chantier hors de Moscou, le paiement se fait tous les jours 3000r par personne*",1
https://t.me/+V2g_mXzy-05kOTg6,1
✈️✈️✈️✈️✈️✈️✈️✈️✈️✈️✈️✈️✈️✈️✈️✈️ ✈️✈️,1
✈️✈️✈️✈️✈️✈️✈️✈️✈️✈️✈️✈️✈️✈️✈️✈️ ✈️✈️,1
🛑🛑🛑🛑🛑🛑🛑🛑🛑🛑🛑🛑🛑🛑🛑🛑🛑🛑🛑🛑🛑🛑🛑🛑🛑🛑🛑🛑🛑🛑🛑 besoin de 30 personnes ce soir  de 20h - 06h métro  kaluzhskaya sortie 4  travail de nuit,1
For Sale 7000r,1
"J'ai besoin d'un espace à côté du métro, envoie-moi un message si tu as",1
Cameroun,1
LE 13 HEURES JOURNAL,1
PIB 2023 - Le Cameroun doit 111 milliards FCFA aux entreprises https://cameroon-eco-business.info/2024/06/11/pib-2023-le-cameroun-doit-111-milliards-fcfa-aux-entreprises/,1
"Énergie solaire - 28,6 mégawatts de plus pour la région de l'Extrême-Nord https://cameroon-eco-business.info/2024/06/11/energie-solaire-286-megawatts-de-plus-pour-la-region-de-lextreme-nord/",1
🚨🚨🚨Besoin de 4 personne pour compléter l’effectif demain pour un travail de 🏗️ au métro filatov lug,1
Appartement 3 chambres,1
demain matin travail des fleurs 2 personnes 2500,1
10h/18h,1
Saint petersbourg,1
Besoin d'une personne demain pour un boulot de restaurant 10h 22h 2600r fini payé intéressé ib,1
Besoin d'une personne demain pour un boulot de restaurant 10h 22h 2600r fini payé intéressé ib,1
BESOIN DUNE PERSONNE POUR UN TRAVAIL DE TRANSPORT DE MATÉRIEL AVEC LE LIFT DEMAIN MATIN .,1
🛑🛑🛑🛑🛑🛑🛑🛑🛑🛑🛑🛑🛑🛑🛑🛑🛑🛑🛑🛑🛑🛑🛑🛑🛑🛑🛑🛑🛑🛑🛑 besoin de 60 personnes demain matin de 9h à 17h 40 métro  kaluzhskaya sortie 4,1
🚨🚨🚨Besoin de 10 personne pour compléter l’effectif demain pour un travail de 🏗️ au métro filatov lug,1
"Voyage prévu le *11 juillet 2024* ✈️ MOSCOU ~ DOUALA ✈️, kilos disponible.",1
🛑🛑🛑🛑🛑🛑🛑🛑🛑🛑🛑🛑🛑🛑🛑🛑🛑🛑🛑🛑🛑🛑🛑🛑🛑🛑🛑🛑🛑🛑🛑 besoin de 60 personnes demain matin de 9h à 17h 40 métro  kaluzhskaya sortie 4,1
Besoin maintenant de 2 personnes pour compléter l’effectif filatov lug metro 2500(9:00-18:00),1
"🔴🔵Bonjour à tous, c'est l'été et vous avez besoin d'un travail stable, pas compliqué, qui paye bien et directement🥳, j'ai l'opportunité qu'il vous faut.  Actuellement Ozon recrute, il s'agit d'une opportunité dans la ville de Moscou, vous payez 3300 roubles à la fin du travail 🤑🤑🤑",2
Paiement quotidien ?,1
Oui bro,1
La fédération de Ruissie c’est à dire ?,1
"Puisque j'ai travaillé 20 jours le mois d janvier,  j'ai rien reçu...  c'est d l'arnaque 😿",1
Tu parles aux gens du salaire que les russes gagnent là bas? Ou soit du salaire qui l'Africain va commencer à gagner là bas.,1
https://t.me/+V2g_mXzy-05kOTg6,1
Il faut juste que ton visa soit à jour,1
Besoin d'une personne maintenant proche du métro pykhtino pour compléter l'effectif pour travail de chantier de 9h00 à 18h00 payé 2500r après boulot.,1
😂😂😂😂😂,2
Pourquoi tu ne travailles plus là bas? C'est après avoir compris les réalités que tu ignoraient ?,1
Et en plus ils exigent le visa à jour ?,1
"Non, parce que j'étais de Kazan à mon recrutement,  et j'ai quitté quand les cours ont recommencé",1
Ok,1
Le mode de paiement c'est comment ? Sois clair surtout,1
Moi je sais qu'il paie tout l'argent après 1 mois,1
Car j'ai travaillé dans beaucoup d'entrepôt d'ozon,1
Et en plus il y a trop de straf de 5.000,1
😂,2
"C'est sberbank,  virement direct",1
Tout les jours après le travail...,1
Tu as travaillé pour combien et quand ??,2
*COMMENT S'EFFECTUE LE PAIEMENT D'UN TRAVAIL DE 3.000 ROUBLES (par jour) 2 FOIS PAR MOIS.*,1
Ce n'est pas comme ça ? 👆,1
Pas où je travaillais...,1
"Non, je n'ai rien à voir avec ça... je t'ai dit, 3300 roubles et payé après le boulot...",1
"Si tu le dis, c'est bien",2
Super 😂,2
"Besoin de deux personnes pour travail dans un restaurant. Lieu  sur la rue nevky prospect. Salaire, 2500 à 3000 la journée. Intéressée ib",1
"C'est très très très bien expliqué, je confirme, c'est exactement ça. Ce système est valable pour tous les boulots dans les entrepôts.",2
Éditorial du jour,1
LA UNE DES JOURNAUX DU 13-06-2024/ THE NEWS PAPERS FRONT PAGES FROM 06-13-2024,1
LE 13 HEURES JOURNAL,1
📍 Place disponible pour une fille metro Dimitri danskova,1
Besoin d'une place pour homme à Dimitridoskova,1
"Voyage prévu le *11 juillet 2024* ✈️ MOSCOU ~ DOUALA ✈️, kilos disponible.",1
La liste officielle des manuels scolaires de l'enseignement primaire et maternel au Cameroun comptant pour l'année scolaire 2024-2025 est déjà disponible. Cette liste de manuels officiels s'applique à tous les établissements publics et privés sur toute l'étendue du territoire national du Cameroun toute cette année scolaire 2024-2025.,1
Besoin de 6 personnes sérieux pour un travail permanant demain à 8:30 au métro kotelniki sortie 3,1
Je ne te comprends pas,1
Chambre disponible,1
https://www.facebook.com/share/p/Se23CoDywv5i8oqN/?mibextid=oFDknk,1
Besoin de 15 personnes ce matin au métro тушинская pour petit nettoyage du site mais c'est la présence qui importe car la grande commission sera là et on  a besoin d'effectif sur le site juste.,1
Transférez de l'argent rapidement et en toute sécurité.,1
https://t.me/+V2g_mXzy-05kOTg6,1
Bonjour . Besoin d’une personne pour un travail de chantier intérieur.,1
"Voyage prévu le *11 juillet 2024* ✈️ MOSCOU ~ DOUALA ✈️, kilos disponible.",1
Chambre disponible,1
http://infosot.buzz/UCw2jpe/76838255393269676715280ac7,1
https://t.me/+V2g_mXzy-05kOTg6,1
✈️✈️✈️✈️✈️✈️✈️✈️✈️✈️✈️✈️✈️✈️✈️✈️✈️✈️ Depart confirmé,1
"https://youtu.be/OiaUBvh8qPE?si=EMRn9un3XP5kraTf.              Svp, veuillez cliquez sur le lien en bas de la vidéo pour vous abonner et recevoir les prochaines videos en mode mise à jour regardant l'immigration américaine.",2
2 bedroom apartment available.,1
"🩸🩸🩸🩸🩸🩸🩸🩸🩸🩸🩸🩸🩸🩸🩸🩸Bonsoir a tous besoins de 15 personnes ( hommes) pour un travail de chantier de 9h a 17h40 aux metro же Домодедово sortie 1 , 2500 après le travail",1
Besoin de 05 personnes(hommes) demain pour Travail de chantier de 9h00 à 18h00 payé 2500r après boulot,1
"Depart confirmé (((Douala >>> Moscou , ))). 17 juin 2024",1
Depart conformé [[[ Douala >>>>>>Moscou]]] 19 juin 2024 23kg disponible  + document  IB,1
BESOIN DEMAIN DE 5 HOMMES POUR UN TRAVAIL DE NETTOYAGE DE CHANTIER. Pas difficile…,1
"Bjr boss,je voulais juste connaitre l'équivalence de la monnaie russe et du frs CFA ?",1
🚨🚨🚨🚨🚨🚨🚨🚨🚨🚨🚨🚨🚨🚨🚨🚨🚨🚨🚨🚨🚨🚨,1
Chambre disponible,1
"Voyage prévu le *11 juillet 2024* ✈️ MOSCOU ~ DOUALA ✈️, kilos disponible.",1
"Studio/Apartments Available,",1
this Studio/apartments is available today morning.,1
🚨🚨🚨 Permanent restaurant job in the night is available for a lady. Time 21:00-09:00. Payment 2500 rub. Contact+79687107286,1
Besoin d’une personne pour un travail de nettoyage chantier,1
Bonsoir besoin de 2 personnes en urgence métro aminevskaya ligne 11 sortie 2,1
Intéressés inbox,1
"Studio/Apartments Available,",1
Besoin d’une personne pour un travail de nettoyage chantier,1
départ confirmée,1
https://www.avito.ru/moskva/predlozheniya_uslug/gruzovye_perevozki_po_gorodu_3367402779?utm_campaign=native&utm_medium=item_page_android&utm_source=soc_sharing_seller,1
null,1
null,1
Moscou - ——->Paris 🇫🇷,1
🚨🚨Une chambre disponible bien propre dans un appartement de trois pieces pour une seul personne dans le rayon du metro Филатов Луг ligne rouge en bas...,2
✈️✈️✈️✈️✈️✈️✈️✈️✈️✈️✈️✈️voyage confirmée pour demain,1
Besoin de 10 personnes (hommes) demain pour un boulot très facile (nettoyage).,1
"Besoin demain d'une fille pour nettoyage et repassage dans un hôtel payé 2400r après boulot, travail de 8h de temps.",1
"Voyage prévu le *11 juillet 2024* ✈️ MOSCOU ~ DOUALA ✈️, kilos disponible.",1
Besoin d’une place pour homme,1
départ confirmée,1
🚨🚨🚨 Permanent restaurant job in the night is available for a lady. Time 21:00-09:00. Payment 2500 rub. Contact+79687107286,1
How much,1
Message me,1
départ confirmé le 21 juin,1
Besoin de 50 personnes demain matin au  Метро Мычуринский проспект 5 вход  Pour un boulot facile chantier 🏗️ 09h00 17h45 regroupement à 08h10 au métro 🚇 Salaire 2500p après le boulot,1
Transférez de l'argent rapidement et en toute sécurité.,1
Besoin de 50 personnes demain matin au  Метро Мычуринский проспект 5 вход  Pour un boulot facile chantier 🏗️ 09h00 17h45 regroupement à 08h10 au métro 🚇 Salaire 2500p après le boulot,1
Besoin de 50 personnes demain matin au  Метро Мычуринский проспект 5 вход  Pour un boulot facile chantier 🏗️ 09h00 17h45 regroupement à 08h10 au métro 🚇 Salaire 2500p après le boulot,1
Besoin de 50 personnes demain matin au  Метро Мычуринский проспект 5 вход  Pour un boulot facile chantier 🏗️ 09h00 17h45 regroupement à 08h10 au métro 🚇 Salaire 2500p après le boulot,1
Besoin de 50 personnes demain matin au  Метро Мычуринский проспект 5 вход  Pour un boulot facile chantier 🏗️ 09h00 17h45 regroupement à 08h10 au métro 🚇 Salaire 2500p après le boulot,1
Besoin de 50 personnes demain matin au  Метро Мычуринский проспект 5 вход  Pour un boulot facile chantier 🏗️ 09h00 17h45 regroupement à 08h10 au métro 🚇 Salaire 2500p après le boulot,1
Besoin de 50 personnes demain matin au  Метро Мычуринский проспект 5 вход  Pour un boulot facile chantier 🏗️ 09h00 17h45 regroupement à 08h10 au métro 🚇 Salaire 2500p après le boulot,1
Besoin de 50 personnes demain matin au  Метро Мычуринский проспект 5 вход  Pour un boulot facile chantier 🏗️ 09h00 17h45 regroupement à 08h10 au métro 🚇 Salaire 2500p après le boulot,1
Besoin de 50 personnes demain matin au  Метро Мычуринский проспект 5 вход  Pour un boulot facile chantier 🏗️ 09h00 17h45 regroupement à 08h10 au métro 🚇 Salaire 2500p après le boulot,1
"Voyage prévu le *11 juillet 2024* ✈️ MOSCOU ~ DOUALA ✈️, kilos disponible.",1
🛑🛑🛑🛑🛑🛑🛑🛑🛑🛑🛑🛑🛑🛑🛑🛑🛑 demain besoin de 60 personnes au métro savyolovskaya,1
Demain besoin de 1 hommepour un travail de nettoyage de chantier,1
🛑🛑🛑🛑🛑🛑🛑🛑🛑🛑🛑🛑🛑🛑🛑🛑🛑 demain besoin de 60 personnes au métro savyolovskaya,1
Besoin maintenant ce matin d'une personne pour compléter effectif proche du métro pykhtino pour travail de chantier de 9h00 à 18h00 payé 2500r après boulot,1
https://t.me/+V2g_mXzy-05kOTg6,1
🛑🛑🛑 Bonjour à tous besoin de 10 personnes filles comme garçon dans un entrepôt à Moscou. Salaires 2850 (garçons) et 2500 (filles) payable chaque vendredi.,1
one bedroom apartment available at Butovo today 7pm,1
Bjr je suis à la recherche d’une chambre pour homme urgent,1
Place disponible pour une fille non loin du metro,1
✈️✈️Départ prévue le 18 juin,1
Place disponible pour 3 garçon non loin du metro,1
Bonjour,1
Place disponible pour 3 garçon non loin du metro,1
Place disponible pour une fille non loin du metro,1
one bedroom apartment available at Butovo,1
Bro why commission is 15k for what to get the person the house he need to pay you 15k,1
Mind your business young man,1
Not even 5k commission u calling 15k,1
Bro chill I’m here jus to ask,1
How come,1
Oga forget this thing wey u de talk e don do sha,1
lol dude I do but not 1k lol,2
Ok to find person house u said na 15k okay ooo good luck  sha nothing spoil,1
Besoin maintenant de 04 personnes proches du métro Багратионовская pour travail de déchargement pendant 8h de temps payé 2500r après boulot,1
one bedroom apartment available at Butovo,1
https://chat.whatsapp.com/KwkzloWISWAITnjDT8m4fn,1
"Voyage prévu le *11 juillet 2024* ✈️ MOSCOU ~ DOUALA ✈️, kilos disponible.",1
"Studio/apartment available at Metro, Тропарёво",1
"В Альфа-Банке дают 500 ₽, если оформишь Альфа-Карту по моей ссылке. Она бесплатная, с суперкэшбэком до 100% каждый месяц и ещё по 5% в четырёх категориях на выбор. Вот моя ссылка: https://alfa.me/xjBgKw",1
Chambre disponible,1
"Chambre, il y a caution dedans?",1
"Faut pas rire un frère, c'est à dire qu'à Moscou les gens nous prennent pour des vendus",1
The commission is really cheap bro 🤣,2
🛑🛑🛑🛑🛑🛑🛑🛑🛑🛑🛑🛑🛑🛑🛑🛑🛑 demain besoin de 20 personnes au métro *begovaya*  boulot très facil,1
null,1
Salut a' tous besoin de 15 personnes au métro Домодедовская sortie1.9hr-17hr50 . Rassemblement 08Hrs paye 2600,1
Écrivez moi en PV,1
🚨🚨🚨 Permanent restaurant job is available. Time 08:00-18:00. Payment 2600 rub. Contact  +79687107286,1
Bonsoir,1
🔐🔐🔐🔐🔐🔐,1
Place disponible pour une fille non loin du metro,1
Place disponible pour 3 garçon non loin du metro,1
https://t.me/+V2g_mXzy-05kOTg6,1
Besoin maintenant d'une personne(homme) proche du métro lyublino ligne 10 pour travail de chantier de 9h00 à 18h00 payé 2500r après boulot.,1
"Voyage prévu le *11 juillet 2024* ✈️ MOSCOU ~ DOUALA ✈️, kilos disponible.",1
BESOIN DE 4 HOMMES POUR UN TRAVAIL DE CHANTIER,1
BESOIN DE 4 HOMMES POUR UN TRAVAIL DE CHANTIER,1
https://t.me/hamster_kombaT_bot/start?startapp=kentId946427812,1
Deux places disponibles pour homme au métro Novogieerevo ligne 8,1
Deux places disponibles pour homme au métro Novogieerevo ligne 8,1
Besoin de 02 personnes maintenant proches du métro Филатов луг pour travail de chantier de 10h30 à 18h00,1
🚨🚨🚨🚨🚨,1
départ prévue le 20  juin ( Dla🇨🇲 —>moscou 🇷🇺 saint Pétersbourg,1
one Bedroom Apartment available.,1
Transférez de l'argent rapidement et en toute sécurité.,1
Place disponible pour 3 garçon non loin du metro,1
Place disponible pour une fille non loin du metro,1
Moscou 🇷🇺✈️—->paris 🇫🇷🇫🇷,1
2 bedroom apartment available,1
Besoin de 8 personnes demain matin au métro Пыхтино pour travail de chantier payé 2500r après boulot de 9h00 à 18h00,1
"🩸🩸🩸🩸🩸🩸Bsr a tous besoins de 15 personnes  pour un travail de chantier de 9h00 à 17h45  aux metro домодедовская ligne verte , sortie 1  ( 2600 ) apres le travail  Nb : etre aux mtro a 7h45 aux plutard car nous devons prendre le bus 🩸🩸🩸🩸",1
"🩸🩸🩸🩸🩸🩸Bsr a tous besoins de 15 personnes  pour un travail de chantier de 9h00 à 17h45  aux metro домодедовская ligne verte , sortie 1  ( 2600 ) apres le travail  Nb : etre aux mtro a 7h45 aux plutard car nous devons prendre le bus 🩸🩸🩸🩸",1
"🩸🩸🩸🩸🩸🩸Bsr a tous besoins de 15 personnes  pour un travail de chantier de 9h00 à 17h45  aux metro домодедовская ligne verte , sortie 1  ( 2600 ) apres le travail  Nb : etre aux mtro a 7h45 aux plutard car nous devons prendre le bus 🩸🩸🩸🩸",1
10 person needed at the construction site tomorrow morning.,1
Besoin de 03 personnes demain au métro Пыхтино pour travail de chantier de 9h00 à 18h00 payé 2500r après boulot,1
Besoin de 20 personnes demain matin au métro Savioloskaya sortie 5  travail chantier 9h00 17h45 regroupement a 08h 10 Salaire 2600p juste après boulot,1
Tomorrow,1
Place disponible pour une fille non loin du metro,1
✈️✈️Plus de stress d'attendre un voyage avant d'acheter vos choses pour expédition.,1
Boiler washer needed tomorrow 2800rub,1
Omo,1
"Besoin de 09 personnes maintenant au métro Пыхтино pour travail de nettoyage chantier, besoin de faire juste l'effectif car la commission sera là...",1
"Voyage prévu le *11 juillet 2024* ✈️ MOSCOU ~ DOUALA ✈️, kilos disponible.",1
2 bedroom apartment available,1
Place disponible pour 3 garçon non loin du metro,1
Transférez de l'argent rapidement et en toute sécurité.,1
Besoin maintenant d'une personne proche du métro Давыдково pour travail de chantier de 8h de temps à compté de l'arrivée de la personne payé 2700r après boulot.,1
"🩸🩸🩸🩸🩸🩸Bsr a tous besoins de 15 personnes  pour un travail de chantier de 9h00 à 17h45  aux metro домодедовская ligne verte , sortie 1  ( 2600 ) apres le travail  Nb : etre aux mtro a 7h45 aux plutard car nous devons prendre le bus 🩸🩸🩸🩸",1
Studio pour deux personne à lesnaya 14.,1
"🩸🩸🩸🩸🩸🩸Bsr a tous besoins de 15 personnes  pour un travail de chantier de 9h00 à 17h45  aux metro домодедовская ligne verte , sortie 1  ( 2600 ) apres le travail  Nb : etre aux mtro a 7h45 aux plutard car nous devons prendre le bus 🩸🩸🩸🩸",1
Place disponible pour 3 garçon non loin du metro,1
2 Place disponible pour garçon,1
"🩸🩸🩸🩸🩸🩸Bsr a tous besoins de 15 personnes  pour un travail de chantier de 9h00 à 17h45  aux metro домодедовская ligne verte , sortie 1  ( 2600 ) apres le travail  Nb : etre aux mtro a 7h45 aux plutard car nous devons prendre le bus 🩸🩸🩸🩸",1
✈️✈️✈️✈️✈️✈️✈️✈️✈️✈️✈️✈️,1
✈️✈️✈️✈️✈️✈️✈️🛩✈️🛩✈️✈️🛩🛩✈️✈️✈️✈️,1
"Voyage prévu le *11 juillet 2024* ✈️ MOSCOU ~ DOUALA ✈️, kilos disponible.",1
Дрожжино . Новое Шоссе 6к1,1
38к per month,1
Deposit can be divided into 2 months,1
Бульвар Дмитрия донского metro station,1
Besoin maintenant d'une personne proche du métro Бульвар Дмитрия Донского pour travail de 02h de temps payé 1000r après boulot.,1
https://chat.whatsapp.com/Lcm5hbj78Gq5BJqSaVt5wv,1
"🩸🩸🩸🩸🩸Slt a tous départ du 24 juin ( Moscow , Douala , Yaoundé) si tu veux envoyé tes documents c'est le moment ib",1
Улица Брусилова 35к1,1
37к,1
Besoin de 05 personnes maintenant proches du métro rechnoy vokzal pour travail de chantier ce soir pour 04h de temps payé 2000r après boulot de 18h à 22h,1
Transférez de l'argent rapidement et en toute sécurité.,1
Place disponible pour garçon et fille métro stupistane 5 minutes en bus d'état 🚨🚨🚨🚨🚨 intéressé ib🚨🚨🚨🚨🚨,1
Besoin d’une personne pour un travail facile demain 2500r après travail des taches facile,1
Ok,1
Besoin dune place pour homme pas tres loin du métro budget 10000 roubles,1
"Voyage prévu le *11 juillet 2024* ✈️ MOSCOU ~ DOUALA ✈️, kilos disponible.",1
"Studio/apartment Available today at Metro, Bulvar Dmitry Donskogo.",1
"Besoin d’un gars qui est proche du métro Filatov lug pour un travail 2500r, très facile qui peut arriver avant 9h.",1
‎Suivez ce lien pour intégrer mon Groupe WhatsApp  : https://chat.whatsapp.com/KQ1IzQ3NgWI9ZtcZYWhjvh,1
25к per month + 25k deposit,1
Transférez de l'argent rapidement et en toute sécurité.,1
*Bonsoir à tous svp recherche d'une  ou d'un garçon de bonne moralité pour résider dans un appartement proche de métro babushkinskaya svp ayant un visa à jour*,2
✈️✈️✈️✈️✈️✈️✈️✈️✈️✈️✈️✈️✈️,1
j'ai besoin de 8 personnes pour un travail de chantier,1
*places pour filles et garçons disponibles au métro babouskinkaya à 15min du métro bus d'état et à 2min d'arrêt bus. Ib si intéressé*,1
Place pour les fille disponible au metro Boulevard Dmitri donscova a 8.000r,1
"Besoin de 08 personnes FILLES  comme GARÇONS qui comprennent la langue demain pour travail à partir de 9h00 à 21h00 payé 3300r après boulot, travail consiste à trier les fruits et légumes dans l'entrepôt et les décharger.",1
Métro Домодедовская,1
Where?,1
Transférez de l'argent rapidement et en toute sécurité.,1
32k + deposit 32k,1
46 kilo dispo,1
35k per month + deposit 35k,1
"Voyage prévu le *11 juillet 2024* ✈️ MOSCOU ~ DOUALA ✈️, kilos disponible.",1
"*Besoin de 10 personnes pour un travail dans un chantier hors de Moscou, le paiement se fait tous les jours 3000r par personne*",1
Les heures de travail par jr !,1
Bonsoir a tous besoin d'un départ pour un colis Dakar Sénégal/Moscou Russie bien vouloir me ib,2
🚨🚨Départ prévue le 26 juin,1
"*Besoin de 10 personnes pour un travail dans un chantier hors de Moscou (ville: Kalyazin), le paiement se fait tous les jours 3000r par personne*",1
🚨🚨 *JOB METRO MARYINA ROSCHA*,1
🛑🛑🛑🛑🛑🛑🛑🛑🛑🛑🛑🛑🛑🛑🛑🛑🛑 demain besoin de 20 personnes au,1
"Besoin de 04 personnes les hommes au métro ольховая pour travail dans une école, déplacer les meubles de l'école, des tâches matériels et objets etc... De 9h00 à 18h00 payé 2500r après boulot.",1
"Besoin de 9 personnes le matin au métro римская pour travail de nettoyage de chantier, la commission sera là demain donc besoin des gens pour le nettoyage de 9h00 à 18h00 payé 2500r après boulot.",1
"Besoin de 5 personnes le matin au métro римская pour travail de nettoyage de chantier, la commission sera là demain donc besoin des gens pour le nettoyage de 9h00 à 18h00 payé 2500r après boulot.",1
Transférez de l'argent rapidement et en toute sécurité.,1
Bonjour besoin de 2 bons soudeurs qualifiés pour un travail d'entreprise,1
Besoin maintenant d'une personne homme proche du métro krylatskoe pour travail chantier de 9h00 à 18h00 payé 2500r après boulot,1
https://t.me/+V2g_mXzy-05kOTg6,1
‎Suivez ce lien pour intégrer mon Groupe WhatsApp  : https://chat.whatsapp.com/Iu61JQFKwAZFXtHctmarga,1
35к + 35к deposit,1
Bonsoir à tous besoin d'une place pour fille maintenant S'il vous plaît,1
Dans quel ville ?,1
Quelque soit la ville n'est pas tu es mariée 🤣🤣🤣,2
"Nous sommes Africains, un homme peut avoir plusieurs femmes 🫡",1
🤣,2
D'autant plus qu'elles sont plus nombreux que les hommes tu mérites au minimum 3 choco 👍👍👍,1
🤣,2
Merci doyen 🤝,2
Nombreuses,1
où sont les filles du groupe déclarez-vous,1
"Vraiment, après elle dirons que nous préférons les blanches 😀",1
En vrai mon champion 🤣🤣🤣,2
Mon frere laisse tous sont les filles indépendantes et fortes qui n'ont pas besoin d'un homme dans leurs vies,1
"Bonsoir à tous, s'il vous plaît je cherche un travail constant pour une fille.",1
Place disponible pour garçon 10  minutes en bus d'état 🚨🚨🚨🚨🚨 intéressé ib🚨🚨🚨🚨🚨,1
Départ prévue le,1
Address?,1
🛑🛑🛑🛑🛑🛑🛑🛑🛑🛑🛑🛑🛑🛑🛑🛑🛑 demain besoin de 30  personnes au,1
"Voyage prévu le *11 juillet 2024* ✈️ MOSCOU ~ DOUALA ✈️, kilos disponible.",1
https://t.me/+V2g_mXzy-05kOTg6,1
Nous sommes africains essayons de nous respecter,1
Le.nokam ils sont.partout,1
J'espere que meme dix franc tu N'as pas remboursé,1
🚨🚨🚨  Visa extension in private university in Moscow for 2024 -2025 academic year. Very affordable FEES and GENUINE Contact+79687107286.,1
Transférez de l'argent rapidement et en toute sécurité.,1
"*Besoin de 15 personnes pour un travail dans un chantier de construction d’une ferme de production de lait hors Moscou, le paiement se fait tous les jours 3000r par personne*",1
Bonsoir la famille besoin de 5 personnes demain métro seligerskaya sortie 4 travail de chantier 9h-18h 💰 2500 ruble,1
Slt chambre disponible au métro лермонтовский проспект ligne violette vers le bas interressé ib🙏,1
Besoin de 05 personnes demain pour chantier 9h00 à 18h00 payé 2500r après boulot au métro lyublino ligne 10,1
🚨🚨🚨🚨Départ prévue demain,1
🛑🛑🛑🛑🛑🛑🛑🛑🛑🛑🛑🛑🛑🛑🛑🛑🛑 demain besoin de 30  personnes au,1
null,1
"🚨🚨🚨🚨 aujourd’hui en Russie , les gens ne dirons plus : je ne savais pas . Telle est notre projet . New post 🆕✉️ : Le 1er juillet entrera en vigueur une loi augmentant le montant des taxes sur un certain nombre de services gouvernementaux.",1
Please I am looking for a room to rent price range 20-25,1
Tu fais ta publicité en menaçant tes potentiels clients ??? C est pas tres malin,1
Où sont les menaces dans ce que j’ai écrit,1
Faut réélire ce que tu as écris c'est pas professionnel c'est ce qu'il voulait dire,1
Ah le fait que je dise que si mon prix ne t’arrange pas tu peux aller chez le blanc ?,1
Le monde de l’art est très complexe si tu n’as pas d’argent et un esprit affûté ne cherche pas à faire ce que ceux qui en ont font <This message was edited>,1
Mon message est simple je suis sur de mes compétences si mon prix ne t’arrange pas il y’aura quelqu’un que ça arrangera,1
Notre problème c’est le fait qu’ on veut montrer qu’on maitrise tout pourtant on ne maîtrise rien,0
1 Space Available for a girl in a 2 Rooms Apartment. 2 per Room,1
Besoin maintenant de 02 personnes proches du métro беговая pour nettoyage pour 4h de temps payé 1500r après boulot.,1
"Besoin demain de 02 personnes qui comprennent un peu la langue au métro Medvedkovo pour travailler avec des techniciens russe durant 8h de temps, les aider durant le travail de fixation des fenêtres à partir de 8h40 payé 2700r après boulot.",1
https://t.me/+V2g_mXzy-05kOTg6,1
*SAIS-TU QUE ?*,1
✈️✈️ DEPART imminent CONFIRME,1
Bonsoir besoin de 3 personnes demain métro govorovo sortie 1 à 8:00,1
Besoin de 04 personnes pour chantier demain au métro lyublino ligne 10 payé 2500r après boulot de 9h00 à 18h00.,1
🚨🚨🚨🚨Départ prévue le 2 juillet 2024 ( moscou-Dla-yaounde),1
Voyage Yaounde-Douala Moscou 1juillet 30kilo disponible,1
https://t.me/+V2g_mXzy-05kOTg6,1
‎Suivez ce lien pour intégrer mon Groupe WhatsApp  : https://chat.whatsapp.com/Iu61JQFKwAZFXtHctmarga,1
Studio for Rent,1
*places pour filles et garçons disponibles au métro babouskinkaya à 15min du métro bus d'état et à 2min d'arrêt bus. Ib si intéressé*,1
Chambre disponible au métro лермонтовский проспект ligne violette vers le bas 5 minutes en bus du métro ib est ouvert 🙏🙏,1
Bonjour à tous urgemment besoin d'une personne tout prêt du métro marina rocha travail de restaurant 12h-21h 2500,1
Chambre disponible au métro лермонтовский проспект ligne violette vers le bas 5 minutes en bus du métro ib est ouvert 🙏🙏,1
Bonjour 3 place disponible dans la chambre pour,1
C’est un appartement,1
Bonjour à tous,1
"Grande chambre disponible pour deux filles métro domodova 25000 commission ,5000 intéressée ib",1
🛑🛑🛑🛑🛑🛑🛑🛑🛑🛑🛑🛑🛑🛑🛑🛑  Besoin de 10  personnes au,1
Bonsoir 3 place disponible dans la chambre pour,1
Bsr,1
🛑🛑🛑🛑🛑🛑🛑🛑🛑🛑🛑🛑🛑🛑🛑🛑  Besoin de 15 personnes au,1
🛑🛑🛑🛑🛑🛑🛑🛑🛑🛑🛑🛑🛑🛑🛑🛑  Besoin de 15 personnes au,1
https://youtu.be/T54_l6WsHBM?si=NqD7xx3AyC7DvXrE,1
Les gars le travail de nuit est annulé defaut de matériel,1
🚨🚨🚨🚨🇨🇲🇨🇲🇨🇲Départ prévue le 2 juillet 2024 ( moscou-Dla-yaounde),1
"Bonsoir,",1
Bonsoir,1
Slt ♦️♦️♦️ besoin de 10 personnes demain aux metro Домодедовская ligne verte sortie 1  être là a 7h50 aux plutard ( 2600) après  le travail  🤝♦️♦️♦️,1
Besoin de 4 personnes demain au métro govorovo sortie 1,1
Metro Дмитрия донского,1
26к Rent. 26k deposit,1
*SAIS-TU QUE ?*,1
Metro Дмитрия донского,1
26к Rent. 26k deposit,1
🚨🚨🚨🚨🚨 Départ prévue le,1
Bonsoir,1
*LES PAYS AFRICAINS N'ONT JAMAIS CONNU D'INDÉPENDANCE*,1
"Москва, Новомосковский административный округ, р-н Коммунарка, СНТ Гавриково, 241с2",1
Besoin de 10 personnes (hommes) demain pour un boulot très facile (nettoyage).,1
2 Rooms Apartments Available for Rent,1
Ok,1
✈️✈️ DEPARTs imminents CONFIRMES,1
Besoin de 10 personnes (hommes) demain pour un boulot très facile (nettoyage).,1
🛑🛑🛑🛑🛑🛑🛑🛑🛑🛑🛑🛑🛑🛑🛑🛑  Besoin de 15  personnes demain au,1
Transférez de l'argent rapidement et en toute sécurité.,1
🚨🚨🚨🚨🇨🇲🇨🇲Départ prévue le 2 juillet 2024 ( moscou-Dla-yaounde),1
🚨🚨🚨🚨🇨🇲🇨🇲Départ prévue le 11juillet 2024 ( moscou-Dla),1
Besoin de 30 personnes demain matin au métro koncovo sortie 10 travail chantier fini payé 2500p L'heure 09h00 17h50 Regroupement a 08h00,1
Besoin de 30 personnes demain matin au métro koncovo sortie 10 travail chantier fini payé 2500p L'heure 09h00 17h50 Regroupement a 08h00,1
Studio Available for Rent Today,1
Restaurant job is available today. Time 11:00-22:00. Payment 2600. +79687107286,1
J'ai besoin d'une chambre maintenant pour 3 personnes au métro boulevard Dmitry,1
🚨🚨🚨🚨🇨🇲🇨🇲Départ prévue le 2 juillet 2024 ( moscou-Dla-yaounde),1
Tu rentres au pays?,1
🚨🚨🚨 une place tres propre pour femme ( filles? Tout pres du metro ismaïlovskaya  dans un studio juste vous serez deux filles dans l' apartment pas de voisin pour une vie paisible 👏,1
*SAIS-TU QUE ?*,1
"Боброво, Крымская ул., 13",1
Metro бульвар Дмитрия донского,1
One bedroom apartment,1
♦️♦️♦️♦️ bonsoirs a tous besoin de 10 personnes demain ( homme ) aux metro=(Царицыно ligne verte )  sortie 7 a  7h45  aux 2600 après le travail être là à l'heure  ♦️♦️♦️♦️♦️♦️,1
"One Bedroom Apartment Available for Rent,",1
‎Suivez ce lien pour intégrer mon Groupe WhatsApp  : https://chat.whatsapp.com/Iu61JQFKwAZFXtHctmarga,1
Vous allez nous finir avec les iPhone 14 pro profitez bien avec les modifications des images,2
En vrai les filtres 🤣🤣🤣🤣,2
Bonsoir besoin d’un garçon et d’une fille pour travailler au kfc le payement chaque deux semaine,1
De quelle indépendance parle-t-on en Afrique ?,1
Qui t'explique? Tu t'es mis dans tes réflexions faut sortir dans ça seul on a nos problèmes,0
"Voyage prévu le *11 juillet 2024* ✈️ MOSCOU ~ DOUALA ✈️, kilos disponible.",1
"Besoin de 02 personnes maintenant pour travail de déplacement de table, chaises etc... Dans une école de 9h00 à 18h00 payé 2500r après boulot.",1
Transférez de l'argent rapidement et en toute sécurité.,1
"Studio/Apartment Available for Rent,",1
"One Bedroom Apartment Available for Rent,",1
*places pour garçons disponibles au métro babuskinskaya à 10min du métro bus d'état et à 2min d'arrêt bus. Ib si intéressé*,1
23 kilos Disponible petit colis Documents KINSHASA 🇨🇩🇨🇩🇨🇩🛩️🛩️🛩️🛩️MOSCOU 🇷🇺🇷🇺🇷🇺 Le 10 juillet …… les Concernés Contacté moi en privé *Ephraim* *ephra* ……….  Clôture le 7juillet à 17h……🛬🛫,1
2 Bedroom Apartments Available At Metro Annino,1
"2 Bedroom Apartments Available At Metro, Сколково",1
Besoin de 20 personnes demain matin au métro Schelkovskaya sortie 3 pour un boulot de chantier très facile fini payer 2500p Rapidement l’heure 09h00 17h45 regroupement à 08h,1
Besoin de 20 personnes demain matin au métro Schelkovskaya sortie 3 pour un boulot de chantier très facile fini payer 2500p Rapidement l’heure 09h00 17h45 regroupement à 08h,1
Besoin de 20 personnes demain matin au métro Schelkovskaya sortie 3 pour un boulot de chantier très facile fini payer 2500p Rapidement l’heure 09h00 17h45 regroupement à 08h,1
Besoin de 20 personnes demain matin au métro Schelkovskaya sortie 3 pour un boulot de chantier très facile fini payer 2500p Rapidement l’heure 09h00 17h45 regroupement à 08h,1
MBesoin de 20 personnes demain matin au métro Schelkovskaya sortie 3 pour un boulot de chantier très facile fini payer 2500p Rapidement l’heure 09h00 17h45 regroupement à 08h,1
MBesoin de 20 personnes demain matin au métro Schelkovskaya sortie 3 pour un boulot de chantier très facile fini payer 2500p Rapidement l’heure 09h00 17h45 regroupement à 08h,1
MBesoin de 20 personnes demain matin au métro Schelkovskaya sortie 3 pour un boulot de chantier très facile fini payer 2500p Rapidement l’heure 09h00 17h45 regroupement à 08h,1
MBesoin de 20 personnes demain matin au métro Schelkovskaya sortie 3 pour un boulot de chantier très facile fini payer 2500p Rapidement l’heure 09h00 17h45 regroupement à 08h,1
Ça gagne ??,1
"One Bedroom Apartment Available at Metro, Nekrasovka, Exit 2",1
Soyez la a l'heure,1
"Bonjour, besoin maintenant ce matin de 08 personnes FILLES et GARÇONS dont 04 FILLES et 04 GARÇONS pour nettoyage du sol dans un parc payé 2500r après boulot au métro rechnoy vokzal de 9h00 à 18h00.",1
"Bonjour, besoin maintenant ce matin de 08 personnes FILLES et GARÇONS dont 04 FILLES et 04 GARÇONS pour nettoyage du sol dans un parc payé 2500r après boulot au métro rechnoy vokzal de 9h00 à 18h00.",1
Départ 8 juillet,1
Salut à tous,1
https://chat.whatsapp.com/KwkzloWISWAITnjDT8m4fn,1
23kg disponibles le 10 juillet,1
"Ça fonctionne sur smart TV, Phone et PC",1
"Hello hello, j'espère que vous allez bien.",2
Besoin de 04 personnes hommes ce soir pour travail chantier de 22h00 à 06h00 payé 2600r après boulot,1
https://youtu.be/xgNEZH4U3aY?si=-spYRRdyDej1RMBh,1
Combien,2
https://t.me/+Lzh4bpQu8JowMThi,1
Faut faire circuler le message dans tous les groupes pour ceux qui travaillent pour moins de 3000 roubles ici en Russie surtout à Moscou,1
Besoin maintenant de 01 personne1 homme ce soir pour travail chantier de 22h00 à 06h00 payé 2600r après boulot...,1
Urgent 🚨 demain besoin de 4 personnes pour un boulot de chantier  payé sur place 2500₽,1
🚨🚨 *JOB. METRO KHOVRINO BESOIN DEMAIN DE 08 GARS TRAVAIL DE CHANTIER*,1
Tu as le smart tv?,1
URGENT: Besoin de 5 personnes (hommes) pour un boulot de chantier,1
‎Suivez ce lien pour intégrer mon Groupe WhatsApp  : https://chat.whatsapp.com/Iu61JQFKwAZFXtHctmarga,1
Studio Available for Rent,1
15 kilos Disponible petit colis Documents KINSHASA 🇨🇩🇨🇩🇨🇩🛩️🛩️🛩️🛩️MOSCOU 🇷🇺🇷🇺🇷🇺 Le 10 juillet …… les Concernés Contacté moi en privé *Ephraim ……….  Clôture le 7 juillet à 17h……🛬🛫 +79850938634,1
📣📣📣📣📣📣📣,1
Besoin de 30 personnes demain matin au métro aminovskaya sorti 1 travail chantier très facile fini payer 2600p rapidement 09h00 17h45 regroupement à 08h00,1
Besoin de 30 personnes demain matin au métro aminovskaya sorti 1 travail chantier très facile fini payer 2600p rapidement 09h00 17h45 regroupement à 08h00,1
Besoin de 30 personnes demain matin au métro aminovskaya sorti 1 travail chantier très facile fini payer 2600p rapidement 09h00 17h45 regroupement à 08h00,1
Besoin de 30 personnes demain matin au métro aminovskaya sorti 1 travail chantier très facile fini payer 2600p rapidement 09h00 17h45 regroupement à 08h00,1
Besoin de 30 personnes demain matin au métro aminovskaya sorti 1 travail chantier très facile fini payer 2600p rapidement 09h00 17h45 regroupement à 08h00,1
https://www.facebook.com/share/p/63VPUUmYELTDSajW/?mibextid=oFDknk,1
*places pour filles et garçons disponibles au métro babouskinkaya à 15min du métro bus d'état et à 2min d'arrêt bus. Ib si intéressé*,1
Travail au KFC.  Tu travailles selon ton graphics . Plus Info ib,1
Besoin de 30 personnes demain matin au métro aminovskaya sorti 1 travail chantier très facile fini payer 2600p rapidement 09h00 17h45 regroupement à 08h00,1
Besoin de 30 personnes demain matin au métro aminovskaya sorti 1 travail chantier très facile fini payer 2600p rapidement 09h00 17h45 regroupement à 08h00,1
🛑🛑🛑,1
"Travail de chantier pour demain matin, 9h à 18h",1
👍👍👍,1
🙏🙏🙏,1
Besoin demain de 05 personnes pour Travail de chantier de 9h00 à 18h00 payé 2500r après boulot au lyublino ligne 10.,1
Besoin de 30 personnes demain matin au métro aminovskaya sorti 1 travail chantier très facile fini payer 2600p rapidement 09h00 17h45 regroupement à 08h00,1
Besoin de 30 personnes demain matin au métro aminovskaya sorti 1 travail chantier très facile fini payer 2600p rapidement 09h00 17h45 regroupement à 08h00,1
Chantier numéro 3 Demain besoin de 25 personnes pour un boulot très facile au grand Park le payement ce en main le travail début de 9h a 17h payement 2600,1
Besoin de 30 personnes demain matin au métro aminovskaya sorti 1 travail chantier très facile fini payer 2600p rapidement 09h00 17h45 regroupement à 08h00,1
Besoin de 30 personnes demain matin au métro aminovskaya sorti 1 travail chantier très facile fini payer 2600p rapidement 09h00 17h45 regroupement à 08h00,1
Besoin de 30 personnes demain matin au métro aminovskaya sorti 1 travail chantier très facile fini payer 2600p rapidement 09h00 17h45 regroupement à 08h00,1
Besoin de 30 personnes demain matin au métro aminovskaya sorti 1 travail chantier très facile fini payer 2600p rapidement 09h00 17h45 regroupement à 08h00,1
Besoin de 30 personnes demain matin au métro aminovskaya sorti 1 travail chantier très facile fini payer 2600p rapidement 09h00 17h45 regroupement à 08h00,1
Besoin de 30 personnes demain matin au métro aminovskaya sorti 1 travail chantier très facile fini payer 2600p rapidement 09h00 17h45 regroupement à 08h00,1
🛑🛑🛑🛑🛑🛑🛑🛑🛑🛑🛑🛑🛑🛑🛑🛑 🛑🛑🛑🛑🛑🛑🛑🛑🛑🛑🛑🛑🛑🛑🛑🛑🛑🛑🛑🛑 Besoin de 70 personnes demain au,1
Besoin de 30 personnes demain matin au métro aminovskaya sorti 1 travail chantier très facile fini payer 2600p rapidement 09h00 17h45 regroupement à 08h00,1
Besoin de 30 personnes demain matin au métro aminovskaya sorti 1 travail chantier très facile fini payer 2600p rapidement 09h00 17h45 regroupement à 08h00,1
Besoin de 30 personnes demain matin au métro aminovskaya sorti 1 travail chantier très facile fini payer 2600p rapidement 09h00 17h45 regroupement à 08h00,1
"Besoin de 04 personnes ce matin pour travail de rangement des meubles chaises, tables, dans une école de 9h00 à 18h00 payé 2500r après boulot.",1
"Besoin de 04 personnes ce matin pour travail de rangement des meubles chaises, tables, dans une école de 9h00 à 18h00 payé 2500r après boulot.",1
Besoin de 02 personnes maintenant au métro lyublino ligne 10 pour travail de chantier de 9h00 à 18h00 payé 2500r après boulot.,1
Bonjour les gars je suis en route,1
Utilise ce lien pour intégrer mon groupe WhatsApp : https://chat.whatsapp.com/Ixa1XLUVURrCiKCJRD9AqJ,1
"Bonjour à tous,je cherche une chambre pour un couple où une place pour fille.",1
Un appartement de deux chambres disponibles au métro domodova.un nouveau appartement très propre avec des nouveaux meubles sans tache,1
Demain besoin de 15 personnes 9h00 a 16h30 2600p métro (( Перово )),1
Besoin de 02 personnes maintenant hommes pour travail de démontage de 15h00 à 23h donc 8h de temps de travail payé 2700r après boulot.,1
"Bonjour, j’ai besoin de 20 personnes pour un travail de chantier",1
"Bonjour, j’ai besoin de 20 personnes pour un travail de chantier",1
Besoin de 40 personnes demain matin au métro aminovskaya sorti 1 travail chantier très facile fini payer 2800p rapidement 09h00 18h45 regroupement à 08h00,1
Besoin de 40 personnes demain matin au métro aminovskaya sorti 1 travail chantier très facile fini payer 2800p rapidement 09h00 18h45 regroupement à 08h00,1
Besoin de 40 personnes demain matin au métro aminovskaya sorti 1 travail chantier très facile fini payer 2800p rapidement 09h00 18h45 regroupement à 08h00,1
Besoin de 40 personnes demain matin au métro aminovskaya sorti 1 travail chantier très facile fini payer 2800p rapidement 09h00 18h45 regroupement à 08h00,1
Besoin de 40 personnes demain matin au métro aminovskaya sorti 1 travail chantier très facile fini payer 2800p rapidement 09h00 18h45 regroupement à 08h00,1
Besoin de 40 personnes demain matin au métro aminovskaya sorti 1 travail chantier très facile fini payer 2800p rapidement 09h00 18h45 regroupement à 08h00,1
Besoin de 40 personnes demain matin au métro aminovskaya sorti 1 travail chantier très facile fini payer 2800p rapidement 09h00 18h45 regroupement à 08h00,1
Besoin de 40 personnes demain matin au métro aminovskaya sorti 1 travail chantier très facile fini payer 2800p rapidement 09h00 18h45 regroupement à 08h00,1
🛑🛑🛑🛑🛑🛑🛑🛑🛑🛑🛑🛑🛑🛑🛑🛑 🛑🛑🛑🛑🛑🛑🛑🛑🛑🛑🛑🛑🛑🛑🛑🛑🛑🛑🛑🛑 Besoin de 70 personnes demain au,1
Chacun a reçu son argent merci 🙏 les gars demain on n’est ensemble 2800p ils restent encore la place besoin de 50 personnes demain,2
Besoin de 40 personnes demain matin au métro aminovskaya sorti 1 travail chantier très facile fini payer 2800p rapidement 09h00 18h45 regroupement à 08h00,1
Chacun a reçu son argent merci 🙏 les gars demain on n’est ensemble 2800p ils restent encore la place besoin de 50 personnes demain,2
Besoin de 40 personnes demain matin au métro aminovskaya sorti 1 travail chantier très facile fini payer 2800p rapidement 09h00 18h45 regroupement à 08h00,1
Besoin de 40 personnes demain matin au métro aminovskaya sorti 1 travail chantier très facile fini payer 2800p rapidement 09h00 18h45 regroupement à 08h00,1
Demain le travail commence à 09h00 donc le dernier arrivé au métro doit être là à 08h35 Faites un effort les gars,1
Demain le travail commence à 09h00 donc le dernier arrivé au métro doit être là à 08h35 Faites un effort les gars,1
Besoin de 40 personnes demain matin au métro aminovskaya sorti 1 travail chantier très facile fini payer 2800p rapidement 09h00 18h45 regroupement à 08h00,1
Besoin de 40 personnes demain matin au métro aminovskaya sorti 1 travail chantier très facile fini payer 2800p rapidement 09h00 18h45 regroupement à 08h00,1
🚨🚨🚨🚨🚨Bonsoir svp ya t'il un départ Russie France actuellement,1
Besoin de 40 personnes demain matin au métro aminovskaya sorti 1 travail chantier très facile fini payer 2800p rapidement 09h00 18h45 regroupement à 08h00,1
Besoin de 02 personnes ce matin pour travail de chantier de 9h00 à 18h00 payé 2500r après boulot.,1
Besoin maintenant de 08 personnes pour travail de nettoyage au chantier.,1
Toi même tu as le temps pour regarder la télé là ? 🤔,1
Marathon des voyages la semaine prochaine,1
🚨🚨🚨Permanent restaurant night job is available for a lady. Time 22:00-10:00 . payment 2600 rub. Contact +79687107286,1
N’est-ce pas c’est ton esprit qui regarde ce que j’ai posté,1
Tu compare internet et la télévision ? 🙄🙄🙄,1
Départ  le 8 juillet Saint Pétersbourg > Douala  document uniquement,1
Tu es très bête sinon tu saurais de quoi il s’agit exactement. Reste tranquille si tu n’es pas intéressé et ignorant,1
Wow... J'ai l'application dans mon téléphone avec le track donc j'ai les images en illimité et c'est parce que je n'ai mm pas le temps pour regarder que j'en parle... Qui est sorti de son pays pour venir regarder la télé ici ? 🤔 Et maintenant tu le traite de bête... Oh la la!!!,1
Tu racontes ta vie à qui???,1
2 Bedroom Apartment Available,1
Tu pouvais passer tout simplement,1
Au rageux que tu es 😅🤣🤣,2
Qui a répondu à l’autre ??,1
"Juste pour que tu trouves d'autres cibles même au pays ça peut passer, mais pas ici... Tout simplement 🙄",1
Et c'est pas une raison pour que tu me sorte ton speech de merde,1
Ça passe donc. Tu vois donc que c’est toi le rageux😂😂.,2
Je répète tu es très très bête,1
Tintin😂😂😂,2
2 Bedroom Apartment Available,1
"Ton avis ne compte même pas, malheureusement et déjà que tu ne peux donner un contenu à ton concept de bête... Malheureusement ou heureusement... Pfff",1
On ne fait pas la pub de ce qui passe,1
... Et Milou 😎😎😎,1
Ça va te passer mon petit . Digère 😏😏😉,1
Assia 😂😂😂😂,2
🙄🙄🙄🙄,1
N’écoutez pas les petits pisseurs rageux qui ne savent pas de quoi ils parlent. Ce n’est pas les applications de quelques minables chaînes .,1
Mon ib est ouvert les gars <This message was edited>,1
Besoin de 10 personnes (hommes) demain pour un boulot très facile (nettoyage).,1
Besoin de 10 personnes (hommes) demain pour un boulot très facile (nettoyage).,1
🚨🚨🚨🚨🚨Bonsoir svp qui a un départ Russie-France,1
🚨🚨🚨 la police continue à faire les descentes dans les crypto. Étudiant ou pas ils déportent.,1
🛑🛑🛑🛑🛑🛑🛑🛑🛑🛑🛑🛑🛑🛑🛑🛑 🛑🛑🛑🛑🛑🛑🛑🛑🛑🛑🛑🛑🛑🛑🛑🛑🛑🛑🛑🛑 Besoin de 70 personnes demain au,1
"Travail de chantier pour demain matin, 9h à 18h",1
🛑🛑🛑🛑 urgent urgent !!!! 🛑🛑,1
250*6 c’est par personne ou alors c’est pour les 35 personnes ?.,1
On paye la fin de chaque semaine 250*6 pour tous ça ça fait 1500 par semaine pour manger et boire😁,1
1500 nutrition pour une semaine??? J’achète 3 plats de plov c’est fini en un jour,1
🤦‍♂️,1
Plov c'est quoi?,1
null,1
A very big Studio/Apartment Available at Metro Filatov Lug,1
🚨🚨🚨🚨🚨🚨🚨🚨🚨🚨🚨🚨🚨🚨🚨🚨🚨🚨🚨,1
🚨🚨🚨🚨✈️✈️✈️✈️,1
Moscou🇳🇱-Douala🇨🇲 pour le 11juillet 2024,1
Quand toi même tu vois le drapeau la… ça ressemble à celui de la russie?,1
Si tu sait je parle de la Russie alors c'est quoi le problème bonjour et bonne journée merci,0
https://chat.whatsapp.com/KwkzloWISWAITnjDT8m4fn,1
Besoin de 7 filles demain matin au métro aminovskaya sorti 6 travail nettoyage chantier très facile fini payer 2750p  rapidement 09h00 18h45 regroupement à 08h00,1
Besoin de 7 filles demain matin au métro aminovskaya sorti 6 travail nettoyage chantier très facile fini payer 2750p  rapidement 09h00 18h45 regroupement à 08h00,1
Besoin de 7 filles demain matin au métro aminovskaya sorti 6 travail nettoyage chantier très facile fini payer 2750p  rapidement 09h00 18h45 regroupement à 08h00,1
Besoin de 7 filles demain matin au métro aminovskaya sorti 6 travail nettoyage chantier très facile fini payer 2750p  rapidement 09h00 18h45 regroupement à 08h00,1
Boucler pour les filles,1
Boucler pour les filles,1
Besoin de 40 personnes demain matin au métro aminovskaya sorti 6 travail nettoyage chantier très facile fini payer 2750p  rapidement 09h00 18h45 regroupement à 08h00,1
Besoin de 40 personnes demain matin au métro aminovskaya sorti 6 travail nettoyage chantier très facile fini payer 2750p  rapidement 09h00 18h45 regroupement à 08h00,1
🛑🛑🛑🛑🛑🛑🛑🛑🛑🛑🛑🛑🛑🛑🛑🛑 🛑🛑🛑🛑🛑🛑🛑🛑🛑🛑🛑🛑🛑🛑🛑🛑🛑🛑🛑🛑 Besoin de 70 personnes demain au,1
Désole la famille les filles comme les garçons le travail de demain ne sera pas  encore une fois désolé 🤦 le travail reprend après demain donc je retiens les mêmes personnes si vous êtes toujours disponible bien sûre,2
Désole la famille les filles comme les garçons le travail de demain ne sera pas  encore une fois désolé 🤦 le travail reprend après demain donc je retiens les mêmes personnes si vous êtes toujours disponible bien sûre,2
Désole la famille les filles comme les garçons le travail de demain ne sera pas  encore une fois désolé 🤦 le travail reprend après demain donc je retiens les mêmes personnes si vous êtes toujours disponible bien sûre,2
🛑🛑🛑🛑🛑🛑🛑🛑🛑🛑🛑🛑🛑🛑🛑🛑 🛑🛑🛑🛑🛑🛑🛑🛑🛑🛑🛑🛑🛑🛑🛑🛑🛑🛑🛑🛑 Besoin de 70 personnes demain au,1
Studio Available for Rent,1
One Bedroom Apartment Available for Rent,1
Moscou🇷🇺-Douala🇨🇲 pour le 11juillet 2024,1
Transférez de l'argent rapidement et en toute sécurité.,1
Départ prévu le 10 juillet,1
Départ prévu le 27 juillet,1
‎Suivez ce lien pour intégrer mon Groupe WhatsApp  : https://chat.whatsapp.com/Iu61JQFKwAZFXtHctmarga,1
Studio Available for Rent,1
🚨🚨🚨🚨🚨🚨🚨🚨🚨🚨🚨🚨🚨🚨🚨🚨🚨,1
Bonjour besoin d’une chambre pour 2 jours à Moscou,1
bonsoir à tous,1
28000r🤔🤔🤔,1
28000?????,1
2800 excuses,1
Viens inbox,1
2 Bedroom Apartments Available for Rent at Metro Skolkovo,1
Besoin de 6 personnes demain,1
*DESINTOXIQUEZ votre corps de l'intérieur grâce à notre THÉ NATUREL!🍵👌*,1
♦️♦️♦️♦️♦️Bsr a tous besoin de 10 personnes demain aux metro Домодедовская  sortie 1  a 7h45  heures de travail 9h vs 18h      2600 après le travail ♦️♦️♦️♦️,1
🚨🚨🚨🚨,1
Départ prévue le 10 .07. 2023,1
Départ prévue le 10 .07. 2023,1
Bonjour,1
null,1
*Moscou-Douala-yaounde*,1
https://t.me/thenoubs/39,1
"Two Bedroom Apartment Available at a walkable distance from Metro, Стахановская",1
place disponible pour garçon,1
✈️🥳Départ imminent,1
Besoin demain de 05 personnes pour Travail de chantier de 9h00 à 18h00 payé 2500r après boulot au métro lyublino ligne 10.,1
Bonsoir!,1
Les gars sont forts ) je confirme :),1
Besoin de 02 personnes le matin pour travail de chantier de 9h00 à 18h00 payé 2500r après boulot au métro lyublino ligne 10.,1
Besoin de 02 personnes maintenant pour travail dans une école uniquement les hommes de 9h00 à 18h00 payé 2500r après boulot,1
Départ pour le 11 juillet,1
Besoin de 05 personnes maintenant hommes pour travail de nettoyage chantier de 10 à 18h00 payé 2500r après boulot métro pionerskaya,1
Moscou🇷🇺-Douala🇨🇲 pour le 11juillet 2024,1
Moscou🇷🇺-Douala🇨🇲 pour le 11juillet 2024,1
One Bedroom Apartment Available for Rent.,1
Bonjour à tous le monde,1
La tâche c'est quoi?,1
La partie où c'est écrit '' maintenant '' tu as vu quand même ? Donc quand tu écris à 13h30 sur une tâche publié à 6h qui devrait débuter à 9h vraiment je ne comprends pas la nécessité,1
🚨🚨🚨🚨,1
"Deux chambres disponibles 40,000r",1
Besoin de 08 personnes demain pour travail de chantier de 9h00 à 18h00 payé 2500r après boulot au métro  lyublino ligne 10.,1
LES EFFETS APHRODISIAQUES DE NOTRE POUDRE DE GINGEMBRE THÉRAPEUTIQUE CHEZ L'HOMME ?,1
BESOIN DE 3 HOMMES POIR UN TRAVAIL DE CHANTIER DEMAIN,1
Urgent 🚨 demain besoin de 5 personnes pour un boulot de chantier  payé sur place 2500₽,1
Besoin de 02 personnes des hommes pour travailler avec des techniciens russes pour à les aider à faire des montages de 8h00 à 18h00 payé 2700r après boulot.,1
FESTIVAL DES GRILLADES EDITION 2 Vidéo original par LePaysMedia : Ambiance africaine en RUSSIE 2024,1
Urgent 🚨 maintenant  besoin de 5 personnes pour un boulot de chantier  payé sur place 2500₽,1
Studio disponible pour aujourd’hui.,1
Urgent 🚨 demain   besoin de 5 personnes pour un boulot de chantier  payé sur place 2500₽,1
Studio disponible pour aujourd’hui.,1
Urgent 🚨 demain 9:00-18:00  besoin de 5 personnes pour un boulot de chantier  payé sur place 2500₽,1
Chaussures mixte Reebok en vente de tres bonne qualité,2
BESOIN DE 3 HOMMES POUR UN TRAVAIL DE CHANTIER,1
Besoin de 04 personnes pour chantier demain au métro lyublino ligne 10 pour compléter un effectif...,1
Bonjour la famille,1
One Bedroom Apartment Available for Rent. At *Butovo*,1
🚨🚨🚨✈️✈️✈️✈️✈️,1
Document Yaoundé,1
BESOIN DE 2 PERSONNES POUR UN TRAVAIL DE CHANTIER,1
Chaussures mixte Reebok en vente de tres bonne qualité,2
à l'attention de tous ceux qui n'étaient pas au casting du 24 juin !!,1
🚨ОТКРЫТ НАБОР СОТРУДНИКОВ НА СКЛАД К НАМ В КОМАНДУ🚨,1
Paiement quotidien?,1
Oui,1
♦️♦️♦️♦️ bonsoir a tous besoin de 15 personnes demain pour un travail de chantier ( homme) 2600 après le travail aux métro Домодедовская  sortie ( 1) a 7h50 ne pas être en retart le travail c'est de 9h a 17h50 ♦️♦️♦️♦️ m'écrire Ib merci,2
Bonsoir qui part à d’la?,1
Besoin de 03 personnes demain pour travail dans une école uniquement les hommes de 9h00 à 18h00 payé 2500r après boulot.,1
Besoin de 01 personne ce matin pour travail dans une école uniquement les hommes de 9h00 à 18h00 payé 2500r après boulot.,1
"One Bedroom Apartment Available at Metro, Kotelniki.",1
🚨🚨🚨✈️✈️✈️✈️✈️,1
"https://youtu.be/b6xbW3Gnctc?si=Khe3zfvEsQcNKmdr          Svp, veuillez cliquez sur le lien en bas de la vidéo pour vous abonner et recevoir les prochaines videos en mode mise à jour regardant l'immigration américaine.",2
null,1
♦️♦️♦️♦️ bonsoir a tous besoin de 15 personnes demain pour un travail de chantier ( homme) 2600 après le travail aux métro Домодедовская  sortie ( 1) a 7h50 ne pas être en retart le travail c'est de 9h a 17h50 ♦️♦️♦️♦️ m'écrire Ib merci,2
One Bedroom Apartment Available at Metro Tyopliy Stan,1
Départ le 15 juillet,1
Bonsoir à tous!,1
Chaussures mixte Reebok en vente de tres bonne qualité,2
Bonsoir à tous!,1
Bonsoir à tous!,1
*Découvrez les différents livres au programme pour l'année scolaire 2024/ 2025 avec les différents prix et passez vos commandes*,1
Bonsoir à tous!,1
Urgence 🚨,1
https://chat.whatsapp.com/KwkzloWISWAITnjDT8m4fn,1
Départ prévue pour demain le 15 juillet,1
A very bid One Bedroom Apartment Available.,1
‎Suivez ce lien pour intégrer mon Groupe WhatsApp  : https://chat.whatsapp.com/Iu61JQFKwAZFXtHctmarga,1
"Studio disponible au Metro, Domodedovskaya",1
https://t.me/+Lzh4bpQu8JowMThi,1
"Besoin de quelqu'un maintenant jusqu'à 23h 270/h travail de restaurant à Chistye Prudy sortie 1, n'écrivez pas si vous êtes loin, merci",2
Urgence 🚨,1
Chaussures mixte Reebok en vente de tres bonne qualité,2
Urgent 🚨 maintenant besoin de 5 personnes pour un boulot de chantier  payé sur place 1800,1
Besoin de 06 personnes pour compléter effectif demain au métro lyublino ligne 10 pour travail de chantier de 9h00 à 17h50 payé 2500r après boulot.,1
https://youtube.com/@mamati7517?si=g0ZtlHrEY9cQ2N3y,1
Besoin de deux personnes maintenant au métro tushinskaya sortie numéro 1 le payement est de 2700 après le travail en main,1
Roma,1
https://t.me/+V2g_mXzy-05kOTg6,1
"Apartment /Studio Available for Rent at Metro, Tyopliy Stan",1
🚨🚨🚨✈️✈️✈️✈️✈️,1
Urgence 🚨,1
Besoin de 6 personnes demain,1
Bonjour à tous!,1
https://t.me/+V2g_mXzy-05kOTg6,1
Besoin de 6 personnes demain,1
Besoin de 6 personnes demain,1
null,1
"*Besoin de deux personnes pour un travail de 3000 roubles maintenant, métro filyovskiy park*",1
Bonjour le nouvel arivage de chaussures a seulement 1000₽,1
🛑🛑🛑🛑Besoin d'une chambre urgemment au métro Bulva Dimitriya Donskogo ligne 9 . vous pouvez me IB en cas d'offre. Merci,2
"3 space available for girls in an Apartment, Price: 10,000r",1
Seulement pour les filles????,1
Fait moi signe en iB quand vous avez un appartement pour trois hommes merci,2
https://youtube.com/shorts/pZqQDp8JBvc?si=jx-TZjZDeSUpmEFe,1
LES FEUILLES DE GINGEMBRE THÉRAPEUTIQUE ET LEURS RACINES CONSTITUENT UN EXCELLENT REMÈDE NATUREL POUR RÉDUIRE SON TAUX DE GLYCÉMIE ET OPTIMISER SES PERFORMANCES SEXUELLES,1
"Besoin maintenant d'une fille proche du métro царицыно pour travail de repassage, rangement du linge etc... Dans un hôtel de 10h00 à 18h00 payé 2500r après boulot",1
*Est-ce possible de faire un transfert d’ici vers la France 🇫🇷*,1
https://youtube.com/shorts/jY23lYpa-RA?si=5O_nL3ihUAISs3qU,1
🚨une chambre disponible à partir du 25 juillet pour une seule personnes 22000,1
метро Некрасовка,1
8 минут пешком от метро,1
"Это 2-комнатная квартира, в ней будут проживать только три человека.",1
🚨🚨,1
"Bsr la famille,besoin urgent de deux appartments de deux deux chambres chacun dans Moscow.",1
Pour une bne duree,1
Travail de chantier pour demain matin.,1
🚨🚨,1
Transférez de l'argent rapidement et en toute sécurité.,1
null,1
"Besoin de 04 personnes hommes le matin pour travail de déplacement du matériel dans une école, de 9h00 à 18h00 payé 2500r après boulot.",1
https://chat.whatsapp.com/KwkzloWISWAITnjDT8m4fn,1
Transférez de l'argent rapidement et en toute sécurité.,1
🚨🚨🚨 Permanent restaurant job is available for a lady. Time 08:00-18:30. Payment 2600 rub. Contact  +79687107286,1
.,1
Bonjour le nouvel arivage de chaussures a seulement 1000₽,1
"🚨🚨🚨🚨 aujourd’hui en Russie , les gens ne dirons plus : je ne savais pas . Telle est notre projet . New post 🆕✉️ : bonne nouvelle capitale maternel",2
Transférez de l'argent rapidement et en toute sécurité.,1
Bonjour besoin des Gas pour travail avec une companies de vente de materiaux de construction .,1
🛑🛑🛑 urgent besoin  de 5 personnes demain pour un travail de chantier a cette adresse ФКП Щелковский биокомбинат,1
Besoin de 04 personnes HOMME demain pour travail de chantier de 10h00 à 18h00 payé 2500r après boulot au métro Prospekt mira.,1
Besoin de deux appartements de deux deux chambres chacuns dans Moscow,1
Transférez de l'argent rapidement et en toute sécurité.,1
bonjour j'envoie mon iPad 9ème génération 64GB empreinte digitale tout bon et ipencil disponible avec la réception de l'iPad,1
Besoin maintenant de 02 personnes hommes proches du métro Prospekt mira qui comprennent un peu la langue pour travail de chantier de 10h00 à 18h00 payé 2500r après boulot.,1
LES FEUILLES DE GINGEMBRE THÉRAPEUTIQUE ET LEURS RACINES CONSTITUENT UN EXCELLENT REMÈDE NATUREL POUR RÉDUIRE SON TAUX DE GLYCÉMIE ET OPTIMISER SES PERFORMANCES SEXUELLES,1
https://youtube.com/shorts/ioKtspaS7YA?si=Jl_kD8V-3dzcDwii,1
🚨🚨,1
Bonjour le nouvel arivage de chaussures a seulement 1000₽,1
"Space Available for one guy at Metro, Kotelniki. 15 minutes in the bus.",1
🚨🚨🚨🚨🚨🚨🚨🚨🚨🚨🚨🚨🚨🚨🚨🚨🚨🚨🚨🚨🚨🚨🚨🚨,1
Ma position dans l’Art est celle d'un homme responsable,1
👷🏾‍♂️🚧🦺🦺 Besoins de *20 personnes demain au métro *щёлковская* sortie 4,1
🛑🛑🛑🛑🛑🛑🛑🛑🛑🛑🛑🛑🛑🛑🛑🛑 🛑🛑🛑🛑🛑🛑🛑🛑🛑🛑🛑🛑🛑🛑🛑🛑🛑🛑🛑🛑 Besoin de 70 personnes demain au,1
Transférez de l'argent rapidement et en toute sécurité.,1
place disponible pour un garçon dans une chambre de 2 personnes,1
⛔ *MÊME LE QUARTIER PEUT TÉMOIGNER !!!* 🏡,1
🚨🚨✈️✈️,1
🚨🚨,1
🔥🔥🔥 L'armée Russe recrute du personnel militaire contractuel dans toutes les régions de Russie !,1
https://chat.whatsapp.com/L3FGYuXSIz47CVD9sWjBbf,1
https://www.facebook.com/share/p/1rePMH1ECKUmfWie/?mibextid=oFDknk,1
Bonjour le nouvel arivage de chaussures a seulement 1000₽,1
🚨🚨✈️✈️,1
"One Room Available in an Apartment, at metro, Novokosino.",1
Studio Available for Rent.,1
.,1
Besoin de 15 personnes (hommes) demain pour un boulot très facile.,1
https://youtu.be/UoUWeJBiZVA?si=IoyoDb6aO91RPx5P,1
_*CANADA 🇨🇦 LA LOTERIE DES VISAS 2024 EST OUVERTE POUR LES DEMANDES EN LIGNE*_,1
https://youtu.be/UoUWeJBiZVA?si=9ogMpSi_TnaA0rVf,1
Besoin maintenant de 02 personnes proches du métro lyublino ligne 10 pour travail de chantier de 9h00 à 18h00 payé 2500r après boulot.,1
Transférez de l'argent rapidement et en toute sécurité.,1
Bonjour à tous urgemment besoin d'une fille tout prêt du métro Delovoy Tsentr ligne jaune 8A (Moscou city )pour le travail de restaurant 10h-22h 2500 après le boulot,1
Vous êtes de sorcier vous 2500 pour une fille surtout de 10 a 22h bled,1
https://t.me/thenoubs/42 split award for Ghana 🇬🇭 Vs Eni&Vitol Arbitration case.  How did Ghana prevailed ?  Read.,1
🚨🚨✈️✈️,1
🚨🚨,1
"*Besoin de 4 filles pour un travail dans une imprimerie des journaux, le travail consiste juste à placer les journaux dans les palettes*.",1
Bonjour le nouvel arivage de chaussures a seulement 1000₽,1
👷🏾‍♂️🚧🦺🦺 Besoins de *20 personnes demain au métro *щёлковская* sortie 4,1
"Pi est une nouvelle cryptomonnaie développée par des docteurs en Science Informatique de Stanford, avec plus de 55 millions de membres à travers le monde. Pour réclamer vos Pi, suivez ce lien https://minepi.com/unikdesigner et utilisez mon pseudo (unikdesigner) comme code d'invitation.",1
🛑🛑🛑🛑🛑🛑🛑🛑🛑🛑🛑🛑🛑🛑🛑🛑 🛑🛑🛑🛑🛑🛑🛑🛑🛑🛑🛑🛑🛑🛑🛑🛑🛑🛑🛑🛑 Besoin de 70 personnes demain au,1
"Une chose amusante s'est produite aujourd'hui. Mon ami a arrêté un brigadier qui lui devait un travail qu'il avait effectué il y a un mois. Le brigadier ignorait ses messages et ses appels et aujourd'hui il a menti en disant que le patron n'avait toujours pas payé. Ensuite, mon ami lui a montré la preuve qu'il payait certaines personnes avec qui il travaillait, le brigadier niait toujours. Puis mon ami a sorti son téléphone pour appeler la police. Après tout, le même brigadier a emprunté de l'argent à quelqu'un et l'a payé. 😅",1
"Si nous ne pouvons pas raisonner en tant qu’êtres humains à moins que la peur de la police ne nous incite à agir correctement, alors nous sommes des animaux. Je disais que tout brigadier qui me doit, chaque fois que je te vois, c'est soit nous deux  retourne en Afrique ou tu me paies mon argent immédiatement. Si vous prétendez avoir des documents, vous expliquerez à la police que vous êtes venu ici pour embaucher des personnes. Je m'en assurerai.",1
Moscou est trop grande et pourtant si petite !!,1
Place disponible pour 2 gars no loin du metro,1
👷🏾‍♂️🚧🦺🦺 Besoins de *20 personnes demain au métro *щёлковская* sortie 4,1
Transférez de l'argent rapidement et en toute sécurité.,1
J'voulais que tout soit clair,1
"Attention,!!!",1
https://wa.me/c/237695270039,1
"J'attendrai pas le parquet, je le ferai moi-même à celui qui me doit",1
"*Besoin de 2 filles maintenant pour un travail dans une imprimerie des journaux, le travail consiste juste à placer les journaux dans les palettes*.",1
Bonjour le nouvel arivage de chaussures a seulement 1000₽,1
+4917655089946,1
https://wa.me/c/237695270039,1
Les amis,1
🚨🚨🚨🚨,1
🚨🚨✈️✈️,1
🚨🚨✈️✈️,1
-🚨🚨🚨🚨🚨🚨🚨🚨🚨🚨🚨🚨🚨,1
https://www.facebook.com/profile.php?id=61551748472158&mibextid=ZbWKwL,1
🛑🛑🛑🛑🛑🛑🛑🛑🛑🛑🛑🛑🛑🛑🛑🛑 🛑🛑🛑🛑🛑🛑🛑🛑🛑🛑🛑🛑🛑🛑🛑🛑🛑🛑🛑🛑 Besoin de 70 personnes demain au,1
"One Bedroom Apartment Available at, Metro Nekrasovka.",1
UNITY PARTY CHALLENGE Edition 1 By NHOXSTUDIO,1
Besoin de 02 personnes ce matin au métro rechnoy vokzal pour travail nettoyage de chantier de 9h00 à 17h00 payé 2500r après boulot,1
Transférez de l'argent rapidement et en toute sécurité.,1
Besoin de 02 personnes ce matin au métro rechnoy vokzal pour travail nettoyage de chantier de 9h00 à 17h00 payé 2500r après boulot.,1
2 people who are ready to work is morning should P.C. me ... work started by 9am we close at 5:50pm,1
No break?,1
For more information please call this number on the ad,1
👉 Centre au lieu-dit Fegminbang & Esse. Terrains titrés à vendre . Site débutant en bordure de route principale SOA-Fegmimbang-Esse en cours de bitumage.,1
Besoin maintenant de 03 personnes proches du métro lyublino ligne 10 pour travail de chantier de 9h00 à 18h00 payé 2500r après boulot.,1
Bonsoir les gars demain matin besoin de 16 personnes au métro Фрунзенская Sortie 1 travail chantier très facile fini payé directement 2700p l'heure 09h00 17h50 regroupement a 08h00,1
Bonsoir les gars demain matin besoin de 16 personnes au métro Фрунзенская Sortie 1 travail chantier très facile fini payé directement 2700p l'heure 09h00 17h50 regroupement a 08h00,1
Besoin de 5 filles rapidement pour compléter l’effectif,1
Besoin de 5 filles rapidement pour compléter l’effectif 2700p,1
🚨🚨✈️✈️,1
null,1
🚨🚨,1
https://youtube.com/shorts/-LxqAUakZ7o?si=a9pM0g6-sNBE04s_,1
*Un jour il fera jour*,1
Besoin de deux personnes demain 2800 aux metro Домодедовская sortie 1 a 8h00♦️♦️♦️♦️♦️♦️♦️♦️♦️♦️♦️♦️♦️♦️♦️♦️♦️♦️♦️ travail de chantier,1
Bonjour la famille besoin urgent d'une place pour fille avec un budget variant entre 8 à 9k rouble merci d'avance,2
Besoin demain d’une personne métro filatov lug,1
Besoin de deux personnes demain 2500 aux metro Филатов луг 8:45♦️♦️♦️♦️♦️♦️♦️♦️♦️♦️♦️♦️♦️♦️♦️♦️♦️♦️♦️ travail de chantier,1
Bonjour à tous,1
Besoin urgent ce matin d'une personne pour travail des fleurs 9h-18h avec 1 heure de pose,1
À méga parnas,1
2800 r,1
3000 r,1
@ Besoin d'info la svp,1
🚨🚨✈️✈️,1
Bonsoir) 48 kilo disponible,1
"One Bedroom Apartment Available at, Metro Nekrasovka.",1
Bonjour le nouvel arivage de chaussures a seulement 1000₽,1
*Permanent Job available for a lady in a food processing factory. Payment is per 2700r*,1
Une place disponible pour  garçon dans une chambre de 2 au métro лермонтовский проспект ligne violette vers le bas à 5 minutes du métro en bus 🙏,1
Bonsoir la famille,1
Bonsoir la famille,1
Transférez de l'argent rapidement et en toute sécurité.,1
https://wa.me/c/237695270039,1
Place disponible pour garçon  métro stupistane 5 minutes en bus d'état 🚨🚨🚨🚨🚨 intéressé ib🚨🚨🚨🚨🚨,1
Besoin de 4 personnes maintenant qui peuvent travailler de 12h a 20h dans un chantier 2800 aux metro Домодедовская sortie 1 ♦️♦️♦️♦️♦️♦️♦️♦️♦️♦️♦️♦️♦️♦️♦️♦️♦️♦️♦️♦️,1
"*Besoin de 05 personnes pour un travail dans un chantier hors de Moscou, le paiement se fait tous les jours 3000r par personne*",1
CHO CHO CHO CHO,1
699953058,1
https://youtube.com/shorts/HRi0ZfeZtDs?si=fgYnZgx1ClV5uSBx,1
‼️ *Urgent Urgent Urgent‼️ *Permanent Job available for a guy in a food processing factory. Payment is per 2700r*,1
🛑🛑🛑🛑🛑🛑🛑🛑🛑🛑🛑🛑🛑🛑🛑🛑 🛑🛑🛑🛑🛑🛑🛑🛑🛑🛑🛑🛑🛑🛑🛑🛑🛑🛑🛑🛑 Besoin de 70 personnes demain au,1
Besoin d'un job pour fille,1
Salut celui Qui a besoin du CFA au pays me ib,1
🚨🚨✈️✈️,1
CHO CHO CHO CHO,1
https://youtu.be/W7cw-mOTcoc?si=rM6c8M4fJ3sZF8X_,1
Regardez cette vidéo jusqu'à la fin s'il vous plaît. Merci,2
❗❗❗❗❗❗❗❗❗❗❗❗❗❗ _*Airpod pro jamais utilisé juste besoin argent intéressé ib*_  ♨️♨️♨️♨️♨️♨️♨️♨️♨️,1
Hi I need one  person to join me in a room we both pay 11300 ruble  the space is available on the 30th of July we are going to be two in the room if I are interested inbox me,1
"Salut,  tu fais ça a combien ??",2
"En faite , Hier soir j’ai compris",1
Bonjour a tous !!! Si quelqu'un a besoin du franc cfa au  Cameroun me contacter: +79154820694,1
🚨🚨✈️✈️,1
Bonsoir à tous,1
Bonsoir à tous!,1
🛑🛑🛑🛑🛑🛑🛑🛑🛑🛑🛑🛑🛑🛑🛑🛑 🛑🛑🛑🛑🛑🛑🛑🛑🛑🛑🛑🛑🛑🛑🛑🛑🛑🛑🛑🛑 Besoin de 70 personnes demain au,1
🛑⛔🛑⛔🛑 besoin de 10 personnes demain au métro *Vodniy Stadium* sortie 1.,1
LE QUOTIDIEN DE L'HOMME CAMEROUNAIS,1
🛑⛔🛑⛔🛑 besoin de 10 personnes  au métro *Vodniy Stadium* sortie 1.,1
Appartement de une chambre,1
Transférez de l'argent rapidement et en toute sécurité.,1
Bonjour,1
🚨🚨🚨 Restaurant job is available for a lady. Time 08:00-18:30. Payment 2600 rub. Contact  +79687107286,1
https://chat.whatsapp.com/KwkzloWISWAITnjDT8m4fn,1
Bonsoir à tous!,1
Bonjour le nouvel arivage de chaussures a seulement 1000₽,1
Bonsoir à tous!,1
null,1
*12 raisons pour lesquelles la lecture de livres devrait faire partie de votre vie :*,1
https://wa.me/c/237695270039,1
"J'ai pas réglé mes problèmes ; les coups, j'en ai fait quatre cent",0
https://youtu.be/npcb7tSPWFw?si=e_v03v1l_wjedcZy,1
🚨🚨✈️✈️,1
Maintenant set 500r par documents . Il faut prendre 1000r comme d'habitude .🤦‍♂️,1
Une place disponible dans une chambre de 2 personnes pour un homme propre intéressé inbox,1
🛑🛑🛑🛑🛑🛑🛑🛑🛑🛑🛑🛑🛑🛑🛑🛑 🛑🛑🛑🛑🛑🛑🛑🛑🛑🛑🛑🛑🛑🛑🛑🛑🛑🛑🛑🛑 Besoin de 70 personnes demain au,1
Place disponible pour 2 filles non loin du metro,1
null,1
https://t.me/+V2g_mXzy-05kOTg6,1
👑PROMO SPECIALE👑,1
Situé où?,1
2 Bedroom Apartment Available for Rent at МЦД Победа,1
"1 Bedroom Apartment Available for Rent at metro, Lermontovskiy Prospeckt",1
"🛑🛑🛑 Besoin de 10 personnes demain pour travail chantier nettoyage de 9hrs-17hr45. Rencontre 08hrs au métro Beloruskaya sortie 3 . paye 2600, intéressé me IB en privé.",1
- PLACE DISPONIBLE  POUR FILLES DANS UN BÂTIMENT NEUF,1
"Cinq personnes (homme/femme) doivent travailler à l'usine de chocolat demain matin à 9h00. Métro, Elektrozavodskaya. Le paiement est de 244 roubles. par 1h. seulement pour ceux qui ont un carnet médical.",1
🛑🛑🛑🛑🛑🛑🛑🛑🛑🛑🛑🛑🛑🛑🛑🛑 🛑🛑🛑🛑🛑🛑🛑🛑🛑🛑🛑🛑🛑🛑🛑🛑🛑🛑🛑🛑 Besoin de 70 personnes demain au,1
Scam alert 🚨,1
Location,1
Scammmmm,1
🚨🚨✈️✈️,1
Южная 11к4,1
Besoin de deux personnes( homme ) maintenant  aux métro Домодедовская sortie 1 de 12h a 20h  2800 ♦️♦️♦️♦️,1
Is it open already,1
Yes,1
Which южная,1
Besoin de 3 personnes maintenant pour un travail de chantier 14h - 21h. Rester à l'étage et enlever les fenêtres dans l'ascenseur. 3000 juste après le travail.,1
https://wa.me/c/237695270039,1
*COMMUNIQUÉ*,1
Disponible demain ?,1
🛑🛑🛑 besoin de 9 personnes pour nettoyage chantier 09hr-17hr45 . métro Beloruskaya sortie 3 rencontre 8h00 . paye 2600. Intéressé ib.,1
Part-time job for a man in restaurant . Time 10:00-22:00 . Payment 2800. +79687107286,1
"2 personnes (homme/femme) doivent travailler à l'usine de chocolat demain matin à 9h00. Métro, Elektrozavodskaya. Le paiement est de 244 roubles. par 1h. seulement pour ceux qui ont un carnet médical.",1
🚨🚨🚨Besoin de 5 personne pour compléter l’effectif demain pour un travail de 🏗️ au métro kotelniki,1
"Besoin de 02 personnes demain pour travail dans une école, déplacer le matériel dans l'école etc... Travail pour homme de 9h00 à 18h00 payé 2500r après boulot",1
LA POUDRE APHRODISIAQUES,1
Besoin de 02 personnes hommes ce matin au métro filatov lug pour travail dans une école de 9h00 à 18h00 payé 2500r après boulot.,1
Part-time job for a man in restaurant . Time 10:00-22:00 . Payment 2800. +79687107286,1
🚨🚨✈️✈️,1
🚨🚨🚨Besoin de 2 personne pour compléter l’effectif demain pour un travail de 🏗️ au métro filatov lug,1
🚨🚨🚨Besoin de 2 personne pour compléter l’effectif maintenant pour un travail de 🏗️ au métro filatov lug,1
Besoin de 6 personnes rapidement au métro parck kultury sortie 1 travail chantier facile 10h 00 17h 45 salaire 2500p,1
Bonjour à tous si quelqun vend le bâton de manioc qu’il est l’amabilité de me le signifier merci 🙏🏾,2
Yo Travel  Deal,1
Urgent 🚨 besoin d’un appartement de trois chambres urgent 🚨 contacter moi si vous avez,1
null,1
null,1
Salut j’ai besoin un place pour fille,1
"1 Bedroom Apartment Available for Rent at metro, Lermontovskiy Prospeckt",1
MANGEZ ET BUVEZ SUCRER TOUT EN MAINTENANT SON TAUX DE GLYCÉMIE NORMAL.,1
Besoin d'une chambre pour 2  garçons a Moscou,1
A space available in kashirskaya metro for a lady anyone interested should contact this number +79686406841,1
Deux places pour homme disponibles dans une chambre métro Dmitry danskova,1
https://wa.me/c/237695270039,1
https://wa.me/c/237695270039,1
Transférez de l'argent rapidement et en toute sécurité.,1
"Si vous habitez en ligne 9 et vous pourrez me rencontrer pour le travail dans peu de temps, s'il vous plaît, ib",1
✈️✈️✈️✈️✈️✈️✈️✈️✈️✈️✈️✈️✈️✈️✈️✈️✈️✈️✈️ DEPART,1
🚨🚨✈️✈️,1
null,1
null,1
https://review-vip.top/65123326055501,1
null,1
null,1
Hi,1
Bienvenue dans la grande famille Africa Nation,2
Spaciba,1
Merci,2
https://chat.whatsapp.com/LPBAXXrCtQZ3uYFJhpNbQn,1
null,1
Transférez de l'argent rapidement et en toute sécurité.,1
C'est vous qui aviez pitié des gens comme ça,1
Signalons son WhatsApp les gars,1
@237657860151,1
🤝 signalons également son WhatsApp.,1
"🛑🛑🛑 besoin de 30 personnes pour un travail de chantier très facile 09hr-17hr45 ,Fini payé . métro Medvedkovo sortie 2 rencontre 8h00 .",1
J'ai besoin d'une chambre pour 2 personnes seulement,1
Celui qui a une chambre viens ib,1
Urgent ‼️ 🚨🚨🚨🚨🚨🚨🚨🚨🚨🚨🚨🚨🚨🚨🚨🚨🚨🚨🚨,1
You are very funny. Honestly,1
Bonjour le nouvel arivage de chaussures a seulement 1000₽,1
"Bonjour,je cherche une chambre ou un studio pour un couple c'est vraiment urgent...",1
Studio Available for Rent at metro: Bulvar Dmitry Donskovo.,1
Bonjour à tous.,1
J’ai 3 garçon qui cherche l’appartement,1
https://www.facebook.com/share/v/yFRLjxQggdgZ7uye/?mibextid=QwDbR1,1
Bonjour !,1
🛑🛑🛑Besoin de 9 personnes demain pour nettoyage chantier 09hr-17hr45 . rencontre 08hr métro Beloruskaya sortie 3 . paye 2600 après boulot. Intéressé IB .,1
🚨🚨🚨Besoin de 4 personnes demain pour travail de chantier 9h-18h 2700,1
How much,1
https://youtu.be/tMlB3brqVTE?si=4r39cSgCKNyC9MkX,1
"*Besoin de 05 personnes pour un travail dans un chantier hors de Moscou, le paiement se fait tous les jours 3000r par personne*",1
"*Besoin de 15 personnes pour un travail dans un chantier hors de Moscou, le paiement se fait tous les jours 3000r par personne*",1
https://www.facebook.com/reel/1673660933447967/?app=fbl,1
Besoin d une personne qui quitte congo pour la russie urgent ( document ),1
Besoin d une personne qui quitte moscou vers rdc,1
Besoin d une personne qui quitte moscou vers rdc,1
🚨🚨✈️✈️,1
https://chat.whatsapp.com/LPBAXXrCtQZ3uYFJhpNbQn,1
Yo ! Encore quelques place,1
"🆘 *Chers compatriotes,*🆘",1
One Bedroom Apartment Available for Rent at Metro: Tyopliy Stan,1
Bonsoir !,1
"🛑🛑🛑 besoin demain 30 personnes pour un travail de chantier très facile 08h-16h00 ,Fini payé . métro Medvedkovo sortie 2 rencontre 7h30 .",1
Salut famille,1
Ils ne lirons même pas ça,1
🛑🛑🛑🛑🛑🛑🛑🛑🛑🛑🛑🛑🛑🛑🛑🛑 🛑🛑🛑🛑🛑🛑🛑🛑🛑🛑🛑🛑🛑🛑🛑🛑🛑🛑🛑🛑 Besoin de 70 personnes demain au,1
Une chambre disponible au métro Necrasovka pour filles comme garçons intéressés appelez-moi ou écrivez moi🚨🚨🚨🚨🚨🚨🚨🚨🚨🚨🚨🚨🚨🚨🚨🚨🚨🚨🚨🚨,1
Salut famille,1
"*Besoin de 05 personnes pour un travail dans un chantier hors de Moscou, le paiement se fait tous les jours 3000r par personne*",1
Urgent maintenant métro VDNKh,1
Urgent maintenant métro VDNKh,1
Bonjour,1
‎Open this link to join my WhatsApp Group: https://chat.whatsapp.com/E1qcc8fymKk9ywjdFmNckx,1
Ok,1
Salut famille,1
"*Besoin de 15 personnes pour un travail dans un chantier hors de Moscou, le paiement se fait tous les jours 3000r par personne*",1
Malhonnête,1
"Bonsoir mes chers frères j'ai besoin d'une sim MTN    ou orange propre au Cameroun si vous en avez une, veillez me contacter. Merci <This message was edited>",2
🚨🚨🚨🚨🚨🚨✈️✈️✈️✈️✈️✈️23kg  disponible,1
Envoi de colis,1
Salut famille,1
✈️✈️✈️✈️✈️✈️✈️,1
🛑🛑🛑 besoin de 3 personnes pour le métro Beloruskaya sortie 3 pour nettoyage chantier 09hr-17hr45. Heure de rencontre 08hrs. Paye 2600 . intéressé IB,1
"*BESOIN DE 6 PERSONNES (HOMMES), pour un travail d'école très facile métro FILATOV LUG sortie 1 à 5min à pieds du métro, de 9h à 17h45, pour 2600, intéressé ib*",1
Je veux votre opinion honnête : est-il acceptable d’appeler la police contre votre compatriote africain même lorsque la personne démontre qu’elle est impénitente ?,1
🚨🚨🚨Besoin de 2 personne pour compléter l’effectif demain pour un travail de 🏗️ au métro молодежная,1
"*Besoin de 15 personnes pour un travail dans un chantier hors de Moscou, le paiement se fait tous les jours 3000r par personne*",1
https://wa.me/c/237695270039,1
Bonne fête de l'indépendance à la famille 225 🇨🇮🇨🇮🇨🇮🇨🇮🇨🇮🇨🇮🇨🇮,2
🤗😇 Avez-vous vu cette???,1
Urgent besoin de 2 personnes maintenant au metro ulitsa gorchakova,1
Any single room for renting around Bulvar Dmitriya Donskongo,1
*TERRAIN TITRE à vendre à Yaoundé*,1
Soa a quel niveau?,1
https://www.facebook.com/reel/1673660933447967/?app=fbl,1
Bonjour j'ai besoin d'un terrain 400m² avec titre foncier mendong ( eloumdem),1
Departure confirmed!!,1
J’ai besoin d’une chambre simple autour de Bulvar Dmitriya Donskongo,1
https://wa.me/c/237695270039,1
2 place disponible pour garçon dans un appartement a domodedovskya 15min du métro (sortie 9) bus payant,1
32000+32000+16000,1
✈️📦✈️📦✈️📦📄📄📄,1
* *SOA* à 15 minutes de l'université en bordure de la grande route allant jusqu'à ESSE en construction.,1
✈️✈️✈️✈️✈️✈️✈️✈️✈️  voyage prevu le 15 Aout. MOSCOU-DOUALA,1
One Bedroom Apartment Available for Rent at Metro: Tyopliy Stan,1
https://youtu.be/cxgNHaknQzc?si=kl21gL4u1f0yWqrP,1
🚨🚨✈️✈️,1
Besoin d'une personne pour travail d'école métro tiioplistan travail très facile pour homme 2600 après le travail de 9h à 17h45,1
https://youtu.be/TO8zQMicc8E?si=IDNCVOWaYsIgl8D-,1
Bonjour j'aurais besoin de deux filles pour le nettoyage,1
https://wa.me/p/7993817330668914/237695270039,1
https://wa.me/p/7993817330668914/237695270039,1
null,1
🛑 nouvelle arrivage de vetement,1
Bonjour le nouvel arivage de chaussures a seulement 1000₽,1
Bjr besoin d' une personne pour nettoyage d une maison,1
Salut famille,1
"🚨🚨🚨🚨 aujourd’hui en Russie , les gens ne dirons plus : je ne savais pas . Telle est notre projet . New post 🆕✉️; moment fort : à partir du 5 février cette loi commencera à fonctionner . Les déportation pourront être directement signé au poste de police . Partager c’est sauver des vies . Informe ton voisin",1
‎Suivez ce lien pour intégrer mon Groupe WhatsApp  : https://chat.whatsapp.com/CgXoIAm6Tb8FiO3NocdqaK,1
Salut famille,1
Salut besoin urgement d une personne qui quitte moscou vers rdc ( kinshasa ),1
CHAUD 🔥🔥🔥♨CHAUD CHAUD 1000 M² À VENDRE À NKOLBISSON LIEU DIT BÉATITUDE AU PRIX DE 6500F LE M² AU LIEU DE 10000F QUARTIER HABITÉ ET ÉLECTRIFIÉ,1
*Découvrez les différents livres au programme pour l'année scolaire 2024/ 2025 avec les différents prix et passez vos commandes*,1
https://chat.whatsapp.com/DeZbQaC5fJ3JUHf74ZuXGY,1
null,1
*12 raisons pour lesquelles la lecture de livres devrait faire partie de votre vie :*,1
https://youtu.be/JcVJa8Tb4So?si=gA2CUqZBvIAVRSqu,1
Transférez de l'argent rapidement et en toute sécurité.,1
Salut besoin urgement d une personne qui quitte moscou vers rdc ( kinshasa ),1
null,1
null,1
Да,1
Salut besoin urgement d une personne qui quitte moscou vers rdc ( kinshasa ),1
https://youtu.be/JcVJa8Tb4So?si=c3-cCv2D3bBorHgh,1
Intéressé,1
Pointure 44,1
null,1
Besoin d'un ou d'une assagiste Inbox 📥,1
null,1
null,1
null,1
Besoin d'une personne pour travail d'école métro tiioplistan travail très facile pour homme 2600 après le travail,1
⚠️🚨✈️📦✈️📄✈️🧳✈️,1
**Bonjour la famille.,1
https://youtu.be/4zjDTqjDoYE?si=cCvm3To_qmmbAUtk,1
Je dois envoyer les colis en Russie lundi depuis la chine donc vous pouvez encore passer votre commande ça arrive en 15 jours,1
Ceci vient aussi de la Chine 🇨🇳? Parceque je sais qu'ils sont trop fort <This message was edited>,1
Ce sont des produits alimentaires camerounais,1
"J'ai besoin d'une femme pour travailler dans un bar de 10 à 22 ans, paiement après le travail 2500 roubles, une fille intéressée devrait m'écrire",1
https://youtu.be/4zjDTqjDoYE?si=G4i5jxyiXpOMvOXc,1
Intégrer le groupe nous allons chercher l'argent ensemble  https://chat.whatsapp.com/Cj7N24ZUgpfCBIsHmyMcuG,1
GINGEMBRE THÉRAPEUTIQUE (variété asarum canadense),1
✈️✈️ Moscou 🇷🇺✈️Douala 🇨🇲,1
Salut famille,1
Quelle ville,1
J'en ai besoin,1
👑SPECIALE PROMO👑,1
Toujours Moscou,1
2 place pour fille disponible dans une chambre pour 3 . situé a 15 min du métro domodedovskya bus payant ( 50r),1
Besoin de 20 garçons pour un boulot de chantier pas compliqué.,1
https://youtu.be/n16U5_EAmnE?si=QVB5YmuHnLtTAEA2,1
Nos salutations respectueuses à tous.,1
Ib,1
🌟VENTE2TERRAIN🌟,1
🚨🚨🚨🚨🚨🚨🚨✈️✈️,1
Lundi 12 août 2024,1
One Bedroom Apartment Available at МЦД Люберцы,1
THÉ CURCUMA-GINGEMBRE,1
Moscow  Abidjan when please?,1
*COMMENT S'EFFECTUE LE PAIEMENT D'UN TRAVAIL DE 3.000 ROUBLES (par jour) 2 FOIS PAR MOIS.*,1
✈️✈️✈️✈️✈️✈️,1
Finalité?,1
Bonsoir svp j'ai besoin des personnes qui font dans ça le plus rapidement possible,1
DOUALA🇨🇲-MOSCOU🇷🇺,1
*Découvrez les différents livres au programme pour l'année scolaire 2024/ 2025 avec les différents prix et passez vos commandes*,1
https://youtu.be/yH5SYi2sffI?si=KHsGHFZHT8JO2YnS,1
*PLACE DISPONIBLE CHEZ MK GLOBAL SERVICE*,1
https://t.me/thenoubs/54,1
✈️✈️Douala 🇨🇲 ✈️ -Moscou 🇷🇺,1
Image!!!,1
Has done what,1
null,1
Bienvenue dans le groupe Africa Nation 🌍,2
Bienvenu en Russie!,2
https://t.me/welcome2russie,1
Un apercu de la 1ere edition de @Bienvenu en Russie 2023!,2
null,1
Une place libre dans une chambre de deux personnes inbox rapide 🛑🛑🛑🛑🛑🛑🛑🛑🛑🛑🛑🛑🛑🛑🛑🛑🛑🛑🛑🛑🛑🛑🛑🛑,1
🚨🚨🚨 Besoins de 26 personnes au métro yugo zapadnaya sortie 5,1
Besoin d'une fille demain pour travail de nettoyage de chambre d'hôtel payé 2700r après boulot,1
9h00 à 18h00,1
‎Open this link to join my WhatsApp Group: https://chat.whatsapp.com/GoKFgAM6o1a4obI780cQwP,1
✈️ ✈️ ✈️ ✈️ ✈️ ✈️ ✈️ ✈️ ✈️ ✈️ ✈️ ✈️ ✈️ ✈️ ✈️ ✈️ ✈️ ✈️ ✈️ ✈️ ✈️ ✈️ ✈️ ✈️ ✈️ ✈️ ✈️,1
🚨🚨🚨Part-time job in restaurant for a man. Payment after working 3000 rub. Time 11:30--23:00.+79687107286,1
Besoin de 5 personnes travaille de chantier 🏗️ 3000p le paiement chaque soir après le boulot 9h a 17h50 au métro kантемировская maximum 2 mois,1
Place disponible pour 2 filles non loin du metro,1
Hi,1
https://joinloop.one/post/3066_chaque-jour-nous-effectuons-les-paiements-en-utilisant-soit-l-039-argent-physiqu.html,1
https://joinloop.one/post/3059_qikqik-nouvel-horizon-des-paiements-qikqik-s-039-affirme-comme-une-plateforme-om.html,1
*Appel à l'action !*,1
Besoin de 10 personnes demain,1
https://chat.whatsapp.com/GoKFgAM6o1a4obI780cQwP,1
*PS EVENT*,1
*PS EVENT*,1
*PS LOUNGE*,1
https://www.facebook.com/share/p/wG1SoPo1VaNEzfd5/,1
Complétez vos fournitures scolaires,1
🚨🚨🚨 Besoins de 35 personnes au métro yugo zapadnaya sortie 5,1
https://youtube.com/shorts/MGtw45sTDrY?si=zVoyM_fZgR8ygBV-,1
https://chat.whatsapp.com/GoKFgAM6o1a4obI780cQwP,1
https://t.me/+CKpdCFIhddw1NzJi,1
https://www.facebook.com/share/15UimRRVsm/,1
Bonjour la famille,1
✈️✈️✈️✈️✈️✈️✈️✈️✈️✈️✈️✈️✈️✈️✈️✈️✈️✈️,1
https://chat.whatsapp.com/CANXB2Ip7HJJ9xlaAgBchi,1
"Je suis David Kakunga depuis la République Démocratique du Congo,et je suis un Défenseur des droits de L'Homme,je travaille en partenariat avec l'association Internationale des jeunes pour les droits de L'Homme en RDC pour la promotion des droits de L'Homme dans les milieux éducatifs...",1
✈️ ✈️ ✈️ ✈️ ✈️ ✈️ ✈️ ✈️ ✈️ ✈️ ✈️ ✈️ ✈️ ✈️ ✈️ ✈️ ✈️ ✈️ ✈️ ✈️ ✈️ ✈️ ✈️ ✈️ ✈️ ✈️ ✈️,1
LE PAYS DE UM NYOBÉ EST COMPLIQUÉ !,1
https://www.facebook.com/share/v/14jZ8t7Zaq/,1
"Mme Julienne FOTSO, l'une des veuves du feu patriarche FOTSO Victor a visité la tombe du Dr Félix Roland Moumié ce jour",1
"De passage a Conakry pour le forum des femmes entrepreneures d'Afrique, elle a profité pour rendre hommage à l'illustre disparu",1
Une place pour le fille,1
https://youtube.com/shorts/e7knzNpsqmo?si=TVew-oBpdxzMacWt,1
https://youtu.be/nATSnRfjF-8?si=XH6JwF9vZiMzEHJZ,1
*COMMUNIQUÉ*,1
Place disponible pour fille métro babuskinskaya 2min d'arrêt bus 6 min du métro intéressé ib,1
Yo Saint Petersburg,1
"20 000 roubles en Russie, besoin de l’équivalent en fcfa au Cameroun 🇨🇲. Taux Google   Intéressé ib",1
https://youtu.be/ywu5ipA_AoM?si=mIKQwtS-DAPJWctM,1
Like share and subscribe,1
Place disponible pour 2 filles non loin du metro,1
https://youtube.com/shorts/EHUoA9VGx7A?si=39wfY_AsbUoNRUL1,1
"SUREBANQA révolutionne l'inclusion financière avec une touche de technologie particulière ! Depuis quelques années, notre équipe de passionnés aux compétences transversales et pluridisciplinaires brise les barrières, connectant l'Afrique à la diaspora grâce à des solutions sécurisées et innovantes comme le Commerce à distance sécurisé, les envois de fonds, brefs les services d'inclusion financière et plus encore. Nous ne sommes pas seulement une entreprise ; nous sommes un mouvement vers la création de richesse et la conscience sociale, alimenté par des technologies de pointe comme l'IA, Blockchain et bien d'autres. Plongez dans un monde où les services financiers et non financiers sont accessibles à tous, avec nos modèles freemium et premium. Rejoignez-nous pour faire la différence !",2
MISE À JOUR ET AJOUT À VENIR DE VIIVOO ( https://viivoo.app),1
L'HISTOIRE RETIENDRA !,1
null,1
https://t.me/+V2g_mXzy-05kOTg6,1
https://chat.whatsapp.com/GoKFgAM6o1a4obI780cQwP,1
Ajouter ce numéro s'il vous plaît  +7 977 798-72-51,1
Place disponible pour 2 filles non loin du metro,1
https://youtube.com/watch?v=9qOBiavjG-o&feature=shared,1
Chambre disponible no loin du metro,1
Une place disponible dans une chambre de deux intéressé inbox🛑🛑🛑🛑🛑🛑🛑🛑🛑🛑🛑🛑🛑🛑🛑🛑🛑🛑🛑🛑🛑🛑🛑🛑🛑,1
Prix,1
Inbox,1
Studio disponible a Dimitri bulvar bon prix Loyer :30.000,1
Studio disponible a Dimitri bulvar bon prix Loyer :30.000,1
"Svp administrateur enregistré ce numeros dans le groupe c’est un bon travailleur, il viens d’arrivé +79017969995…",1
"🚨🚨🚨🚨The work in school canteens resumes tomorrow . The work is from 8am to 4pm. 2300 per day. If you are interested, contact me privately.",1
"🚨🚨🚨🚨Le travail dans les cantines scolaires reprennent demain. Le travail est de 8h à 16h. 2300 par jour. Si vous êtes intéressé, contactez-moi en privé.",1
Hello,1
Cette infographie fascinante de *Leverage Shares* présente les meilleures banques du monde en termes de capitalisation boursière plus de 7.5 Trillion de Dollars à partir d'octobre 2024.,1
https://joinloop.one/post/3090_bitcoin-a-ete-40-ans-de-travail-il-y-a-quelques-jours-on-celebrait-le16e-annive.html,1
https://t.me/+V2g_mXzy-05kOTg6,1
‎Suivez ce lien pour intégrer mon Groupe WhatsApp  : https://chat.whatsapp.com/KOinYFcRWVI4okxogY0uiw,1
https://youtu.be/5EdVEghU-Xc?si=i0IxgLuiVdMbx3Ny%E2%9C%8A%F0%9F%94%A5%F0%9F%87%A8%F0%9F%87%B2,1
https://youtu.be/FFYfhZmA4lk?si=rXgMTd_Lex0w5cZx,1
https://www.facebook.com/share/v/HHvy2rmEUWCqq6U5/?mibextid=UalRPS,1
Besoin 4 hommes pour compléter l’effectif à métro Filatov lug sortie 1 pour un travail facile juste déplacé les chaises et les tables à l’intérieur de l’école fini 2700r. 9h à 17h30,1
🚨🚨🚨🚨 Besoin d'une personne au métro khovino sortie 1 heure de rencontre 8hrs. Paye 3200 après le travail,1
Donnons la force à l'artiste 👇🏾,1
https://chat.whatsapp.com/GoKFgAM6o1a4obI780cQwP,1
*Les ÉTATS-UNIS annoncent une mauvaise nouvelle à ce pays africain*,1
*Affaire BALTASAR au Guinée équatoriale : la justice se prononce enfin*,1
*Troisième mandat au BÉNIN : Le français Robert BOURGI révèle sa discussion avec Patrice TALON*,1
"*VIE CHÈRE : Affamé, cet homme invente la mort de son enfant, les faits*",1
Any bed space for rent,1
"Le couple qui a attaqué Google et obtenu une amende de 2,6 milliards de dollars pour le géant de la technologie",1
*Une visioconférence Gratuite* est prévue pour le 08 décembre 2024 afin d'expliquer à tous ceux qui souhaitent obtenir une bourse comment postuler. https://wa.me/79998364633,1
Besoin demain de 4 personnes au métro потапова travail de  chantier de 9h à 18h finir payer en même temps 3200,1
https://chat.whatsapp.com/FFYr4lKhxodIaDUpZuqo5l,1
"🚨🚨🚨🚨The work in school canteen available. The work is from 8am to 4pm. 2300 per day. If you are interested, contact me privately.",1
"🚨🚨🚨🚨Le travail dans les cantines scolaires sont disponibles Le travail est de 8h à 16h. 2300 par jour. Si vous êtes intéressé, contactez-moi en privé.",1
All sizes available???,1
🚨🚨🚨 Besoins de 45 personnes au métro yugo zapadnaya sortie 5,1
🚨🚨🚨 Besoins de 45 personnes au métro yugo zapadnaya sortie 5,1
🚨🚨🚨 Besoins de 45 personnes au métro yugo zapadnaya sortie 5,1
🚨🚨🚨 Besoins de 45 personnes au métro yugo zapadnaya sortie 5,1
🚨🚨🚨 Besoins de 45 personnes au métro yugo zapadnaya sortie 5,1
🚨🚨🚨 Besoins de 45 personnes au métro yugo zapadnaya sortie 5,1
Utilise ce lien pour intégrer mon groupe WhatsApp : https://chat.whatsapp.com/FOJ7q9BFHZV861dEoVnzbl,1
https://youtu.be/8Pwf0FWAzS4,1
"🩸🩸🩸🩸🩸🩸🩸🩸Svp il faut bien noté, la police travail avec Sberbank. Quand il te prend pour les documents, ils contact certain personnes à sberbank qui leur disent combien est dans ton compte, et même transférer de l'agent sans ton mot de passe. Ils ont faire ça devant moi,mais malheureusement, j'avais environ 2800 r. Donc votre compte sberbank n'est pas sécurisé.",2
https://youtu.be/5EdVEghU-Xc?si=8-kRRnM8dJ4g7UAR,1
🚨🚨🚨🚨🚨🚨🚨🚨🚨🚨🚨,1
https://t.me/+V2g_mXzy-05kOTg6,1
Départ 11novembre Yaoundé Douala pour Moscou 23kg disponible pour ceux et celles qui sont intéressés veillée me contacter,1
https://youtube.com/shorts/FBTO5UxdS5k?si=FslxXEhRNygcY5yp,1
https://youtu.be/JJLCZVXP3SI?si=chYR7fOwTw5xqWam,1
Ok👍,1
*URGENT - Élection présidentielle aux ÉTATS-UNIS : Voici le résultat provisoire (PHOTO)*,1
*FOOTBALL : Un joueur tué par la foudre en plein match (Vidéo)*,1
"*Loterie Visa 2026 : la période d’inscription prolongée, Voici la nouvelle date*",1
"*Élection aux ETATS-UNIS : Entre Donald Trump et Kamala Harris, voici le choix de Vladimir Poutine*",1
*Election présidentielle aux Etats-Unis : Suivez les résultats en direct (Vidéo)*,1
🎉🎉🎉🎉🎉🎉🎉🎉🎉🎉🎉🎉🎉,1
Yfy,1
"🚨🚨🚨🚨The work in school canteen available. The work is from 8am to 4pm. 2300 per day. If you are interested, contact me privately.",1
Besoin de 2 a 3 personne pour demain travail chantier 8h>18h  avec 1h de pause finit payé  3500,1
"🚨🚨🚨🚨Le travail dans les cantines scolaires reprennent demain. Le travail est de 8h à 16h. 2300 par jour. Si vous êtes intéressé, contactez-moi en privé.",1
Q,1
Place disponible maintenant au metro Dmitri Daskova pour 4 personnes garçon pas lions du métro 15 minutes,1
https://chat.whatsapp.com/GoKFgAM6o1a4obI780cQwP,1
"j'ai besoin d'une chambre pour 2 filles, ves  metro boulevard  Dimitry Danscovo",1
*Voici les 10 pays AFRICAINS ayant connu le plus grand nombre de COUP D’ÉTAT depuis 1950*,1
"*« Félicitations, président DONALD TRUMP. Avec respect et .… » : MACRON adresse un avertissement au nouveau président*",1
"*BURKINA FASO : Radié de l’armée, Paul-Henri Damiba et d’autres officiers lourdement sanctionnés*",1
*ÉTATS-UNIS : L’élection de Donald TRUMP à la présidence pourrait-elle le protéger de ses démêlés judiciaires ? La réponse*,1
Школа 1544/1,1
"Школа № 1544, главный корпус",1
"🚨🚨🚨🚨 besoin d’une personne sur se adresse, pour le travail d’école. Avec carnet médical.",1
https://t.me/+V2g_mXzy-05kOTg6,1
Place disponible maintenant au metro Dmitri Daskova pour 4 personnes garçon pas lions du métro 15 minutes,1
Place disponible dans un studio de 3 personnes a Dimitri donskova,1
*Invitation à contribuer à l'atelier en ligne sur la proposition de loi sur le statut de l'artiste*,1
*Invitation à contribuer à l'atelier en ligne sur la proposition de loi sur le statut de l'artiste*,1
https://chat.whatsapp.com/GoKFgAM6o1a4obI780cQwP,1
2 PLACES DISPONIBLES POUR FILLES DANS UNE CHAMBRE DE 3 PERSONNES DONT UNE EST DÉJÀ LÀ.,1
Bonsoir place disponible pour 2 fille 🙎,1
🚨🚨🚨🚨🚨🚨🚨🚨🚨🚨🚨🚨,1
"Pleas subscribe to this, like and comment videos and share to your friends and status 👇👇",1
"Pleas subscribe to this, like and comment videos and share to your friends and status 👇👇",1
Une place disponible dans une chambre ( garçon ) contactez- moi si vous êtes intéressé .,1
Besoin 4 hommes pour compléter l’effectif à métro Filatov lug sortie 1 pour un travail facile juste déplacé les chaises et les tables à l’intérieur de l’école fini 2700r. 9h à 17h30,1
https://joinloop.one/post/3154_bitcoin-a-atteint-a-nouveau-record-depassant-75-000-son-plus-haut-sommet-depuis.html,1
https://joinloop.one/post/3157_l-039-afrique-mon-afrique-berceau-de-l-039-humanite-un-continent-aux-mille-visag.html,1
Besoin 3 hommes pour compléter l’effectif à métro Filatov lug sortie 1 pour un travail facile juste déplacé les chaises et les tables à l’intérieur de l’école fini 2700r. 9h à 17h30,1
https://www.facebook.com/share/p/17sNt6VqN5/,1
Is the studio still available,1
*Urgent - SÉNÉGAL : Ousmane SONKO et son cortège attaqués (Vidéo)*,1
*Voici le Top 10 des pays africains offrant une éducation de haute qualité sur le continent*,1
*« Ce n’est pas le résultat que nous espérions… » : L’étrange réaction de Barack Obama après la victoire de TRUMP*,1
*BÉNIN : Le gouvernement réglemente l’ouverture des piscines*,1
Good morning dear please help me repost,1
"Pleas subscribe to this, like and comment videos and share to your friends and status 👇👇",1
https://www.facebook.com/share/185nB44LsE/,1
https://joinloop.one/post/3160_l-039-afrique-mon-afrique-berceau-de-l-039-humanite-un-continent-aux-mille-visag.html,1
Une place disponible pour un homme dans une chambre de deux intéressé ibx,1
https://youtube.com/shorts/b5Waaa0rXrQ?si=-iKiQEwfIakAsS8B,1
bonsoir à tous ! besoin de 15 filles pour un travail de chantier fini payé 2700 au métro stogino sortie 6,1
2 place disponible pour le fille métro domodedovskaya,1
Bonsoir une Place disponible pour une fille🙆,1
https://joinloop.one/post/3059_qikqik-nouvel-horizon-des-paiements-qikqik-s-039-affirme-comme-une-plateforme-om.html,1
*ÉTATS-UNIS : Donald TRUMP nomme déjà son premier collaborateur (Photo)*,1
*Affaire Baltasar en GUINÉE ÉQUATORIALE : La femme du Chef de l'État réagit (PHOTO)*,1
*CRISTIANO RONALDO : Le portugais va-t-il quitter AL-NASSR ?*,1
*Tensions diplomatiques à JÉRUSALEM : La France réagit après l’arrestation de deux de ses gendarmes (Vidéo)*,1
*BURKINA FASO : L'armée inflige de lourdes pertes aux terroristes dans quatre régions*,1
https://t.me/+V2g_mXzy-05kOTg6,1
besoin des services d'une maquilleuse  pour peau noir🚨🚨🚨 contactez le 8️⃣9️⃣1️⃣6️⃣4️⃣2️⃣9️⃣5️⃣5️⃣9️⃣0️⃣,1
Besoin de 3 femmes pour un travail ( permanent),1
null,1
Appartement d’une chambre à louer à 12 min en bus du métro .,1
https://chat.whatsapp.com/GoKFgAM6o1a4obI780cQwP,1
*DONALD TRUMP : Les terroristes font une demande au nouveau président américain*,1
*Scandale sexuel en Guinée Equatoriale : BALTAHSAR réagit pour la première fois aux accusations*,1
*Donald TRUMP élu président aux Etats-Unis : Voici la réaction surprenante de Vladimir POUTINE (Vidéo)*,1
abonnés vous svp et partager mes amis,1
https://www.facebook.com/share/p/1E9wn66Uw1/,1
https://t.me/+V2g_mXzy-05kOTg6,1
Une place pour fille dans une chambre de 2 a sherbinka nouvelle construction ib pour plus d'infos,1
*Le Burkina Faso en deuil : le pays perd un grand homme (Photo)*,1
"*Urgent - Tel mari, telle épouse : La femme de BALTHAZAR se livrait également à des actes sexuels filmés avec d'autres hommes (VIDÉO)*",1
*BURKINA FASO : Un individu arrêté avec 5 milliards FCFA (IMAGES)*,1
*BALLON d’Or 2024 : On sait enfin pourquoi Vinicius a été écarté*,1
Besoin d'une fille pour UN travail de restaurant payer c 3200,1
Place disponible pour une femme dans une chambre de deux personne 11000 non loin du métro annino ou Dimitri,1
🇷🇺𝗧𝗔𝗨𝗫 𝗚𝗢𝗢𝗚𝗟𝗘 !🇨🇲,1
Place disponible pour une femme dans une chambre de deux personne 11000 non loin du métro annino ou Dimitri,1
Bonsoir Africa Nation,1
Besoin de 23 kilo Cameroun Moscou,1
Même pas un ans,1
*La Miss Rwanda 2022 condamné à 3 mois de prison... pour cette raison (Photo)*,1
*Ces trois pays africains ne souhaitent pas le départ des troupes françaises de leur territoire (La Liste)*,1
*Scandale sexuel en Guinée Equatoriale : BALTAHSAR s'exprime pour la première fois face aux accusations*,1
*Voici le Top 10 des pays africains offrant une éducation de haute qualité sur le continent*,1
https://t.me/+V2g_mXzy-05kOTg6,1
🇷🇺𝗧𝗔𝗨𝗫 𝗚𝗢𝗢𝗚𝗟𝗘 !🇨🇲,1
✈️✈️✈️ Départ imminent,1
https://chat.whatsapp.com/GoKFgAM6o1a4obI780cQwP,1
Salut la famille besoin de 5 personnes pour un travail de chantier finir payer 2900 de 9 h a 17 h 40 rencontre a 8 h 15 sortie 4 au métro Метро кантемировская,1
Ville?,1
Il a dit ça où ? Source svp 🤔,1
🇷🇺𝗧𝗔𝗨𝗫 𝗚𝗢𝗢𝗚𝗟𝗘 !🇨🇲,1
https://www.facebook.com/share/p/wG1SoPo1VaNEzfd5/,1
*PS EVENT*,1
*PS EVENT*,1
*PS LOUNGE*,1
https://www.facebook.com/share/p/wG1SoPo1VaNEzfd5/,1
*PS EVENT*,1
Place disponible pour fille à scherbinka ib pour plus d'informations,1
Suivez ce lien pour rejoindre ma communauté WhatsApp : https://chat.whatsapp.com/DkWUnfpSPiqFIPPjbFI3fT,1
🇷🇺𝗧𝗔𝗨𝗫 𝗚𝗢𝗢𝗚𝗟𝗘 !🇨🇲,1
*Ce pays africain lance la production de ses propres véhicules militaires*,1
*BURKINA FASO : Voici pourquoi le capitaine IBRAHIM TRAORÉ veut rétablir la Peine de mort dans le pays*,1
*Tentative de Coup d'État au BÉNIN : L'ancien ministre Oswald Homeky et Olivier Boko devant les juges du CRIET ce lundi*,1
*SANTÉ : Prenez plusieurs maladies grâce aux bienfaits des feuilles de manioc pour votre organisme*,2
*Ce pays africain lance la production de ses propres véhicules militaires*,1
*BURKINA FASO : Voici pourquoi le capitaine IBRAHIM TRAORÉ veut rétablir la Peine de mort dans son pays*,1
*SANTÉ : Prevenez plusieurs maladies grâce aux bienfaits des feuilles de manioc pour votre organisme*,2
*URGENT - LAKURAWA: Un nouveau groupe terroriste plus dangereux que BOKO HARAM apparaît au Nigeria (Vidéo)*,1
"*Immigration, avortement, guerre… : Voici tout ce que DONALD TRUMP veut changer aux États-Unis et dans le monde*",1
*Voici le nouveau CLASSEMENT des 11 pays africains les plus mal gouvernés depuis 10 ans*,1
https://joinloop.one/post/3185_produits-financiers-embarques-l-039-exemple-de-qikqik-la-finance-embarquee-revol.html,1
*Guerre en Ukraine : Donald TRUMP met fermement en garde Vladimir POUTINE pour cette raison*,1
*NIGER : Très bonne nouvelle pour les militaires au pouvoir*,2
*Urgent - KARIM KHAN: Le procureur général de la CPI accusé d’abus sexuels*,1
*TOGO : Un voleur casque lynché à mort; ses bourreaux arrêtés*,1
*Trois pays africains ne souhaitent pas le départ des militaires françaises de leur territoire (La Liste)*,1
bjr à ts s'il vous plaît abonnés vous à ma page svp les amis,1
https://chat.whatsapp.com/DkWUnfpSPiqFIPPjbFI3fT,1
https://youtu.be/ZShS8T8B5Jk,1
"Chers frères et soeurs, l'hiver est très proche et celles ou ceux qui sont intéressés par le travail d'école n'ont qu'à me contacter très rapidement.",1
https://chat.whatsapp.com/GoKFgAM6o1a4obI780cQwP,1
*URGENT - Guinée : Très mauvaise nouvelle pour le général MAMADI DOUMBOUYA*,1
*INCROYABLE - Guerre en Ukraine: un Camerounais combattant dans l’armée russe a tenu seul une défense pendant 12 jours (Vidéo)*,1
"*DERNIÈRE MINUTE - Côte d’Ivoire : L’artiste Apoutchou National arrêté, les raisons (Vidéo)*",1
*CÔTE D’IVOIRE : Des équipements militaires saisis près de la frontière burkinabè*,1
"🚨🚨🚨🚨Le travail dans les cantines scolaires reprennent demain. Le travail est de 8h à 16h. 2300 par jour. Si vous êtes intéressé, contactez-moi en privé.",1
"🚨🚨🚨🚨Work in school canteens  available. The Work is from 8am to 4pm. 2300 per day. If you are interested, contact me privately.",1
Besoin d'une personne pour compléter Un effectif pour Un travail de chantier ce matin 9h 17h50 paiement juste après le boulot 3500r,1
https://t.me/+V2g_mXzy-05kOTg6,1
Besoin 3 personnes hommes qui proche du métro Filatov lug sortie 1 pour travail facile ( juste déplacé les chaises et armoires) qui peut arriver 10h45 ou 11h 2700r paye.,1
Вакансия для граждан РФ и иностранных граждан!,1
https://joinloop.one/post/3190_c-039-est-vrai-ca.html,1
Travail disponible pour citoyen russe ou étranger !,1
*URGENT - Une nouvelle vidéo sextape de BALTHAZAR et la femme du Ministre des Hydrocarbures et des Mines a fuité (La Vidéo)*,1
*Voici les 10 pays où les résidents ne paient aucun impôt...*,1
*Ousmane Sonko au cœur d’une polémique au Sénégal (Vidéo)*,1
https://chat.whatsapp.com/DbnTn0YLHAz3RvHFUYS80c,1
Pour le travail à saint-pétersbourg,1
Une place pour fille disponible dans un appartement de deux chambre pas loin du metro dmtri donskovo. Interessé inbox,1
"BESOIN DEMAIN DE 06 PERSONNES POUR TRAVAIL DE DÉCHARGEMENT(meubles de bureaux, cartons, objets légers, etc...) EN VOITURE DE 10H À 20H PAYÉ 3000r APRÈS BOULOT.",1
Salut . C est disponible dans toutes les villes?,1
Même à tchéboksary ?,1
"Bonsoir, recrutement à ozone pouchkina, filles comme garçons, c'est l hiver et vous travaillez à l intérieur et au chaud, l heure de travail 8h- 20h, ou 20 h-8h, le travail c'est chaque jour , salaire 2600,3000,3500, jours ça dépend de ton poste de travail, la paye c est chaque 15jours, logement et transport gratuit, intéressé ib",1
https://youtube.com/shorts/2I7vMRNXKhc?si=MZwQJuM_TNHB30Ol,1
"⚠️ Attention, membres QikQik+ !",1
"🚨🚨🚨🚨1571/4	ул.Свободы, д.81 к.1",1
Adresse disponible pour le travail dans les cantines scolaires 👆👆👆👆👆👆,1
Address available for work in school canteens 👆👆👆👆👆👆,1
Disponible,1
"Besoin 3 personnes hommes pour un travail au métro Filatov lug sortie 1 pour travail facile ( juste déplacé les chaises et armoires) de 9h à 17h 2700r paye. Pas de pression travail à long terme, le salaire sera augmenté a propos du travail bien fait.",2
*URGENT - Une attaque de BOKO HARAM fait plusieurs morts au Cameroun (Vidéo très sensible)*,1
*KIM JONG-UN : Le dirigeant nord-coréen veut détruire ces 4 pays européens pour cette raison (La Liste)*,1
*COOPERATION : La France accorde une aide de 6 Milliards FCFA à ce pays africain*,1
*NIGERIA : L'homme de Dieu JOHN OGBONNA meurt alors qu’il jeûnait et priait (Vidéo)*,1
https://www.facebook.com/share/p/1BA7fDKBpF/,1
"Besoin 1 personnes hommes pour un travail au métro Filatov lug sortie 1 pour travail facile ( juste déplacé les chaises et armoires) de 9h à 17h 2700r paye. Pas de pression travail à long terme, le salaire sera augmenté a propos du travail bien fait.",2
"Bonsoir, recrutement à ozone pouchkina, filles comme garçons, c'est l hiver et vous travaillez à l intérieur et au chaud, l heure de travail 8h- 20h, ou 20 h-8h, le travail c'est chaque jour , salaire 2600,3000,3500, jours ça dépend de ton poste de travail, la paye c est chaque 15jours, logement et transport gratuit, intéressé ib",1
Suivez ce lien pour rejoindre ma communauté WhatsApp : https://chat.whatsapp.com/DkWUnfpSPiqFIPPjbFI3fT,1
40kg disponible Briansk/Moscou- Douala le 8/12/24 date limite de réception des colis pour le Cameroun.,1
Besoin ce matin de 04 hommes au métro Новогиреево pour travail de déchargement   de 10h à 20h payé 3000r.,1
✈️✈️✈️ Départ imminent,1
https://t.me/+V2g_mXzy-05kOTg6,1
https://chat.whatsapp.com/GoKFgAM6o1a4obI780cQwP,1
Good evening sir/ ma please help repost God bless you all 🙏🙏🙏,1
*URGENT - ÉTATS-UNIS : Très mauvaise nouvelle KAMALA HARRIS*,1
*AES : Un opposant malien jeté en prison pour offense envers Ibrahim Traoré (Photo)*,1
*SANTÉ - Bon à savoir : Voici comment utiliser l’eau de gombo pour perdre du poids*,1
Salut le groupe svp je suis a la recherche d'une chambre,1
Salut tous le monde,1
https://chat.whatsapp.com/GoKFgAM6o1a4obI780cQwP,1
🇷🇺𝗧𝗔𝗨𝗫 𝗚𝗢𝗢𝗚𝗟𝗘 !🇨🇲,1
*RONALDO fait enfin des révélations sur sa coiffure à la coupe du monde 2002*,1
*Colonel AKATAO BABARIME : Voici 5 choses à savoir sur le nouveau Directeur général de la police au TOGO*,1
*Urgent - Cameroun : Un pasteur prédit le jour où Paul Biya perdra le pouvoir (La date)*,1
🚨✈️🚨✈️🚨✈️🚨,1
Salut la famille besoin de 4 personnes pour un travail de chantier garçons finir payer 3000 de 9 h a 17 h40 rencontre a 8 h 15 sortie 1 au métro Метро потапово c'est un travail permanent chaque jour,1
Comment je peux envoyer l’argent au Nigeria 🇳🇬 svp,1
Make everyone de careful ooo  this people don di disturb our brother and sisters,1
Ça se passe où dans quelle ville ?,1
C d’abord quel langage ça?,1
C tt le monde qui comprend ou parle pidgin?,1
Si vous ne pouvez pas parler l anglais normalement laissez pardon,1
Ma chérie le pidgin est une langue a part à ne pas confondre avec l'anglais car cette confusion fait en sorte qu'on la prenne pour de l'anglais mal parler,1
Oui miss c pck avc le pidgin j’ai du mal à saisir ckil dit.,1
L anglais normal cava,1
Mais la c autre chose,1
What happened and where,1
Même le pidgin là n'est pas sa,1
I heard that where  there cought them work with work permit,1
*URGENT - États-Unis : Très bonne nouvelle pour DONALD TRUMP*,2
"*AES : Assimi Goïta lance un projet en faveur de l’armée, les détails*",1
*La RUSSIE conclut un partenariat historique avec ce pays africain*,1
*FRANCE : Des migrants étrangers expulsés en Jet privé*,1
https://t.me/TronKeeperBot/app?startapp=6371291427,1
https://www.youtube.com/live/lULDtpR011g?si=gL9WIrN1v8ZCN6xI,1
Place disponible maintenant au metro Dmitri Daskova pour 3 personnes garçon dans la chambre pas lions du métro 15 minutes,1
*DEUX anciens Présidents français faisaient appel aux marabouts africains pour connaître l’issue des élections (PHOTO)*,1
"*URGENT - Nouveau scandale sexuel : Après Balthazar, les vidéos sextapes de l'influenceuse DACHI sont diffusées (VIDÉO)*",1
*GUINÉE ÉQUATORIALE : Mauvaise nouvelle pour la femme de BALTHAZAR (Vidéo)*,1
Bonsoir. Besoin d'une place dans un appartement où dans une chambre,1
😛😋😋😋,1
Bonsoir à tous!,1
🙆🏿‍♂️,1
*Urgent - CÔTE D'IVOIRE : Décès de l'artiste Dan Marcel (Vidéo)*,1
*AES : La MINUSMA quitte définitivement le Mali*,1
https://chat.whatsapp.com/GoKFgAM6o1a4obI780cQwP,1
https://t.me/+V2g_mXzy-05kOTg6,1
https://www.facebook.com/share/v/15AtcDc49N/,1
🚨Besoin d'hommes🚨,1
*BURKINA FASO : Très mauvaise nouvelle pour l’ex président Paul-Henri DAMIBA*,1
*SÉNÉGAL : Ousmane SONKO se prononce sur sa relation avec le président DIOMAYE FAYE*,1
*AFRIQUE : Voici le premier importateur et consommateur de vin sur le continent*,1
Salut la famille je suis a la recherche d'une chambre urgent par loin du métro,1
https://www.facebook.com/share/p/t7bhFF1LpEiGsoCj/,1
https://www.facebook.com/share/1AcUdcvzrW/,1
Studio disponible non loin du metro,1
Urgent studio disponible interesse ib,1
Studio 35000p Pour plus le details écrire en privé ib …,1
Urgent studio disponible interesse ib,1
Studio 35000p Pour plus le details écrire en privé ib …,1
🚨Besoin d'hommes🚨,1
🚨🚨🚨🚨🚨🚨🚨🚨🚨🚨🚨🚨🚨🚨🚨🚨🚨🚨 Une bonne place pour garçon disponible dans une maison a 5 min du metro Каховская ligne grise.,2
Place disponible pour une fille non loin du metro,1
https://www.facebook.com/share/p/wG1SoPo1VaNEzfd5/,1
*PS EVENT*,1
*PS EVENT*,1
*PS LOUNGE*,1
https://www.facebook.com/share/p/wG1SoPo1VaNEzfd5/,1
*PS EVENT*,1
https://www.facebook.com/share/p/wABHSLpVEAVos1Xq/,1
https://chat.whatsapp.com/DeZbQaC5fJ3JUHf74ZuXGY,1
https://t.me/+V2g_mXzy-05kOTg6,1
Deux places pour filles disponible dans d'une chambre pour 3 personne,1
NB: la civilisation Elle est  relative 😀😀😀,1
Es moi le bailleur ? c'est une annonce,1
Une chambre pour deux filles disponible au métro Dimitri donskova a 30.000r la maison n'est pas loin du métro plus une petite commission et c tout,1
Je n’ai pas dit que c’est vous. Comprenez la définition du mot ( civilisation) je ne suis pas ici pour vous expliquer ( je vous renvoie à fouiller Google ou un dictionnaire),1
Par conclusion ( une rectification du motif soit disant civilisation 😀😀😀),1
Toute personne est civilisée ( race. Ethnie. Origine…………),1
Je ne dirais pas que c’est la civilisation européenne qui est la meilleure 😀😀😀😀😀😀😀,1
Vraiment 😂😂😂,2
Salut besoin d'une personne pour le travail de restaurant lave vaisselle non loin du métro Marina Rocha,1
svp abonnés vous à ma page pour me soutenir svp,1
Utilise ce lien pour intégrer mon groupe WhatsApp : https://chat.whatsapp.com/GbMUG4G4EQIBGtnWjvCt0f,1
*GUINÉE ÉQUATORIALE : La femme de BALTHAZAR humiliée et huée dans un supermarché (Vidéo)*,2
*Les élections législatives au SÉNÉGAL : Voici les résultats provisoires*,1
*Décès du Dan Marcel: les causes sont enfin connues*,1
https://chat.whatsapp.com/GoKFgAM6o1a4obI780cQwP,1
Salut la famille besoin de 10 garçon pour un travail permanent de chantier finis payer 3100 après le travail juste nettoyage l'intérieur au métro mitino sortie 3 de 9 h a 18 h 40 rencontre a 8 h 20,1
*PLACE DISPONIBLE,1
Bonsoir à tous.,1
Remplacement: éducatrice francophone dans une école maternelle russe(Femme),1
Bonsoir à tous.,1
Besoin de 4 personnes au métro Salareva demain 09h00 17h45 3100p intéressés ib,1
Bonsoir à tous.,1
Bonsoir à tous.,1
Disponible pour une personne,1
Salut la famille Urgent besoin d'une place pour un garçon pas loin du Metro!,1
"*INSOLITE - Muluwork : Cette femme n’a ni mangé, ni bu d’eau depuis 16 ans (VIDÉO)*",1
*Emmanuel ADEBAYOR détruit publiquement le sélectionneur Nibombé  DARÉ : « Il n’est pas compétent...» (Vidéo)*,1
*Election législative au Sénégal : MACKY SALL envoie un message inattendu à Ousmane SONKO*,1
*Tensions au MALI : Le Premier ministre Choguel Maïga défie Assimi GOÏTA*,1
https://www.facebook.com/share/v/1GWdeiGuvu/,1
"🚨🚨🚨🚨Le travail dans les cantines scolaires  disponible. Le travail est de 8h à 16h. 2300 par jour. Si vous êtes intéressé, contactez-moi en privé. Le payement c’est 2 fois dans le mois , le 15 et 30 .",1
https://www.facebook.com/share/15KqzDbsT7/,1
https://vm.tiktok.com/ZMhnGMPL9/,1
Place disponible pour 1 fille non loin du metro,1
https://www.facebook.com/share/v/18C3xieW5r/,1
*BALLON d’Or africain 2024 : Voici la liste des cinq finalistes*,1
*AES - Niger : La France exige la libération immédiate d'un de ses ressortissants détenu par Niamey pour espionnage*,1
*BÉNIN : Patrice Talon prévoit investir plus de 100 milliards de FCFA dans ce domaine stratégique en 2025*,1
Tout les gens qui vos travailler à l’ecole interesse écrit moi en privé pour le modalités mrc !!!…,1
2PLACE  *Disponible pour *garçon dans la chambre de 4 personnes*,1
"Bonsoir, recrutement à ozone pouchkina, filles comme garçons, c'est l hiver et vous travaillez à l intérieur et au chaud, l heure de travail 8h- 20h, ou 20 h-8h, le travail c'est chaque jour , salaire 2600,3000,3500, jours ça dépend de ton poste de travail, la paye c est chaque 15jours, logement et transport gratuit, intéressé ib",1
*URGENT - ZIMBABWE : Un homme surnommé le Balthazar de Zimbabwe fouetté par les maris des femmes avec lesquelles il couche (Vidéo)*,1
*CAN Maroc 2025: la liste complète des 24 nations qualifiées*,1
*Voici le classement des 20 des pays africains avec une meilleure qualité des Routes*,1
https://chat.whatsapp.com/GbMUG4G4EQIBGtnWjvCt0f,1
https://www.facebook.com/share/p/15YUZqcnqp/,1
"Le constat est évident, que beaucoup de nos utilisateurs ne prennent pas le temps de personnaliser leur Profil et de se familiariser avec les fonctionnalités disponibles sur LOOP( https://joinloop.one/welcome).",1
Utilise ce lien pour intégrer mon groupe WhatsApp : https://chat.whatsapp.com/Gxlbc0sliFnJDCvY1IQsSB,1
https://joinloop.one/post/3288_.html,1
*URGENT - Mali : ASSIMI GOÏTA limoge le Premier ministre Choguel MAÏGA*,1
*TOGO : Quatre trafiquants d'organes humains et profanateurs de tombes arrêtés à Tsévié*,1
*Coup d'État manqué au BÉNIN : Du nouveau dans l’affaire Olivier Boko et Oswald Homeky*,1
*Le gouvernement accorde un délai d’un an aux occupants illégaux des réserves administratives*,1
https://joinloop.one/post/3289_important-loop-ongoing-updates-bug-fixes-amp-enhancements-dear-loopers-we-039-re.html,1
*Une PLACES (pour homme dans une chambre de 4 personnes),1
null,1
*On sait enfin pourquoi la Russie s’intéresse à l’Afrique (Vidéo)*,1
*Voici Cinq pays du monde qui n’ont pas d’aéroport*,1
*CLASSEMENT des pays africains avec la meilleure connexion internet*,1
*Un homme surnommé le Balthazar de Zimbabwe copieusement bastonné par les maris des femmes avec lesquelles il couche (VIDÉO)*,1
Appartement disponible 2 chambres,1
Pas mètres des appartements 😃😃😃😃,1
Une place disponible pour homme dans une grande chambre de deux personnes 🛑🛑🛑🛑🛑🛑🛑🛑🛑🛑🛑🛑🛑🛑🛑🛑🛑🛑🛑🛑,1
Disponible en federation de Russie,1
*Appel à l'action pour les résidents Africains !*,1
Сколько стоит красная рубашка 👚?,1
1.500₽ только Красавица,1
*Dernière minute - MALI : Assimi GOÏTA nomme le général ABDOULAYE MAÏGA nouveau Premier ministre*,1
*URGENT - Côte d’Ivoire : L’acteur Stéphane ZABAVY décédé (Vidéo)*,1
*MALI : L’ex-premier ministre Choguel Maïga réagit à son limogeage*,1
🛑🛑🛑 *Bonsoir. Urgent !!! Besoin d'un studio où d'un appartement*,1
Interested,1
🛑🛑🛑🛑🛑🛑🛑🛑🛑🛑🛑🛑🛑🛑🛑🛑🛑🛑🛑🛑🛑Boulot de 2 jours pour une fille fini payer,1
Besoin du rouble j'ai 500 miles au Cameroun taux Google svp c'est urgent,1
"Besoin 3 personnes (hommes ) pour un travail au métro Filatov lug sortie 1, le travail ne pas assez difficile ( juste déplacé les chaises et armoires) de 9h à 17h 2700r paye, le travail à long terme.",1
"Besoin 2 personnes (hommes ) pour un travail au métro Filatov lug sortie 1, le travail ne pas assez difficile ( juste déplacé les chaises et armoires) de 9h à 17h 2700r paye, le travail à long terme.",1
*URGENT - Balthazar déclaré innocent par la Cour suprême et libéré de la prison (VIDÉO)*,1
*ALERTE : La Russie tire un puissant missile balistique intercontinental contre l’Ukraine (Vidéo)*,1
*BURKINA FASO : Coup dur pour l'ex-président PAUL-HENRI DAMIBA*,1
null,1
*COMMENT S'EFFECTUE LE PAIEMENT D'UN TRAVAIL DE 3.000 ROUBLES (par jour) 2 FOIS PAR MOIS.*,1
3 places disponibles pour homme,1
⚠️⚠️⚠️⚠️ Départ prévu le 18 décembre,1
😀😀😀,1
*Urgent - CAMEROUN : Les cortèges des ministres Nganou Djoumessi et Paul Motaze écrasent et tuent un élève (VIDÉO)*,1
*MALI : Voici les ministres du nouveau gouvernement (La liste)*,1
*CANADA : Un Togolais et sa femme condamnés pour détournement de fonds public*,1
Space available for a man. 15 minutes to the metro. Contact+79687107286 for more details,1
Bonsoir place disponible pour une fille🙎,1
*Voici les 5 pays d'au monde qui n’ont pas d’AÉROPORT (La Liste)*,1
*BON À SAVOIR : Voici comment vous débarrasser des tartres sur les dents*,1
*Échange téléphonique entre Vladimir POUTINE et Diomaye FAYE : Voici ce qu’ils se sont dit*,1
*La FRANCE se prononce sur le mandat d'arrêt international de la CPI contre Benjamin NETANYAHU*,1
"Je vous assure que le président camerounais et son régime devront répondre des souffrances endurées par les Camerounais chaque jour. Les larmes et les pleurs sont constants. Je suis à bout, ma tête est prête à exploser, je n'arrive plus à dormir. La situation est insupportable.",1
Besoin de deux  hommes maintenant pour un travail de chantier nettoyage intérieur et ainsi de suite .,1
𝗷𝗼𝗶𝗻 𝗮𝗻𝗱 𝘀𝗵𝗮𝗿𝗲 𝗼𝘂𝗿 𝗴𝗿𝗼𝘂𝗽 𝘁𝗼 𝗿𝗲𝗰𝗲𝗶𝘃𝗲 𝗶𝗻𝗳𝗼𝗿𝗺𝗮𝘁𝗶𝗼𝗻 𝗮𝗯𝗼𝘂𝘁 𝘁𝗿𝗮𝗻𝘀𝗳𝗲𝗿 𝗿𝗮𝘁𝗲𝘀 𝗲𝘃𝗲𝗿𝘆 𝗱𝗮𝘆.,1
ALERTE INFO,1
Peut-on lier le taux de bancarisation d'un pays et son  niveau de développement économique?,1
Disponible,1
ALERTE INFO,1
https://www.youtube.com/live/p68BD2Sn2Jc?si=pUApQWpki27mSyVu&sfnsn=wa,1
‼️⚡️3300р/смена‼️,1
https://chat.whatsapp.com/GoKFgAM6o1a4obI780cQwP,1
"Voila ici c le complexe evenementiel ""ARI CLUB""nous vous presentons un appercu de notre collection des chambres hauts standing Vip et des suites deluxes pour vos sejours paisibles et agreables.nos prix sont incroyables et indiscutables.",1
On vous contacte ou?,1
Voila mon numero,1
Place disponible pour homme,1
"Alors que le monde observe avec attention les efforts des BRICS pour remodeler l’ordre économique mondial, une nouvelle tendance semble mettre à mal leurs ambitions. Les banques étrangères, loin de s’aligner sur l’agenda de dé-dollarisation de l’alliance, renforcent au contraire leurs réserves en dollars américains. Cette évolution, dans un contexte où les devises locales des BRICS s’effondrent, interpelle davantage sur l’avenir de la multipolarité économique et la résilience du système financier mondial",1
Suivez ce lien pour rejoindre ma communauté WhatsApp : https://chat.whatsapp.com/DkWUnfpSPiqFIPPjbFI3fT,1
https://joinloop.one/post/3315_yoyaz-yoyazmyoyazoyoyazkyoyazzyoyazpyoyaziyoyazjyoyazmyoyaz-yoyaziyoyazmyoyaz-yo.html,1
Space available for a man. 15 minutes to the metro. Contact+79687107286 for more details,1
*BALTHAZAR va traduire en justice tous ceux qui ont regardé et partagé ses vidéos*,1
"*Voici le CLASSEMENT des 10 pays les plus riches du monde, énorme surprise dans le Top 10*",1
*Guerre en Ukraine : VLADIMIR POUTINE ordonne la production en grande quantité d’un puissant missile balistique*,1
*Le capitaine IBRAHIM TRAORÉ prend une décision radicale au Burkina Faso (Photo)*,1
Disponible,1
Chambre disponible non loin du metro,1
Une place disponible au métro kotelniki a 10.000r et commission 3000r.la place c'est dans une chambre de 3 personnes.,1
🛑🛑🛑🛑🛑🛑🛑🛑🛑🛑🛑,1
Bonjour une place disponible pour une fille,1
*Trop de filles de 30ans célibataires pourtant*,1
Elles ont préférée rêver que de vivre.😁😁😁,1
Le problème : c’est quand toi tu veux connaître la vie des filles de 30 ans ( sorcellerie),0
Elles veulent des hommes riches,1
Besoin de 05 personnes demain pour travail de déchargement de 11h à 21h payé 3000r après boulot.,1
🚨🚨🚨🚨besoin demain de 10 personnes pour un boulot permanent (école) de 280roubles l'heure et payé chaque semaine sans retard,1
https://www.facebook.com/share/1Bd97Zha1m/,1
Bonjour je suis à la recherche d'une femme célibataire 25 à 40 ans,1
African food by Odile,1
40 mille,1
Yes réggie toi même tu sais,1
Très propre et super 🎉🫰,2
https://www.facebook.com/share/p/wG1SoPo1VaNEzfd5/,1
*PS LOUNGE*,1
https://www.facebook.com/share/p/wG1SoPo1VaNEzfd5/,1
*PS EVENT*,1
https://www.facebook.com/share/p/wABHSLpVEAVos1Xq/,1
https://chat.whatsapp.com/DeZbQaC5fJ3JUHf74ZuXGY,1
https://t.me/+V2g_mXzy-05kOTg6,1
Space available for a man. 15 minutes to the metro. Contact+79687107286 for more details,1
Salut la famille besoin de 2 filles et 2 garçons qui ont les documents pour un travail de chantier permanent finit payer 3100 de 9 h a 17 h au métro spartak sorti 4,1
*SÉNÉGAL : Le pays perd un grand homme (Photo)*,1
*Affaire BALTHAZAR : L’influenceuse ivoirienne EMMA LOHOUES s’implique*,1
"*TOGO – Accicent à Klobateme : Plusieurs morts, le bilan*",1
"*Voici le CLASSEMENT des 10 pays les plus riches du monde, énorme surprise dans le Top 10*",1
Un studio disponible pour deux personnes maximum 3 pas plus.,1
⚠️⚠️⚠️⚠️ Départ prévu le 18 décembre,1
*URGENT - Les images spectaculaires d’un avion russe avec 90 passagers qui prend feu à l’atterrissage (Vidéo)*,1
*Dernière minute : Le Niger exige le remplacement immédiat de l’ambassadeur de l’UE*,1
*SÉNÉGAL : L’ancien président Macky SALL traduit devant la Justice*,1
https://youtu.be/_LAEGROKhtw?si=hGQDDUjMHacrmv1w,1
Besoin ce matin de 01 personne(homme) pour travail de chantier de 9h00 à 18h00 payé 3000r,1
‎Open this link to join my WhatsApp Group: https://chat.whatsapp.com/E1qcc8fymKk9ywjdFmNckx,1
‎Open this link to join my WhatsApp Group: https://chat.whatsapp.com/GoKFgAM6o1a4obI780cQwP,1
*Une PLACES (pour homme dans une chambre de 4 personnes),1
Studio disponible,1
"*Urgent - GUINÉE ÉQUATORIALE : BALTHAZAR a quitté l’Afrique, Voici le pays dans lequel il se refuge (Vidéo)*",1
*MALI : Plusieurs soldats russes tués*,1
*Philippines: La capitale Manille ravagée par des flammes (Vidéo)*,1
*Voici l’endroit le plus dangereux pour les femmes*,1
Un ordinateur HP a vendre a 13mil,1
Mon point de vue sur la vie en Russie avec Le président fondateur Jaurel TSAFACK,1
https://chat.whatsapp.com/GoKFgAM6o1a4obI780cQwP,1
https://joinloop.one/post/3370_decouvrez-academie-jbt-vous-cherchez-a-ameliorer-vos-competences-a-vous-preparer.html,1
‎Open this link to join my WhatsApp Group: https://chat.whatsapp.com/GoKFgAM6o1a4obI780cQwP,1
Client de quoi svp? 😎,1
https://www.facebook.com/share/p/1DWBj8pG89/,1
On l'a arrêté ?,1
Et si vous pouviez avoir une plateforme adaptée à vos besoins uniques ? LOOP est la première HyperApp qui apprend et s'adapte à vos habitudes ! Rejoignez la communauté des LOOPers et découvrez un tout nouveau monde de possibilités infinies https://joinloop.one/register !,1
📣🌟 *Join the Future Now with LOOP!*,1
📣🌟 **Rejoignez le Futur Maintenant avec LOOP !**,1
https://joinloop.one/reels/46,1
Bonjour besoin d'un homme maintenant travaille vaisselle jusqu'à 23h 30 . 3000p,1
Les gars j'achète le rouble peut importe le montant tu as contacte moi on voit comment gérer,1
Un téléphone honore a vendre a 8000r,1
*TOGO : Voici pourquoi TOGOCOM change de nom et devient YAS*,1
*AES : Le Sénégal rejette la carte Nina du Mali et exige la carte biométrique de la CEDEAO*,1
*GABON : Un ex-ministre d’ALI BONGO introuvable après une convocation*,1
*URGENT - Côte d’Ivoire : Des terroristes membres de l’Etat islamique arrêtés à ABIDJAN*,1
‼️⚡️3300р/смена‼️,1
40mille,1
"Toutes ses informations sont gratuites mais comme vous êtes né avec l'esprit d'être malhonnête vous allez faire payer vos frères, après c'est pour venir dire la Russie est dure",1
Oui ils ont les choix de le faire en payant chez nous et d'aller eux même à la police prendre les informations...,1
Les russes ont raison de nous traiter comme ils le font,1
Tu dois payer d'abord pour publier ton film 🎥 la ici...,1
😅 il suffit juste d'avoir les bons réseaux rien d'extraordinaire,1
"Il utilise les mêmes procédés, sinon il n'a aucun moyen pour vérifier à la maison",1
Nulle part j'ai dis que je le fais à la maison mais au moins une personne en étant en état irrégularités alors lui même ne peux pas se presenter à la police pour prendre ces infos par peur d'être arreter où deporter il peut passer par nous et nous allons aider...,1
Place disponible pour UN garçon non loin du metro,1
Place disponible pour une fille non loin du metro,1
Ça veut dire quoi ?,1
Bonsoir besoin de 3 hommes pour un travail d’intérieur de démontage dans un stand au Park vdnkh,1
La question maintenant est de savoir jusqu'à quel point les africains en sont conscients ?,1
Deux places disponibles pour deux filles au métro Dimitri bulvar doskovo intéresse inbox rapidement 🛑🛑🫡🫡🫡🛑🛑🛑🛑🛑🛑🛑🛑🛑🛑🛑🛑🛑🛑🛑🛑🛑🛑🛑🛑,1
Deux places disponibles pour deux filles au métro Dimitri bulvar doskovo intéresse inbox rapidement 🛑🛑🫡🫡🫡🛑🛑🛑🛑🛑🛑🛑🛑🛑🛑🛑🛑🛑🛑🛑🛑🛑🛑🛑🛑,1
* CHAMBRES DISPONIBLES,1
LA DICTATURE SANGUINAIRE ET GÉNOCIDAIRE EN ACTION.,1
‎Open this link to join my WhatsApp Group: https://chat.whatsapp.com/GoKFgAM6o1a4obI780cQwP,1
Deux places disponibles pour deux filles au métro Rechnoy vokzal a une minute du sortie 1  intéresse inbox rapidement 🛑🛑🫡🫡🫡🛑🛑🛑🛑🛑🛑🛑🛑🛑🛑🛑🛑🛑🛑🛑🛑🛑🛑🛑🛑,1
Bonjour une place disponible pour une fille🙆,1
Bonjour la famille Les chaussures disponibles,1
Deux places disponibles pour deux filles au métro Dimitri bulvar doskovo intéresse inbox rapidement 🛑🛑🫡🫡🫡🛑🛑🛑🛑🛑🛑🛑🛑🛑🛑🛑🛑🛑🛑🛑🛑🛑🛑🛑🛑,1
ALERTE INFO !,1
null,1
Chambre disponible non loin du metro,1
Salut la famille besoin de 8 garçons pour un travail de chantier finis payer 3200 de 9 h 17h 45,1
Deux places disponibles pour deux filles au métro Rechnoy vokzal a une minute du sortie 1  intéresse inbox rapidement 🛑🛑🫡🫡🫡🛑🛑🛑🛑🛑🛑,1
"🚨🚨🚨🚨Le travail dans les cantines scolaires disponible . Le travail est de 8h à 16h. 2300 par jour. Si vous êtes intéressé, contactez-moi en privé.",1
"🚨🚨🚨🚨Work in school canteens  available. The Work is from 8am to 4pm. 2300 per day. If you are interested, contact me privately.",1
🚨 TERRAIN TITRE A VENDRE A YAOUNDE 🚨,1
https://youtu.be/XKMk_92uM-Q?si=83b8rHiM1TgmMSj5,1
https://youtu.be/XKMk_92uM-Q?si=83b8rHiM1TgmMSj5,1
Besoin de 4 hommes pour un travail de chantier intérieur.,1
Besoin de 1 homme pour un travail de chantier intérieur.,1
🚨Bonjour place pour fille et garçon disponible dans une maison à 7mn à pieds du métro intéressé mon ib est climatisé,1
Une chambre disponible pour que 2 filles à l’intérieur à 4 minutes des pieds au métro Rechnoy vokzal     Les intéressé écrivez moi vite en privé,1
https://www.facebook.com/share/p/wG1SoPo1VaNEzfd5/,1
*PS LOUNGE*,1
https://www.facebook.com/share/p/wG1SoPo1VaNEzfd5/,1
*PS EVENT*,1
https://www.facebook.com/share/p/wABHSLpVEAVos1Xq/,1
https://chat.whatsapp.com/DeZbQaC5fJ3JUHf74ZuXGY,1
https://chat.whatsapp.com/DeZbQaC5fJ3JUHf74ZuXGY,1
Ça c’est pour quoi ?,1
https://youtu.be/XKMk_92uM-Q?si=83b8rHiM1TgmMSj5,1
‎Open this link to join my WhatsApp Group: https://chat.whatsapp.com/GoKFgAM6o1a4obI780cQwP,1
Une place disponible pour homme dans une chambre .,1
🌍 Appel à l’action pour la Communauté Africaine ! 🌍,1
Salut à tous les LOOPers !,1
FORMIDABLE !,1
Place disponible pour UN garçon non loin du metro,1
Place disponible pour une fille non loin du metro,1
*CAMEROUN : Une enseignante meurt en plein cours (PHOTO)*,1
"*Sur 43 États africains, Voici le Top 20 les plus émergents*",1
*JOE BIDEN : Le président américain a choisi ce pays pour son premier voyage en Afrique*,1
*OUGANDA : Plusieurs morts dans des glissements de terrain (Vidéo)*,1
*AES / Mali : Assimi GOÏTA évoque les élections présidentielles*,1
5 человек нужен,1
"В день 3000 руб . Зарплата каждые 15 дней . С меня аванс как выйдут на работу . Жилье , еда и вся зимняя одежда",1
Видное,1
40 mille,1
African food by Odile,1
What is the use of these,1
J'ai besoin d'un travail à temps partiel demain si quelqu'un m'a fait savoir,1
https://youtu.be/XKMk_92uM-Q?si=83b8rHiM1TgmMSj5,1
‎Open this link to join my WhatsApp Group: https://chat.whatsapp.com/GoKFgAM6o1a4obI780cQwP,1
https://youtu.be/XKMk_92uM-Q?si=_ETNC_NwJtbBfDLf,1
Lave vaisselle fille 11 h 23 h 3200 rouble fini payer,1
Bonjour la famille Les chaussures disponibles,1
Hey la mifa,1
*SMILE INSTITUTE* situé à Tyioply Stan recherche pour besoin de ses services un coiffeur expérimenté pour un contrat permanent bien vouloir nous contacter ib pour plus de détails. +79623331145,2
Une chambre disponible pour que 2 filles à l’intérieur à 4 minutes des pieds au métro Rechnoy vokzal     Les intéressé écrivez moi vite en privé,1
https://www.facebook.com/share/14eyBDdCCF/,1
Chambre disponible pour une fille non loin du metro,1
Chambre disponible pour une fille non loin du metro 20 mille rouble,1
"I send you my respectful greetings hoping that you are well! please I need a room in an apartment or a studio, whoever has one please write to me. Thank you for your understanding",1
Chambre disponible pour 2 filles 20 mille rouble non loin du metro,1
Suivez ce lien pour rejoindre ma communauté WhatsApp : https://chat.whatsapp.com/DkWUnfpSPiqFIPPjbFI3fT,1
https://www.facebook.com/share/v/1Dx6RZ1NFV/,1
https://chat.whatsapp.com/GoKFgAM6o1a4obI780cQwP,1
Utilise ce lien pour intégrer mon groupe WhatsApp : https://chat.whatsapp.com/Flf0BdzmukyKiZUS1gy7UL,1
⛔️⛔️⛔️⛔️⛔️⛔️⛔️⛔️⛔️⛔️⛔️⛔️⛔️⛔️⛔️⛔️⛔️⛔️⛔️⛔️⛔️⛔️⛔️Bonsoir la famille Nadegda Service lance le Challenge de Rocky Boxer 🥊 prix a gagner 🏅 2500 p fille et garçon . Nous attendons vos vidéos priez de me contacter pour plus d’informations,1
Part-time restaurant job . Time 11:00-23:00. Payment 3200 rub . Contact+79687107286,1
BON DIMANCHE !,1
"*SMILE INSTITUTE* recrute pour besoin de ses services un coiffeur professionnel salaire 2800 roubles par jour (il doit pouvoir m'apporter un rendement, pas juste dormir et attendre le salaire) travail au chaud et tranquille. Contact si intéressé au +96233311450 WhatsApp uniquement",1
Je vend les parpaings vibrer,1
Bonsoir a tous une place pour garçon disponible dans une maison à 7mn à pieds du métro intéressé mon ib est climatisé,1
null,1
null,1
iPhone ?,1
Part-time restaurant job . Time 11:00-23:00. Payment 3200 rub . Contact+79687107286,1
‎Open this link to join my WhatsApp Group: https://chat.whatsapp.com/GoKFgAM6o1a4obI780cQwP,1
*Voici Les 6 Pays africains ayant acheté le plus d’armes depuis les cinq dernières années*,1
*Découvrez les 5 pays africains où l’armée française est encore présente*,1
*L'artiste DAVIDO au cœur d'un scandale: « J’ai les numéros de téléphone de 14 présidents. Je peux les appeler directement »*,1
"*Togo : La police arrête un faux policier à Zossimé, les faits*",1
Une chambre disponible pour que 2 filles à l’intérieur à 4 minutes des pieds au métro Rechnoy vokzal     Les intéressé écrivez moi vite en privé,1
https://chat.whatsapp.com/LPBAXXrCtQZ3uYFJhpNbQn,1
https://youtu.be/Y1uvMIHdtP0?si=5dkyIjl9Q5eIDo4n,1
https://m.youtube.com/watch?v=DRocEK6LuQg,1
Place disponible pour 2 filles non loin du metro,1
"Si quelqu’un a besoin de recevoir l’argent à partir de Kinshasa pour la Russie. Veuillez me contacter, le frais est de 1% seulement",1
‎Open this link to join my WhatsApp Group: https://chat.whatsapp.com/GoKFgAM6o1a4obI780cQwP,1
Un studio style américain disponible a dimri bulvard :,1
"🚨🚨🚨🚨Le travail dans les cantines scolaires disponible . Le travail est de 8h à 16h. 2300 par jour. Si vous êtes intéressé, contactez-moi en privé.",1
"🚨🚨🚨🚨Work in school canteens  available. The Work is from 8am to 4pm. 2300 per day. If you are interested, contact me privately.",1
https://www.facebook.com/share/v/153ULTZeJX/,1
🚨Besoin d'hommes🚨,1
https://www.facebook.com/share/p/wG1SoPo1VaNEzfd5/,1
Bonjour,1
Deux places disponibles pour hommes intéressés inbox 🛑🛑🛑🛑🛑🛑🛑🛑🛑🛑🛑🛑🛑🛑🛑🛑🛑🛑🛑🛑🛑🛑🛑🛑🛑🛑🛑🛑🛑🛑🛑🛑🛑🛑🛑🛑🛑🛑🛑🛑🛑,1
"🚨🚨🚨🚨Le travail dans les cantines scolaires disponible . Le travail est de 8h à 16h. 2300 par jour. Si vous êtes intéressé, contactez-moi en privé.",1
"🚨🚨🚨🚨Work in school canteens  available. The Work is from 8am to 4pm. 2300 per day. If you are interested, contact me privately.",1
https://youtu.be/KwNYWpBBIEE,1
I need a bed space,1
Disponible a métro Kotelniki !,1
🚨🚨🚨🚨besoin demain de 10 personnes pour un boulot permanent (école) de 285roubles l'heure et payé chaque semaine sans retard,1
Disponible à métro Kotelniki,1
FORMIDABLE !,1
‎Open this link to join my WhatsApp Group: https://chat.whatsapp.com/GoKFgAM6o1a4obI780cQwP,1
маленькая змея,1
https://www.facebook.com/share/v/1Af7rs4tau/,1
https://www.facebook.com/share/1D9qaeF6hA/,1
1 PLACE DISPONIBLE POUR UNE FILLE DANS UNE CHAMBRE DE 2 PERSONNES DONT UNE EST DÉJÀ LÀ.,1
https://www.facebook.com/share/r/15gEJoig2m/,1
ALERTE INFO !,1
Bonjour,1
https://joinloop.one/post/3530_voici-quelques-bonnes-raisons-pour-lesquelles-vous-devriez-utiliser-la-plateform.html,2
Je demande à l'empêcher de saturer aussi avec ses annonces s'il n'ouvre pas aussi sont groupe pour que d'autres publi aussi les leurs,1
🚨🚨🚨 Part-time restaurant job. Payment after working 3000 rub. Need 2 guys. Time 11:00-23:00. +79687107286,1
‎Open this link to join my WhatsApp Group: https://chat.whatsapp.com/GoKFgAM6o1a4obI780cQwP,1
1 PLACE DISPONIBLE POUR UNE FILLE DANS UNE CHAMBRE DE 2 PERSONNES DONT UNE EST DÉJÀ LÀ.,1
Nvo Numero Mimie.vcf (file attached),1
Bonjour aux admis de ce groupe,1
null,1
Svp ce numéro aussi 🙏,1
null,1
https://youtube.com/shorts/4-LaFN12rvU?si=l3bqkHa9KYnhXtOm,1
Bonsoir besoin d'un homme demain lave vaisselle 8h 20h 3000p intéressé inbox,1
https://www.facebook.com/share/1EdampUgvs/,1
"🚨🚨🚨🚨Le travail dans les cantines scolaires disponible . Le travail est de 8h à 16h. 2300 par jour. Si vous êtes intéressé, contactez-moi en privé.",1
"🚨🚨🚨🚨Work in school canteens  available. The Work is from 8am to 4pm. 2300 per day. If you are interested, contact me privately.",1
Bonsoir besoin d'un homme demain lave vaisselle 8h 20h 3000p intéressé inbox,1
https://t.me/+nl8FDqAl7Ag3YjU6,1
Voici un cas d'école que j'ai posté aujourd'hui 😉,1
https://chat.whatsapp.com/GoKFgAM6o1a4obI780cQwP,1
Voyage prévu pour le 27 décembre 2024,1
⚠️⚠️⚠️⚠️ Départ prévu le 18 décembre,1
null,1
✈️✈️Départ confirmé,1
Départ prévue le 27 Décembre,1
‎Suivez ce lien pour intégrer mon Groupe WhatsApp  : https://chat.whatsapp.com/JeiWu3VUZ1p0CSSiQAPuWD,1
‎Suivez ce lien pour intégrer mon Groupe WhatsApp  : https://chat.whatsapp.com/KENpG8tFGdEJjj2anxGZVG,1
Places disponibles pour un homme métro domodedovskaya sortie 9,1
L'HOMME DE LA SITUATION !,1
Départ prévue le 27 Décembre,1
ALERTE INFO,1
https://chat.whatsapp.com/DkWUnfpSPiqFIPPjbFI3fT,1
https://www.facebook.com/share/p/1AZDe9HNCG/,1
‎Open this link to join my WhatsApp Group: https://chat.whatsapp.com/GoKFgAM6o1a4obI780cQwP,1
Départ prévue le 27 Décembre,1
null,1
Place disponible pour une fille non loin du metro,1
‎Open this link to join my WhatsApp Group: https://chat.whatsapp.com/LHZ5qmQEImYC3D2FZuKUkS,1
Besoin de deux hommes pour un travail ce soir .,1
Ville stp ?,1
Bonsoir à tous demain il y'a du travail : Работа на улице снега почти.. besoin de 150 personnes,1
✅une place dans  une chamber de deux dans un appartement ✅,1
⚠️⚠️⚠️⚠️ Départ prévu le 18 décembre,1
Utilise ce lien pour intégrer mon groupe WhatsApp : https://chat.whatsapp.com/BhRYDBQlT0zEgo99KZ00VO,1
Départ prévue le 27 Décembre,1
Besoin de 4 hommes pour un travail de chantier intérieur,1
UNE PLACE DISPONIBLE POUR UNE FILLE DANS UNE CHAMBRE DE 2 PERSONNES.,1
Départ prévue le 27 Décembre,1
Chambre disponible au métro kotelniki a 20mil,1
https://t.me/TronKeeperBot/app?startapp=6371291427,1
⛑️⛑️⛑️ besoin de 15 personnes nettoyage de chantier a l'intérieur 3200 payer sur le chantier,1
Femme aussi?,1
https://youtu.be/9V-RyY52gO8?si=nF3L3hH4DFp_IlIv,1
*SYRIE: Les rebelles renversent le dictateur BACHAR AL-ASSAD après 24 ans de pouvoir (Vidéo)*,1
"*Les 15 principaux producteurs d’or en Afrique : Malgré leurs situations, le MALI et le BURKINA parmi les leaders*",1
*88 médicaments à éviter : Découvrez pourquoi Ils sont jugés dangereux pour la santé*,1
*Beauté ou danger ? Voici les graves impacts des faux-cils sur votre santé*,1
*Afrique face à la dette : Les 10 pays les plus affectés par l’endettement extérieur*,1
🚨🚨🚨🚨🚨🚨🚨🚨🚨🚨🚨🚨🚨🚨🚨🚨🚨🚨🚨,1
svp abonnés vous et partager les amours❤,1
Un appartement de deux chambres salon disponible pour 5 personnes maximum disponible a schyokolskaya,1
https://chat.whatsapp.com/GoKFgAM6o1a4obI780cQwP,1
Bonjour 2 place disponible pour  👭filles à domo interssée inbox,1
"Bonjour à tous,",1
Il faut un compte émail de ton téléphone voler,1
"Lorsque vous achetez le téléphone il y’a aussi un code sur le carton, si tu avais relevé se code, il y’aura la possibilité",1
https://www.facebook.com/share/p/14S79VJ3M9/,1
Un studio disponible,1
Place disponible pour une filles,1
🍾🍾🔥🔥🔥départ pour le 21 décembre 2024 Moscou - Douala Yaoundé bafoussam et dans toutes les villes du Cameroun 🔥🔥🔥🔥,1
* CHAMBRES DISPONIBLES,1
Utilise ce lien pour intégrer mon groupe WhatsApp : https://chat.whatsapp.com/BhRYDBQlT0zEgo99KZ00VO,1
null,1
https://www.facebook.com/share/v/1AkeacweS9/,1
N'oubliez pas la référence et la révolution dans les transferts d'argent partout dans le monde c'est une seule adresse   +79996700083,1
Départ prévue le 27 Décembre,1
https://chat.whatsapp.com/KH73qQDDja1HmH8icA3nF2,1
Intégrez mon groupe WhatsApp de dermopigmentation capillaire pour vous hommes ou femmes qui avez des problèmes de pertes de cheveux. Peu importe la ville dans laquelle vous vous trouvez en Russie car je ferais des déplacements dans certaines villes dans les jours à venir. Vous aurez aussi les témoignages des clients satisfaits,0
https://chat.whatsapp.com/GoKFgAM6o1a4obI780cQwP,1
‎Open this link to join my WhatsApp Group: https://chat.whatsapp.com/E1qcc8fymKk9ywjdFmNckx,1
https://www.facebook.com/share/p/wG1SoPo1VaNEzfd5/,1
*PS LOUNGE*,1
https://www.facebook.com/share/p/wG1SoPo1VaNEzfd5/,1
*PS EVENT*,1
https://www.facebook.com/share/p/wABHSLpVEAVos1Xq/,1
https://chat.whatsapp.com/DeZbQaC5fJ3JUHf74ZuXGY,1
https://chat.whatsapp.com/DeZbQaC5fJ3JUHf74ZuXGY,1
*C'est la fin d'année !*,1
Place disponible 🛑🛑🛑 pour garçon intéressé  ib ➕️ 🚨🚨🚨🛑🛑🚨🚨🚨🚨🚨,1
https://chat.whatsapp.com/KH73qQDDja1HmH8icA3nF2,1
⚠️⚠️⚠️⚠️ Départ prévu le 18 décembre,1
Une chambre disponible pour que 2 filles à l’intérieur à 4 minutes des pieds au métro Rechnoy vokzal     Les intéressé écrivez moi vite en privé,1
Une chambre disponible pour que 2 filles à l’intérieur à 4 minutes des pieds au métro Rechnoy vokzal     Les intéressé écrivez moi vite en privé,1
*Pour votre bien-être et pour ne voir que ce dont vous avez besoin :*,2
*Justice internationale : La CPI prête encore à frapper deux personnalités en Afrique (Photo)*,1
*Un laboratoire AFRICAIN défie les grandes puissances médicales occidentales avec une nouvelle invention : ce que vous devez savoir*,1
*KYLIAN MBAPPÉ face aux accusations de viol : Le joueur réagit enfin*,1
*La CEDEAO en panique : Le président sénégalais Diomaye FAYE veut se rapprocher de l'AES*,1
"*Dernière minute : Air France veut revenir au MALI, au NIGER et au BURKINA FASO (Vidéo)*",1
*INDE : Un père commet l'impensable en épousant sa propre fille (Photo)*,1
*RDC : Une mystérieuse maladie tue les enfants*,1
"Besoin d’une fille pour travail dans un restaurant. Paye 3500 la journée. Horaires: 11h du matin- 11h du soir.   Pour plus amples informations, ib.",1
🏃🏿🏃🏿🏃🏿🏃🏿🏃🏿🏃🏿🏃🏿🏃🏿🏃🏿,1
"*Qui est AL-JOULANI, le nouvel homme fort de la Syrie ?*",1
*CÔTE D'IVOIRE : Un jeune artiste au cœur d'un scandale de rituel satanique (Photo)*,1
*Coup dur pour l'armée française*,1
*Une tragédie familiale : Un père condamné à 5 ans de prison pour avoir trop secoué son bébé*,1
"*Catastrophe imminente : 4 milliards de personnes risquent la soif et la faim d’ici 2100 selon l'ONU, les détails*",1
"*""En 24 heures, je peux ..."" : TRUMP s'invite en Ukraine et donne une ultimatum au président ZELENSKY*",1
*Mauvaise nouvelle pour le Roi du Maroc : Mohammed VI chute...*,1
L'histoire de Donald YOKA (l'homme du Kremlin) : Mon expérience depuis mon arrivé en Russie,1
"bsr à ts, svp abonnés vous et partager mes amours❤",1
"ООО, это что",1
?,1
Тренировка интимной,1
🤔,1
многие пары расстаются из-за этого вопроса,1
"приходите на тренировку, чтобы выполнить физические упражнения, связанные с этой практикой",1
Есть много тренеров,1
Какой именно,1
Тебя стыдно 🙈?,1
Besoin d’un homme pour un travail de restaurant 8h 16h 3000r,1
https://www.facebook.com/share/3YZLYJeL6B9Z1ZLu/?mibextid=LQQJ4d,1
SVP abonnez-vous à moi,2
Tu vends quoi ?,1
🚨🚨🚨🚨Douala ou Yaoundé pour Moscou 23kg disponible pour le 16 décembre bon prix,1
*Pour votre bien-être et pour ne voir que ce dont vous avez besoin :*,2
Réparation de machine à laver,1
Contactez nous 🙏🏾,1
*Pour votre bien-être et pour ne voir que ce dont vous avez besoin :*,2
https://joinloop.one/post/3613_welcome-to-all-new-loopers-we-are-excited-to-welcome-you-onboard-unlike-other-pl.html,1
Femme aussi ?,1
"Y a-t-il un emploi dans la restauration disponible pour le vendredi soir, le samedi ou le dimanche ?",1
*Le célèbre rappeur américain JAY-Z accusé de v!ol sur mineure*,1
*La Côte d’Ivoire est plus endettée que les 3 pays de l'AES réunis : Découvrez l'étendue sa dette*,1
*Un Burkinabè condamné en Guinée pour usurpation de la profession d'avocat : Les faits !*,1
"*A l'approche des présidentielles, Gbagbo fait une grande promesse aux Ivoiriens victimes de la guerre civile*",1
"*HAÏTI : Plus de 100 personnes âgées et prêtres vodou exécutés pour ""sorcellerie"" (Photos)*",1
*ISRAËL : Le premier ministre NETANYAHU rattrapé par la justice pour plusieurs scandales*,1
*Une personnalité française veut réduire le nombre de musulmans europe et enflamme les réseaux (Vidéo)*,1
"*"" CR7 n’a aucune valeur"" : CRISTIANO violemment taclé par un champion UFC (Vidéo)*",1
‎Open this link to join my WhatsApp Group: https://chat.whatsapp.com/GoKFgAM6o1a4obI780cQwP,1
⚠️⚠️⚠️⚠️ Départ prévu le 18 décembre,1
"Unloading of boxes in the warehouse (online store of goods). There are carts. We work until 22:00. A PASSPORT IS REQUIRED FOR ACCESS. (VNUKOVO CARGO terminal) The work is permanent. Payment is made every day. 3,600 rubles. details in ib",1
*Le gouvernement malien s’arme d’une usine d’explosifs*,1
*NIGER : la France déstabilisée par la fin de l'uranium nigérien*,1
*CRISTIANO RONALDO : Un post du portugais fait trembler le monde du sport ; Regardez !*,1
*Fêtes de fin d’année : Un réseau de boissons frelatées démantelé par la police (Photos)*,1
"*Le footballeur ghanéen Asamoah Gyan "" ruiné ""*",1
"*Demande du certificat de nationalité en ligne au TOGO : un progrès pour les citadins, une catastrophe pour les ruraux (PHOTOS)*",1
*OFFICIEL : Découvrez le pays qui va organiser la Coupe du Monde 2034*,1
*INSOLITE : Ce pays africain offre par erreur 50 milliards FCFA à la CHINE*,1
https://youtube.com/shorts/GmTVTsW5I9g?si=F4Y7pp6CJ0T3oOBp,1
"Ca fait des années q nous n'avons de cesse de recommander aux africains nos plateformes technologiques innovantes et à l'epreuve du future afin de se premunir contre la volatilité de certaines devises ainsi que l'epee de damocles sur les pays CFA, qu'est sa devaluation.",1
Place disponible pour une femme dans une chambre de deux femmes metro annino ou Dimitri  11000,1
https://chat.whatsapp.com/GoKFgAM6o1a4obI780cQwP,1
Besoin demain d'une personne proche du métro planernaya pour un travail d'école 2500/jour ( permanent),1
J’ai besoin d’un appartement de 30 mil urgent à Moscou,1
👋🏾 LOOPers!,1
Une place disponible intéressé inbox 🛑🛑🛑🛑🛑🛑🛑🛑🛑🛑🛑🛑🛑🛑🛑🛑🛑🛑🛑🛑🛑🛑🛑🛑,1
Une place disponible  dans une chambre intéressé inbox 🛑🛑🛑🛑🛑🛑🛑🛑🛑🛑🛑🛑🛑🛑🛑🛑🛑🛑🛑🛑🛑🛑🛑🛑,1
Une place disponible  dans une chambre intéressé inbox 🛑🛑🛑🛑🛑🛑🛑🛑🛑🛑🛑🛑🛑🛑🛑🛑🛑🛑🛑🛑🛑🛑🛑🛑,1
Une chambre disponible pour deux personnes au métro kotelniki a 20.000r,1
🚨🚨🚨🚨 adresse disponible pour le travail de l’école.,1
🚨🚨🚨🚨1285/5	Ул.Вишневая д 20 к1.,1
Besoin maintenant de 04 hommes proches du métro Domodedovskaya pour travail de déchargement dans un entrepôt de 10h00 à 20h00 payé 3200r après boulot.,1
Bonjour besoin d'une place disponible pour homme dans une chambre de 2personnes ou maxi 3personne,1
👋🏾 LOOPers !,1
"Bien noté: Ceux qui souhaite recevoir des récompense pour avoir référé une personne à participer au financement participatif et autres transactions sur LOOP, ils doivent impérativement utiliser leur lien de parrainage suivant les différentes possibilité s indiquées ci-dessus.",2
Vous aviez les jeux de pinceau 🖌 ?,1
bsr à ts mes amours abonnés vs svp,1
"*SYRIE : Le cercueil de l'ancien président, BACHAR AL-ASSAD brûlé par les rebelles (VIDÉO)*",1
*Ce pays d'Europe cherche 100.000 migrants pour sauver son économie*,1
*CÔTE D'IVOIRE : Un faux policier infiltré dans les rangs des forces de l’ordre (Photo)*,1
*FLOYD MAYWEATHER : Le légendaire boxeur américain agressé pour son soutien à Israël (VIDÉO)*,1
*KYLIAN MBAPPÉ accusé de viol en Suède : La décision judiciaire vient de tomber*,1
*PUISSANCE militaire : Voici les 10 pays africains dotés de la force aérienne la plus prête au combat*,1
"*NIGER : Les autorités portent plainte contre RFI, pour cette raison...*",1
*TOGO : Voici les 79 universités privées reconnues par le gouvernement (La Liste)*,1
Utilise ce lien pour intégrer mon groupe WhatsApp : https://chat.whatsapp.com/BhRYDBQlT0zEgo99KZ00VO,1
null,1
Salut une place disponible dans une grande chambre pour homme loyer 8500p intéresse 🛑🛑🛑🛑🛑🛑🛑🛑🛑🛑🛑🛑🛑🛑🛑🛑🛑🛑🛑🛑🛑🛑🛑🛑🛑🛑🛑🛑🛑🛑,1
✈️✈️Départ confirmé,1
Un ordinateur HP en vente 15.000r négociable légèrement avec garantie de 2 mois en cas de Quoi remboursement intégral de votre argent.. pour les caractéristiques inbox,1
"Who has ever worked with this person, is she male or female or they them, is she a bot , is she legit, because who the person is the person been posting things and don't reply, why the fuck then are you posting don't post for us <This message was edited>",1
These are things I was talking about 🤦🏽‍♂️🤦🏽‍♂️🤦🏽‍♂️,1
You give scamming vybez 🤦🏽‍♂️,1
⚠️⚠️⚠️⚠️ Départ prévu le 18 décembre,1
‎Open this link to join my WhatsApp Group: https://chat.whatsapp.com/GoKFgAM6o1a4obI780cQwP,1
18 Décembre départ Yaoundé - Moscou.  23 kg x 3 disponibles à Yaoundé. 1000 r le kg chaud  chaud 🩷🩷🇨🇲🇷🇺 +79683603275,1
*FRANCE : Des Africains réduits à l'esclavage après avoir été piégés par des promesses de travail*,1
Bonjour besoin d'une coiffeuse à schyolkovskaya svp,1
"*Drame à Agoè ZONGO : Une passerelle piétonne renversée par un camion, plusieurs morts signalés (Vidéo et Photos)*",1
*IMMIGRATION clandestine : Une fillette 11 ans sauvée après trois jours en mer méditerranée sans boire ni manger (Photo)*,1
"*Sur le point de quitter le Tchad, un avion de chasse français  tombe en panne*",1
"*Coup dur pour BARTHÉLÉMY DIAS : Après le siège de député, l'opposant sénégalais perd son poste de maire de Dakar, les faits*",1
*FRANCE : 3 étudiants âgés de 19 à 20 ans interpellés pour avoir préparé des attentats*,1
*Révélations explosives : le président Joe Biden accusé d'avoir détourné l'argent destiné à l'Ukraine pour financer son fils*,1
*VLADIMIR POUTINE séduit encore le continent africain avec l’extension du Visa russe à 3 nations africaines*,1
✈️✈️Départ obligatoire,1
⚠️⚠️⚠️⚠️ Départ prévu le 19 et le 20 décembre,1
https://www.facebook.com/share/v/19qrumcEyS/,1
Place disponible pour fille dans une chambre de deux filles 11000rouble métro annino ou dimitry interresser inbox,1
"le mot à la mode aujourd'hui dans la Finance, mais qu'est-ce qu'un 𝐒𝐭𝐚𝐛𝐥𝐞𝐜𝐨𝐢𝐧 et comment cela est-t-il entrain de changer le flux de paiement ?",1
"Le stablecoin USDT qui est très usité par beaucoup en Afrique et par ceux qui ne comprennent pas réellement ce qui se passent, ne présente aucune garantie de réserve, ils refusent toute vérification de leur réserve, du coup chacun qui le détient c'est à ses risques et périls.",1
Important rappel aux utilisateurs actuels et futurs de LOOP - https://joinloop.one/welcome !,1
‎Suivez ce lien pour intégrer mon Groupe WhatsApp  : https://chat.whatsapp.com/LqAbtjKAoeLE7TQtQaFT9V,1
https://www.facebook.com/share/v/182931wehD/,1
Bonsoir,1
Bsr c'est pour travailler quoi svp ?,1
Hello Delicieux (euses) !,1
✈️✈️Départ confirmé,1
https://youtube.com/shorts/l-czWoRi8Ac?si=WzM2DfP_3tRlXoyi,1
Une place disponible dans une grande chambre loyer 8500p intéresse inbox 🛑🛑🛑🛑🛑🛑🛑🛑🛑🛑🛑🛑🛑🛑🛑🛑🛑🛑🛑🛑🛑🛑🛑🛑🛑🛑🛑🛑🛑🛑,1
Une place disponible dans une grande chambre loyer 8500p intéresse inbox 🛑🛑🛑🛑🛑🛑🛑🛑🛑🛑🛑🛑🛑🛑🛑🛑🛑🛑🛑🛑🛑🛑🛑🛑🛑🛑🛑🛑🛑🛑,1
ALERTE INFO,1
‎Open this link to join my WhatsApp Group: https://chat.whatsapp.com/GoKFgAM6o1a4obI780cQwP,1
*Urgent - CORÉE DU SUD : Les députés ont destitué le président Yoon Suk Yeol*,1
"*""Il a appuyé sur la gâchette"" : Un enfant de 2 ans tue sa propre mère par accident*",1
*Zelensky défie Poutine : Des drones ukrainiens envoyés en Syrie pour soutenir les rebelles et affaiblir la Russie*,1
"*TOGO : Nouvelle tentative d'arnaque démasquée par l'OTR, les faits*",1
*Les ÉTATS-UNIS accusés de manipuler l'économie mondiale : La CHINE contre-attaque*,1
"*""Nous l’avons rajeuni"" : L’âge d'un joueur noir en Europe au cœur de la polémique (Photo)*",1
*CÔTE D'IVOIRE 2025 : Blé Goudé fait trembler le président OUATTARA avec une demande surprenante (Vidéo)*,1
*Licenciements massifs : 450 fonctionnaires visés par le ministère de la Fonction publique (Photo)*,1
Mon grand de manjo Tchangue Marcel.... plusieurs décennies dans le combat.....mon grand vrai vrai biya ne peut pas quitter au pouvoir par les élections.....si ce n'est pas une révolution populaire.....où coup d'état .....je ne pense pas.... mais content de savoir que tu es toujours en activité.....,1
Besoin d’une place pour homme dans une chambre de places svp,1
Bonjour la famille besoins de travailler les deux semaines de congés,1
Part-time restaurant job today in the night  for a man. payment 3000 rub. Time 22:00-10:00.+79687107286,1
Bonsoir 3 places disponibles pour des filles intéressées inbox,1
🔥🔥🔥🇨🇲Moscou - Douala (Yaoundé -bafoussam - nord -sud )🔥🔥 se samedi 21 décembre 2024 🛫🛬🛩️🛩️,1
🙁,1
BESOIN DE 25 PERSONNES ( FEMMES ET HOMMES ),1
Garçons et filles,1
Deux places pour garçons disponibles non loin du métro nekrasovka,1
Bsr Combien svp,2
https://chat.whatsapp.com/GoKFgAM6o1a4obI780cQwP,1
Place disponible pour fille dans une chambre de deux filles 11000rouble métro annino ou dimitry interresser inbox,1
Utilise ce lien pour intégrer mon groupe WhatsApp : https://chat.whatsapp.com/GbMUG4G4EQIBGtnWjvCt0f,1
🚨🚨🚨🚨🚨🚨🚨🚨🚨🚨🚨🚨🚨🚨🚨🚨🚨🚨🚨🚨🚨,1
ALERTE INFO,1
*EVGUENI PRIGOJINE : Une statue inaugurée en hommage à l’ex-patron de WAGNER dans ce pays africain (Photos)*,1
"*AES : Quel est le pays le plus endetté entre le Mali, le Burkina Faso et le Niger ?*",1
*Voici les pays africains avec les taux de chômage des jeunes les plus élevés*,1
"*Qui est Rimtalba Jean Emmanuel Ouédraogo, le nouveau Premier ministre du Burkina Faso ?*",1
"*ENQUÊTE : Le bilan des morts à Gaza serait gonflé pour promouvoir un discours anti-israélien, selon une étude du NY Post*",1
Please who post this jacket I need it I can't fine the person number in the group please someone should help,1
Bonjour svp qui peut avoir le lien pour crée un compte à tinkoff banque,1
*💛💛💛 Fatiguez de payer les commissions sur vos transactions interbancaires ?*,1
23 kg x 2 disponible au Cameroun bon prix départ 18 Décembre ib,1
Bsr svp combien le kg,2
🚨🚨🚨🚨,1
Deux places pour garçons sont disponibles dans un appartement très propre non loin du métro nekrasovka,1
5 places disponibles dans un appartement de deux chambres et salon a 11800r/chacun y compris les factures  au métro schyokolskaya a 25 mn du métro.,1
Place disponible pour fille dans une chambre de deux filles 11000rouble métro annino ou dimitry interresser inbox,1
🛑🛑🛑🛑🛑🛑🛑demain besoin de 07 personnes au,1
🛑🛑🛑🛑🛑🛑🛑demain besoin de 07 personnes au,1
*Découvrez le CLASSEMENT des 10 villes les plus PROPRES d'Afrique*,1
*URGENT - Ballon d'Or Africain 2024 : Le nom du vainqueur a fuité (Photo)*,1
*GAMBIE : Très Mauvaise nouvelle pour le dictateur Yahya JAMMEH*,1
*Un banquier ghanéen qui a quitté son travail pour rejoindre l'armée russe serait mort au front (Photo)*,1
https://www.facebook.com/share/v/15S9tNuyLd/,1
Salut besoin d’une fille demain  pour un travail de nettoyage 09h-17h50,1
‎Open this link to join my WhatsApp Group: https://chat.whatsapp.com/GoKFgAM6o1a4obI780cQwP,1
*URGENT - Le nigérian Ademola Lookman sacré Ballon d'Or Africain 2024 (Vidéo)*,1
*SYRIE : Le dictateur BACHAR AL-ASSAD révèle enfin les coulisses de sa fuite de Damas pour la Russie*,1
*INSOLITE : Cet homme et sa femme choisissent la boxe pour régler leurs conflits conjugaux (Vidéo)*,1
*Voici le pays africain le plus visité en 2024*,1
Place disponible pour fille dans une chambre de deux filles 11000rouble métro annino ou dimitry interresser inbox,1
* CHAMBRES DISPONIBLES,1
🚨🚨🚨Part-time restaurant job available today. Payment 3000 rub. Time 11:00-23:00. Contact +79687107286.,1
Salut besoin de 2 filles maintenant proche de la ligne 11 pour un travail de nettoyage fini à 17h50,1
Chambre disponible non loin du metro,1
ECOUTONS ATTENTIVEMENT CETTE VIDÉO.,1
*NANI : L'ancien joueur de Manchester United et du Portugal tire sa révérence*,1
*Drame au Sénégal : Un jeune viole sa mère victime d’AVC*,1
*L’Université de Lomé sous pression : Des milliers d’étudiants risquent de ne pas s'inscrire (Photo)*,1
"*Révélation choc : Les premiers humains en Europe sont d'origine africaine, selon des nouvelles études*",1
*Règlement de comptes entre milliardaires : Elon Musk prédit la faillite imminente de Bill Gates*,1
*VLADIMIR POUTINE séduit encore le continent noir avec l’extension du Visa russe à 3 nations africaines*,1
"*Mauvaise nouvelle pour Asma el-Assad, l'épouse de l'ex-président syrien Bachar EL-ASSAD*",1
🛑🛑🛑 besoin de Garçons (20) a *KB Радумля* situé a 1h30 de Moscou.,1
"LE CHANGEMENT, C'EST MAINTENANT !",1
https://youtu.be/3rqvZZbrfxg?si=ZSf3ede0Cr2o70lz,1
Salut besoin de 15 filles pour un travail de nettoyage fini payé 22h-05h50,1
🛑🛑🛑🛑🛑🛑🛑besoin de 15 filles au,1
🛑🛑🛑🛑🛑🛑🛑besoin des personnes pour travailler au restaurant,1
"🚨🚨🚨🚨Le travail dans les cantines scolaires disponible . Le travail est de 8h à 16h. 2300 par jour. Si vous êtes intéressé, contactez-moi en privé.",1
"🚨🚨🚨🚨Work in school canteens  available. The Work is from 8am to 4pm. 2300 per day. If you are interested, contact me privately.",1
*Voici les 15 pays africains dans le Top 20 mondial des économies les plus dynamiques en 2025 (La Liste)*,1
"*Fiasco total du Concert de TESCO LE SULTAN : 75 spectateurs présents sur 15000 places, les internautes de moquent de l'artiste (Vidéo)*",1
*URGENT - La BAD sanctionne lourdement 12 entreprises Africaines pour fraude et corruption entre 2023 et 2024 (La Liste)*,1
*La CEDEAO donne un délai de six mois aux pays de l’AES pour reconsidérer leur retrait (Vidéo)*,1
🛑🛑🛑🛑🛑🛑🛑Demain besoin de 40 personnes au,1
🛑🛑🛑 besoin de Garçons (10) a *KB Радумля* situé a 1h30 de Moscou.,1
🛑🛑🛑🛑🛑🛑🛑Demain besoin de 40 personnes au,1
"Bonsoir. Besoin de deux hommes, corpulence sportive, 2500 roubles pour 1 heure de travail demain à 18h 30. Intéressé ib.",1
Fermé,1
🛑🛑🛑🛑🛑🛑🛑Demain besoin de 40 personnes au,1
🛑🛑🛑🛑🛑🛑🛑Demain besoin de 40 personnes au,1
🛑🛑🛑🛑🛑🛑🛑Demain besoin de 40 personnes au,1
https://joinloop.one/post/3682_starlink-une-recette-pour-la-colonisation-numerique-par-engr-chigozie-chukwuemek.html,1
*SYRIE : Les rebelles au pouvoir assassinent des proches du dictateur BACHAR AL-ASSAD (VIDÉO Sensible)*,1
*RÉVÉLATION CHOC : Un ex-jihadiste révèle que la France a tenté de le recruter pour commettre un attentat dans ce pays africain (PHOTO)*,1
*TOGO : Le gouvernement lance l’opération « Zéro mendiant » dans les rues de Lomé*,1
*Accident d’AGOÈ-ZONGO : Les autorités annoncent des arrestations et révèlent les causes de l’effondrement de la passerelle*,1
*ÉTATS-UNIS : Très mauvaise nouvelle pour le président DONALD TRUMP*,1
https://www.evite.com/event/01AFCFGK4MXYTU3XEEPPXS6QGUQ6EY?gid=0114VOP2V4PUJEJ44EPPXTDWSNKNIQ&emhm5=3ffcb2fbe96c4aa0231fc219792361ba&emhs1=4cf8bf244db8bb50d842994cf7b74721032eb530&emhs2=a965cdb6ab2ae7a7faa6cdd23262a7a0470fc6b4795797730d1be8018a7ffcf3&utm_campaign=view_invitation_bt&utm_content=&utm_medium=email&utm_source=GUEST_INVITE_EVENT_PLUS,1
https://www.facebook.com/share/18VTFfWCtr/,1
Place disponible pour fille dans une chambre de deux filles 11000rouble métro annino ou dimitry interresser inbox,1
But du forum,1
🚨🚨🚨Part-time restaurant job available today. Payment 3000 rub. Time 12:00-23:00. Contact +79687107286.,1
Bonsoir svp qui peut me créer un compte PayPal ici en russie,1
PayPal est bloqué en Russie 🇷🇺 à cause des sanctions.,1
Besoin de 15 filles travail de nettoyage à 13 h jusqu'à 20h30 2600 fini payer,1
2 places disponibles pour filles métro domodedovskaya,1
*URGENT - Guerre en Ukraine : Un haut responsable de l'armée russe tué dans un attentat (Photo et Vidéo)*,1
*Découvrez les 10 pays africains où la police est la plus corrompue*,1
*Découverte révolutionnaire : Une énigme mathématique datant de mille l'an résolue par deux lycéennes africaines (PHOTO)*,1
"*Classement 2024 des 10 pays africains leaders dans l’importation de Riz, la Côte d'Ivoire et le Bénin en tête*",1
"*Dernière Minute : Le Bénin lance un mandat d'arrêt international contre le milliardaire sénégalais YÉRIM SOW, les faits*",1
Studio 1 chambre cuisine et toilette,1
2PLACES DISPONIBLES,1
Bonsoir les amis je veux une chambre pour un nouveau étudiants à Moscou,1
"🚨🚨🚨🚨Le travail dans les cantines scolaires disponible . Le travail est de 8h à 16h. 2300 par jour. Si vous êtes intéressé, contactez-moi en privé.",1
"🚨🚨🚨🚨Work in school canteens  available. The Work is from 8am to 4pm. 2300 per day. If you are interested, contact me privately.",1
Place disponible pour fille dans une chambre de deux filles 11000rouble métro annino ou dimitry interresser inbox,1
*URGENT - La Russie annonce l’arrestation de l’auteur de l’attentat qui a tué le général KIRILLOV (Vidéo)*,1
*Le NIGER quitte définitivement la CEDEAO : Décision historique*,1
"*Les ÉTATS-UNIS vont supprimer l'application TIKTOK en janvier 2025, Voici pourquoi !*",1
"*HIMRA révèle enfin la vraie signification de son signe "" 1X ""*",1
🎄✨ Découvrez les saveurs magiques de Noël avec AZAR Délices ! ✨🎄,1
Svp Besoin de quelqu'un qui quitte Moscou Douala ces jours,1
Utilise ce lien pour intégrer mon groupe WhatsApp : https://chat.whatsapp.com/GbMUG4G4EQIBGtnWjvCt0f,1
‎Open this link to join my WhatsApp Group: https://chat.whatsapp.com/GoKFgAM6o1a4obI780cQwP,1
⚠️⚠️⚠️⚠️ Départ prévu le 19 décembre donc aujourdhui je serai a donolovo de 13h a 19h,1
*SENEGAL : Les féministes veulent marcher nues contre la culture de viol (image)*,1
*Effondrement de la passerelle d'AGOÈ-ZONGO : Le procureur de la république brise enfin le silence*,1
*AVIATION : 55 Compagnie aériennes africaines interdites d'aller en Europe (La Liste)*,1
"*Décision historique : Nicolas Sarkozy condamné à un an de prison ferme, les faits*",1
*Voici les 6 pays africains qui ont rejeté la présence militaire de la France sur leur territoire*,1
Tu dis chambre mais cest l'intérieur de larmoir tu montre😀😃,1
"Besoin de 5 personnes pour un bon travail permanent a Yandex, travail très facile rien ne compliqué que tu sois a jour ou pas, tu vas travailler juste besoin de ton passeport.",1
À la recherche d'une chambre à Moscou urgent,1
Tu es où,1
2 places disponibles pour les filles dans dans une chambre de trois personnes,1
Besoin de 4 personnes pour travail d'école payé chaque mercredi en raison de 285r l'heure minimum juste besoin dun carnet médical et soyez sérieux svp.,1
https://www.facebook.com/share/v/1AoiZYhfZJ/,1
Salut besoin de 10 filles pour un travail de nettoyage fini payé 21h-05h50,1
*Voici Les 10 Pays africains où les policiers sont moins corrompus*,1
*Accident tragique à Adétikopé : Un Camion écrase plusieurs personnes (Vidéo)*,1
*Loi anti-homosexualité au Ghana : Découvrez la décision finale de Cour suprême du pays*,1
*Le pasteur demande à la mariée de se démaquiller avant la célébration du mariage (Vidéo)*,1
*Nouveau Naufrage en RDC : Au moins 25 morts sur la rivière Fimi (Vidéo)*,1
Elle est décédée ? 🙆🏿‍♂️,1
"Si un infirme dans la pauvreté (handicapé ) qui ne peut pas faire le chantier, ni l'entrepôt, ni le restaurant bref s'il ne peut pas faire les travaux que toi tu peux faire vu que tu es valide, alors pourquoi tu ne peux pas manifester beaucoup d'amour plus que cet infirme (handicapé).",1
Salut la famille besoin de 20 filles pour un travail de chantier de 9 h a 18 h fini payé 2900 rencontre a 8 h 15 au métro vadniy stadion sortie 1,1
BESOIN DE 6 HOMMES POUR UN TRAVAIL DE CHANTIER INTÉRIEUR,1
Place disponible pour fille dans une chambre de deux filles 11000rouble métro annino ou dimitry interresser inbox,1
🚨🚨🚨🚨🚨🚨🚨🚨🚨🚨🚨🚨🚨🚨🚨🚨🚨Départ confirmé  le 23 Décembre 2024,1
🛑🛑🛑🛑🛑🛑🛑Demain besoin de 30 personnes au,1
"*URGENT - JUAN BRANCO : L'avocat d'Ousmane SONKO accusé de viol par 4 femmes, tous les faits*",1
*Vladimir POUTINE envoie un message fort à Donald TRUMP : «Je suis prêt à...»*,1
"*Voici pourquoi John D. Mahama, le président élu du Ghana a rendu visite à FAURE GNASSINGBÉ avant son investiture*",1
*ASSIMI GOÏTA est inarrêtable / Bamako rebaptise ses rues : L’Avenue CEDEAO devient l’Avenue de l’AES (Vidéo)*,1
🛑🛑🛑🛑🛑🛑🛑Demain besoin de 30 personnes au,1
🚨🚨🚨Part-time restaurant job available today. Payment 3000 rub. Time 12:00-23:00. Contact +79687107286.,1
Salut la famille besoin de  10 filles maintenant pour un travail de chantier de 11 h 19h30 a 18 h fini payé 2900  au métro vodniy stadion sortie 1,1
2 places disponibles pour les filles dans dans une chambre de trois personnes,1
*Bonjour 👋 les gars*,1
🔥🔥🛩️🛩️ départ pour demain le 21 décembre 2024 Moscou - Douala Yaoundé et bafoussam,1
"Un appartement de deux chambres disponibles au métro perevo a 5mn a pied l'appartement peut contenir maxi 6 personnes,10mil par personne pour le loyer ya caution et commission aussi a part.",1
Salut la famille besoin de 20 filles pour un travail de chantier de 9 h a 18 h fini payé 2900 rencontre a 8 h 15 au métro vodniy stadion sortie 1,1
Place disponible pour 2 filles intéressées inbox,1
Une chambre disponible pour couple dans un nouveau appartement .,1
Bonsoir à tous 23 kilos disponible,1
🛑🛑🛑🛑🛑🛑🛑Demain besoin de 15  personnes au,1
🛑🛑🛑🛑🛑🛑🛑Demain besoin de 15  personnes au,1
"*AES : Voici les avantages pour le Burkina Faso, le Mali et le Niger de quitter la CEDEAO*",1
*Alassane OUATTARA sera-t-il candidat à la présidentielle en 2025 ? Découvrez la réponse claire du gouvernement*,1
"*INSOLITE Escroquerie au Sénégal : Un aveugle dérobe 30 millions à 179 victimes, voici sa stratégie*",1
*Un autre pays sur le point de rejoindre l'AES ? Ibrahim TRAORÉ vient de recevoir…*,1
*FRANCIS MVEMBA : Le milliardaire congolais arrêté au Sénégal pour cette étrange raison*,1
*Les 88 médicaments à éviter : Découvrez pourquoi Ils sont jugés dangereux pour la santé ( La Liste)*,1
Salut la famille besoin maintenant 10 filles pour un travail de chantier finis payer 2900 de 9 h a 17 h 45 au métro vodniy stadion sortie 1 rencontre a 8 h 30,1
Am coming,1
🚨🚨DÉPART IMMINENT.,1
null,1
null,1
https://chat.whatsapp.com/GoKFgAM6o1a4obI780cQwP,1
Salut la famille besoin d'une chambre pas loin du métro,1
Suivez ce lien pour rejoindre ma communauté WhatsApp : https://chat.whatsapp.com/FI7SxlhldeZ59PYkVyXJVG,1
*Un Togolais sauvagement assassiné en Côte d’Ivoire : les faits révélés*,1
*Alassane OUATTARA annonce une bonne nouvelle aux Pays trois de l'AES*,2
"*Après les pays de l’AES, Air FRANCE suspend sa ligne directe avec cet autre pays d’Afrique*",1
*Les 10 pays Qfricains les plus touchés par la faim et la malnutrition en 2024*,1
*Une mère condamnée à une lourde peine de prison après que soit mort alors qu'elle jouait sur son téléphone (Photo)*,1
*Vladimir POUTINE envoie un message fort à Donald TRUMP : «Je suis prêt à...»*,1
*Justice Internationale : La prete encore à frapper deux personnalités Africaines (Photos)*,1
https://youtube.com/shorts/c4iMftzvFkE?si=sRJJnFG4paVW6OFB,1
null,1
Salut la famille besoin d'une chambre pas loin du métro,1
https://youtube.com/shorts/b5Waaa0rXrQ?si=naFMer3qiOt0QkHY,1
🚨 *Urgent* 🚨,1
Place disponible pour 2 filles intéressées Inbox,1
Salut la famille besoin de deux place pour fille même chambre non loin du métro,1
Salut famille besoin de 2 places pour hommes,1
souleymanegui65.vcf (file attached),1
"🚨🚨🚨🚨Le travail dans les cantines scolaires disponible . Le travail est de 8h à 16h. 2300 par jour. Si vous êtes intéressé, contactez-moi en privé.",1
"🚨🚨🚨🚨Work in school canteens  available. The Work is from 8am to 4pm. 2300 per day. If you are interested, contact me privately.",1
1  place disponible pour garçon  intéressé ib 🛑🛑🛑🛑,1
Ils faut signaler le métro,1
Travail d'école disponible à 7 min du métro planernaya payé 2300r chaque mercredi.,1
🚨 *Urgent* 🚨,1
Pour les camerounais,1
Travail d'école disponible à quelques min du métro tushinskaya et pyatnitskoye shosse payé 2300r chaque mercredi.,1
Bonsoir la famille,1
Bonsoir,1
https://www.facebook.com/share/p/1MqKjbxEMv/,1
A vendre bon prix,1
*CHAMBRE DISPONIBLE POUR FILLE*,1
*Drame au NIGERIA : Une bousculade dans une Église catholique fait 10 morts (PHOTOS)*,1
"*SCANDALE autour du Ballon d'Or 2024 / Achraf Hakimi Accuse la CAF : ""Ils m’ont fait croire que j’avais gagné""*",1
*RDC : Suspension de 8 Chaînes Canal+ Jugées « Immorales » (La Listés de chaînes)*,1
*Effondrement d’un Pont en RDC : Une région coupée du reste du pays (Vidéo)*,1
*Voici les premières images des soldats français quittant le Tchad (Photos)*,1
*Drame à DAPAONG : Un zémidjan égorgé dans des circonstances tragiques*,1
Bonsoir je veux 40 mil roubles svp ; qui a l’équivalent en cfa on fais l’échange ?,1
Soyez le petit papa Noël 🎅 de vos enfants en les rendant *CHIC ET CHOC*  .,1
https://www.leetchi.com/fr/c/koko-ateba-2063413?utm_source=native&utm_medium=social_sharing,1
🚨🚨🚨Permanent restaurant job. Payment 3200 rub.Time 11:00-23:00. +79687107286,1
*PLACE DISPONIBLE POUR DEUX Garçons* *Dans une Chambre de deux*,1
🏀🏀🏀 Bonjour chère Tous besoin d'une chambre budget 25000-30000,1
*URGENT - Notre planète sera-t-elle détruite ? Un astéroïde va frôler la terre ce mardi 24 décembre (Photo)*,1
*RECORD GUINNESS : Voici la somme d'argent que va gagner la cheffe ivoirienne ZEINAB BANCE*,1
*Un Homme d’affaires arrêté à l'aéroport avec 256 palettes de drogue caché sur son corps (La Vidéo)*,1
*ETATS-UNIS : Cet homme de 52 ans condamné à 130 ans de prison pour le meurtre de deux fillettes (Photos)*,1
"*Les États-Unis abattent par erreur leur propre avion de Chasse, les faits*",1
"*5 jours sans arrêt : Qui est ZEINAB BANCE, la cheffe ivoirienne qui vient de battre le record mondial du plus long Marathon culinaire ?*",1
3 places disponibles pour le garçon la chambre est pour 3 personnes seulement,1
"1-y Volokolamskiy proyezd, 9к1",1
‎Open this link to join my WhatsApp Group: https://chat.whatsapp.com/GoKFgAM6o1a4obI780cQwP,1
😞😀,1
Bonjour je viens de perdre mon bagage couleur verte à airport domodedovo,1
"Bonjour à toutes et tous deux garçons ont besoin d'une place très propre non loin de métro, c'est urgent s'il vous plaît.",1
Il y’a la ligne orange au fronds a l‘etage 1 ou -1,1
Salut la famille besoin quelqu'un maintenant pour un travail de lavage d'assiettes dans un petit café,1
Place disponible pour UN garçon non loin du metro,1
Ok merci 🙏,2
"Apparemment de 3 chambres a 70.000r , caution 50.000r , l'appartement se trouve a 10mn a pieds du métro Cherkizovsky Maxi 6 personnes, deux personnes par chambre",1
https://joinloop.one/reels,1
https://joinloop.one/post/3734_.html,1
https://chat.whatsapp.com/C95qW9UfpD4IoNUBHokuEQ,1
Chambre disponible au métro domodedovskaya,1
*Deux hommes arrêtés alors qu'ils tentaient de tuer ce Président africain avec de la sorcellerie (Photo)*,1
*Drame à New-York : Une femme brûlée vive dans le métro (Vidéo sensible)*,1
*GUINÉE : Le directeur général des douanes et son adjoint jetés en prison pour vols et corruption (Photos)*,1
*Le Nigeria fabrique désormais ses propres véhicules militaires Blindés (Les images)*,1
*DONALD TRUMP s’engage à mettre fin à la folie transgenre et à l'homosexualité dès son investiture*,1
"*Devenue indésirable au Sahel, la France focalise sa stratégie sur cet autre pays africain*",1
Bonsoir la famille,1
Le permis de conduire en Russie : Comment utiliser le permis de conduire que j'ai eu dans mon pays,1
"🚨🚨🚨🚨Le travail dans les cantines scolaires disponible . Le travail est de 8h à 16h. 2300 par jour. Si vous êtes intéressé, contactez-moi en privé.",1
"🚨🚨🚨🚨Work in school canteens  available. The Work is from 8am to 4pm. 2300 per day. If you are interested, contact me privately.",1
"🚨🚨🚨🚨Work in school canteens  available. The Work is from 8am to 4pm. 2300 per day. If you are interested, contact me privately.",1
Salut la famille besoin de 2 garçons demain pou un travail de chantier finis payer 3500 de 9 h a 17 h 30 rencontre 7 h 30 au métro domodevskay sortie 3,1
‎Open this link to join my WhatsApp Group: https://chat.whatsapp.com/GoKFgAM6o1a4obI780cQwP,1
✈️✈️Départ imminent confirmé,1
Salut la famille besoin d'un garçon maintenant pour un travail de chantier finis payer 3500 de 9 h a 17 h au métro koptevo sorti 2 rencontre a 8 h 20,1
Pourquoi tu ne veux pas croire que J'ai pas choisi LIZA pour noyer mes soucis,1
🚨🚨🚨Part-time restaurant job. Payment 3200 rub.Time 11:00-23:00. +79687107286,1
2 place disponible pour les filles métro domodedovskaya,1
https://www.facebook.com/share/r/1BfJkGRBQf/,1
+224626256552,1
Une place disponible dans une grande  chambre à 8500p.   Commission 3000p intéressé inbox 🛑🛑🛑🛑🛑🛑🛑🛑🛑🛑🛑🛑🛑🛑🛑🛑🛑🛑🛑🛑🛑🛑🛑🛑,1
*Congrès annuel de la diaspora camerounaise en Fédération de Russie*,1
Utilise ce lien pour intégrer mon groupe WhatsApp : https://chat.whatsapp.com/GbMUG4G4EQIBGtnWjvCt0f,1
Ca seras à Moscou? Bonsoir,1
*Voici les 15 villes les plus sales d'Afrique (Le Classement)*,1
*Algérie construit le plus haut pont ferroviaire d’Afrique (Vidéo)*,1
*Les Etats-Unis annoncent une très mauvaise nouvelle à l’Ethiopie*,1
*Puissance militaire : Ce pays membre de l’AES va utliser  27 % de son budget pour renforcer son armée*,1
*ETATS-UNIS : un homme condamné à 130 ans de prison (Photos)*,1
*AES : Patrice TALON prêt à trahir ses pairs de la CEDEAO ?*,1
*BURKINA FASO : Voici le verdict final du procès de détournement de 3 Milliards de FCFA*,1
https://t.me/+V2g_mXzy-05kOTg6,1
PAUVRE FRANCE !,1
L'HEURE A SONNÉ !,1
🚨🚨🚨Part-time restaurant job. Payment after working 3000 rub. Time 13:00-23:30. +79687107286,1
*Les 6 pays africains ayant acheté le plus d’armes de depuis cinq ans*,1
*URGENT - Très mauvaise nouvelle pour le Pasteur Camille MAKOSSO (Vidéos)*,1
*Puissance Militaire : Les 3 pays africains les plus puissants en 2024*,1
*Voici les 10 sportifs africains qui ont marqué l’an 2024 (La Liste)*,1
*Tragédie de Noël : un avion s’écrase avec 67 personnes à bord (Vidéo)*,1
Une place disponible dans une grande  chambre à 8500p.   Commission 3000p intéressé inbox 🛑🛑🛑🛑🛑🛑🛑🛑🛑🛑🛑🛑🛑🛑🛑🛑🛑🛑🛑🛑🛑🛑🛑🛑,1
*Voici pourquoi François COMPAORÉ est bloqué à Abidjan : Tout ce qu'il faut savoir*,1
*Des scènes de chaos lors du concert de Fally Ipupa : une enquête annoncée (Vidéo)*,1
"*Découvrez le rat le plus mortel du monde, capable de tuer un éléphant d'une seule morsure (VIDÉO)*",1
"*MOZAMBIQUE : Évasion massive de 1 534 détenus d’une prison de haute sécurité, découvrez leur stratégie (Vidéo)*",1
"*Sous l'influence de la drogue, un homme tue son propre fils de 4 ans (Photo)*",1
*BON À SAVOIR : Voici pourquoi les hommes ne devraient pas se laver à l’eau chaude*,1
"Notre souhait pour la nouvelle année 2025 qui se pointe à l'horizon, est que tout africain ait le courage, le sens de dignité bref le panafricanisme de refuser tout travail en Russie où l'on paiera moins de 3.000 roubles, que ça soit pendant l'hiver ou pendant l'été.",1
https://www.youtube.com/live/5wHyy1MbyP0?si=E-7qhwY_iWevd5rg,1
"*Voici la date à partir de laquelle le Burkina, le Mali et le Niger cesseront d'être membres de la CEDEAO*",1
"*Accident à ADIDOGOMÉ : un camion surchargé dévaste tout au carrefour SANOL, le bilan provisoire*",1
*MALI : La « Place AES » officiellement inaugurée à Bamako (Regardez)*,1
*Deux sorciers arrêtés alors qu'ils tentaient de tuer ce Président africain (Photo)*,1
*💛💛💛 Fatiguez de payer les commissions sur vos transactions interbancaires ?*,1
"Notre souhait pour la nouvelle année 2025 qui se pointe à l'horizon, est que tout africain ait le courage, le sens de dignité bref le panafricanisme de refuser tout travail en Russie où l'on paiera moins de 3.000 roubles, que ça soit pendant l'hiver ou pendant l'été.",1
https://youtu.be/z3efKiuFhgU?si=yoiUoEjrODYt5DMB,1
https://youtu.be/Q9TEi0PQIH4?si=bX-rvXsLYQg0xNlG,1
https://youtu.be/Q9TEi0PQIH4?si=bX-rvXsLYQg0xNlG,1
"Si vous faîtes partii d'une association socio-culturelle africaine en Russie qui ne vous parle jamais de ces 3 objectifs mais qui préfère vous demander toujours l'argent soit l'argent de cotisation; soit l'argent pour des activités qui ne contribueront jamais à votre émergence en Russie, alors quittez ces associations et ne contribuez jamais au cotisation.",1
⚠️⚠️⚠️⚠️ Départ prévu le 31 décembre,1
‎Open this link to join my WhatsApp Group: https://chat.whatsapp.com/GoKFgAM6o1a4obI780cQwP,1
Salut la famille besoin une place pour un garçon juste pour 3 jour urgent,1
"Salut à tous, s'il vous plaît, j'ai besoin d'un espace pour une fille. Si quelqu'un en a, veuillez me contacter via ce numéro +7 968 ​​640-68-41",1
Salut Place disponible pour deux hommes intéressé inbox Domo,1
*Voici le cadeau de Noël de Vladimir Poutine à Volodymyr Zelensky*,1
*Les Africains n'ont plus besoin de Visas pour se rendre dans ce pays*,1
*Classement des 10 Pays avec les budgets militaires les plus élevés au monde en 2024*,1
*Faure Gnassingbé et Ibrahim Traoré libèrent plus de 2 000 Prisonniers*,1
*Le général TIANI persiste et signe : La France finance les terroristes pour déstabiliser le Niger*,1
"*2025, C'EST LE TEMPS DE L'AFRIQUE EN RUSSIE*",1
Salut et bonne fête 🥳 J’ai besoin d’un Dizainer,2
Bonsoir la famille svp j'ai urgemment bonsoin d'une chambre à saint Petersburg,1
"Идите пожаловать к официальным офисом например полиция для этого района, и они будут отправлять вам в конкретном месте для жалобы. Но это будет заниматься больше 2 недели перед получением отрицательного или положительного ответа",1
"Si vous faîtes partii d'une association socio-culturelle africaine en Russie qui ne vous parle jamais de ces 3 objectifs mais qui préfère vous demander toujours l'argent soit l'argent de cotisation; soit l'argent pour des activités qui ne contribueront jamais à votre émergence en Russie, alors quittez ces associations et ne contribuez jamais au cotisation.",1
Utilise ce lien pour intégrer mon groupe WhatsApp : https://chat.whatsapp.com/GbMUG4G4EQIBGtnWjvCt0f,1
Offre d'emploi : Informaticien et Comptable,1
*SYRIE: La femme de Bachar al-Assad entre la vie et la mort*,1
*Un joueur de Real Madrid frappé par un grand malheur (Photo)*,1
*Voici les 10 choses à faire absolument avant 2025*,1
*Ce Pays membre des BRICS connait un taux inquiétant de chômage*,1
"*Naufrage au large du MAROC : 69 migrants périssent, dont 25 maliens, les faits*",1
*Classement des meilleurs aéroports au monde : Ce pays africain se hisse à la 2e place*,1
Place disponible pour un garçon au métro domodedovskaya,1
LC.vcf (file attached),1
Bonjour svp pouvez-vous ajouter ce numéro dans les groupe de travaille,1
*URGENT - Le Crash d’un avion en Corée du Sud ce dimanche fait 179 Morts (La Vidéo)*,1
*Voici les 5 Pays du monde qui n’ont pas d’aéroport (La Liste)*,1
*CRASH d’un avion d’Azerbaijan Airlines en Russie : Vladimir Poutine présente enfin ses excuses (VIDÉO)*,1
*Vol de pièces en Afrique : les monnaies africaines transformées en bijou en Chine*,1
https://joinloop.one/post/3762_the-dependence-on-musk-s-constellation-of-satellites-has-granted-him-unprecedent.html,1
1  place disponible pour garçon  intéressé ib 🛑🛑🛑🛑,1
"Si vous faîtes partii d'une association socio-culturelle africaine en Russie qui ne vous parle jamais de ces 3 objectifs mais qui préfère vous demander toujours l'argent soit l'argent de cotisation; soit l'argent pour des activités qui ne contribueront jamais à votre émergence en Russie, alors quittez ces associations et ne contribuez jamais au cotisation.",1
🛑🛑🛑🛑🛑🛑🛑🛑🛑🛑🛑🛑🛑🛑🛑🛑🛑🛑🛑🛑🛑🛑🛑🛑 besoin demain de 50 personnes.,1
*LE MENSONGE DU SIÈCLE*,1
Ça fait très mal tout ça la faute reviens aux autorités de l’Afrique,1
*ÉTATS-UNIS - Robert Brooks : Un détenu afro-américain battu et tué par des policiers blancs (Vidéo Sensible)*,1
*Nouvel accident aérien : Un avion de la compagnie néerlandaise KLM sort de la piste en Norvège (Vidéo)*,1
*Voici les causes du crash de l’avion en Corée du Sud tuant 178 passagers*,1
*Présentation des vœux de Nouvel An au Président FAURE GNASSINGBÉ – Tout ce que vous devez savoir*,1
*Dernière Minute : Sénégal - Macky SALL démissionne et quitte ses fonctions de...*,1
https://t.me/+V2g_mXzy-05kOTg6,1
https://www.facebook.com/share/p/wG1SoPo1VaNEzfd5/,1
*PS LOUNGE*,1
https://www.facebook.com/share/p/wG1SoPo1VaNEzfd5/,1
*PS EVENT*,1
https://www.facebook.com/share/p/wABHSLpVEAVos1Xq/,1
https://chat.whatsapp.com/DeZbQaC5fJ3JUHf74ZuXGY,1
https://chat.whatsapp.com/DeZbQaC5fJ3JUHf74ZuXGY,1
*C'est la fin d'année !*,1
"*Urgent - JIMMY CARTER : L’Ex-Président des États-Unis meurt à l'âge de 100 Ans, son parcours (Vidéo)*",1
*Cinquième accident aérien en moins d'une semaine : Un avion d’Air CANADA dérape et prend feu à l’aéroport Stanfield (La Vidéo)*,1
*Mauvaise Nouvelle : Voici la Liste des téléphones qui ne pourront plus utiliser WHATSAPP dès le 1er Janvier 2025*,1
*Les 10 Pays africains où la police est la plus corrompue (La Liste)*,1
*Les 10 pays africains où la police est moins corrompue (La Liste)*,1
🚨🚨🚨🚨Bonsoir a tous place pour fille disponible dans une maison à 7mn à pieds du métro intéressé mon ib est caramélisé,1
Groupe limité veillez intégrer notre groupe télégramme attend car wasap pourra bientôt ne plus être disponible sur le territoire .,2
Salut une chambre disponible au métro Dimitri bulvar danskovo à 15 minutes du métro 28000p la chambre intéresse inbox pour plus d’informations 🛑🛑🛑🛑🛑🛑🛑🛑🛑🛑🛑🛑🛑🛑🛑🛑🛑🛑🛑🛑🛑🛑🛑🛑🛑🛑🛑🛑🛑🛑🛑🛑🛑🛑🛑🛑🛑🛑🛑🛑🛑🛑🛑,1
*Fin 2024 Apocalyptique : Des Vagues gigantesques avalent des bateaux au PÉROU (Vidéo)*,1
*CORÉE DU NORD : Kim Jong-Un prend une décision radicale contre les couples qui divorcent*,1
"*Côte d’Ivoire / Yamoussoukro : Un gang interpellé pour le vol de 500 téléphones en une nuit, Découvrez leur méthode*",1
"*Bénin : 440 milliards FCFA pour construire 30 lycées, Tout ce que vous devez savoir*",1
*Éthiopie : un accident tragique fait plus de 60 morts (Les images)*,1
https://www.facebook.com/share/14xkD64mCR/,1
Hello la Famille le Clip du Banger du Siècle est déjà disponible sur YouTube.,1
🛑🛑🛑🛑🛑🛑🛑🛑🛑🛑🛑🛑🛑🛑🛑🛑🛑🛑🛑🛑🛑🛑🛑🛑🛑🛑🛑Besoin de 05 personnes travail de nuit,1
"bjr à ts  , svp abonnés vs et partager",1
✈️✈️Départ imminent confirmé,1
Devenir militaire où rentrer chez soi,1
Avoir passeport Russes et travailler dans le chantier comme les sans papiers 😂🤣 retourner au pays n'est pas un crime Mr Raoul Moussa je préfère y retourner dans la case de départ..... n'importe quoi. <This message was edited>,2
Si tu as le passeport russe et tu travailles au chantier c'est pas la faute de la Russie désolé c'est ta tête qui te sert seulement à porter le chapeau je viens en paix 🏃‍♂️🏃‍♂️🏃‍♂️🏃‍♂️🏃‍♂️🏃‍♂️,1
"✈️ ✈️ ✈️ ✈️ ✈️ ✈️ ✈️ ✈️ ✈️ ✈️ ✈️ ✈️ ✈️ ✈️ ✈️ ✈️ ✈️ ✈️ ✈️ ✈️ ✈️ *10,kilo Disponible de Douala à Moscou aujourd'hui soir 21 heures. Vite fait, vite fait*  *900p pour un kilo*",1
Combien des étrangers africains que tu connait qui ont le passeport Russes et qui travaillent dans les sociétés ou entreprise russes dit moi ?,2
Je vais pas débattre sur ça mais aucun ne travaille au chantier bne année,1
Mm étant simple étudiant si tu es chantier c'est ta tête qui ne travaille pas,1
Si tu connait pas faut te taire ne dit pas aucun.,1
OK du courage dans ton chantier il y a pas de soucis métier,1
Bjr,1
Bonne année,2
"Si un infirme dans la pauvreté (handicapé ) qui ne peut pas faire le chantier, ni l'entrepôt, ni le restaurant bref s'il ne peut pas faire les travaux que toi tu peux faire vu que tu es valide, alors pourquoi tu ne peux pas manifester beaucoup d'amour plus que cet infirme (handicapé).",1
Fin d'année confirmée avec le hit tant attendu 🥳🥳🥳!!! Pour toute les Diasporas Africaines en Russie à consommer sans modération.,1
"*La Russie condamne un citoyen américain à 15 ans de prison, découvrez son crime (Vidéo)*",1
*Une semaine Noire pour l’aviation mondiale : Voici le bilan des 5 crashs d'avion (Les 5 Vidéos)*,1
*Découvrez Les 7 prédictions incroyables de l’Intelligence Artificielle (IA)  pour l’Afrique en 2025*,1
*380 milliards en une année : Le Sénégal s'est enrichi grâce à ce secteur*,1
*Classement des pays d’Afrique avec les meilleures infrastructures en 2024*,1
Utilise ce lien pour intégrer mon groupe WhatsApp : https://chat.whatsapp.com/GbMUG4G4EQIBGtnWjvCt0f,1
ALERTE INFO,1
Une chambre dans un appartement de deux chambres disponibles.,1
https://www.facebook.com/share/r/fptuQCRb6HtKHFAU/?mibextid=UalRPS,1
Vraiment,1
Happy new year,1
Bsr nani aza n'a pondu ou fumbwa,1
https://www.facebook.com/share/v/1Cwvx6uGXA/,1
Caviar a vendre 150 rouble le pot,1
*URGENT - Voyages en Afrique : Les ETATS-UNIS ajoutent deux pays de l’AES sur la liste noire américaine*,1
*Mauvaise Nouvelle : Voici la Liste des téléphones qui ne pourront plus utiliser WHATSAPP dès le 1er Janvier 2025*,1
*« Il ne me reste plus qu’un mois à vivre » : Terrible confession d’un jeune homme sur les rituels d’argent*,1
*Un influenceur de 21 ans décède lors d'un challenge où il a avalé une bouteille entière de Whisky (Photo)*,1
*DONALD TRUMP menace de récupérer le Canal de Panama*,1
Je vous donne 30 minute pour intégré ce canal télégramme . En effet à partir du 30 avril le control des étrangers seront amplifiés . si vous ne vous mettez pas en règles vous devriez quittez le territoire . Nouveauté pour c’est qui veulent se régulariser . Allez lire et chercher des informations à se sujet .,1
"4 places disponibles dans une chambre Propres a 10.000r par personne, commission 3000r par personne",1
https://www.camer.be/87755/34:31/voeux-de-nouvel-an-des-associations-combattantes-de-la-diaspora-camerounaise-de-belgique-belgium.html,1
https://www.facebook.com/share/r/hG9rSgZ3GqQsavoM/?mibextid=WC7FNe,1
Salut la famille besoin de deux filles maintenant pour un travail permanent 12 h 20 h 40 a 2500 après aujourdhui c'est de 9 h a 20 h  a 2800 au métro Technopark,1
1 place disponible pour homme,1
https://www.facebook.com/share/DmkvURxeChm78aEQ/?mibextid=LQQJ4d,1
SVP abonnez vous à moi,2
*SAIS-TU QUE*,1
J'ai un peu d'mal à imaginer la vie sans mes proches,1
"Valdes tu es un maudit, ce n'est pas toi qui défendait Mohamed la fois passé ? Soit disant de donner le numéro de Ibrahim à celui qui réclame son argent d'aller demander Ibrahim et pourquoi aujourd'hui tu publie la photo de Mohamed ? Babiè,fafrô que tu es.",1
bonne année à tous nos étrangers préférés !vivez bien,2
Merci beaucoup,2
Faux profil 😂😂😂 un frappeur un étranger 😁😁😁😁,2
🤔,1
Bonjour la famille Les chaussures disponibles,1
*DEUX PLACE DISPONIBLE* dans une chambre deux personnes 32000 métro Dmitry danskova,1
Salut la famille besoin d'une chambre pour deux garçons non loin du métro,1
Essayez de salir quelq'un c'est très facile mais vous ne saviez pas le sacrifice ceux gars faire pour la communauté Africains ici a Russie l'argent que tu réclame en voulant salir ton frère sur le faux jugement la vérité est que je n'ai jamais reçu cette argent dieu et tous les travailleurs son témoin que moi Mohamed je n'ai jamais reçu l'argent de se travaille et tu te mets a publié ma photo dans les groupes négativement mais inchallah la vérité sortira quand les deux personnes concernées et moi serons devant le boss et il diras a qui il a donné l'argent ou s'il n'a pas donné on saura et on verra comment faire c'est en se moment je vais te montrer qui est Momo vraiment on salir pas toulmonde sur le massonge Merci a tous,2
Ils savent pas comment c'est difficile donné le travail et être salit en retour mieux tu arret,1
https://t.me/+V2g_mXzy-05kOTg6,1
*PROPOSITION D'IDEES POUR LE BIEN-ÊTRE DU NOIR EN RUSSIE.*,2
*STUDIO DISPONIBLE*,1
"Hello guy's, for all those who want some knowledge from forex or free signals, join our telegram group now and make some money, we don't charge any fee for anything 👇👇",1
"Bonjour les gars, pour tous ceux qui veulent des connaissances sur le forex ou des signaux gratuits, rejoignez notre groupe Telegram maintenant et gagnez de l'argent, nous ne facturons aucun frais pour quoi que ce soit 👇👇",1
"Hello guy's, for all those who want some knowledge from forex or free signals, join our telegram group now and make some money, we don't charge any fee for anything 👇👇",1
"Salut les gars, pour tous ceux qui veulent des connaissances sur le forex ou des signaux gratuits, rejoignez notre groupe Telegram maintenant et gagnez de l'argent, nous ne facturons aucun frais pour quoi que ce soit 👇👇",1
Studio disponible non loin du metro,1
*COMMUNIQUÉ TRÈS IMPORTANT*,1
Utilise ce lien pour intégrer mon groupe WhatsApp : https://chat.whatsapp.com/EH8GzaCpvfDJgQ0Ka9UUHE,1
Le coût caché de la gratuité.,1
Saut quantique : les avancées révolutionnaires de la Chine dans le domaine de la 6G et de la communication laser spatiale.,1
"Hello guy's, for all those who want some knowledge on forex trading or free signals, join our telegram group now and make some money, we don't charge any fee for anything 👇👇",1
https://chat.whatsapp.com/GoKFgAM6o1a4obI780cQwP,1
"Перейдите по ссылке, чтобы вступить в мою группу в WhatsApp: https://chat.whatsapp.com/BMkzp91YA1sFJbtiLJDK1",1
Bonjour la famille Les chaussures disponibles,1
"Hello guy's, for all those who want some knowledge on forex trading or free signals, join our telegram group now and make some money, we don't charge any fee for anything 👇👇",1
https://youtu.be/6Zz8jxCO7l0,1
https://www.youtube.com/live/VUWhW5WhPbs?si=Fup2vfWITUB_Ak02,1
"Le fait de voir en son frère ou en sa soeur un moyen d'exploitation pour un enrichissement individuel et égoïste, c'est ce qui a freiné le développement de l'Afrique et c'est ce qui nous ne nous permet pas de faire évoluer nos conditions sociales en Russie en tant que noirs.",1
*DIASPORA AFRICAINE EN RUSSIE*,1
‎Open this link to join my WhatsApp Group: https://chat.whatsapp.com/GoKFgAM6o1a4obI780cQwP,1
Suivez ce lien pour rejoindre ma communauté WhatsApp : https://chat.whatsapp.com/DkWUnfpSPiqFIPPjbFI3fT,1
Chambre disponible non loin du metro,1
De quelle métro tu parles ?,1
https://www.facebook.com/share/p/15s8kEcAat/,1
🛑🛑🛑🛑🛑🛑🛑🛑🛑🛑🛑🛑🛑🛑🛑🛑🛑🛑🛑Demain besoin de 30 personnes travail d'intérieur- ext.,1
‎Suivez ce lien pour intégrer mon Groupe WhatsApp  : https://chat.whatsapp.com/Cl5Y3K4ykO5KHaONYQwOnB,1
It could've been better if you'd start it in your native country,1
23 kg disponible 09/12/2025,1
‎Suivez ce lien pour intégrer mon Groupe WhatsApp  : https://chat.whatsapp.com/F24C4Vq0MV0IMgmdLP8JX8,1
🌟 *Rejoignez LOOP maintenant !*🌟,1
2 Place disponible dans une chambre pour garçon,1
Les gars nous on a bouger déjà depuis jai prévenu je suis sur le chantier avec tout les gars qui sont arrivés tôt au métro.,1
Place pour un garçon dans une chambre de deux personnes métro Dimitri donskova,1
LA BAS EN ACTION !,1
Bonjour à tous Ajouter ce numéro svp,1
https://www.facebook.com/share/v/1KoQV7PtLJ/,1
https://www.facebook.com/share/v/197bWeNmSc/,1
🚨🚨Départ confirmé,1
Okay,1
Chambre disponible non loin du metro,1
"🛑🛑Постоянная работа. Требуются сотрудники, в отдел сыра в Гипермаркет Глобус.Работа  с 9.00 до 21.00. С документами. Предоставляем бесплатный обед. Зарплата 71500руб., компенсации за патент . График работы 6/1",1
2 Chambre disponible non loin du metro,1
https://www.facebook.com/share/v/19snXYaaU5/,1
Place disponible pour 1 garçon non loin du metro,1
*CHAMBRE DISPONIBLE*,1
https://www.facebook.com/share/v/18QZKRBCmK/,1
🌟 *Rejoignez LOOP maintenant !*🌟,1
Bonsoir à tous,1
Mon frère @79997056753,1
tout mes respects chef,1
Partager mon patron 🫡🔥,1
On va manger quoi pendant les 10 jours là ???,1
Danger,1
On fait comment avec le genre ci 😅😅,1
‎Suivez ce lien pour intégrer mon Groupe WhatsApp  : https://chat.whatsapp.com/Cl5Y3K4ykO5KHaONYQwOnB,1
Place disponible a partir de 30 janvier fille et garçon Мурино,1
https://www.camer.be/87814/11:1/les-9-disparus-de-bepanda-paul-biya-du-cameroun-vise-par-une-plainte-en-belgique-par-le-code-belgium.html,1
Utilise ce lien pour intégrer mon groupe WhatsApp : https://chat.whatsapp.com/Cl5Y3K4ykO5KHaONYQwOnB,1
https://t.me/+V2g_mXzy-05kOTg6,1
https://www.facebook.com/share/p/wG1SoPo1VaNEzfd5/,1
*PS LOUNGE*,1
https://www.facebook.com/share/p/wG1SoPo1VaNEzfd5/,1
*PS EVENT*,1
https://www.facebook.com/share/p/wABHSLpVEAVos1Xq/,1
https://chat.whatsapp.com/DeZbQaC5fJ3JUHf74ZuXGY,1
https://chat.whatsapp.com/DeZbQaC5fJ3JUHf74ZuXGY,1
Bonne année à tous,2
Mon point de vue sur la vie d'étudiant en France en 2025 : Interview avec Ornella qui nous dit tout,1
‎Suivez ce lien pour intégrer mon Groupe WhatsApp  : https://chat.whatsapp.com/Cl5Y3K4ykO5KHaONYQwOnB,1
‎Suivez ce lien pour intégrer mon Groupe WhatsApp  : https://chat.whatsapp.com/Cl5Y3K4ykO5KHaONYQwOnB,1
Vous souvent arrêtez avec le sabotage frère ça ne te donne rien,1
https://chat.whatsapp.com/GoKFgAM6o1a4obI780cQwP,1
*Une réussite assurée!*,1
Bonjour besoin d'un homme pour travailler de restaurant jusqu'à 18 heures 3000p,1
Bonjour ces ou  le métro,1
🚨🚨🚨🚨🚨🚨urgent place disponible pour fille à 10 minutes du metro Domodedovskaya,1
LA VIDÉO DU JOUR !,1
Utilise ce lien pour intégrer mon groupe WhatsApp : https://chat.whatsapp.com/GbMUG4G4EQIBGtnWjvCt0f,1
Urgent besoin d'une place pour homme a Dmitry danskova pas trop de personnes svp,1
Combien?,2
3500p l’ensemble,1
C’est pour fille ou garçon ?,1
Homme,1
Quelle taille?,1
https://chat.whatsapp.com/GEDMFrnigBVD4GTyxlna5U,1
https://chat.whatsapp.com/GEDMFrnigBVD4GTyxlna5U,1
Place disponible pour deux filles au métro Dimitri,1
C'est toujours ici à moscou 🙃🙃,1
Merci,2
https://youtu.be/_MYh6CwDjQw?si=E-u7ErByHCHCJ_la&sfnsn=wa,1
Pour tout ceux et celle qui ont les documents,1
"Requis: Déménageurs,",1
Veillez passer au bureau pour un entretien d'embauche,1
‎Open this link to join my WhatsApp Group: https://chat.whatsapp.com/GoKFgAM6o1a4obI780cQwP,1
https://www.facebook.com/share/v/1AftYMJG2P/,1
null,1
Rent a room a space or a full apartment 🏠,1
https://t.me/afrohouses/6203?single. Rent a room in a two bedrooms apartment.,1
https://t.me/afrohouses/6163?single Get free used furnitures for completely free of charge.,1
https://t.me/afrohouses/6153?single Get free used furnitures for completely free of charge.,1
"https://t.me/afrohouses/6230?single Rent a space, a room or full apartment.",1
https://www.facebook.com/share/p/1B96qyAtwZ/,1
https://t.me/afrohouses/6231 Space for girls available in Balashikha. Please 🙏 click and share the link to help a girl desperately in need get a place to stay.,1
https://chat.whatsapp.com/GEDMFrnigBVD4GTyxlna5U,1
"🚨🚨🚨🚨Le travail dans les cantines scolaires disponible . Le travail est de 8h à 16h. 2300 par jour. Si vous êtes intéressé, contactez-moi en privé.",1
"🚨🚨🚨🚨Work in school canteens  available. The Work is from 8am to 4pm. 2300 per day. If you are interested, contact me privately.",1
*Prière du matin*,1
🇧🇯COTONOU - MOSCOU 🇷🇺,1
‎Open this link to join my WhatsApp Group: https://chat.whatsapp.com/GoKFgAM6o1a4obI780cQwP,1
https://www.facebook.com/share/p/1FHi81EMLb/,1
Publie la photo de la place .c’est mieux que toi t photo 🤣🤣🤣 ou peut être je ne connais pas le projet de ta photo 🤣🤣,2
Si tu est intéressé tu viens en Inbox tous yeux ne doivent pas voilent là où les autres dorment ok,1
1 piece disponible non loin du metro chambre salon de 45 mille rouble,1
Place disponible pour 3 filles non loin du metro,1
"https://youtu.be/30KWHam4zGk?si=OGiCKl1yPrNVtiSX.                  Svp,veuillez cliquez sur le lien en bas de la vidéo pour vous abonner etc recevoir les prochaines videos en mode mise à jour concernant l'immigration américaine.",2
‎Open this link to join my WhatsApp Group: https://chat.whatsapp.com/GoKFgAM6o1a4obI780cQwP,1
🚨🚨🚨🚨🚨🚨🚨🚨🚨🚨🚨🚨🚨🚨🚨🚨🚨🚨🚨 Depart,1
🚨🚨🚨 Part-time restaurant job . payment after working 3000. Time 12:00-23:00. +79687107286,1
https://t.me/afrohouses99/7302 A good sister is searching for a job. Please 🙏click and share to help her get a job. <This message was edited>,1
Bonjour la famille Les chaussures disponibles,1
https://chat.whatsapp.com/LPBAXXrCtQZ3uYFJhpNbQn,1
Appartement de 2 chambre disponible non loin du metro,1
Place disponible pour 3 filles non loin du metro,1
Salut,1
Travail Ville de Moscow,1
"Les russes, ils créent les lois qui deviendront problème pour eux.",0
Ah effectivement vous avez raison,1
https://t.me/+V2g_mXzy-05kOTg6,1
Mad man,1
Frère peut importe le pays d'entrée pour un étranger les règles d'immigration sont presque pareil d'où le slogan ( mbeng c'est le kaolo) même pour les autochtones c'est pas facile de vivre sans documents.et les lois contre l'immigration ne visent même pas les noirs en fédération de Russie plus les anciens pays de l'ex URSS les africains subissent seulement,1
black is not the target of the Russian government,1
every country has its Immigration laws,1
I pray 🙏 so,1
Merde seigneur,1
https://www.facebook.com/share/p/19u1sjfGKC/,1
"https://t.me/afrohouses/6230?single Rooms available in a 3 bedrooms apartment. Please 🙏 share, click to see!",1
Espace disponible pour vivre dans un appartement d'une chambre. S'il vous plaît 🙏 partagez et cliquez pour voir. Merci ! https://t.me/afrohouses/6216?single,2
🛑🛑🛑🛑🛑🛑🛑🛑,1
Place disponible pour 3 filles non loin du metro,1
1  place disponible pour garçon   métro bulva admirala ushakova ligne12,1
‎Suivez ce lien pour intégrer mon Groupe WhatsApp  : https://chat.whatsapp.com/FncwRso7yB957lFgSBi6mB,1
Une place disponible (fille ou garçon) au métro Dimitri donskova les intéressés retrouvez moi in box.,1
🆘🆘🆘🆘🆘🆘🆘🆘🆘🆘🆘,1
Une place disponible (garçon ) au métro domodedovskaya les intéressés retrouvez moi in box.,1
Vraiment il est malade,1
Mieu daller voir l'ambassade et le HCR,1
Au métro prospect mira,1
Nous ne connaissons pas,1
C'est situe où stp,1
Metro prospect mira,1
Je vais cherche  l'adresse,1
Je vous envois,1
C’est la même personne ?,1
null,1
null,1
C’est bilingo de Mimboman ?,1
Oui frère c'est lui ça ne va vraiment pas son état est critique,1
Il parle qu’en même ?,1
Avec beaucoup de peine,1
"Si c'est une maladie traitable ici tant mieux,  mais si c'est seulement en Afrique pourquoi nous mobiliser et lui envoyer là-bas",1
What 🤯🤯 ? Maintenant avec le visa russe tu peux visiter la belarussie ? Quels sont les conditions ? Vas lire,1
1million de f cfa.,1
Ib,1
‎Open this link to join my WhatsApp Group: https://chat.whatsapp.com/GoKFgAM6o1a4obI780cQwP,1
ALERTE INFO,1
Chambre disponible non loin du metro,1
Ville,1
Quel Metro svp?,1
Une place disponible pour une fille dans une chambre de deux filles intéressé ib,1
Chambre disponible non loin du metro,1
Bonjour la famille.,1
https://t.me/afrohouses/6293?single  Bel appartement pas cher d'une chambre à louer. S'il vous plaît 🙏 cliquez et partagez le lien pour peut-être que vous pouvez aider quelqu'un qui en a désespérément besoin à trouver un endroit où loger. Merci !,2
Bonsoir à tous!,1
Travail d'école disponible pour 2 personnes proche du métro planernaya 2400 chaque semaine,1
Chambre disponible non loin du metro,1
Une place disponible pour une fille dans une chambre de deux filles métro annino intéressé ib,1
Chambre disponible metro *novogereevo* pour 1 garçon 12 minutes en bus,1
null,1
Chambre disponible non loin du metro,1
Bonsoir svp j aimerais savoir si nos assurance santé qu’on souscrit à l école la couvre aussi le problème des yeux? L ophtalmologie,0
Si non comment faire? Y’a t’il une assurance exclusivement pour les pbs des yeux,1
Salut famille. 46 kilos disponible au Cameroun.,1
✈️✈️✈️✈️✈️✈️🛩✈️✈️🛩✈️✈️✈️✈️✈️✈️✈️✈️,1
Bonsoir,1
"Demain besoin de 9 personnes(hommes) pour travail de déchargement matériel dans une école, travail intérieur et extérieur( le materiel est à l'extérieur on le prend et le décharge à l'intérieur), de 9h00 à 18h00 payé 3000r après boulot.",1
https://chat.whatsapp.com/GbMUG4G4EQIBGtnWjvCt0f,1
Vous avez jusqu’à 6 heures de teste  gratuit avant de confirmer votre abonnement.  Merci et bonne soirée à tous .,2
😂😂😂😂😂😂😂😂feu sur toi 🔥🔥🔥🔥🔥🔥,2
‎Open this link to join my WhatsApp Group: https://chat.whatsapp.com/GoKFgAM6o1a4obI780cQwP,1
*QikQik+: Revolutionizing Global Payments with Innovative Solutions*,1
✈️✈️✈️✈️✈️✈️🛩✈️✈️🛩✈️✈️✈️✈️✈️✈️✈️✈️,1
Tous les plus grands poètes ont écrit son nom,1
Salut la famille comment vous allez j'espère que vous allez bien.,2
https://chat.whatsapp.com/DbnTn0YLHAz3RvHFUYS80c pour le travail a peter,1
Chambre disponible non loin du metro,1
Сдаётся новая квартира ( 2 комнаты изолированы),1
Appartement neuf à louer (2 chambres isolées),1
Bonsoir à tous!,1
https://youtu.be/k2uVqRToJrg?si=-D4Q3fJU5qfbSeVz,1
Place disponible pour 2 filles non loin du metro,1
Soutenons notre frère les gars,1
Il reste peu temps,1
‎Open this link to join my WhatsApp Group: https://chat.whatsapp.com/GoKFgAM6o1a4obI780cQwP,1
🚨🚨Départ confirmé,1
🏮🏮🏮🏮🏮,1
This one with this he’s graveyard 🪦 work make e  rest  a no be ya mate🤦🏿‍♂️,1
null,1
"SAINT PETER, MOSCOU🇷🇺-DOUALA🇨🇲",1
Voici un escroc qui joue les sages tu fais parti des 95% ( tu  voulu m’escroquer à travers un logement à louer),1
- PLACES DISPONIBLES  POUR FILLES DANS UNE GRANDE CHAMBRE  de 3 personnes maximum,1
https://youtu.be/HMZLcaew3Y0?si=BHdLbzlhOFx5CEQ4,1
"Salir une personne qui lutte pour le bien de la communauté, c'est facile. Nous acceptons que vous salissez notre image mais croyez-moi, personne ne va escroquer un africain à partir de cette année.",2
Cherche moi à me connaître d’abord. Tu es un escroc,1
"On le verra cette année, que ça soit en hiver ou en Été.",1
Bonne journée à tous surtout. Soyons juste vigilants.,2
Les tonneaux vides font toujours du bruit. Je te tiens toujours à l’œil. Je ne parle pas beaucoup.,1
Répond moi. Tu luttes dans quel sens ? Dit moi ton statut en Russie 🇷🇺 tu fais parti de quelle association ou quel mouvement de leadership pour la communauté des africains en  Russie 🇷🇺 t’es seulement dans les groupes des africains en faisant tes lâchetés,1
Tu te connais toi. Tu ne connais pas tout les africains vivant en fédération de la Russie 🇷🇺. Raconte ta vie. T’es libre. Ne mélange pas les choses et surtout les personnes. T’es prévenu,1
D'accord avec toi  .  Très malhonnête ce monsieur et imbus de lui même,1
Il se nomme Isaac il a même un groupe d’immobilier . Je m’arrête là. Merci pour la bonne compréhension,2
Nous avons eu à échanger .. je parle en connaissance de cause ... Les membres du groupe devraient faire très attention à ce type,1
"Arrête de ternir l’image des noirs frères! Cette vidéo n’est pas d’ici en Russie, elle c’est produite en France…dc stop 🛑",1
"Ce type est un gros arnaqueur, toutes ses photos et vidéos sont toujours visibles une fois et lui seul peut parler dans son groupe, pourquoi feriez-vous cela si vous dirigiez une entreprise légitime… Vous tous dans ce groupe devriez être prudents avec ce type, vous n'avez pas besoin de panneaux de signalisation pour vous dire qu'il est un arnaqueur❗️❗️❗️",1
En le supprimant dans des différents groupes africains. Il peut encore revenir par d’autres moyens. Cherchons seulement à l’identifier et l’arrêter. Juste un cri de cœur,1
Voilà vraiment maman,1
Qu'il répond alors vraiment il est dans quel association en russie,1
Chambre disponible non loin du metro,1
Un misérable. J’espère que c’est Issac qui voyage en rdc 🇨🇩 en personne ou il a besoin d’un pourcentage sur les poids ( la honte) . Ne t’en fais pas. Tu seras dévoilé. Un agent immobilier soi disant et maintenant des transactions de bagages 🧳,1
Place disponible pour 3 filles non loin du metro,1
+237 6 94 21 50 34,1
Il demande aux gens de faire la capture de leur compte d’abord 😁😁😁,1
Utilise ce lien pour intégrer mon groupe WhatsApp : https://chat.whatsapp.com/GbMUG4G4EQIBGtnWjvCt0f,1
Et il vient de me supprimer de ses groupes parce j’ai prouvé que la vidéo qu’il a posté ne vient pas d’ici,1
Supprimez le aussi dans tout les groupes. Et  vous devriez quittez de son groupe  .,1
Il est administrateur dans un groupe ( boulot Moscou) il m’a supprimé dans ce groupe….bref,1
https://youtu.be/HMZLcaew3Y0?si=BHdLbzlhOFx5CEQ4,1
Relax ☺️,1
Bsr à toute,1
Bsr à tous j’espère que vous allez bien,2
Moi non j’ai très faim,1
Ca ne laisse personne ma sœur,1
j’ai préparé les pommes pillées 😏,1
🥲🥲,1
j’envoie l’adresse.?😏,1
Svp comment faire pour arriver en Russie gratuitement 🙏🏻🙏🏻 y’a t’il un célibataire dans la sale????😃🏃🏻‍♀️🏃🏻‍♀️🏃🏻‍♀️🏃🏻‍♀️🏃🏻‍♀️🏃🏻‍♀️🏃🏻‍♀️,1
Envoi tes photos on évalue si le dossier est complet et on te fais passer 😂😂,2
👍,1
😂😂😂,2
Il faut d'abord juger le matériel,1
Tu es marié avec un jolie bb tu veux faire avec le matériel,1
🤔,1
Chambre disponible pour les couple,1
🤔,1
Photo entière,1
"https://t.me/afrohouses/6176?single  Louez un appartement d'une chambre pour seulement 30 000 roubles par mois, à un prix très bon marché.",1
Bonsoir beauté jolie prénom,1
Tes marié ou célibataire,1
"Aujourd’hui J’ai vu  ma pierre tombale, et ceux qui viennent et ceux qui viennent pas",1
A part time job needed at a restaurant time 11:00:23h,1
Intéressée,1
Place disponible pour le fille Métro Dimitri danskova,1
"https://t.me/afrohouses/6176?single  Louez un appartement d'une chambre pour seulement 30 000 roubles par mois, à un prix très bon marché.",1
‎Open this link to join my WhatsApp Group: https://chat.whatsapp.com/GoKFgAM6o1a4obI780cQwP,1
‎Suivez ce lien pour intégrer mon Groupe WhatsApp  : https://chat.whatsapp.com/F24C4Vq0MV0IMgmdLP8JX8,1
"https://t.me/afrohouses/6302?single Chambre disponible dans un appartement de deux chambres. S'il vous plaît 🙏 cliquez et partagez, peut-être pourriez-vous aider quelqu'un dans le besoin à trouver un endroit où loger.",1
✈️✈️✈️✈️✈️✈️🛩✈️✈️🛩✈️✈️✈️✈️✈️✈️✈️✈️,1
‎Suivez ce lien pour intégrer mon Groupe WhatsApp  : https://chat.whatsapp.com/F24C4Vq0MV0IMgmdLP8JX8,1
2 places pour garçons disponibles dans une maison de deux chambres au métro Prajskaya bus d'état intéressé inbox,1
1 places disponibles pour garçon au métro domodedovskaya sorti 9,1
Studio disponible non loin du metro,1
Chambre disponible non loin du metro,1
Place disponible pour 3 filles non loin du metro,1
Kiekiekiekiekie,1
😅😅😅,1
Il joue juste avec son enfant,1
Bref,1
Studio disponible au métro Dmitry daskova lapatino (sukranovska),1
"Mes chers freres et soeurs, ce message sadresse a tous ceux qui veulent apprendre la langue russe facilement et efficacement",1
‎Open this link to join my WhatsApp Group: https://chat.whatsapp.com/GoKFgAM6o1a4obI780cQwP,1
Bonjour à tous!,1
Сдаётся новая квартира ( 2 комнаты изолированы),1
Appartement neuf à louer (2 chambres isolées),1
*Chambre disponible Dmitry danskova *intéressé inbox*,1
Une chambre disponible au métro Dimitri donskovo. Les intéressés retrouvez moi in box🛑🛑🛑🛑🛑,1
Salut urgent,1
"Mes chers freres et soeurs, ce message s’adresse a tous ceux qui veulent parler la langue Russe simplement et couramment!",1
Je dis heinnn!!!  Tu respires ou tu joui mola 🙄🙄🙄???,1
Merci les frères et sœurs,2
https://www.facebook.com/share/1JeoP9McVw/,1
Bonsoir orange tu a combien,2
Bonsoir,1
https://youtu.be/dYv3ObpXwP0?si=TZUAeCvxNv9wDCvq,1
"https://chat.whatsapp.com/KP7DnuqMcOd6N4gWUnOWdX S'il vous plaît 🙏 cliquez et rejoignez la communauté AfroHouse, le bon endroit pour discuter des problèmes auxquels sont confrontés les Africains et la plupart des citoyens étrangers vivant en Russie dans son ensemble.  Merci de participer et de partager ! <This message was edited>",0
Follow this link to join my WhatsApp community: https://chat.whatsapp.com/KP7DnuqMcOd6N4gWUnOWdX,1
‎Open this link to join my WhatsApp Group: https://chat.whatsapp.com/GoKFgAM6o1a4obI780cQwP,1
1  place disponible pour garçon   métro bulva admirala ushakova ligne12,1
*Chambre disponible Dmitry danskova *intéressé inbox*,1
Bonjour s'il vous plaît y a-t-il quelqu'un qui viennent russie dans les prochains jours,1
"Mes chers freres et soeurs, ce message s’adresse a tous ceux qui veulent parler la langue Russe simplement et couramment!",1
Il m’a aussi supprimé de son groupe,1
Bonjour à tous!,1
"https://t.me/afrohouses/6176?single Louez un appartement d'une chambre et payez 23 000 roubles d'ici le 10 du mois prochain et à partir du 10 du mois prochain, payez 30 000 roubles chaque mois. Les frais d'agence sont de 8 000 roubles et la caution de 23 000 roubles, mais vous pouvez payer la moitié de la caution maintenant, soit 11 500 roubles, et le mois prochain, terminer le paiement du solde de la caution. La caution est remboursée à la fin du contrat si tout se passe bien. Tout l'argent que vous devez payer maintenant avant de récupérer les clés de l'appartement est maintenant le suivant : 23 000 roubles + 11 500 roubles + 8 000 roubles = 42 500 roubles. Si quelqu'un est intéressé, veuillez cliquer sur le lien joint à ce message. S'il vous plaît 🙏 partagez également pour aider quelqu'un qui en a désespérément besoin à trouver un endroit où loger. Merci de partager !",2
Сдаётся новая квартира ( 2 комнаты изолированы),1
Appartement neuf à louer (2 chambres isolées),1
Bonjour svp comment transférer de l'argent du Congo vers le Cameroun par Orange Money?,1
Via Gimac,1
Comment ?,1
Bnjr svp qui connaît où on peut ce faire percer le nez ici à Moscou?,1
🇨🇲 **À l'attention de la diaspora Africaine et plus particulièrement camerounaise** 🇨🇲,1
Place disponible 8000 mille rouble pour 2 garçon non loin du metro,1
"https://t.me/afrohouses/6337?single Appartement européen de trois chambres à louer. Il y a deux salons séparés avec une grande cuisine, il y a aussi un débarras.",1
https://vm.tiktok.com/ZNeKKTPWx/,1
658566868 ajouter ce numéro dans le groupe SVP Chère admirateurs sais un nouveau 🙏🏾,1
658566868 ajouter ce numéro dans le groupe SVP Chère admirateurs sais un nouveau 🙏🏾,1
"https://t.me/afrohouses/6176?single Louez un appartement d'une chambre et payez 23 000 roubles d'ici le 10 du mois prochain et à partir du 10 du mois prochain, payez 30 000 roubles chaque mois. Les frais d'agence sont de 8 000 roubles et la caution de 23 000 roubles, mais vous pouvez payer la moitié de la caution maintenant, soit 11 500 roubles, et le mois prochain, terminer le paiement du solde de la caution. La caution est remboursée à la fin du contrat si tout se passe bien. Tout l'argent que vous devez payer maintenant avant de récupérer les clés de l'appartement est maintenant le suivant : 23 000 roubles + 11 500 roubles + 8 000 roubles = 42 500 roubles. Si quelqu'un est intéressé, veuillez cliquer sur le lien joint à ce message. S'il vous plaît 🙏 partagez également pour aider quelqu'un qui en a désespérément besoin à trouver un endroit où loger. Merci de partager !",2
"https://t.me/afrohouses/6337?single Appartement européen de trois chambres à louer. Il y a deux salons séparés avec une grande cuisine, il y a aussi un débarras.",1
"https://t.me/afrohouses/6355?single Louez un espace pour 3 personnes dans un appartement d'une chambre à Balashikha sur les photos ci-dessus ☝️. Prix de revient de l'espace : 12 500 roubles, factures d'électricité et d'eau comprises. Frais payés pour l'agent : 8 000 roubles. Pas de frais de dépôt ! <This message was edited>",1
https://chat.whatsapp.com/GbMUG4G4EQIBGtnWjvCt0f,1
*DEUX PALACE DISPONIBLE* *Dans la*,1
Okay,1
"Mes cheres freres et soeurs, nous vous invitons sur vk regarder notre nouvelle video ou nous donnons plus de details sur notre module de langue russe pour les etudiants africains en Russie. Le lien: https://vk.com/clip-194810098_456239026",1
‎Suivez ce lien pour intégrer mon Groupe WhatsApp  : https://chat.whatsapp.com/FFqI4pHnhduDuMUqjKD7wp,1
🚨 Une place disponible pour Homme dans un nouveau appartement de 2 chambres à dmitriya pour plus d'info contacter cet numéro +79773640658.,1
🛑STOP!  Devenez un Expert en  Élevage et en Agriculture en 2025,1
‎Open this link to join my WhatsApp Group: https://chat.whatsapp.com/GoKFgAM6o1a4obI780cQwP,1
Besoin d’une personne proche du métro kuntsevskaya 2700 nettoyage,1
"https://t.me/afrohouses/6366?single Louez un appartement de deux chambres à 48 000 roubles. S'il vous plaît 🙏 partagez cet appartement disponible, vous pourriez peut-être aider quelqu'un qui en a désespérément besoin à trouver un endroit où loger. Merci de partager !",2
*DEUX PALACE DISPONIBLE* *Dans la*,1
"Space available for a guy at Metro bratislaskay Moscow , six minutes  tracking interested one should call this number 89296340287",1
"https://t.me/afrohouses/6375?single Je loue cet appartement d'une chambre ci-dessous 👇 plus seulement avec dépôt, pas de frais d'agence, 23 000 roubles comme loyer de la maison à partir de maintenant jusqu'au 10 et à partir du 10 30 000 roubles chaque mois. frais d'agent 20 000 roubles.",1
Follow this link to join my WhatsApp group: https://chat.whatsapp.com/EePfLDHFQ4eGzqZRUFDFbT,1
Follow this link to join my WhatsApp group: https://chat.whatsapp.com/EePfLDHFQ4eGzqZRUFDFbT,1
https://youtube.com/shorts/r5AZa4A6x-4?si=Yd0ZHfjEq_p0C8ID,1
"bsr à ts, svp abonnés vous pour être tjrs informé de mes publications",1
*Une place disponible pour une fille dans la chambre de deux personnes*,1
Сдаётся 2х комнатная квартира,1
Appartement 2 pièces à louer,1
"https://t.me/afrohouses/6375?single Je loue cet appartement d'une chambre ci-dessous 👇 plus seulement avec dépôt, pas de frais d'agence, 23 000 roubles comme loyer de la maison à partir de maintenant jusqu'au 10 et à partir du 10 30 000 roubles chaque mois. frais d'agent 20 000 roubles.",1
Bonjour bonsoir besoin de 4 garçons en urgence dans cette métro Ulitsa Gorchakova la maison est à 5 min du métro,1
‎Open this link to join my WhatsApp Group: https://chat.whatsapp.com/GoKFgAM6o1a4obI780cQwP,1
Utilise ce lien pour intégrer mon groupe WhatsApp : https://chat.whatsapp.com/JCnzfD8LVHtGuxpkyYPRmZ,1
*Chambre DISPONIBLE * pour deux personnes* *ou couple*,1
"Gombo frais disponible l'unité à 350 livraison gratuite à la gare de train de boutova où cherbinka (Бутово, Щербинка)",1
🛑🛑🛑🛑🛑🛑🛑🛑,1
Bonjour à tous,1
Сдаётся квартира ( 2 комнаты изолировать),1
Appartement à louer (2 chambres isolées),1
Salut à tous et à toutes.,1
"🛑🛑Une chambre disponible au métro Dimitri Donskova, yuzhnaya",1
Besoin d'une fille pour UN boulot de 10h à 20h,1
Quand ?,1
Utilise ce lien pour intégrer mon groupe WhatsApp : https://chat.whatsapp.com/Lcm5hbj78Gq5BJqSaVt5wv,1
OMG 👍🏿,2
‎Open this link to join my WhatsApp Group: https://chat.whatsapp.com/GoKFgAM6o1a4obI780cQwP,1
An employee needed in a restaurant from now till 10 00mp payment 3000rub:,1
+,1
Prix?,1
Mbate,1
Hein,1
Une place disponible pour une fille dans une chambre de deux filles métro annino intéressé ib,1
place disponible pour 4 garçon non loin du metro,1
‎Open this link to join my WhatsApp Group: https://chat.whatsapp.com/GoKFgAM6o1a4obI780cQwP,1
J’espère que tu es entrain de réfléchir aussi. Tu es un escroc.,1
Si t’as rien à dire. Ferme ta sale gueule,1
Place disponible pour 4 garçon non loin du metro,1
"Voici le moyen le plus efficace pour maitriser la langue Russe, pour les africains en Russie: https://vk.com/clip-194810098_456239024",1
‎Open this link to join my WhatsApp Group: https://chat.whatsapp.com/GoKFgAM6o1a4obI780cQwP,1
Une place disponible pour une fille dans une chambre de deux filles métro annino intéressé ib,1
https://chat.whatsapp.com/GoKFgAM6o1a4obI780cQwP,1
Vous êtes situé ou,1
*Les africains ne présenteront plus un visa pour se rendre dans ce pays*,1
*La foudre frappe plusieurs monuments iconiques aux États-Unis (Vidéo)*,1
*Bonne nouvelle au Sénégal : L'une des deux épouses de Diomaye FAYE a accouché (Photo)*,2
*SANTÉ : Une cigarette fumée réduit 20 minutes sur votre vie*,1
*« Il ne me reste plus qu’un mois à vivre » : confession d’un jeune homme sur les rituels d’argent*,1
*Découvrez le Classement 2025 des Puissances Militaires en Afrique*,1
Place disponible pour 2 garçon non loin du metro,1
https://chat.whatsapp.com/EePfLDHFQ4eGzqZRUFDFbT,1
Une place disponible pour une fille dans une chambre de deux filles 12mille métro annino ligne 9 intéressé ib,1
Urgent besoin d'une personne pour un travail de 2800 fini paye,1
Bonjour la famille,1
S il vous plait qui vend le ndolè?,1
https://www.facebook.com/share/v/1FDZUYxBG2/,1
🚨 A room available for rent for 2 people or couples  . 15 minutes to bulvar Dmitry donskogo. Contact for more details +79687107286,1
Bonjour!,1
*C'est la Fin du FCFA : la monnaie coloniale disparaitra à cette date*,1
Place disponible pour 2 garçon non loin du metro,1
*Les Africains ne présenteront plus de Visa avant de se rendre dans ce pays*,1
"*À peine arrivé à la Maison Blanche, Donald Trump se venge froidement d'un ancien allié (PHOTO)*",1
*Retrait des ÉTATS-UNIS de l’OMS : L’Union africaine (UA) envoie une message fort à Donald TRUMP*,1
*La CEDEAO dans le tourment : Le passeport des pays de l’AES entre en vigueur à compter de cette date*,1
*Dernière Minute : Très mauvaise nouvelle pour les anciens présidents Français*,1
Bonjour!,1
23 kilos disponible le 28 /01/2025,1
Place disponible pour 2 garçon non loin du metro,1
https://www.facebook.com/share/v/1UXMLbKvjZ/,1
Une place disponible pour une fille dans une chambre de deux filles 12mille métro annino ligne 9 intéressé ib,1
C'est ensemble avec chaussures ?,1
Bonsoir svp quel qui le Cameroun pour moscou cette semaine,1
Deux places disponibles pour garçon dans une chambre,1
https://chat.whatsapp.com/C5aCddle4U5EkIB6KomRs0,1
Bonsoir!,1
Bonsoir  frère,1
*Voici les Étapes simples à suivre pour obtenir un Visa Visiteur pour les ETATS-UNIS*,1
"*Soudan du Sud : les autorités bloquent les réseaux sociaux pour 90 jours, les raisons*",1
"*Découverte Historique : La République Centrafricaine trouve un diamant exceptionnel de 177,95 Carats (PHOTOS)*",1
*Découvrez le classement des 6 pays Africains ayant acheté le plus d’armes depuis cinq ans*,1
*ERIC MANDALA arrêté en Espagne avec 200 kg de Cocaïne : Découvrez les coulisses de l'arrestation du milliardaire congolais (Vidéo)*,1
Utilise ce lien pour intégrer mon groupe WhatsApp : https://chat.whatsapp.com/CDnpTwo6F5m3vp41gfnmWe,1
Utilise ce lien pour intégrer mon groupe WhatsApp : https://chat.whatsapp.com/CDnpTwo6F5m3vp41gfnmWe,1
🚨🚨🚨🚨 *Appartement 3 pièce disponible*,1
🚨🚨🚨🚨 *Appartement 3 pièce disponible*,1
https://youtube.com/shorts/GmTVTsW5I9g?si=J-i_odQD_SfB4_CG,1
https://youtube.com/shorts/-srUZ03yoEc?si=kT9xte620p2-ZIzu,1
🚨🚨🚨🚨🚨🚨,1
La révolution c'est ici,1
"On ne construit pas son avenir grâce à des pratiques d'antivaleurs (exploitation, escroquerie,...) car Dieu (Allah) est juste et tout se paie ici bas.",1
‎Open this link to join my WhatsApp Group: https://chat.whatsapp.com/GoKFgAM6o1a4obI780cQwP,1
Bonjour à tous,1
A votre attention ⛔️ s’il vous plaît. Le centre américain 🇺🇸 à Moscou exerce beaucoup dans le social tel que ( la santé. Les cours de langue russe… une prise en charge des femmes enceintes ou avec leurs bébés)  quasiment gratuit 🆓 pour les immigrés illégaux ( métro 🚇 Китай -город),1
Tres bon et joyeux weekend a tous! Давайте освоить русский язык оригинально и весело),1
Старосадский переулок дом 7 /10,1
"*Chassée du Mali, du Burkina Faso et du Niger, la FRANCE fait une promesse inattendue*",1
*Voici les 10 Armées les plus faibles en Afrique (Classement)*,1
*URGENT - Un immeuble s'effondre dans la ville de Konya tuant plusieurs occupants (Vidéo)*,1
*Mauvaise nouvelle pour les migrants africains : DONALD TRUMP déploie 1 500 soldats pour...*,1
"*À peine son arrivée à la Maison Blanche, Donald TRUMP envoie un message fort à Vladimir POUTINE*",1
"*D’ici 2050, la population de ce pays africain dépassera celle des ÉTATS-UNIS*",1
🚨🚨🚨🚨🚨🚨,1
Bonsoir!,1
Deux places disponibles pour garçon dans une chambre,1
Salut la famille besoin de deux chambres Salon urgent,1
Salut la famille besoin d'une carte sim de la Russie,1
si t’es à jour tu peux aller à tyopli stan  tu vas facilement trouver là-bas puis on t’enregistre directement avec ton passeport <This message was edited>,1
Merci,2
Je ne suis pas,1
https://www.facebook.com/share/v/12DviPvztVC/,1
Une place disponible pour une fille dans une chambre de deux filles 12mille métro annino ligne 9 intéressé ib,1
Bonsoir!,1
*L'artiste ivoirien DJ LÉO est-il décédé ? Voici ce qui s'est réellement passé*,1
*Tragique accident de la route à Yamoussoukro en CÔTE D'IVOIRE : 25 personnes décédées (IMAGES)*,1
"*AES : Le journaliste ivoirien Moustapha Maïga arrêté au Niger, ce que l'on sait*",1
*ÉRIC MANDALA : Voici l'immense fortune du milliardaire congolais amassée grâce au trafic de drogue (VIDÉO)*,1
*La RDC rompt définitivement ses relations diplomatiques avec le RWANDA*,1
"*Coopération Russie Afrique : Échange téléphonique entre Vladimir POUTINE et un président africain, ce qu'ils se sont dit (PHOTO)*",1
*Voici le Classement 2025 des armées les plus puissantes d'Afrique*,1
*Découvrez les 10 pays africains les plus respectueux de la loi*,1
*AES : L'entreprise française TOTAL ENERGIES quitte le MALI*,1
"*NIGÉRIA : Le puissant chef terroriste, BELLO TURJI, se dit prêt à se rendre aux autorités (Photo)*",1
Bonjour,1
*ÉRIC MANDALA : Voici les lourdes peines qui attendent le milliardaire congolais arrêté en Espagne avec 200 kg de Cocaïne*,1
Utilise ce lien pour intégrer mon groupe WhatsApp : https://chat.whatsapp.com/GbMUG4G4EQIBGtnWjvCt0f,1
Place disponible pour 2 garçon non loin du metro,1
"https://t.me/afrohouses/6394?single Appartement d'une chambre disponible à Moscou. À 7 minutes en bus du métro. Le propriétaire accepte les couples d'Afrique. Veuillez partager le lien, vous pourrez peut-être aider quelqu'un qui en a désespérément besoin à trouver un endroit où loger. <This message was edited>",1
Chambre disponible non loin du metro,1
*Donald TRUMP est inarrêtable : Le nouveau président interdit les femmes transgenres dans les prisons pour femmes*,1
"*À l'âge de 91 ans, PAUL BIYA candidat à la présidentielle en 2025*",1
"*En 2075, le Nigéria sera la 5è puissance économique mondiale, la France loin derrière (Le Classement)*",1
*Historique - Le Burkina Faso lance la fabrication de ses propres voitures électriques (Vidéo)*,1
Bonsoir j’ai besoin de travailler,1
https://www.facebook.com/share/p/wG1SoPo1VaNEzfd5/,1
*PS EVENT*,1
https://www.facebook.com/share/p/wABHSLpVEAVos1Xq/,1
https://chat.whatsapp.com/DeZbQaC5fJ3JUHf74ZuXGY,1
https://chat.whatsapp.com/DeZbQaC5fJ3JUHf74ZuXGY,1
*Une réussite assurée!*,1
*Une réussite assurée!*,1
*Une réussite assurée!*,1
*Une réussite assurée!*,1
https://www.facebook.com/share/p/15t3HNLgYb/,1
"L'Amérique, l'Europe, l'Asie, l'Océanie que nous envions, n'étaient pas belles comme nous les voyons aujourd'hui.",1
Tu ne connais pas la définition de l’histoire ( je te renvoie au dictionnaire) tu crois t’es cool mais t’es un con. T’es le roi des cons,1
*Voici les 10 Choses à savoir avant de partir au Cameroun*,1
*Nicolas Sarkozy devant la justice : découvrez les révélations chocs d'un Fils de Kadhafi*,1
*URGENT : Le Logo de la CAN Maroc 2025 dévoilé (Photo)*,1
"*Après les véhicules électriques, le BURKINA se lance également dans la fabrication des DRONES de surveillance (PHOTO)*",1
*Les dix armées africaines les moins puissantes en 2025*,1
Une place disponible pour une fille dans une chambre de deux filles 12mille métro annino ligne 9 intéressé ib,1
2places pour filles disponible dans une chambre pour 3filles,1
https://chat.whatsapp.com/GoKFgAM6o1a4obI780cQwP,1
"Bonjour ,urgent besoin d’un garçon pour un travail de restaurant 2800₽ après le travail.",1
2places pour filles disponible dans une chambre pour 3filles,1
Bonjour!,1
*Drame au CAMEROUN : Une femme en fuite après avoir jeté son bébé de 3 mois dans les toilettes (Photos sensibles)*,1
*Voici Les 10 pays les moins endettées d'Afrique auprès du FMI en 2025 (La Liste)*,1
*Le Passeport togolais donne accès à ces 61 pays sans visa en 2025 (La Liste)*,1
*CÔTE D'IVOIRE : Découverte de 700 kg de faux médicaments cachés dans des Maniocs (Photo)*,1
*ÉTATS-UNIS : Très mauvaise nouvelle pour l'ex-président BARACK OBAMA (Photo)*,1
Intéressé,1
Place disponible pour un homme métro domodeskaya,1
https://vm.tiktok.com/ZS6nwEsfj/ Cette publication est partagée via TikTok Lite. Télécharge TikTok Lite pour découvrir d'autres publications : https://www.tiktok.com/tiktoklite,1
https://www.facebook.com/share/v/1CzKa9zybP/,1
"*Pour une Diaspora Africaine Unie et Stratégique : Transformons l’Aide en Investissement Structurant, pour un avenir prospère*",1
2places pour filles disponible dans une chambre pour 3filles,1
https://www.facebook.com/share/14xjHRWvJN/,1
https://t.me/+V2g_mXzy-05kOTg6,1
"*Voici les 10 footballeurs africains les plus riches de tous les temps : Didier DROGBA 2e, Samuel ETO'O... (Le Classement)*",1
Svp je cherche un boulot,1
"❕ Les médias ukrainiens publient ""le plan de Trump sur 100 jours pour mettre fin à la guerre""",1
🚨 A room available for rent for 2 people or couples  . 15 minutes to bulvar Dmitry donskogo. Contact for more details +79687107286,1
https://chat.whatsapp.com/GoKFgAM6o1a4obI780cQwP,1
Place disponible pour une fille,1
https://chat.whatsapp.com/JVQYYWMZvOZJvqLSuAVPWs,1
Bonjour besoin de savoir où on faire le carnet médical pour travailler dans les entreprises s’il vous plaît,1
Moi Jai ca suis a la Maison avec,1
Ou est le rapport avec le faites que tu te trouves à la maison avec <This message was edited>,1
J’ai demandé où je peux le faire ou si quelqu’un peut m’aider,1
Ca va oo pardon,1
Écrit moi 😏,1
Une place disponible pour une fille dans une chambre de deux filles  ligne 9 intéressé ib,1
Place disponible pour 2 garçon non loin du metro,1
Salut,1
Ib moi,1
Travail Ville de Moscow,1
PAUVRE FRANCAFRIQUE !,1
Travail Ville de Moscow,1
https://www.facebook.com/share/p/15mPVRM52k/,1
https://www.facebook.com/share/p/15yyhKKTYx/,1
*RDC / Guerre à Goma : L’ambassade de France et de Rwanda attaquées et brûlées à Kinshasa (Vidéos)*,1
*Les Russes se plongent dans l’eau glacée pour célébrer l’Épiphanie (Photos)*,1
*LAMINE YAMAL fait parler son coeur : le joueur barcelonais de 17 ans offre 3 maisons à...*,1
*« Les hommes doivent rester des hommes et… » Ce président africain soutient DONALD TRUMP dans sa lutte contre les transgenres et les homosexuels (Photo)*,1
*Découvrez ces six astuces pour éloigner les serpents de votre maison*,1
Place disponible pour une fille,1
Place disponible pour une fille,1
comment se regulariser avant le 30 avrir,1
*Goma : Voici la situation dans l'Est de la RDC au soir de ce mardi*,1
*DONALD TRUMP ordonne l'expulsion massive des ressortissants africains illégaux (La Liste complète et le nombre par pays)*,1
*L'homme qui a coupé la main de sa femme a été arrêté (Photo)*,1
*URGENT - AES : Niamey annonce le retrait définitif et irrévocable de la CEDEAO (Vidéos)*,1
"Gombo frais disponible l'unité à 350 livraison à partir de 2 paquets à la station de train de boutova où cherbinka (Бутово, Щербинка",1
Place disponible pour garçon pour plus d'infos PV,1
‎Trouvez des produits de qualité à moins de 1000r,1
Chambre disponible pour garçon métro odintsovo ligne D1 pas de police là-bas 20mil commission 5mil,1
Ya. Pas pour fille ma. Mere bjr,1
2places pour filles disponible dans une chambre pour 3filles,1
Nn coucou on veut plutôt l'homme,1
Mama si tu trouves pour femme pardon dit moi,1
Ib,1
Place disponible pour une fille,1
Bonjour la famille Les chaussures disponibles,1
"Good morning please I need 200,000ruble physical transaction in Moscow, Cameroon Russia 🙏",1
Une place disponible pour une fille dans une chambre de deux filles  ligne 9 intéressé ib,1
How much?,1
Deux places disponibles pour filles métro kotelniki à 15min du métro,1
🤦‍♂️,1
"Déjà, je constate que vous n'êtes pas sérieux vous 2 car vous êtes en Russie mais toi qui accuse l'autre de bandit, tu utilises un numéro de l'Afrique pour faire le double jeu en Russie et l'autre le soit-disant ""bandit"" comme tu le qualifies, se distingue pzr ce qu'il t'a fait.",1
Hummm,1
"Je n’ai pas besoin de faire du faux mon frère ,le problème a été posé et c’est pas parce que j’utilise un numéro africain que je vais prendre ça pour voler des gens erh attention à tes propos sincèrement",0
Tu n’as jamais vu de poste si ici ?? C’est justement lui qui s’est fait volé par un autre frère et toi tu viens traiter de gens de bandits tu es normal ?,1
Voilà sa commence à venir,1
Ici c’est frank???,1
Biensure c’est lui en faite et depuis il a un soucis avec sa puce orange du coup c’est moi qui reçoit les dépôts il y’a un bon moment,2
"Toi même qui utilise un numéro Russe, tu as cesser  d'arnaquer? Banditos",1
Ekieeehhh lui aussi??🤔🤔,1
Je ne comprends même pas son message sincèrement le rapport d’utiliser une puce africaine a quel problème est ce que tu as demandé mon numéro russe je ne t’ai pas donné,0
Sincèrement quelqu’un a un soucis et toi tu viens pour dire des bêtises,1
Sinon c'est la rage de quoi? C'est leur gbonyi comme ça.,1
Le prénom  Исаак est un escroc dans l’immobilier tout ce que je sais. Il a essayé de me dérober personnellement. Il se joue les connaisseurs. Pourtant c’est un voleur,1
Justement et il veut couvrir son autre frère bandit,1
https://youtu.be/HMZLcaew3Y0?si=jCdMjxTYC5bovkTg,1
"C'est un gros arnaqueur, l'indice téléphonique est du togo 🇹🇬 et aucun numéro du Togo ( Moov comme tgocel) ne commence jamais par 6",1
Il supprime les gens de son groupe lorsque tu veut revendiquer,1
Donc cherchons lui,1
Si vous avez effectué le dépôt dans son compte sberbank la personne qui a le compte sberbank est facilement repérable,1
Mon frère c'est très simple si tu es en règle d'ici demain matin tu pars dans une agence sberbank avec les capture d'écran et tout ce qui va avec les informations de la personne tu leur explique le problème là-bas et il trouve une solution pour toi,0
Сообщение от МВД:,1
Travail pour garçons uniquement ‼️,1
Très simple. Franki doit aller en banque 🏦 et la banque va lui délivrer un document et ensuite il ira déposer une plainte à la police 👮. La personne qui a reçu l’argent sera fichier. Il ne pourra plus sortir de la Russie 🇷🇺 on va l’arrêter,1
Bonjour à tous,1
Disponible à 10 mn du métro,1
Метро Семеновская,1
"https://t.me/afrohouses/6438?single Louez un espace dans un appartement à Balashikha. S'il vous plaît, pour voir plus de détails sur l'espace de l'appartement, cliquez sur le lien à propos. S'il vous plaît 🙏 consultez également le lien, vous pourrez peut-être aider quelqu'un qui en a désespérément besoin à trouver un endroit où vivre.",1
Laisse ce dernier il est plus mauvais que tous le monde en Russie,1
2places pour filles disponible dans une chambre pour 3filles,1
bonsoir svp je cherche le travail 🤲. meme si cest lave vaiselle 🙏. merci,2
Tu n’es pas le seul bro,1
Il ya par le travail mais les maisons sont Cher au Seigneur aide nous,1
Surtout ses publications en méprisant les Africains,1
Il se joue les connaisseurs pourtant nul un vrai voleur,1
Vraiment,1
O,1
https://www.facebook.com/share/v/1CrgvWAkpT/,1
https://vm.tiktok.com/ZS67Tn58M/ Cette publication est partagée via TikTok Lite. Télécharge TikTok Lite pour découvrir d'autres publications : https://www.tiktok.com/tiktoklite,1
Place disponible pour une fille,1
*Ordonnance d'expulsion de TRUMP : Voici les 10 pays africains les touchés*,1
"*Le Burkina Faso, le Mali et le Niger quittent officiellement ce mercredi la CEDEAO*",1
"*La CEDEAO confirme le retrait des pays de l’AES, mais annonce ces 4 mesures*",1
*La Liste des téléphones qui ne pourront plus utiliser WHATSAPP en 2025*,1
*Voici Les 10 pays les moins endettés d'Afrique auprès du FMI en 2025 (La Liste)*,1
Mon Dieu Nous sommes en guerre et j'en ai marre,1
*URGENT - Les gagnants de la Loterie Visa sont-ils concernés par les expulsions aux ÉTATS-UNIS ? La Réponse*,1
*CEDEAO maintient le libre-échange avec les pays de l’AES « jusqu’à nouvel ordre »*,1
*Historique - CAN 2025 : La CAF annonce un changement radical pour la compétition*,1
*Un homme gracié par DONALD TRUMP abattu par la police lors d’un contrôle routier (Photo)*,1
Une place disponible dans un mimi studio de deux filles ligne 9,1
"Si cet loi est voté , vous pourriez attaquer le responsable de l’immigration responsable du refus de votre renouvellement si vous jugez que vous avez raison . Informez gratuitement : https://t.me/+8ny5VXJIjAlhYjhi",1
🚨 A room available for rent for 2 people or couples  . 15 minutes to bulvar Dmitry donskogo. Contact for more details +79687107286,1
*Retrait définitif de l’AES de la CEDEAO : Voici ce qui va se passer maintenant*,1
*Incroyable - CHIKUMBUTSO : Ce Zimbabwéen invente une voiture qui fonctionne sans carburant ni électricité (Vidéo)*,1
*Dernière Minute : L’administration Biden a tenté d’assassiner Vladimir POUTINE (Photo)*,1
*Urgent - CORÉE DU SUD : Un avion prend feu à l’aéroport avec 176 personnes à bord (Vidéo)*,1
Appartement d'une piece disponible non loin du metro,1
Сдаётся однокомнатную квартира,1
Louer un appartement d'une pièce,1
Всем!,1
Utilise ce lien pour intégrer mon groupe WhatsApp : https://chat.whatsapp.com/Gxlbc0sliFnJDCvY1IQsSB,1
🚨🚨🚨Permanent restaurant job is available. Time 08:00-18:30 . payment 3000 rub. +79687107286,1
Une chambre disponible ;,1
✈️Imminent départ,1
Une place disponible dans un mimi studio de deux filles ligne 9,1
"Gombo frais disponible l'unité à 350 livraison à partir de 2 paquets à la station de train de boutova où cherbinka (Бутово, Щербинка",1
Chambre disponible pour garçon ds un appartement de 2 pièces sur la ligne D1 odintsovo 10 minutes à pied pour la maison 20mil commission 5000 intéressée ib pardon ne m'écrivez pas si vous êtes pas intéressés merci 🙏🙏,2
‎Open this link to join my WhatsApp Group: https://chat.whatsapp.com/GoKFgAM6o1a4obI780cQwP,1
"*Salwan Momika, l’homme qui a brûlé le Coran, fusillé en Suède (Vidéo)*",1
*TOGO : Jeter des ordures sur la voie publique va vous coûter désormais très cher*,1
*Gagnez plus de 3.738.000 FCFA par mois en marchant seulement : Découvrez cette offre d’emploi insolite d’Elon Musk*,1
*ETATS-UNIS : Des ressortissants Ghanéens dénoncent leurs compatriotes sans papiers pour 1500 dollars*,1
*Un Chinois tire dans les fesses d'un Zimbabwéen qu'il suspecte de vol d’or*,1
Bonsoir svp qui arrive en Russie dans les jours à venir?,1
✈️✈️✈️✈️✈️✈️✈️✈️✈️✈️✈️✈️,1
Salut,1
null,1
null,1
Tu as amenés ta maman traverser la frontière mon gars 😀,1
😂😂😂,2
Travail chantier pour homme uniquement ceux qui ont les documents 3500 par jour heure de rencontre 8h 19h au métro potapovo sortie 1 la paye c est après chaque 2 semaines sans retard de paiement,1
🚨 A room available for rent for 2 people or couples  . 15 minutes to bulvar Dmitry donskogo. Contact for more details +79687107286,1
https://youtube.com/shorts/NaTOCbIoVVw?si=3npNlfw90XOzmimb,1
Иностранцу в России,1
*Pour les étrangers en Fédération de Russie*,1
null,1
Utilise ce lien pour intégrer mon groupe WhatsApp : https://chat.whatsapp.com/Gxlbc0sliFnJDCvY1IQsSB,1
*Une femme enceinte raconte comment son ventre a été mystiquement attaqué (Photo)*,1
*VIH : Voici les Pays Africains avec le grand nombre de personnes vivant avec le SIDA*,1
"*TOGO : Bientôt des milliers d’emplois pour les jeunes, détails*",2
🚨🚨Départ imminement urgemment confirmé,1
2  places disponible dans un appartement de  2 chambresau métro Schyoskosvkaya,1
2 places disponibles pour les garçons,1
Cameroun🇨🇲——>Russie 🇷🇺✈️,1
Une place disponible pour une femme dans une chambre de deux femme plus de détails ib,1
*Tentative d’assassinat de Vladimir POUTINE par BIDEN : Voici la réaction de la Moscou*,1
*VOYAGES : Kes Etats-Unis ajoutent deux pays de l’AES sur la liste noire américaine*,1
*URGENT - Allemagne en deuil : décès de l’ancien président Horst Köhler*,1
*Ibrahim TRAORÉ reçoit son passeport biométrique de l’AES (Photo)*,1
*KHABY LAME : Le plus célèbre Tiktokeur au monde reçu au Palais par le président DIOMAYE FAYE (Photos)*,1
*DONALD TRUMP est inarrêtable : Le nouveau président remodifie le sexe d’une femme transgenre (Photo & Vidéo)*,1
Bonsoir a tous ici Momo,1
Chantier de 9h30 à 17h 2800 rouble  besoin de 4 garçon,1
Disponible,1
Disponible,1
🔐🔐🔐🔐,1
À Moscou il y à beaucoup des berbères 😅😅😅,1
Je te dis 😂,2
T’avais compris ça aussi.? 🤣🤣,2
Place disponible pour 2 filles non loin du metro,1
Chambre disponible non loin du metro,1
Chambre disponible de 20 mille rouble non loin du metro,1
Cameroun🇨🇲——>Russie 🇷🇺✈️,1
🚨🚨🚨 1 place is available for a man . 15 minutes to bulvar Dmitry donskogo . +79687107286,1
Départ prévue le 05 Février,1
‎Suivez ce lien pour intégrer mon Groupe WhatsApp  : https://chat.whatsapp.com/Ek2dQglBBqI4DYeasVCavi,1
https://vm.tiktok.com/ZNeoNPX8F/,1
Appartement à louer (2 chambres isolées),1
https://vm.tiktok.com/ZS6TM3ghq/ Cette publication est partagée via TikTok Lite. Télécharge TikTok Lite pour découvrir d'autres publications : https://www.tiktok.com/tiktoklite,1
Cameroun🇨🇲——>Russie 🇷🇺✈️,1
Une place disponible pour une femme dans une chambre de deux femme plus de détails ib,1
Bon dimanche a toute la famille africaine en Russie!,1
"Deux place disponible dans une chambre au métro Domodedovskaya, la place est à 10000rouble",1
"600 000 roubles disponibles , besoin du fcfa. Intéressé ib.    NB: taux Google",1
Déjà pris,1
30 jours pour maitriser la langue russe par des exercices simples et efficaces! Cest pas la magie,1
*Une vidéo bouleversante des derniers instants d’un soldat congolais secoue le web (Vidéo)*,1
*Barack OBAMA accusé d’infidélité : Voici la décision surprenante de sa femme MICHELLE*,1
*EGYPTE : Violent incendie au canal de Suez (Vidéo)*,1
*Ce pays africain débourse près de 630 Milliards pour acheter deux puissants satellites espions*,1
*SOGBOSSITO : Un togolais agressé à mort dans un restaurant Diallo par des cuisiniers guinéens (Vidéo)*,1
30 jours pour maitriser la langue russe par des exercices simples et efficaces! Cest pas la magie,1
‼️Annonce de travail sur Moscou ‼️,1
Cameroun🇨🇲——>Russie 🇷🇺✈️,1
null,1
Départ prévue le 09 février,1
30 jours pour maitriser la langue russe par des exercices simples et efficaces! Cest pas la magie,1
Waiting for this message,1
‼️Annonce de travail sur Moscou ‼️,1
30 jours pour maitriser la langue russe par des exercices simples et efficaces! Cest pas la magie,1
Une place disponible pour une fille dans une chambre de deux filles 12mill avec la facture,1
🚨🚨🚨 1 place is available for a man . 15 minutes to bulvar Dmitry donskogo . +79687107286,1
30 jours pour maitriser la langue russe par des exercices simples et efficaces! Cest pas la magie,1
✈️✈️✈️✈️✈️✈️✈️✈️✈️✈️✈️✈️,1
Appartement à louer (2 chambres isolées),1
Départ prévue le 05 février,1
Chambre 25 mille rouble disponible non loin du metro,1
*RWANDA : Très mauvaise nouvelle pour PAUL KAGAMÉ (Photo)*,1
*Voici le Top 5 des pays Africains avec les plus grandes flottes d’hélicoptères d’attaque en 2025*,1
*Un faux avocat arrêté alors qu'il s’est fait passer pour un avocat décédé (Vidéo)*,1
*La jeunesse tchadienne appelle Mahamat Idriss Déby à faire tout pour rejoindre l’AES (Vidéo)*,1
*Nouvel incident aérien aux USA : Le moteur d'un avion a pris feu (Vidéo)*,1
Hmmm commission la,1
On peux négocier 😂😂,2
Bonjour a tous s il vous plaît je recherche une place dans une chambre a saint Petersburg. Urgence!!!! <This message was edited>,1
Merci à tous ceux qui continue de nous faire confiance pour leur transfert d'argent 🙏,2
Départ prévue le 05 février,1
*700 morts et 2800 blessés : Découvrez la situation à GOMA au matin du 3 février*,1
*Voici l’unique aéroport Africain qui vous relie à tous les 6 continents habités*,1
*DERNIÈRE MINUTE : L’Alliance des États du Sahel (AES) va instaurer le Visa pour les voyageurs étrangers sur son territoire*,1
*ÉTATS-UNIS : La police arrête un des 10 fugitifs les plus recherchés par le FBI et le plus dangereux d'Amérique (VIDÉO)*,1
Bonjour et bon mardi famille,1
null,1
‎Open this link to join my WhatsApp Group: https://chat.whatsapp.com/GoKFgAM6o1a4obI780cQwP,1
Depart prévu le 12 fevrier.,1
Départ prévue demain le 05 février 2025,1
Cameroun🇨🇲——>Russie 🇷🇺✈️,1
❤️‍🔥,1
Place disponible pour 2 garçon non loin du metro,1
Utilise ce lien pour intégrer mon groupe WhatsApp : https://chat.whatsapp.com/Gxlbc0sliFnJDCvY1IQsSB,1
3 places disponibles pour filles,1
🚨🚨🚨 A room and  space is available . 15 minutes to bulvar Dmitry donskogo . +79687107286,1
Départ prévue le 05 février,1
La vie c’est question de temps,1
‎Suivez ce lien pour intégrer mon Groupe WhatsApp  : https://chat.whatsapp.com/Ek2dQglBBqI4DYeasVCavi,1
Une place disponible pour une fille dans une chambre de deux filles 12mill avec la facture,1
https://youtu.be/hRVORamPeEA?si=Go_WBAVpQNt4qIZS,1
"PLACE DISPONIBLE POUR GARÇON dans une chambre de 3 personnes à 15 munites du MÉTRO BOULEVARD DMITRIA DONSKOVO, BUS PAYANT 1224 sortie 6 intéressé inbox",1
‎Suivez ce lien pour intégrer mon Groupe WhatsApp  : https://chat.whatsapp.com/Ek2dQglBBqI4DYeasVCavi,1
‎Open this link to join my WhatsApp Group: https://chat.whatsapp.com/GoKFgAM6o1a4obI780cQwP,1
🚨🚨Départ imminement urgemment confirmé,1
Depart prévue du 09 février,1
Allemagne 🇩🇪 c’est deux programmes,1
Si tu est en Afrique tu dois avoir un niveau de langue b2,1
Merci,2
Mais ça ne réponds pas à ma question,1
Ne viens pas en Russie en touriste 😒,1
Quelle question?,1
Pour le départ norrrr,1
Où bien,2
Non chercher un autre pays,1
Ok,1
Merci pour le conseil,2
La Russie est trop compliqué maintenant,1
Ok,1
Pourquoi ne pas ce concentré sur l”Allemagne 🇩🇪,1
Si tu est au Cameroun il y’a des centre pour apprendre la langue,1
La Russie c l’enfer 🔥🔥🔥🔥,1
Effectivement la jungle,1
Chacuns est dans son schéma la bas,1
Je te conseille de te chercher ailleurs,1
Si tu viens en Russie tu v mourir pauvre 🤣,2
D’accord merci beaucoup,2
Et ceux qui voyagent là sont les extras???? Bref,1
Quelle âge,1
Ok merci,2
*Conflit en RDC : Un bilan dramatique de près de 800 morts et 3000 blessés à GOMA*,1
*RÉVÉLATION CHOC : Un homme séropositif avoue avoir couché sans protection avec près de 1000 femmes (Photo)*,1
"*AES Airlines : bientôt une compagnie aérienne pour des vols entre Bamako, Ouagadougou et Niamey*",2
*La Chine va sanctionner sévèrement les produits américains : Voici pourquoi*,1
*La France délocalise la fabrication de ses tenues militaires dans ce pays Africain: Les raisons…*,1
*Scandale au CAMEROUN : Les vidéos sextape de plusieurs élèves fuitent sur la toile (Vidéo)*,1
"*Moov Africa Bénin condamné à payer plus d’1,5 milliard FCFA, les raisons*",1
"*GUERRE en RDC : Cyrille RAMAPHOSA, le président sud-africain envoie un message inattendu à Félix TSHISEKEDI*",1
null,1
Pour arriver à Moscou ? <This message was edited>,1
🚨🚨🚨 Permanent restaurant job  in the night is available for a lady. Payment 3000 rub . 22:00-10:00. +79687107286,1
Cameroun🇨🇲——>Russie 🇷🇺✈️,1
https://t.me/+V2g_mXzy-05kOTg6,1
🚨🚨🚨 A room and  space is available . Many state buses ( blue )  to bulvar Dmitry donskogo (15 minutes) . +79687107286,1
1place disponible pour fille dans une chambre de deux fille à scherbika 15min en bus des metro annino ou Dimitri à  11mille,1
*Technologie du futur : Un pays africain veut sauter directement à la 6G*,1
*Une offre jamais vue : Ce pays se propose d’accueillir des prisonniers Américains sur son territoire (Vidéo)*,1
*AFRIQUE : Des Chrétiens protestants poursuivis en justice pour avoir prié en privé (Vidéo - Photos)*,1
"*FRANCE : Sous pression en Europe et viré du Sahel, le président Macron s’offre de nouvelles armes (Vidéos)*",1
"*L’AES lance son propre réseau télécom après son départ de la CEDEAO, détails*",1
"*FRANCE: agression sexuelle d'une fillette de 12 ans, le verdict tombe pour le violeur (Photo)*",1
"*TOGO : Coup dur pour 14 opposants togolais condamnés à 10 ans de prison , il s’agit de…*",1
*Les pays de l’AES quittent la CEDEAO : Voici ce qui va se passer maintenant*,1
null,1
Utilise ce lien pour intégrer mon groupe WhatsApp : https://chat.whatsapp.com/Gxlbc0sliFnJDCvY1IQsSB,1
null,1
Bsr ici,1
Bonsoir Beauté,1
🙏🏻🙏🏻🙏🏻,1
Comment tu vas,1
Mal l’envie de manger le beignet haricots bouilli 😄,1
Mais u peux le faire maison nor,1
Viens a Bafoussam me trouver,1
😂😂,2
Que qui à rationner??,1
Il ya tout au marche Africain,1
Non avec la poussière les temps si à fessap,1
Mais toi bien sur,2
Tu es dans quelle ville,1
Je le fais tous les jours aujourd’hui je suis en incapacité,1
C est que u ne veux pas vraiment mange,1
Si je n’es pas je vole???? Hummmmm,1
C est tjrs quelque chose mais avec tous les  boulots ici a moscou u na pas besoin de vole,1
https://www.facebook.com/share/p/14qZV78KT1/,1
Toi depuis que je suis dans ce groupe tu as toujours un problème de famine. Tu n’exagères pas unpeu?,0
Le pays ne blague pas,1
Lol,2
😂😂😂,2
Je ment ?,1
Qui a dit que tu ment massa,1
Tu as raison,1
Reviens je suis déjà là,1
Je suis la,1
Massah,1
Pardon Sussu dis nous 🖖 néanmoins dis moi ✍🏽 je te dois????,1
Nn tu ne me dois ooh,1
C'est pas ce que tu crois je peu tout expliquer oupsss désolé 🏃‍♂️ 🏃‍♂️ 🏃‍♂️ 🏃‍♂️,1
😂😂😂,2
Je t’aime aussi,1
❤️,1
Lol,2
Tu ne m'aime plus ? 😏,1
🚨🚨🚨🚨🚨🚨🚨🚨🚨🚨🚨🚨🚨🚨🚨🚨🚨🚨🚨 Depart confirmé,1
Cameroun🇨🇲——>Russie 🇷🇺✈️,1
🚨🚨🚨Permanent restaurant job  . Time 08:00-18:30. Payment 3000 rub. +79687107286,1
Besoin d'une fille maintenant travail permanent 2800 par jour lave vaisselle payement après chaque deux semaines interressé ib si tu est a jour,1
Fermé,1
Appartement à louer (2 chambres isolées),1
3 places disponibles pour filles,1
Départ prévue demain,1
"https://t.me/TrumpsEmpireBot?start=friend=6371291427=adjust=1h9jgqbc Jouez avec moi, construisez votre empire et obtenez un jeton Airdrop ! Pour gagner des token et les échanger en n'importe quel monnaie de votre choix ( FCFA, dollars, euro, ou autre crypto monnaie)Obtenez également un bonus de bienvenue GRATUIT : ⭐️ 30 ÉTOILES pour les utilisateurs communs ! ⭐️ 90 ÉTOILES pour Telegram Premium !",2
Depart prévu le 12 fevrier.,1
Espace de couchage disponible à la location,1
Chambre 25 mille rouble disponible non loin du metro,1
Départ prévue demain,1
Arrêtes de distraire les gens,1
Besoin d'une place pour un garson dans une chambre au métro Parnas,1
Si au moins tu avais une photo de profil je pouvais te répondre bonne fête de la jeunesse à toi mon jeune frère,2
Bonsoir la famille S'il vous plaît besoin non loin du métro d'une chambre,1
Good day sir/ ma please help repost God bless you all 🙏🙏🙏,1
Place disponible pour une fille,1
Russia 🇷🇺———-> Cameroun 🇨🇲,1
Place disponible pour femme dans une chambre de deux femme,1
Départ prévue le 13 février,1
Place disponible pour une fille,1
Place disponible pour un homme,1
Cameroun🇨🇲——>Russie 🇷🇺✈️,1
Chambre disponible non loin du metro,1
"PLACE DISPONIBLE POUR GARÇON dans une chambre de 3 personnes à 15 munites du MÉTRO BOULEVARD DMITRIA DONSKOVO, BUS PAYANT 1224 sortie 6 intéressé inbox",1
https://chat.whatsapp.com/Lcm5hbj78Gq5BJqSaVt5wv,1
✈️✈️départ inattendu et extrêmement urgemment confirmé.,1
Départ de la Ruissie 🇷🇺 au Mali 🇲🇱 prévue pour le 17 Février 2025.,1
Place disponible pour une fille,1
Place disponible pour une fille,1
Quel. Ville,1
Yaoundé ? <This message was edited>,1
Cameroun 🇨🇲——->🇷🇺 Russie,1
https://youtu.be/AVfdt7HTUlg?si=G_Z1Xc3CJKMgkOVo,1
🚨🚨🚨🚨Place pour fille disponible dans une maison à 7mn à pieds du métro intéressé ib,1
Je peux 2 places pour fille,1
"Bonjour la famille. J'ai une plainte contre le gars qui nous a envoyé travailler le 27 décembre parce qu'il ne paie que certains travailleurs et ne veut pas payer ceux qui parlent anglais. S'il vous plaît, si vous le connaissez, dites-lui de nous payer l'argent. Nous ne voulons pas de problèmes",0
🚨🚨🚨,1
"Hi there,",1
Here is the link to join this group,1
https://chat.whatsapp.com/IsePe7XsndSIWCBSk3Yx8x,1
🚨🚨🚨,1
L'HEURE A SONNÉ !,1
"PLACE DISPONIBLE POUR GARÇON dans une chambre pour 3 personnes à 15 minutes du MÉTRO DMITRIA DONSKOVO BOULEVARD, BUS D'ÉTAT e91, 948,737,953 sortie 7 ou 5 intéressé inbox +79687107286",1
Je peux 2 place garcon a coté de mtro urgence 🚨,1
Je peux 2 place garcon a coté de mtro urgence 🚨,1
Ib,1
??,1
https://youtu.be/UwQEmILiz-4?si=JhRz-1Nn6Dj1LF2L,1
"Реестр контролируемых лиц, где можно проверить данные иностранных граждан, появился на сайте МВД России, сообщил корреспондент ТАСС.",1
Bsr à tous le secret pour obtenir un visa Schengen ici au Cameroun 🇨🇲,1
Donc si tu as tout ces critère et un passeport vierges tu n’auras pas le visa ?,1
🤣,2
Tu rire comment ?🙌🏻🙌🏻😂😂,2
Vraiment c’est bizarre avec vous en Russie massa,1
Je pause ma question tu dis que c’est bizarre avec nous en raison comment ?,1
Amen 🙏🏻,1
Pourtant je suis sérieuse sur ma question,1
Tu ne réponds pas à ma question pourtant je suis sérieuse,1
Tu peux avoir tous ces critères mais ton passeport est vierge c’est bien possible,2
Bonne nuit je ne te réponds pas,2
👍,1
Non,1
Cameroun 🇨🇲——->🇷🇺 Russie,1
Départ prévue le 13 février,1
"*PLACE DISPONIBLE POUR GARÇON DANS UNE CHAMBRE DE 3 PERSONNES À 15 MUNITES DU MÉTRO BOULEVARD DMITRIA DONSKOVO, BUS PAYANT, INTÉRESSÉ INBOX*",1
Espace de couchage disponible à la location,1
https://www.facebook.com/share/p/1CkHBLzG62/,1
Merde vous ne riez plus avec les maison hien 15mil la place ?  Yes gagnez🙏,1
Une chambre pour 2 personne uniquement deux personnes dans une chambre il y’a déjà 1 personne à l’intérieur il faut juste 1 personne encore sa fait 2 personne c’est tout,1
L’appartement n’est pas un truc commercial,2
Ne confondez pa les choses,1
Place disponible pour femme dans une chambre de deux femme métro annino 10mille,1
🛑🛑 Besoin des 15 personnes qui ont les Visa à jour pour un travail de chantier lundi matin.,1
🛑🛑 Need 15 people who have up-to-date Visas for construction work on Monday morning.,1
VPN,1
Un studio de 40mil pour 3 personnes disponibles,1
Located at where,1
Cameroun 🇨🇲——->🇷🇺 Russie,1
Expédition de vos Documents 📃✈️,1
🛑🛑la police a le droit de signer les papiers d’expulsion sans passé par le juge 🧑‍⚖️,1
Départ prévue le 12 février,1
Chanbre disponible pour deux fille,1
Fermé,1
🚨🚨🚨🚨🚨🚨,1
🚨🚨🚨🚨🚨🚨🚨🚨🚨🚨🚨🚨🚨🚨🚨🚨🚨🚨🚨🚨 DEPART CONFIRMÉ +++,1
‎Open this link to join my WhatsApp Group: https://chat.whatsapp.com/GoKFgAM6o1a4obI780cQwP,1
✈️ ✈️ ✈️ ✈️ ✈️ ✈️ ✈️ ✈️ ✈️ ✈️ ✈️ ✈️ ✈️ ✈️ ✈️ ✈️ ✈️ ✈️ ✈️ ✈️ ✈️ ✈️ ✈️ ✈️ ✈️ ✈️ ✈️✈️ ✈️ ✈️,1
Depart prévu le 12 fevrier.,1
Bonjour pour certifier,1
"PLACE DISPONIBLE POUR GARÇON dans une chambre pour 2 personnes à 15 minutes du MÉTRO DMITRIA DONSKOVO BOULEVARD, BUS D'ÉTAT e91, 948,737,953 sortie 7 ou 5 intéressé inbox +79687107286",1
Bonjour à tous,1
Besoin urgent d'une place pour garson dans une chambre métro Parnas,1
Une placer disponible pour fille au métro domodedovskaya,1
Saint petersbourg,1
Départ prévue le 13 février,1
Une place disponible pour fille dans une chambre de deux filles à  10mill non loin du métro interresser ib,1
"🚨🚨🚨🚨Le travail dans les cantines scolaires disponible . Le travail est de 8h à 16h. 2300 par jour. Si vous êtes intéressé, contactez-moi en privé.",1
"🚨🚨🚨🚨Work in school canteens  available. The Work is from 8am to 4pm. 2300 per day. If you are interested, contact me privately.",1
Places disponible,1
https://chat.whatsapp.com/KwkzloWISWAITnjDT8m4fn,1
Depuis 3 ans tu ne grandit pas Micheal ? Même lorsqu'on aide quelqu'un on est pas obligé d'afficher cela en Public...,1
Bonne fête de la jeunesse à tous,2
😏Le Bitacola c'est pourquoi Tonton Boxeur 🥊 ?,1
Bon week-end à tous,1
C’est pour mes. Gars ici,1
Je suis moi d'épargne pas lui hien,1
😂😂😂😂 il n'est pas normal,2
PLACE DISPONIBLE POUR UNE FEMME DANS UNE CHAMBRE DE DEUX PERSONNES,1
*PLACE DISPONIBLE POUR GARÇON DANS UNE CHAMBRE DE 3 PERSONNES À 15 MINUTES DU MÉTRO BOULEVARD DIMITRIA DONSKOVO BUS PAYANT INTÉRESSÉ INBOX*,1
Merci,2
Cameroun 🇨🇲——->🇷🇺 Russie,1
Place disponible pour une fille dan la chanbre de deux,1
🤔,1
SAINT-PETERBOURG -MOSCOU🇷🇺-DOUALA 🇨🇲,1
Bsr la famille,1
Bonsoir à tous 245 milles au Cameroun besoin du roubles taux Google,1
Une place disponible pour fille dans une chambre de deux filles à  10mill non loin du métro interresser ib,1
Départ prévue le 13 février,1
Place disponible pour une fille,1
Places disponible,1
Chanbre disponible pour deux fille,1
🚨🚨🚨🚨🚨🚨,1
"Fondation Moumié: ""la libération de Mohamed Touré est un geste historique""",1
"🚨🚨🚨🚨Le travail dans les cantines scolaires disponible . Le travail est de 8h à 16h. 2300 par jour. Si vous êtes intéressé, contactez-moi en privé.",1
"🚨🚨🚨🚨Work in school canteens  available. The Work is from 8am to 4pm. 2300 per day. If you are interested, contact me privately.",1
Place disponible pour 2 garçon non loin du metro,1
https://t.me/sniperSGK,1
https://www.facebook.com/share/p/1E6itu63dn/,1
🔥 Découvrez le Spécial Okok Sucré/Salé chez Azar Délices !,1
Départ prévue le 13 février,1
https://t.me/+V2g_mXzy-05kOTg6,1
Espace de couchage pour un homme disponible à la location,1
Je demande cela à cause des gar qui vient ici en mode visiteur,1
🚨🚨🇨🇲——-> ✈️🇷🇺,1
Une place disponible pour fille dans une chambre de deux filles à  10mill non loin du métro interresser ib,1
Qui as besoin d’une information,1
Bonjour la Famille il ya aussi Mr 7G services qui fait des transactions d'argent fiable et tout le temps que j'ai solliciter ses services cela à toujours été fiable. Bonne journée à vous.,2
Départ prévue le 13 février,1
Et que penses-tu de 7G services ?!,1
toi u fais l identification sur tes trucs de documents petit malhonnête faut respecter les gens <This message was edited>,1
Je suis étonnée🤣🤣🤣,2
Heureusement que les gens comme vous était le groupe pour témoigner si non le blasphème de ce monsieur aurait eu l’effet voulu,1
🚨🚨🚨🚨🚨🚨,1
"Bonjour, je cherche un emploi permanent pour une fille.",1
Voilà,1
J'crois qu'il fait pas bon vivre au troisième millénaire,1
Places disponible pour les garçons,1
Prive sil te plait,1
Écrit moi alors,1
Grand corps malade,1
Départ prévue demain 12 février,1
https://www.facebook.com/share/p/1C2DfGPxAK/,1
Le registre des personnes  contrôler est disponible dans le bureau de MVD . Ceci veux simplement dire qu’il faudra faire l’effort de se régulariser en Russie avant le 30 avril . Si tu veux mieux savoir par rapport à ce registre va lire et informe tes voisins,1
"https://chat.whatsapp.com/CRDoPzI6rIGB2TrN8nauLV Chers amis, salutations continentales à vous tous. S'il vous plaît 🙏 rejoignez-nous et partagez le lien à propos. Voici une nouvelle plateforme pour parler de l'unité des citoyens étrangers vivant en Russie. Cette plateforme a été créée pour rassembler des étrangers responsables et travailleurs afin de débattre d'idées importantes qui peuvent nous faire réussir non seulement dans les questions de logement qui sont notre priorité aujourd'hui, mais aussi une base où nous pouvons trouver des solutions à nos meilleurs plans d'inspiration qui peuvent nous aider tous. Merci de nous avoir rejoint !",2
Oui boss,1
🚨🚨🚨🚨🚨🚨,1
https://www.facebook.com/share/p/1837ojT3Ez/,1
‎Open this link to join my WhatsApp Group: https://chat.whatsapp.com/GoKFgAM6o1a4obI780cQwP,1
*Depart prévu le 14 février *,1
Vous vendez tous maintenant hien mm ce qui est accessible en un clic 🤦🏻‍♂️,1
✈️✈️départ confirmé,1
🚨🚨🇨🇲——-> ✈️🇷🇺,1
https://t.me/+V2g_mXzy-05kOTg6,1
Bonjour vous vendez aussi des produits dove?,1
🚨🚨🚨Permanent restaurant job .,1
Départ prévue demain le 13 février,1
*Depart prévu le 14 février *,1
"Besoin de 10 personnes pour un bon travail a Yandex, travail très facile rien ne compliqué que tu sois a jour ou pas, tu vas travailler juste besoin de ton passeport.",1
C'est simple et facile,1
Je suis dépassé que quelqu'un vienne demander 2500 pour çà 🤦‍♂️,1
Bon comprends seulement c'est le service,1
🤦‍♂️,1
J'envoie le lien,1
Chacun peut ouvrir et vérifier,1
https://мвд.рф/rkl,1
Salut a tous!,1
Places disponible pour les garçons,1
Les cours sont dispensés au centre américain 🇺🇸 gratuitement,1
Ай ай ай,1
En français ?,1
Des éducateurs anglais russe et français russe,1
Вау 🔥🔥🔥,1
Svp 🙏pouvons-nous avoir l’adresse ? De ce centre,1
Старосадский переулок дом 7 /10,1
Merci beaucoup 🙏🙇,2
De que l’heure à que l’heure ?,1
Les ways de USAID…..hm,1
null,1
Mon cher je ne travaille pas là bas. Je ne me souviens pas des horaires de travail,1
Merci beaucoup frère 🙏,2
🚨🚨🚨🚨🚨🚨,1
PETERSBURG-MOSCOU————Douala.   20 kilos disponibles. Départ le 15- février. Intéressé IB,1
Yandex maps gratuit. Google traduction gratuit 🆓 on est et 1/4 du 21 siècle. ….( un exemple très simple l’histoire des chinois …..),1
Donc tout ce que tu peux avoir juste en tapant sur le moteur de recherche yandex start c'est ça tu demandes on paie 🤦‍♂️,1
C'est gratuit,1
J'enverrai le lien ici et tout le monde se taper des informations voir s'il y est ou pas ' AFRICAINS AIDONS NOUS ARRÊTONS DE VENDRE TOUT GENRE DE SERVICE À NOS FRÈRES MÊME CEUX QUI SONT GRATUITS,1
https://search.app/T8sHWeFKySzErT2B7,1
Voici le lien les gar c'est gratuit,1
Il ya travail a Ozon 4000 la journée faut aller te battre la bas,1
Je suis dépassé,1
S'il vous plaît la famille je ne comprends pas le lien ci,1
Toi tu vois le mensonge et le piège partout🙌🏽,1
C’est la façon qu’il écarte sa bouche pour crier qui me retient 🤣🤣🤣 le gar avait déjà lui compter l’argent sans avoir reçu 🙌🏾🙌🏾🙌🏾,2
Une place disponible pour filles,1
"UNE PLACE DISPONIBLE POUR 1 HOMME. 15 minutes du MÉTRO DMITRIA DONSKOVO BOULEVARD, STATE BUS e91, 948,737,953 sortie 7 ou 5 intéressé par la boîte aux lettres +79687107286",1
https://www.facebook.com/share/p/1DxRZw9vdc/,1
‎Open this link to join my WhatsApp Group: https://chat.whatsapp.com/GoKFgAM6o1a4obI780cQwP,1
*VOICI les métiers qui seront très demandés dans les prochaines années*,1
*RUSSIE-AFRIQUE : Poutine annonce l’ouverture d’ambassades dans quatre nouveaux pays africains (La Liste)*,1
*RDC-Rwanda : Kinshasa annonce une très mauvaise nouvelle à PAUL KAGAMÉ*,1
*URGENT - ARABIE Saoudite restreint les Visas à entrées multiples pour 7 en Afrique (La LISTE)*,1
*SORCELLERIE en Afrique : Une femme enceinte raconte son ventre a été mystiquement attaqué (Photo)*,1
*Grosse catastrophe en CHINE : Au moins 30 disparus après un glissement de terrain qui a englouti un village (Vidéos)*,1
https://www.facebook.com/share/15HPYwB8nA/,1
🩸LOGEMENT,1
🚨🚨🚨🚨🚨🚨,1
Départ prévue le 20 février,1
*Un garçon de 13 ans met enceinte son enseignante (PHOTO)*,1
*Plus de 81.885 fonctionnaires fantômes démasqués dans ce pays Africain*,1
*IRAN : Une vidéo montrant une rivière d'eau Rouge s'écoulant d'une montagne vers la mer est devenue virale (Regardez)*,1
*CÔTE D'IVOIRE : Le rappeur ivoirien Didi B pris en flagrant délit de fraude (Vidéo)*,1
https://www.facebook.com/share/p/1KbzjX5N38/,1
⚠️⚠️⚠️⚠️⚠️🗣️🗣️🗣️🗣️🗣️🗣️Beaucoup  de Rouble disponible besoin du franc CFA⚠️⚠️⚠️⚠️⚠️⚠️,1
Chanbre disponible pour deux fille,1
Métro,1
Est-ce que tu étais obligé de mettre votre conversation ici il a eu une mauvaise compréhension entre vous tu pouvais gérer sa en ibx mais tu viens afficher ici quel est objectif oubien c'est juste pour le salir regarde sur les publications il n'a jamais écrit tôt de Google souvent arrêtons un peu de se vendre entre nous les frères 🙏,2
Les cours de russe pour les nouveaux commenceront le 24 fevrier 2025 ONLINE!,1
Ambassade de la Belgique 🇧🇪,1
Chanbre disponible pour deux fille,1
https://www.facebook.com/share/1B84TZTRT5/,1
*Découvrez les 10 des Pays Africains les Plus Corrompus*,1
*CÔTE D’IVOIRE : Un footballeur s’effondre et meurt en plein match*,1
*Ce pays africain impose désormais un visa obligatoire pour les voyageurs français sur son territoire*,1
"*GHANA – Ken Ofori-Atta : Accusé de corruption, L’Ex-ministre des finances de Nana Akufo-Addo a pris la fuite (Photo)*",1
*URGENT - Donald TRUMP et Vladimir POUTINE ont choisi Arabie Saoudite se rencontrer (Vidéo)*,1
*Cameroun – Douala : Un bébé jeté dans une poubelle par sa mère (Photo)*,1
Studio,1
Chanbre disponible pour deux fille,1
https://www.facebook.com/share/1A9y8WEegH/,1
Places disponible pour les garçons,1
https://t.me/+V2g_mXzy-05kOTg6,1
"A SPACE AVAILABLE FOR 1  PERSON . 15 minutes by bus from METRO DMITRIY DONSKOVO BOULEVARD, STATE BUS e91, 948,737,953 exit 7 or 5 interested in mailbox +79687107286",1
Besoin d'une femme pour cohabiter avec une autre femme interressé ib,1
Happy Val day!,1
Chanbre disponible pour deux fille,1
https://youtu.be/N0roFC0OFlE?si=26v--H7B_nGhYSFb,1
*INCROYABLE : Une Éthiopienne de 76 ans a donné naissance à son premier enfant (Vidéo)*,1
*Drame en COLOMBIE : Quatre footballeuses frappées par la foudre en plein match (Les images)*,1
"*NIGER : L’ordre des avocats défie le Général TIANI, les raisons*",1
*Plusieurs américains deviennent aveugles après la prise de ce médicament (Photo)*,1
*Voici la Liste des pays Africains qui continuent d’imprimer leur monnaie en FRANCE*,1
*VLADIMIR POUTINE annonce l’ouverture d’ambassades dans quatre nouveaux pays Africains (La Liste)*,1
🚨🚨🚨🚨🚨🚨,1
null,1
✈✈départs très imminents,1
Bonsoir à tous,1
J'ai 12000 rouble ici,1
Je suis sur Instagram sous le nom @tysondjone. Installez l’application pour suivre mes photos et vidéos. https://www.instagram.com/invites/contact/?igsh=14oc7jfjr9lgr&utm_content=1isjom3,1
Départ prévue le 19 février,1
*DEUIL : Kylian Mbappé frappé par un grand malheur*,1
*Urgent - Guerre à GOMA : Très mauvaise nouvelle pour PAUL KAGAMÉ*,1
*14 FÉVRIER : Voici tous les mensonges autour de la célébration de la SAINT-VALENTIN*,1
*DRAME à Agoè : Un camion se renverse et fait plusieurs morts (Photos)*,1
Chanbre disponible pour deux fille,1
ALERTE INFO,1
https://www.facebook.com/share/v/1HADYoaisY/,1
500k au Cameroun 🇨🇲 besoin du roubles taux Google,1
Chambre a 25mil pour une fille.,1
Utilise ce lien pour intégrer mon groupe WhatsApp : https://chat.whatsapp.com/KrUioBZK4l64fKySTa1SwJ,1
Départ prévue le 19 Février,1
Place disponible pour deux fille,1
"*URGENT - ROME : Le Pape François hospitalisé d’urgence, voici ce que l'on sait*",1
"*RDC : Voici la situation dans l'est de la RDC au matin du 15 février, Plus de 4000 Morts*",1
*Classement 2025 des footballeurs africains les mieux payés*,1
*JOHN MAHAMA : Le nouveau président ghanéen annonce une mauvaise nouvelle à ses ministres*,1
*Barack OBAMA et sa femme vont-ils divorcer ? L'ancien président américain réagit enfin (Photo)*,1
Départ prévue le 20 fervrier,1
Salut la famille besoin d'une chambre pour deux filles non loin du métro,1
🚨🚨🚨🚨🚨🚨,1
Chambre 28 mille rouble disponible non loin du metro,1
Louer un appartement d'une pièce,1
Places disponible pour les garçons,1
Chambre 28 mille rouble disponible non loin du metro,1
Départ prévue le 28 février,1
"A SPACE AVAILABLE FOR 1  PERSON . 15 minutes by bus from METRO DMITRIY DONSKOVO BOULEVARD, STATE BUS e91, 948,737,953 exit 7 or 5 interested in mailbox +79687107286",1
🛑 *Entrevue*,1
*RDC : Le chanteur Delcat Idengo tué lors du tournage d’un clip vidéo à GOMA*,1
*CHINE : un fonctionnaire exécuté pour vol de 421 millions de dollars (Photo)*,1
*L'artiste nigérian 2FACE Idibia porté disparu : Sa famille lance un appel urgent*,1
"*Révolution Énergétique au SÉNÉGAL : Gosail, Kérosène, Essence, le pays commence le raffinage de son propre Pétrole (Vidéo)*",1
*CLASSEMENT 20 des footballeurs africains avec leurs salaires*,1
Combien ?,2
Chambre 28 mille rouble disponible non loin du metro,1
3200p prix de gros minimum 10 PCs et 5000p prix unitaire,1
Avec la chaussure ?,1
Non,1
Place disponible pour femme interresser ib,1
‎Suivez ce lien pour intégrer mon Groupe WhatsApp  : https://chat.whatsapp.com/Ek2dQglBBqI4DYeasVCavi,1
"Utilise ce lien pour intégrer mon groupe WhatsApp, : https://chat.whatsapp.com/Lcm5hbj78Gq5BJqSaVt5wv",1
Chanbre disponible,1
‎Suivez ce lien pour intégrer mon Groupe WhatsApp  : https://chat.whatsapp.com/KOinYFcRWVI4okxogY0uiw,1
Interdit-18,1
Pardon ajouté ce numéro  dans le groupe,1
+79168974088,1
Je viens d inviter ce numéro,1
*URGENT - Un autre pays africain menace d'attaquer une ville de la RDC dans les prochaines 24 heures (Photo)*,1
*Un enseignant battu par les parents de son élève après avoir mangé sa nourriture (Vidéo)*,1
*ÉQUATEUR : Un colonel de l’Armée abattu en pleine célébration de la Saint-Valentin (Vidéo)*,1
*Voici les 10 des monnaies les plus difficiles à contrefaire*,1
*Découvrez les 10 Pays africains les plus touchés par le VIH-SIDA*,1
Chanbre disponible pour deux fille,1
Size 42-43 is available,1
Départ prévue le 19 février,1
Place disponible pour garçon 10 minutes bus d'état intéressé 🔴🔴🔴🔴🔴🔴🔴🔴🔴🔴🔴🔴🔴🔴🔴🔴🔴,1
Chambre 28 mille rouble disponible non loin du metro,1
null,1
Un placer disponible pour les homme,1
Chanbre disponible,1
🚨🚨🚨🚨🚨🚨,1
Départ prévue le 20 février,1
*Tensions à l’Union Africaine : PAUL KAGAME quitte la salle après des accusations de la RDC*,1
*BONNE NOUVELLE : Les citoyens de ce pays africain n'auront plus besoin de Visa avant d'aller au QATAR*,2
*USAID : Découvrez les pays africains les plus touchés par la suspension de l’aide américaine*,1
"*Après le Rwanda, le fils du Président Ougandais menace également d’attaquer la RDC dans les prochaines 24 heures (Photo)*",1
*MALI : Le dangereux Chef terroriste BNOU AG M’BAYARACH éliminé lors d’une opération militaire à Kidal (Photo)*,1
Chanbre disponible pour deux fille,1
Chanbre disponible pour deux fille,1
Voyage prévu demain matin 9h 00 Douala/ Moscou Saint-Pétersbourg 10 kilos en soldes.,1
🚨🇷🇺✈️✈️🇨🇲,1
https://t.me/afrohouses/6476?single,1
Quand le Boza passe comme ça c'est bon quand ça cuit c'est les pleurs du mbolé avec les ohhh aidons nos frères on les a tchéqué jusqu'à c'est le grand si qui fait la pub chose qu'il a fait de ça son combat que Dieu soit toujours le guide de chacun et bonne chance à tous,2
Une place disponible pour une fille dans une chambre de deux filles métro annino intéressé ib,1
https://chat.whatsapp.com/GoKFgAM6o1a4obI780cQwP,1
Louer un appartement d'une pièce,1
*Scandale Alimentaire : PAUL BIYA accusé de vendre du riz de mauvaise qualité aux Camerounais (Vidéo)*,1
*Suspension de l’USAID : Voici la Liste de tous les projets annulés pour l'Afrique*,1
*Une femme enceinte disparue retrouvée vivante sans son bébé (Photos)*,1
*Retrait définitif de l’AES de la CEDEAO : Découvrez ce qui va se passer maintenant*,1
Places disponible pour les garçons,1
"🚨🚨🚨A SPACE AVAILABLE FOR 1  PERSON . 15 minutes by bus from METRO BULVAR DMITRY DONSKOGO.  STATE BUS e91, 948,737,953 exit 7 or 5 interested in mailbox +79687107286",1
✈✈départ très imminent,1
Une place disponible pour un garçon dans une chambre de deux garçons métro Bulvar Dimitri Donskova intéressé ib,1
🚨🇷🇺✈️✈️🇨🇲,1
Bonne après-midi à vous chers frères s'il vous plaît plaît j'ai 100eur besoin du rouble,2
"*URGENT - RDC : Après la prise de Goma et Bukavu, les rebelles du M23 veulent marcher sur la capitale KINSHASA*",1
*Découvrez les 5 pays du monde qui n’ont pas d’aéroport*,1
*NIGÉRIA : Le gouvernement d'Anambra commence l'arrestation des filles qui se promènent sans Soutien-gorge et ni pantalon (Vidéo)*,1
"*Dernière Minute : Le Visa français refusé aux maliens détenteurs du passeport AES, Voici Pourquoi*",1
*CHRONIQUE - Paul KAGAMÉ : un Ange ou un démon pour l’Afrique ? (Vidéo)*,1
🚨🚨🚨🚨🚨🚨🚨🚨🚨,1
https://www.facebook.com/share/15o9bGwEgf/,1
Une place disponible pour un garçon dans une chambre de deux garçons métro Bulvar Dimitri Donskova intéressé ib,1
Départ prévue le 25 février,1
Départ prévue le 25 février,1
Intéressés me contact inbox pour plus d’information,1
Si tu c’est lever le pied et que tu a confiance en toi,1
*Visa français refusé aux maliens détenteurs du passeport AES : Voici la réaction ferme de BAMAKO*,1
*CÔTE D’IVOIRE : Un ingénieur abandonne son diplôme et gagne 4 millions CFA par mois avec cette autre activité*,1
*Sénégal : De deux individus arrêtés avec de plus de 2 milliards FCFA en faux billets (Photos)*,1
*SCANDALE : « Barack OBAMA est h0mosexeul et marié à un homme » révèle le père d'Elon Musk (Vidéo)*,1
Départ prévue le 25 février,1
🚨🇷🇺✈️✈️🇨🇲Voisi mes services au Cameroun 🇨🇲 passe le message à ton Voisin finis vos problèmes de réflexion je gère tout propre,0
✈✈départ très imminent,1
https://www.facebook.com/share/v/14nQ86gRFZ/,1
🚨🚨🚨🚨🚨🚨🚨🚨🚨🚨🚨🚨🚨🚨🚨🚨🚨🚨🚨🚨🚨🚨🚨🚨🚨DEPART CONFIRMÉ,1
Départ prévue le 25 février,1
Depart prévue le 19 février,1
Louer un appartement d'une pièce,1
Places disponible pour les garçons et filles,1
‎Open this link to join my WhatsApp Group: https://chat.whatsapp.com/GoKFgAM6o1a4obI780cQwP,1
🚨🇷🇺✈️✈️🇨🇲Voisi mes services au Cameroun 🇨🇲 passe le message à ton Voisin finis vos problèmes de réflexion je gère tout propre,0
https://www.facebook.com/share/v/12EduKQeaQV/,1
*MUHSIN HENDRICKS : Premier imam au monde ouvertement Gay a été tué en Afrique du Sud (La Vidéo)*,1
*«J’ai 38 ans et j’ai besoin d’un mari. 50 millions pour quiconque veut m’épouser»: Une femme d'affaires célibataire en détresse (VIDÉO)*,1
*Top 5 des pays africains avec les plus grandes flottes d’hélicoptères d’attaque en 2025*,1
🚨🚨🚨🚨🚨🚨🚨🚨,1
"https://t.me/afrohouses99/7616?single Des chambres sont disponibles dans cet appartement, veuillez cliquer et partager le lien, vous pourrez peut-être aider quelqu'un dans le besoin à trouver un endroit où loger. Merci de partager ! <This message was edited>",2
Place disponible pour deux fille,1
ALERTE INFO !,1
"https://t.me/afrohouses/6509?single Il s'agit d'un appartement de deux chambres disponible à Balashikha. S'il vous plaît 🙏 cliquez et partagez le lien, vous pourriez peut-être aider quelqu'un qui en a désespérément besoin à trouver un endroit où loger. Merci de partager !",2
"https://t.me/afrohouses/6495?single Il s'agit d'un appartement d'une chambre disponible à Balashikha. S'il vous plaît 🙏 cliquez et partagez le lien, vous pourriez peut-être aider quelqu'un dans le besoin à trouver un endroit où loger. Merci de partager !",2
Départ prévue le 20 février,1
*URGENT - CRASH : Un avion s'est écrasé à son atterrissage avec 80 personnes à bord au CANADA (Vidéo)*,1
"*Attaque meurtrière au nord du GHANA : Des TOGOLAIS parmi les victimes, bilan (images sensibles)*",1
*Ce mécanicien automobile réalise son rêve et devient médecin à 51 Ans (Vidéo)*,1
*URANIUM : Voici les pays africains avec les plus grandes réserves sur le continent*,1
"*Des voleurs audacieux au BÉNIN : Un commissariat de Police cambriolé, plusieurs motos emportées; Les faits*",1
Iphone 14 pro max a vendre,1
Qui as un document ou un téléphone à faire monter en Russie 🇷🇺 ? La personne peux venir remettre je suis àctuellement avec le doyen qui monte le 20 février,1
Une place disponible à scherbika pour fille 10mill,1
UN TÉMOIGNAGE RIDICULE !,1
10 mille,1
Place dans une chambre,1
Le métro?,1
*Redécouvrez LASSINA SAWADOGO : L’homme qui a affronté l’armée de BLAISE COMPAORÉ à mains nues au Burkina Faso (Vidéo)*,1
*Incendie au Tribunal de Lomé : Ce qui s'est réellement passé (BILAN)*,1
"*Malgré le conflit avec l’Ukraine, la France a payé 1758 milliards à la Russie pour acheter son...*",1
*SÉNÉGAL : Diomaye FAYE reçoit l'homme le plus riche d'Afrique : Voici ce se prépare pour le pays*,1
*Voici les 12 pays africains qui continuent d’imprimer leur monnaie en FRANCE*,1
Deux places disponibles dans une chambre,1
"🚨🚨🚨A SPACE AVAILABLE FOR 1  PERSON . 15 minutes by bus from METRO BULVAR DMITRY DONSKOGO.  STATE BUS e91, 948,737,953 exit 7 or 5 interested in mailbox +79687107286",1
Chanbre disponible pour deux fille,1
Chanbre disponible pour deux fille,1
Départ prévue demain le 20,1
https://t.me/+V2g_mXzy-05kOTg6,1
Chambre disponible dans un appartement de 3 chambres propre et calme au métro лермонтовский проспект ligne violette vers le bas,1
Places disponible pour garçon et (3) trois places pour filles,1
https://youtu.be/0vHpY5cWXYc?si=DF_LPyWg2DRXc2lG,1
"*URGENT - RDC : Après la prise de Goma et Bukavu, les rebelles du M23 s’emparent ce mardi de KAMANYOLA (Vidéo)*",1
*Scandale au TOGO : Le comptable d'hôpital Public détourne plus de 100 millions de FCFA*,1
*Ghana : Le nouveau président John Dramani Mahama déclare ses biens (Vidéo)*,2
*Voici les 10 pays africains offrant une éducation de qualité*,1
🚨🇷🇺✈️✈️🇨🇲Voisi mes services au Cameroun 🇨🇲 passe le message à ton Voisin finis vos problèmes de réflexion je gère tout propre,0
Tu proposes des services/produits sur whatsapp?,1
"Mmmm. Salut Teo! 👋 Tu vas bien, j’espère ? <This message was edited>",2
Saint-Pétersbourg,1
"A SPACE IS AVAILABLE  . 15 minutes by bus from METRO DMITRIY DONSKOVO BOULEVARD, STATE BUS e91, 948,737,953 exit 7 or 5 interested in mailbox +79687107286",1
Départ prévue demain le 20 février,1
*Urgent - RDC : L'Ouganda envoie aussi des soldats attaquer la ville congolaise BUNIA (Photo)*,1
*Guerre à GOMA : Paul KAGAMÉ sanctionne la Belgique suite à sa position en faveur de la RDC*,1
*Pape FRANÇOIS entre la vie et la mort ? Le Vatican réagit enfin*,1
*Dernière Minute : Le NIGER impose des restrictions strictes d’entrée aux nigérians voyageant avec le passeport de la CEDEAO*,1
*Suspension de l'aide américaine : Voici la Liste de tous les projets annulés en Afrique*,1
Chanbre disponible pour deux fille,1
Chanbre disponible pour deux fille,1
🚨🚨🚨🚨🚨🚨,1
🚨🚨🚨🚨🚨🚨,1
Départ imminent le 25 février,1
"SPACE AVAILABLE  . 15 minutes by bus from METRO DMITRIY DONSKOVO BOULEVARD, STATE BUS e91, 948,737,953 exit 7 or 5 interested in mailbox +79687107286",1
*RDC : Le président FÉLIX TSHISEKEDI veut emprunter des soldats Tchadiens pour contrer l’avancée des rebelles du M23*,1
*Drame au NIGÉRIA : Une jeune fille tuée et découpée par son copain rencontrée sur Facebook (Photos)*,1
"*CAMEROUN : Caché dans le train d'atterrissage, cet homme chute mortellement de l'avion à l'aéroport de Yaoundé (Vidéo)*",1
*Voici la Situation dans l’Est de la RDC ce mercredi 19 février*,1
https://www.facebook.com/share/1B1uqPqkpk/,1
https://t.me/+V2g_mXzy-05kOTg6,1
Besoin d'une fille pour cohabiter avec une autre dans une chambre interresser ib,1
Louer un appartement d'une pièce,1
Places disponible pour les garçons et filles,1
"DECLARATION SUR LA DECOUVERTE DU CHARNIER DE SIKOUM, PAR EDEA, ET SUR L'INSECURITE TOTALE DANS LAQUELLE LE REGIME RDPC A PLONGE LES CAMEROUNAIS.",1
*Voici le CLASSEMENT des 6 pays Riches mais avec des populations Pauvres dans le monde; Deux sont africains*,1
*SANTÉ : Un ver ressemblant à un serpent retiré du nez d'un garçon de 9 ans (Vidéo)*,1
"*RDC : 3 enfants exécµtés Par les rebelles du M23, les faits*",1
*Découvrez les 10 Pays Africains les moins corrompus*,1
*Ligue des Champions : Voici la Liste des 16 équipes qualifiées pour les 8es de finale*,1
Chanbre disponible pour deux fille,1
Métro,1
15 pro max,1
"Batterie 87% , capacité 256 gb",1
Place pour une fille,1
LA NOUVELLE AFRIQUE EST DEBOUT !,1
*URGENT - Afrique du Sud : Une maire envoie par erreur ses vidéos sextape dans le groupe WhatsApp de son parti politique. (La Vidéo)*,1
*Présidentielle 2026 au Bénin : Patrice TALON prend une importante décision*,1
*Le Football brésilien en deuil : Un joueur décède subitement juste avant le début un match (Photo)*,1
*CAMEROUN : Deux jeunes infligent un vi0l de 2 heures non-stop à une fille à Yaoundé (Les Photos)*,1
Salut la famille besoin d'une place pour un garçon juste deux jours,1
Place disponible pour une fille,1
Place disponible pour une fille,1
Louer un appartement d'une pièce,1
Places disponible pour les garçons et filles,1
🚨🇷🇺✈️✈️🇨🇲Voisi mes services au Cameroun 🇨🇲 passe le message à ton Voisin finis vos problèmes de réflexion je gère tout propre,0
https://www.facebook.com/share/v/1E1g9BU9NP/,1
🚨🚨🚨🚨🚨🚨,1
🚨🚨🚨🚨🚨🚨,1
‎Open this link to join my WhatsApp Group: https://chat.whatsapp.com/GoKFgAM6o1a4obI780cQwP,1
Besoin de 02 personnes maintenant pour travail chantier au métro lyublino ligne 10 de 9h00 à 18h00 payé 3000r après boulot,1
Départ prévue le 25 février,1
Chanbre disponible pour deux fille,1
Louer un appartement d'une pièce,1
Places disponible pour les garçons et filles,1
🚨🇷🇺✈️✈️🇨🇲Voisi mes services au Cameroun 🇨🇲 passe le message à ton Voisin finis vos problèmes de réflexion je gère tout propre,0
L’égalisation et traduction de vos documents,1
https://t.me/afrohouses/6511 Je vends une carte grise d'un an à Moscou pour une fille. La carte grise est directement délivrée par le propriétaire de l'appartement. Le prix de revient de la carte grise d'un an est de 20 000 roubles. La durée de préparation est de 4 jours à une semaine. <This message was edited>,1
null,1
Pacer disponible pour une fille,1
"https://t.me/afrohouses/6509?single Louez un bel appartement de deux chambres bien équipé, à un prix abordable. S'il vous plaît 🙏 cliquez et elle vous dira peut-être que vous pouvez aider quelqu'un qui en a désespérément besoin à trouver un endroit où loger. Merci de partager ! <This message was edited>",2
Depart ✈️Moscou-Douala🇨🇲pour le 17/04/25,1
Chanbre pour deux fille,1
Chanbre pour deux fille,1
Ok,1
🚨🇷🇺✈️✈️🇨🇲Voisi mes services au Cameroun 🇨🇲 passe le message à ton Voisin finis vos problèmes de réflexion je gère tout propre,0
🚨🚨🚨🚨🚨🚨,1
🚨🚨🚨🚨🚨🚨🚨🚨🚨🚨🚨🚨🚨🚨🚨🚨🚨🚨🚨🚨 DEPART CONFIRMÉ +++,1
🚨🚨🚨🚨,1
Une place disponible pour garçon dans une chambre où vit déjà une personne pas Loin du métro лермонтовский проспект ligne violette vers le bas,1
Places disponible pour les garçons et filles,1
Louer un appartement d'une pièce,1
Louer un appartement d'une pièce,1
‎Suivez ce lien pour intégrer mon Groupe WhatsApp  : https://chat.whatsapp.com/Ek2dQglBBqI4DYeasVCavi,1
Départ prévue le 25 février,1
https://www.facebook.com/share/1DX2D9Xqzn/,1
Le vivre ensemble est très bien et facile mais c'est le partagez ensemble qui est le problème si se sont les deux si qui se gâte comme ça c'est que c'est grave,0
"Sa date de l'année écoulée, il ne faut pas nous ramener des histoires d'antiquité mais les gens veulent du travail en permanence et bien payé...",2
Toi tu as un groupe où tu es entrain de vénérer l'Allemagne et tu viens ici dit que c'est pas le paradis de qui tu te moques,1
Depart ✈️Moscou-Douala🇨🇲pour le 17/04/25,1
🚨🚨🚨‼️‼️🇨🇲🇨🇲,1
Chanbre disponible pour deux fille,1
🚨🚨🚨‼️‼️🇨🇲🇨🇲,1
Je gère les documents de qui demain qui est déjà prêt??,1
"La Déclaration Statistique et Fiscale (DSF) ou ""Bilan de l'entreprise"" pour le commun des ""mortels"".",1
Louer un appartement d'une pièce,1
Louer un appartement d'une pièce,1
Places disponible pour les garçons et filles,1
null,1
Départ prévue 25 février,1
Donc toi tu es au Cameroun tu conseil les gens en Russie ? 😒 gros malho,1
Ta garderie est où ? 😒,1
Je Wanda moi sur les gens qui écoute ce gars,1
Vraiment,1
"La Russie l’a dépassé, il cherche la facilité en arnaquant ces frères et les moutons sont là à l’écouter",1
Bro n'aide plus tintin,1
Tu as finis avec ton schéma de l'Allemagne ta garderie et maintenant tu viens dire au gens que le vng ne sert à rien toi seulement on doit te délivrer,1
Une place disponible pour garçon dans une chambre où vit déjà un garçon pas Loin du métro лермонтовский проспект ligne violette vers le bas,1
Depart ✈️Moscou-Douala🇨🇲pour le 17/04/25,1
DOUALA 🇨🇲-MOSCOU 🇷🇺-,1
Une piece pour une fille dans une chambre métro Dimistri,1
Place 13.500 pour 2 fille,1
Place 13.500 pour 2 fille,1
ALERTE INFO,1
Chanbre disponible pour deux fille,1
https://chat.whatsapp.com/KFBT0eXFGmgCichmMRWja0,1
Besoin d'une chambre pour deux garçons budget 20.000,1
Place 13.500 pour 2 fille,1
"Besoin d'un homme sérieux qui peut travailler à la cantine de l'école, qui sait au moins utilisé Maps de 7h30 à 16h payement 3000r pour plus d’informations  inbox",1
🚨🚨🚨🚨🚨🚨,1
Une piece pour une fille dans une chambre métro Dimistri,1
Documents uniquement,1
Une piece pour une fille dans une chambre métro Dimistri,1
https://www.facebook.com/share/p/15pRu27dcw/,1
Chanbre disponible pour deux fille,1
*Plusieurs filles africaines torturées et réduites à l'esclavage au YÉMEN (La Vidéo)*,1
*Drame en INDE : Un poids de 270 kg tombe sur le cou d'une jeune athlètes et la tue pendant l'entraînement (VIDÉO)*,1
*Découvrez Les 20 pays Africains qui enregistrent le plus d’accidents meurtriers sur leur route*,1
*Confédération des États du Sahel : Les trois pays lancent le drapeau unique officiel de l'AES (image)*,1
*ALLEMAGNE : Des lumières mystérieuses dans le ciel effraient les habitants (Vidéos)*,1
*Voici le CLASSEMENT des pays les plus d'Afrique*,1
*Une femme bat son époux à mort à cause de son salaire*,1
*« Il ne me reste plus qu’un mois à vivre » : confession d’un jeune homme sur les rituels d’argent*,1
*NIGÉRIA : Des hommes armés tirent sur un pasteur dans une église et kidnappent 6 fidèles (Photo)*,1
.,1
Départ prévue le Demain le 25 Février ( moscou🇷🇺 — Dla — Yde),1
Chanbre disponible pour deux fille,1
🚨🚨🚨🚨🚨🚨🚨🚨🚨🚨🚨🚨🚨🚨🚨🚨🚨🚨🚨🚨 DEPART CONFIRMÉ +++,1
Depart prévu le 03 Mars,1
DOUALA 🇨🇲-MOSCOU 🇷🇺-,1
https://t.me/+V2g_mXzy-05kOTg6,1
Chambre disponible dans un appartement de 3 chambres propre et calme au métro лермонтовский проспект ligne violette vers le bas,1
Chambre disponible dans un appartement de 3 chambres propre et calme au métro лермонтовский проспект ligne violette vers le bas,1
Depart ✈️Moscou-Douala🇨🇲pour le 17/04/25,1
Salut besoin d'une fille pour faire un massage rapide 1h du temps massage simple 1h à 2500p massage complet 1h à 10.000p intéressé inbox 🛑🛑🛑🛑🛑🛑🛑🛑🛑🛑🛑🛑🛑🛑🛑🛑🛑🛑,1
"*1 PLACE POUR GARÇON DISPONIBLE DANS UNE CHAMBRE DE 3 PERSONNES À 15 MUNITES DU MÉTRO BOULEVARD DIMITRIA DONSKOVO, BUS PAYANT, INTÉRESSÉ INBOX*",1
Chanbre disponible pour deux fille,1
Chanbre disponible pour deux fille,1
Départ prévue le 03 Mars 2024,1
*BRÉSIL : Accident aérien entre un avion et un oiseau (Photos)*,1
*Découvrez les 10 Pays Africains les plus influents en 2025*,1
*GUERRE EN UKRAINE : Voici les Milliards perdus par les grandes entreprises américaines après leur retrait de RUSSIE*,1
"*BÉNIN : Patrice TALON inscrit son nom dans l'histoire, plus de 15 milliards de FCFA pour...*",1
*URGENT : Les 3 pays de l'AES annoncent enfin une bonne nouvelle à la CEDEAO*,2
https://chat.whatsapp.com/CrMN2KUVoqmDmuaUKkS71S,1
https://chat.whatsapp.com/CrMN2KUVoqmDmuaUKkS71S,1
"*RECORD MONDIAL : En seulement 40 ans, cette femme a donné naissance à 69 enfants*",1
*Burkina Faso - IBRAHIM TRAORÉ honore Didier DROGBA et Samuel ETO'O : Leur nom gravé dans la « Rue des Étoiles » (PHOTOS)*,1
*Deux africaines nommées à la CPI (Photos)*,1
*Le Niger devient officiellement un pays producteur de Cuivre*,1
C'est mieux la musique bro..... j'avais misé sur toi pendant tes deux combats de boxe ...ton physique m'a trompé ....j'ai perdu,1
Datsik  plus de 40 ans t'a envoyé au Sol,1
Chanbre disponible pour deux fille,1
Places disponible pour les garçons et filles,1
"*1 PLACE POUR GARÇON DISPONIBLE DANS UNE CHAMBRE DE 3 PERSONNES À 15 MUNITES DU MÉTRO BOULEVARD DIMITRIA DONSKOVO, BUS PAYANT, INTÉRESSÉ INBOX*",1
*125 milliards détournés au Sénégal : Le fils de MACKY SALL rattrapé par la justice (Photo)*,1
*INDE : Un vieil homme trouvé dans une grotte et prétendant avoir 188 ans (Vidéo)*,1
*CLASSEMENT des 11 pays africains les plus mal gouvernés*,1
"*Voici le Top 5 des plus Grandes Mines d’or en Afrique en 2024... Mali, RDC dans le classement*",1
🚨🚨🚨🚨🚨🚨,1
Une place disponible pour un homme,1
Besoin de 100 personnes demain pour un travail de chantier démontage au métro Marino payer chaque soir après le travail 2800p  09h00 17h50 Rencontre à 08h 20,1
+ Peter,1
Besoin de 100 personnes demain pour un travail de chantier démontage au métro Marino payer chaque soir après le travail 2800p  09h00 17h50 Rencontre à 08h 20,1
Besoin de 100 personnes demain pour un travail de chantier démontage au métro Marino payer chaque soir après le travail 2800p  09h00 17h50 Rencontre à 08h 20,1
Besoin de 100 personnes demain pour un travail de chantier démontage au métro Marino payer chaque soir après le travail 2800p  09h00 17h50 Rencontre à 08h 20,1
Besoin de 100 personnes demain pour un travail de chantier démontage au métro Marino payer chaque soir après le travail 2800p  09h00 17h50 Rencontre à 08h 20,1
Besoin de 100 personnes demain pour un travail de chantier démontage au métro Marino payer chaque soir après le travail 2800p  09h00 17h50 Rencontre à 08h 20,1
Besoin de 100 personnes demain pour un travail de chantier démontage au métro Marino payer chaque soir après le travail 2800p  09h00 17h50 Rencontre à 08h 20,1
*KENYA : Les fidèles d’une église ont attaché et brµlé vive une femme âgée pour la debarasser de la sorcellerie (Vidéo sensible)*,1
*Les 5 pays africains abritant les plus grandes bases militaires américaines en 2024*,1
*Les 5 Présidents Africains les plus Longtemps au pouvoir en 2025*,1
*Bilan de la guerre dans l’Est de la RDC depuis janvier : 7000 morts en deux mois (Vidéo)*,1
Besoin de 100 personnes demain pour un travail de chantier démontage au métro Marino payer chaque soir après le travail 2800p  09h00 17h50 Rencontre à 08h 20,1
100 personne rencontre à la sortie du métro ? Pour faire arrêter les gars ou quoi?,1
‎Suivez ce lien pour intégrer mon Groupe WhatsApp  : https://chat.whatsapp.com/Ek2dQglBBqI4DYeasVCavi,1
Un schéma hien tu a finis avec la garderie maintenant c'est l'Allemagne toi nor on doit te bannir de tout les groupes de la Russie,1
🚨🔔,1
Schéma 3.0 on wait les pleurs,1
Il n’y a rien en Russie mais vous ne laissez pas les gens tranquille avec les arnaques par si par là,1
"Après maintenant, il diront que c'est Dieu qui ai voulu.",1
Place disponible pour une fille dans la chanbre de deux,1
Louer un appartement d'une pièce,1
Tu te demandes si c’est possible de réussir en tant qu’étudiant en Russie ?,1
ALERTE INFO,1
‎Open this link to join my WhatsApp Group: https://chat.whatsapp.com/GoKFgAM6o1a4obI780cQwP,1
*L'église catholique en panique : Voici la prédiction troublante de Nostradamus sur le Pape François*,1
*Un pasteur quitte son église pour épouser un homme (Photos du mariage)*,1
"*Le ""Rond-point de l'AES""  inauguré au Burkina Faso (La Vidéo)*",1
*Guerre en RDC : FELIX TSHISEKEDI fait appel à trois anciens présidents africains pour négocier un cessez-le-feu avec le Rwanda et le M23 (Photos)*,1
*CORÉE DU SUD : Un pont s'effondre tuant plusieurs personnes (Vidéo)*,1
Bonjour une place disponible  pour une fille à domo intéressé inbox,1
*Une vidéo choquante montre Donald TRUMP en train d'embrasser les pieds d’Elon MUSK (Vidéo)*,1
*Découvrez les 10 armées d'Afrique les plus faibles en 2025*,1
*Les 10 pays africains les plus touchés par le VIH*,1
"*EFOFAT : L’armée togolaise recrute des ÉLÈVES-OFFICIERS pour 2025, tout ce qu'il faut savoir*",1
Départ prévue le 04 mars,1
https://t.me/+V2g_mXzy-05kOTg6,1
https://www.camer.be/88451/11:1/cameroun-devoir-de-memoire-emeutes-de-fevrier-2008-nouka-jean-paulin-victime-de-la-barbarie-policiere-cameroon.html,1
Place disponible,1
🚨🚨🚨‼️‼️🇨🇲🇨🇲,1
*Voici les origines des rebelles du M23 en RDC*,1
*Urgent - MLS : Très mauvaise nouvelle pour LIONEL MESSI (Vidéo)*,1
"*Carte dorée : TRUMP propose à tous de devenir citoyen américain contre un paiement de 5 millions de dollars, les conditions*",1
*Découvrez le Classement 2025 des 10 meilleures universités d'Afrique*,1
.,1
J’espère que tu n’as pas faim aujourd’hui,1
J’ai déjà mangé,1
Kiekiekiekiekie,1
Tu as mit le cœur????,1
Dans quoi?,1
https://vpnifyapp.page.link/ToxEYuyPMZoB4Es68,1
https://www.facebook.com/share/1EKGj1UTSr/,1
https://youtube.com/shorts/1htVwnALGhc?si=SiZyWT0u0KaRTecV,1
Depart ✈️Moscou-Douala🇨🇲pour le 17/04/25,1
Départ prévue le 03 mars,1
*URGENT - Crash d’un avion militaire au Soudan : plusieurs morts et blessés près de Khartoum (Vidéo)*,1
*Les citoyens de ces 40 pays peuvent désormais voyager au ÉTATS-UNIS sans Visa (La Liste)*,1
*Découvrez le salaire XXL de Donald Trump en tant que Président des ÉTATS-UNIS*,1
"*Grâce au Général TIANI, le Niger a triplé ses recettes pétrolières, les chiffres*",1
*Le Royaume-Uni et les États-Unis sanctionnent le Rwanda pour son soutien au M23 : Découvrez tout ce que KAGALI va perdre*,1
null,1
Mon malhonnête ++,1
Louer un appartement d'une pièce,1
Our shop offers a wide range of dehydrated products,1
«Miss & Mister Cacao 2025»,1
Départ prévue le 03 mars,1
*Bonne nouvelle pour la Côte d'Ivoire :  certains ivoiriens n'auront plus besoin de Visa avant de voyager en FRANCE*,2
"*L’histoire triste de VERONICA : Une femme qui a été mariée 20 fois, divorcée 20 fois (Photos)*",0
*La Russie aidera ce pays africain à étudier et à explorer tous les minerais de son sous-sol (Photo)*,1
*BILAN : Voici le nombre de morts dans tous les accidents aériens dans le monde en 2024*,1
*Urgent - ÉTATS-UNIS : Collision évitée de justesse entre deux avions à Chicago (La Vidéo)*,1
POLL:,1
*URGENT - RDC : Explosion meurtrière lors d’un meeting des rebelles du M23 à Bukavu tuant plusieurs personnes (Les Vidéos)*,1
"*L’acteur GENE HACKMAN, sa femme et son chien retrouvés tous morts à leur domicile (Vidéo)*",1
*TRUMP sans pitié avec l'Afrique : Le président américain met fin un à important programme lancé par OBAMA*,1
Deux places disponibles pour garçon 15 minutes de métro bus payent  métro domodeskaya,1
https://www.facebook.com/share/v/17rUAVgqax/,1
ALERTE INFO,1
Une personne qui mens sur toi pour amener les gens à te détester est capable de t'empoisonner sans remords,1
*Les citoyens de ces 40 pays peuvent désormais voyager au ÉTATS-UNIS sans Visa (La Liste)*,1
*Voici les 10 pays africains les plus sûrs en 2025 : Rwanda classé premier*,1
*SANTÉ : Faut-il dormir nu ou habillé ? Découvrez les avantages et inconvénients*,1
*Découvrez les 6 pays immensément Riches avec des habitants extrêmement Pauvres*,1
"*Fini des friperies au ZIMBABWE : Le gouvernement compte brûler tous les vêtements d’occasion importés, les raisons*",1
Et l’Allemagne là c’est quoi? La fin du monde?,1
https://t.me/+V2g_mXzy-05kOTg6,1
Place disponible pour 2 garçons métro domodevskaya,1
Bonjour svp besoin d'un job permanent,1
null,1
https://t.me/afrohouses/6520?single Des chambres sont disponibles à la location dans la région de Moscou.,1
"*CAMEROUN : Des élèves du lycée d’Oulago chassent les enseignants et incendient l’établissement, les raisons (Les images)*",1
*SCANDALE : Les Etats-Unis et l'ONU ont fait un don de 87 camions de médicaments périmés au Nigéria*,1
*Scandale sexuel au CAMEROUN : la sextape de plusieurs élèves fuitent sur la toile (Vidéo)*,1
*PAPE FRANÇOIS : Enfin des nouvelles rassurantes pour le souverain pontife*,1
Louer un appartement d'une pièce,1
Places disponible pour les garçons et filles,1
Départ prévue le 03 mars,1
https://www.facebook.com/share/12FVsGM9Yku/,1
Depart prévue le 03 mars,1
Départ prévue le 10 mars,1
Je cherche un travail est-ce qu'il y a un travail.,1
https://t.me/+V2g_mXzy-05kOTg6,1
https://youtu.be/E-6UZWShEgA?si=aTdayzrQ30tvvu-D,1
Départ prévue le 03 mars,1
😭😭😭,1
Bonjour besoin d'un homme qui sait coiffé,1
*ÉVEIL DE CONSCIENCE AFRICAINE*,1
Tu oublies que l'Afrique est une tombe pour les Africains,1
Le Monde était créé partout de la même manière.,1
Nos dirigeants sont très mauvais,1
Regarde la RDC pourquoi aucun pays africains n'aide?,1
Pourquoi l'union africaine ne sanctionne pas le Rwanda ?,1
Et regarde l'Ukraine tout les Européens aide,1
C'est ça la différence,1
Les dirigeants sont l'émanation du peuple et l'image du peuple.,1
Bon c'est vrai. Mais l'Afrique c'est une honte.,1
"En Russie, nous vivons sans être dirigés par les dirigeants noirs mais on s'escroque, on s'exploite entre-africains. Et tu diras que la faute c'est aux dirigeants noirs?",1
😂😂😂😂,2
C'est vrai,1
"Les russes ne s'exploitent pas entre-eux, ils ne de volent pas. Et leurs dirigeants font la même chose.",1
T’es le premier escroc en voulant escroquer toujours les personnes à la recherche d’appartement,1
"Le jour où j'ai compris que tu étais sans intelligence d'après nombreux rapport que j'ai reçu de toi, je t'avais même bloqué.",1
https://youtu.be/HMZLcaew3Y0?si=-J67b7jLZ37nLVxr,1
Donc je préfère les gens qui incarnent les valeurs. C'est ce que les Africains ont besoin.,1
Non ne vous insulter pas les grand,1
Restons positifs,1
Nous n'avons pas besoin des injures ici,1
Nous parlons des problèmes de l'Afrique,0
Les gens qui injurent font preuve de déficit intellectuel.,1
Il existe 4 grands groupes de personnes 1/les surdoués,1
"Et tu penses qu’entre blanc y’a pas d’escroquerie tu raconte quoi tout le temps dans tes message.? Tu veux te faire passer pour qui., tu es qui en Russie jusqu’à dire que la race la plus bête.? Tu cherche à montrer quoi au gens.?",1
Je ne veux plus t'injure ici,1
Un escroc pas des injures. Ta qualification,1
Il faut relire mes messages encore. J'avais écrit en français mais je comprends que le français n'est pas la langue des africains. Mais relis encore stp. Tu vas certainement comprendre frère.,1
T’as voulu escroquer et plusieurs personnes avec des témoins,1
Nous n'avons pas besoin de démontrer a qui que ce soit ici que nous sommes des Africains,1
Le gar ici ne supporte pas de debat intellectuel. Voilà pourquoi même je le répond par un simple silence.,1
Tout ce que je peux te dire moi je ne suis pas ton égal 🟰 méfie toi,1
Ok frère c'est intelligent de ta part,1
Merci pour ce que tu fais. Tu as un groupe où tu proposes des logements sans caution sans commission a Moscou. Merci beaucoup,2
Tu peux envoyer le lien du groupe ?,1
Je suis sur que certains ici aimerais entré,1
"il dit être agent immobilier et quand tu dis être intéressé par l’offre ( appartement , place ) il te demande ensuite de faire une capture de ton Сбербанк pour l’envoyer..!!! c’est ça être un vrai agent immobilier.???",1
C'est ce message qui les dérange. J'ai compris une chose. Certains africains font tout pour que les noirs en général ne puissent pas évoluer.,1
1) déjà tu dis des choses que je n'ai jamais dit (agent immobilier),1
Tu veux dire que quoi ? Que c'est un harqueur ?,1
Donc tu fais tout ça a cause de la demande d'un captures d'écran ?,1
"Je connais beaucoup d'arnaqueurs en Russie car j'ai reçu beaucoup de rapport d'eux auprès de victimes, l'année passée, que ça soit à Moscou ou en province.",1
Que Dieu te garde 🤲🤲,1
"Je vais prier pour toi mon frère, que tu sois fort devant la tentation comme moi ton frère.",1
Ce sont les oiseaux de même plumage qui volent ensemble,1
*HISTORIQUE - Clash en direct entre TRUMP et ZELENSKY : «Président stupide... vous jouez avec la troisième guerre mondiale» - La VIDÉO*,1
*RDC : Joseph KABILA et ses chaussures Zegna à 1190$ enflamment la toile (Vidéo)*,1
*Classement des 10 monnaies africaines les plus fortes en février 2025*,1
*Mauvaise nouvelle au MALI : un convoi ministériel ciblé par une attaque terroriste*,1
*CAMEROUN/EYET : Une jeune femme enceinte étranglée à mort par son frère qui essayait de la violer (Photo)*,1
"*Découvrez LASSINA SAWADOGO, l’homme qui a affronté l’armée de Blaise COMPAORÉ à mains nues au Burkina Faso (Vidéo)*",1
Utilise ce lien pour intégrer mon groupe WhatsApp : https://chat.whatsapp.com/Gxlbc0sliFnJDCvY1IQsSB,1
27 kilo dispo,1
- 🚨🚨🚨‼️‼️🇨🇲🇨🇲,1
Places disponible pour les garçons et filles,1
Un studio a 37000r avec facture tout dedans disponible pour deux personnes plus d'informations en cliquant ib,1
Deux places disponibles dans la chambre pour garçon 9000 métro domodeskaya,1
Deux places disponibles dans la chambre pour garçon 9000 métro domodeskaya,1
Malhonnête,1
3 places disponibles pour homme au métro domodova a 11.000r avec facture inclus,1
J’ai  compris lopè 😎,1
*TRISTE : Un enseignant affamé est bastonné par les parents de son élève pour avoir mangé sa nourriture (Vidéo)*,0
"*Classement 2025 des 10 villes les plus dangereuses au monde, deux villes africaines sur la Liste*",1
*TANZANIE : Cet homme avec 16 épouses et 104 enfants dévoile les secrets de sa vie de famille (Photos)*,1
*NIGER : « L’ennemi public N°1 » du pays a fait près de 400 morts*,1
*Voici le pays Africain le plus visité en 2024*,1
‎Open this link to join my WhatsApp Group: https://chat.whatsapp.com/GoKFgAM6o1a4obI780cQwP,1
*URGENT - Coup de tonnerre au Sénégal : Le gouvernement annonce des poursuites judiciaires contre MACKY SALL*,1
*Dictateurs ou leaders visionnaires ? Voici les 10 Présidents Africains ayant duré le plus au pouvoir*,1
https://t.me/afrohouses/6509?single,1
https://t.me/afrohouses/6539?single,1
Mon Bonjour particulier Aux Mignons Garçons De Ce Forum Sans toutefois Pas Oublié Les Roses 🌹Fée Alos s'il vous plaît accordées moi Votre attention ⚠️,1
S'il vous plaît besoin d'une Chambre dans un appartement mais attention ⚠️ aux prix exorbitant gar 😂😎🥲,2
Places disponible pour les garçons et filles,1
Départ prévue demain le 3 mars,1
"*PAKISTAN : Attentat meurtrier dans une mosquée lors de la prière du vendredi, faisant plusieurs morts (Les Vidéos)*",1
*Cet homme surpris en flagrant délit d'adultère avec une femme enceinte (Vidéo)*,1
"*CLASSEMENT des 10 monnaies africaines les plus fortes en février 2025, le FCFA très loin sur la liste*",1
*VOICI 20 plateformes de l’ONU offrant des cours gratuits : Formez-vous dès maintenant*,1
*DÉCOUVREZ les 10 métiers qui seront très demandés dans les prochaines années*,1
1 place disponible pour fille en cohabitation avec une autre fille dans une chambre,1
https://www.facebook.com/share/v/15nWrnPhCR/,1
CANAUX POUR SUIVRE NOS ÉMISSIONS :,1
https://www.youtube.com/live/TzUF6dY6boM?si=G7qx64ISdu7icPMr,1
Besoin d'un garçon demain pour un travail de restaurant intéressé ib,1
+,1
Fermer,1
Besoin d'une personne qui parle et comprend le russe pour un travail du restaurant 3000₽ au M.pyatnitskoe shosse,1
Depart prevue le 7 mars,1
🚨🚨🚨🚨🚨🚨,1
bonjour svp je cherche une chambre pour couple en urgence 🚨,1
✈✈ *départ confirmé*,1
🚨🚨🚨🚨🚨🚨,1
Urgentment Besoin d'une personne qui parle et comprend le russe pour un travail du restaurant 3000₽ au M.pyatnitskoe shosse,1
Besoin d'un garçon maintenant pour un boulot de restaurant 10h a 16h 3000r fini payer,1
🤣🤣🤣🤣🤣,2
Pour le visa tu dois remplir en ligne,1
https://t.me/+V2g_mXzy-05kOTg6,1
*Les ETATS-UNIS annulent une subvention de 14 millions de dollars pour le MALI : Bamako réagit vigoureusement*,1
*Urgent - NASA : Les ÉTATS-UNIS réussissent un nouvel exploit sur la lune (Vidéo)*,1
*BURKINA FASO : Les avocats et les juges désormais en tenues africaines devant les tribunaux (Photos)*,1
*Cet homme surpris en flagrant délit d'adultère avec une femme enceinte (Vidéo)*,1
1 place disponible pour fille en cohabitation avec une autre fille dans une chambre,1
*POURQUOI CHOISIR SFF CONSTRUCTION ?*,1
Bonjour a tous!,1
"*NON Mr Joseph Stiglitz, LOOP est le modèle alternatif à Elon Musk et Mark Zuckerberg""!*",1
Bsr svp quitte le Cameroun pour la russie la semaine ci,1
*Coup de Théâtre GABON : Brice Oligui NGUEMA forcé de démissionner ? Voici ce qui s'était passé*,1
"*Comment travailler à l’ONU ? Voici le Guide complet pour rejoindre le PAM, PNUD, UNICEF, OMS*",1
*Découvrez le Top 3 des forces navales les plus puissantes du Monde en 2024*,1
"*GABON : Ali BONGO et sa famille, Voici les raisons du déclin financier*",1
https://t.me/afrohouses/6509?single,1
https://t.me/afrohouses/6539?single,1
Tu gère hien 😂😂😂 C'est pas mieux tu ouvre ton ministère des relations extérieures mondiale 😂😂😂,2
Place disponible pour un homme 9000 métro domodeskaya,1
🚨🚨🚨🚨🚨🚨,1
https://vm.tiktok.com/ZSMHRbMVT/ Cette publication est partagée via TikTok Lite. Télécharge TikTok Lite pour découvrir d'autres publications : https://www.tiktok.com/tiktoklite,1
*GUINÉE : Le pays lance la fabrication de ses propres automobiles (Photos)*,1
*Le Burkina Faso et le Mali remplacent le drapeau de la CEDEAO par celui de l’AES (La Vidéo)*,1
"*Umaro Sissoco Emballo :le président bissau-guinéen chantre de l’intervention militaire contre le Niger, chasse la CEDEAO de son pays*",1
🚨🚨🚨🚨🚨🚨🚨🚨🚨🚨🚨🚨🚨🚨🚨🚨🚨🚨🚨,1
Good morning please help me repost 🙏❤️,1
https://t.me/+V2g_mXzy-05kOTg6,1
- 🚨🚨🚨‼️‼️🇨🇲🇨🇲,1
"Besoin d'une personne travail restaurant de maintenant jusqu'à 23h paiement 3250₽ au М. ЦСКА,",1
Départ prévue le 06 mars,1
*Urgent - Très mauvaise nouvelle pour le Pape FRANÇOIS*,1
*Dernière Minute : Donald Trump suspend l'aide militaire à l'Ukraine en guerre contre Russie*,1
*INÉDIT : Le président de ce pays présente publiquement ses excuses pour avoir... (Photo)*,1
"*Après le congolais Eric Mandala, un autre homme d’affaires arrêté à l’aéroport avec de la drogue (Photo)*",1
"*Voici Comment travailler à l’ONU, Guide complet*",1
‎Suivez ce lien pour intégrer mon Groupe WhatsApp  : https://chat.whatsapp.com/HlMd2wuffgGItz7MzxjccG,1
null,1
Appartement à louer (2 chambres),1
Salut Place disponible pour des homme a domo intéressée inbox <This message was edited>,1
Besoin dune chambre pour couple en urgence 🚨,1
"🚨🚨🚨🚨Le travail dans les cantines scolaires disponible . Le travail est de 8h à 16h. 2300 par jour. Si vous êtes intéressé, contactez-moi en privé.",1
"🚨🚨🚨🚨Work in school canteens  available. The Work is from 8am to 4pm. 2300 per day. If you are interested, contact me privately.",1
https://www.facebook.com/share/v/1LAxUhCihr/,1
Besoin dune chambre pour couple en urgence 🚨,1
*Voici les 10 des pays les plus pauvres du monde en 2025*,1
*ZELENSKY brise enfin le silence après son clash avec TRUMP*,1
"*Le ministre camerounais MOUNOUNA FOUTSOU tabassé en Belgique, voici ce qui s'est réellement passé  (Photos et Vidéo)*",1
*Découvrez le salaire XXL de TRUMP en tant que Président des ÉTATS-UNIS*,1
*BURKINA FASO : Ibrahim TRAORÉ exclut un soldat de l'armée pour usage de téléphone en pleine attaque*,1
3 voleurs ne l'accepte pas dans vos maisons,1
À tous ceux qui ont entendu les mensonges et les fausses accusations qui ont été diffusés contre moi,1
"Les insultes, la vulgarité et les mots sales que cette personne utilise pour me diffamer ne font que révéler sa vraie personnalité et son manque d’éducation.",1
Bon prix,1
Départ prévue le 06 Mars,1
*Ramadan au NIGERIA : 20 personnes arrêtées à Kano pour avoir mangé et bu en public*,1
*Classement 2025 des 9 pays les plus démocratiques en Afrique*,1
*Guerre dans l’est de la RDC : Une nouvelle mauvaise nouvelle pour PAUL KAGAMÉ*,1
"*Culture : L’humoriste Gbadamassi Yaya, devient enseignant à l’Université*",1
Des algériens ?,1
1 place disponible pour fille en cohabitation avec une autre fille dans une chambre,1
Ok merci grand,2
"SALLE SON TAY, Bordeaux",1
🚨🚨🚨🚨🚨🚨,1
Je prends le rouble aujourd’hui à 6’95 rub quand descend au pays et a 100mil rub je donne à 7 venez me tromper 🥰,1
🚨🚨🚨Alerte arnaque.,1
Bsr,1
*NOUVEL accident aérien : Le moteur d’un avion-cargo en flammes après une collision avec un oiseau (Vidéos)*,1
*ATROCITÉ : Une femme frappe la tête de son fils de neuf ans avec un pilon (Photo)*,1
*Voici Les 10 pays africains qui bénéficient le plus de l’aide chinoise*,1
*CÔTE D’IVOIRE : Un Chinois condamné à 7 ans de prison et à une amende de plus d’un milliard de FCFA pour avoir...*,1
*Des soldats de l’armée ougandaise déployés à Mahagi dans l’est de la RDC*,1
Kaolin disponible,1
Départ prévue demain,1
Salut à tous besoin de sim carte,1
2000 rouble,1
2000 rouble,1
Va acheter ta sim,1
Toi même tu n'as pas besoin de quelqu'un ici,1
Les sim card sont deja en vente dans les milieux africains ? 😳,1
Sa devien difficile c'est dernière temps il faut être en jour et avoir l enregistrement,1
Moi je veux les battons de manioc,1
Moi mm je suis dépasse,1
En tous cas pas a t2,1
"SIM card en vente 🤣🤣🤣25 simcard disponible , ib",2
*ADULTÈRE : Cet homme surprend sa femme enceinte de 7 mois avec un autre homme (Vidéo)*,1
*INSOLITE : L’ex-chef antidrogue du port d’Abidjan condamné à 5 ans de prison pour détournement de Cocaïne*,1
*AES : L'ex-footballeur SEYDOU KÉÏTA investit 14 milliards de FCFA au Mali dans ce secteur industriel (images)*,1
*Découvrez les vraies origines des rebelles du M23 en RDC*,1
"*PHUOC-VINH TRAN : Un gynécologue devant la justice pour des viols sur une centaine de femmes, découvrez ces méthodes*",1
"*La Russie condamne à 19 ans de prison un mercenaire britannique, voici la faute*",1
*Les 9 pays Africains les plus démocratiques*,1
https://t.me/+V2g_mXzy-05kOTg6,1
