text,label
Waiting for this message,1
Utilise ce lien pour intégrer mon groupe WhatsApp : https://chat.whatsapp.com/BjNPwVTGGai4WdrDGc4YB2,1
👉Le Cameroun berceau de l'humanité 🇨🇲,1
🛫🛫🛫🛫🛫🚨🚨🚨🚨,1
🛑🛑🛑 *a votre attention*,1
https://www.streamonsport.ru/4801-lien-cameroun-cap-vert-en-streaming-coupe-du-monde.html,1
"Dès que le coach la va faire un petit match nul 😂 il va confirmer que beaucoup ne prend pas ""s""",2
"https://youtu.be/RhDkoPdtEk4?si=gktdbkzXxNvNyK9t/Atb records Russia Youtube //мой канал, пожалуйста, поделитесь им со всеми своими друзьями и тоже зарегистрируйтесь///://youtube///Atb records Russia Youtube / /https://youtu.be/bdx24TynlAk?si=PzOrOTEwn7xJCrBpma chaîne, Partagez-la avec tous vos amis et inscrivez-vous aussi / / youtube",1
🛑🛑🛑🛑🛑🛑🛑🛑🛑🛑,1
🎉 UNITY PARTY CHALLENGE - LE CONCOURS ULTIME POUR LA MEILLEURE SOIRÉE DE L'UNITÉ 🎉,1
https://youtu.be/pSHZD68Jq00?si=pQx5LgvC6Llehl2F,1
https://youtu.be/h1HAAob5EO0?si=WgymKxlCB2IxzbH0,1
https://youtu.be/AmWpNxPc9vc?si=sXHrOowsw1V8U3YB,1
https://youtu.be/D8yvyoLXOv8?si=gtVmn399cJ9gr-wi,1
https://youtu.be/0qSx2Fr0bQE?si=OSLCNUFWnkbLbmGZ,1
🛑🛑🛑🛑🛑🛑🛑🛑🛑🛑🛑🛑🛑 🛑🛑🛑🛑🛑🛑🛑🛑🛑🛑🛑🛑🛑🛑🛑🛑🛑🛑🛑🛑🛑🛑🛑🛑🛑🛑🛑🛑🛑🛑🛑 besoin de 60 personnes demain de 9h - 17h45 Metro kaluzhskaya sortie 04 fini payer 2500p,1
🛑🛑🛑🛑🛑🛑🛑🛑🛑🛑🛑🛑🛑 🛑🛑🛑🛑🛑🛑🛑🛑🛑🛑🛑🛑🛑🛑🛑🛑🛑🛑🛑🛑🛑🛑🛑🛑🛑🛑🛑🛑🛑🛑🛑 besoin de 60 personnes aujourd'hui de 9h - 17h45 Metro kaluzhskaya sortie 04 fini payer 2500p,1
Nouveau projet lancé  en cours et minage gratuit👉🏿 cryptomonnaie *COLEND* sur Satoshi.,1
🛑🛑🛑🛑🛑🛑🛑🛑🛑🛑🛑🛑🛑 🛑🛑🛑🛑🛑🛑🛑🛑🛑🛑🛑🛑🛑🛑🛑🛑🛑🛑🛑🛑🛑🛑🛑🛑🛑🛑🛑🛑🛑🛑🛑 besoin de 60 personnes demain de 9h - 17h45 Metro kaluzhskaya sortie 04 fini payer 2500p,1
🛑🛑🛑🛑🛑🛑🛑🛑🛑🛑🛑🛑🛑 🛑🛑🛑🛑🛑🛑🛑🛑🛑🛑🛑🛑🛑🛑🛑🛑🛑🛑🛑🛑🛑🛑🛑🛑🛑🛑🛑🛑🛑🛑🛑 besoin de 60 personnes demain de 9h - 17h45 Metro kaluzhskaya sortie 04 fini payer 2500p,1
‎Suivez ce lien pour intégrer mon Groupe WhatsApp  : https://chat.whatsapp.com/CNuF8Aevt5i18UZwI8QDpC,1
"*FEMME CLAIRE MENT BEAUCOUP...SUR CE, JE VOUS SOUHAITE DE PASSER UNE AGRÉABLE NUIT DANS LA PAIX ET LA MISÉRICORDE DIVINE 💝💝💝*",1
*REVUE DE QUELQUES UNES DES JOURNAUX DE CE MARDI 11 JUIN 2024.*,1
"Lorsqu'elle te dit qu'elle ne sent plus trop la relation, si tu as un peu d'argent, il faut lui donner.",1
Comment voter dans UNITY PARTY CHALLENGE ? Très simple :,1
SERGES 🇨🇲MOSCOU.vcf (file attached),1
Ajouter le svp 🖕🖕🖕,1
Dans Groupe,1
❤️Привет и добро пожаловать в мою группу интернациональных друзей Краснодара,1
"*_8️⃣ La dépression, l'anxiété et les crises de panique ne sont pas des signes de faiblesse. C'est le résultat pour avoir essayé d'être forte depuis trop longtemps._*",1
*_9️⃣ C'est fou à quel point on a la capacité de se faire énormément de mal à soi-même uniquement en pensant trop..._*,1
*_🔟 Rien de plus beau que de voir quelqu'un qui n'a pas eu de chance dans les relations et qui est enfin aimé sans effort par la bonne personne._*,2
"*_1️⃣1️⃣ La prière est un remède pour : une âme perdue, un esprit confus et un cœur brisé._*",1
Utilise ce lien pour intégrer mon groupe WhatsApp : https://chat.whatsapp.com/Fr6vHYJKVh81WkB1MvOOPN,1
🩸🩸🩸🩸🩸🩸🩸🩸 Besoin  de 20 personnes le travail durera 3 mois,1
*🇨🇲LIEN DU MATCH📺*,1
Quand tu vois un coach qui va remporter la Can et coupe du monde avec les lions 🦁 tu sais 🤌,1
✈️✈️✈️✈️✈️✈️✈️✈️DEPART imminent CONFIRME✈️✈️✈️✈️✈️✈️✈️✈️✈️✈️✈️✈️,1
On dit les vérités au coach la maintenant ou on attend d'abord,1
Celui qui nie qu'il ya pas progrès avec notre équipe c'est un sorcier 😂😂😂😂😂😂😂😂😂😂😂😂😂,2
Tu vois le progrès là comment ??,1
Rigobert song 2 matchs 4 points,1
Rigobert song 2 matchs 4 points,1
🆘Tambov,1
Ça a déjà commencé.,1
*Qu’est-ce que le choc toxique menstruel ?*,1
*Quelles protections intimes sont concernées ?*,1
*Quelles sont les conséquences potentielles ?*,1
*Prévenir ce risque est possible : quelles sont les bonnes pratiques ?*,2
*Comment réagir si je soupçonne un choc toxique ?*,1
🛑🛑🛑🛑🛑🛑🛑🛑🛑🛑🛑🛑🛑🛑🛑🛑🛑🛑🛑🛑🛑🛑🛑🛑🛑🛑🛑🛑🛑🛑🛑 besoin de 30 personnes ce soir  de 20h - 06h métro  kaluzhskaya sortie 4  travail de nuit,1
🛑🛑🛑🛑🛑🛑🛑🛑🛑🛑🛑🛑🛑🛑🛑🛑🛑🛑🛑🛑🛑🛑🛑🛑🛑🛑🛑🛑🛑🛑🛑 besoin de 60 personnes demain matin de 9h à 17h 40 métro  kaluzhskaya sortie 4,1
🛑🛑🛑🛑🛑🛑🛑🛑🛑🛑🛑🛑🛑🛑🛑🛑🛑🛑🛑🛑🛑🛑🛑🛑🛑🛑🛑🛑🛑🛑🛑 besoin de 60 personnes demain matin de 9h à 17h 40 métro  kaluzhskaya sortie 4,1
🚨🚨🚨🚨,1
❤️Bonjour et bienvenue dans mon groupe d'amis internationaux,2
Besoin d'un espace pour cohabiter (homme ),1
ВАКАНСИЯ,1
🚨Place pour garçon disponible dans une maison à 7mn à pieds du métro intéressé mon ib est climatisé,1
Utilise ce lien pour intégrer mon groupe WhatsApp : https://chat.whatsapp.com/BjNPwVTGGai4WdrDGc4YB2,1
"🩸🩸🩸🩸🩸🩸🩸🩸🩸🩸🩸🩸🩸🩸🩸🩸Bonsoir a tous besoins de 15 personnes ( hommes) pour un travail de chantier de 9h a 17h40 aux metro же Домодедово sortie 1 , 2500 après le travail",1
départ confirmée,1
Il y a une place libre dans une chambre à 02 ( les filles),1
*𝙋𝙍𝙊𝙂𝙍𝘼𝙈𝙈𝙀 𝘾𝙊𝙈𝙋𝙇𝙀𝙏 𝘿𝙀 𝙇'𝙐𝙀𝙁𝘼 𝙀𝙐𝙍𝙊 2024.*,1
"🛑🛑🛑 *a votre attention africains en russie,Moscou*",1
🚨🚨Une chambre disponible bien propre dans un appartement de trois pieces pour une seul personne dans le rayon du metro Филатов Луг ligne rouge en bas...,2
✈️✈️✈️✈️✈️✈️✈️✈️✈️✈️✈️✈️voyage confirmée pour demain,1
https://chat.whatsapp.com/HonvOgQ6FvcKaTO9w0cZTG,1
Bro tu es fort!!! Rien à démontrer. Tu es fort 🙏🏼,1
Merci 🙏🏽,2
🛑🛑🛑🛑🛑🛑🛑🛑🛑🛑🛑🛑🛑🛑🛑🛑🛑 demain besoin de 60 personnes au métro savyolovskaya,1
🛑🛑🛑🛑🛑🛑🛑🛑🛑🛑🛑🛑🛑🛑🛑🛑🛑 demain besoin de 60 personnes au métro savyolovskaya,1
🛑🛑🛑🛑🛑🛑🛑🛑🛑🛑🛑🛑🛑🛑🛑🛑🛑 demain besoin de 60 personnes au métro savyolovskaya,1
Bonjour @375333024102  je viens dans la paix juste pour te dire que je ne t'ai donné aucune autorisation de publier les images de moi a moitié nue,1
Tu as fini d’aller mentir sur moi? Tu es vraiment un enfant hein Et si tu ne le sais pas ou tu l’as oublié en faisant ses vidéos tu as donné ton consentement et les preuves sont là et en plus j’ai quoi à foutre de ton visage j’ai fait cette vidéo pour montrer à tous ceux qui tu mens que c’est le blanc qui t’a tatoué que t’es un menteur,1
Comment tu sais ça?,1
✈️✈️✈️✈️✈️✈️✈️✈️DEPART imminent CONFIRME✈️✈️✈️✈️✈️✈️✈️✈️✈️✈️✈️✈️,1
🛑🛑🛑🛑🛑🛑🛑🛑🛑🛑,1
besoins de 4 personnes demain pour un boulot de chantier de 9h à 17h40 payer après le boulot 2400₽,1
Salut la famille comment vous allez j'espère que vous allez.,1
🛑🛑🛑🛑🛑,1
"🩸🩸🩸🩸🩸🩸Bsr a tous besoins de 15 personnes  pour un travail de chantier de 9h00 à 17h45  aux metro домодедовская ligne verte , sortie 1  ( 2600 ) apres le travail  Nb : etre aux mtro a 7h45 aux plutard car nous devons prendre le bus 🩸🩸🩸🩸",1
🚨🚨🚨Bonjour place pour garçon disponible dans une maison à 7mn à pieds du métro intéressé mon ib est climatisé 🤪,1
Voici les points clés de la crise humanitaire au Soudan¹ :,1
"La situation au Soudan est effectivement désastreuse et dévastatrice.  Le conflit a entraîné des souffrances humaines inimaginables, avec des milliers de morts, de blessés ou de déplacés.  La possibilité d’un autre génocide au Darfour est une grave préoccupation.  Les observations de Mandeep O'Brien sur le terrain à Port-Soudan nous rappellent brutalement la crise humanitaire qui se déroule actuellement.",1
Utilise ce lien pour intégrer mon groupe WhatsApp : https://chat.whatsapp.com/Eu8HO6jlMS30jlf4f88GlW,1
"🩸🩸🩸🩸🩸🩸Bsr a tous besoins de 15 personnes  pour un travail de chantier de 9h00 à 17h45  aux metro домодедовская ligne verte , sortie 1  ( 2600 ) apres le travail  Nb : etre aux mtro a 7h45 aux plutard car nous devons prendre le bus 🩸🩸🩸🩸",1
✈️✈️✈️✈️✈️✈️✈️🛩✈️🛩✈️✈️🛩🛩✈️✈️✈️✈️,1
"Moi j'étais déjà sûr que cette affaire de FECAFOOT-MINSEP là était un montage fait par le président de la République et ses membres. Quand tu regardes même d'abord le conflit, il est très bête. Une simple sortie présidentielle aurait pu mettre fin à ça depuis le début. Mais il a laissé que ça dure autant que ça pouvait, j'ai compris que c'était un schéma.",1
✈️✈️✈️✈️✈️express courier 🚚 Moscow 🇷🇺Kinshasa 🇨🇩🛩️🛩️🛩️🛩️🛩️5kilos  disponible telephone ☎️ médicaments 💊 accessoires document 📃 petit colis 📦 disponible aujourd’hui je clôture à 15h de Moscou pas de retard ⏰ les intéressé contacter moi,1
"🩸🩸🩸🩸🩸Slt a tous départ du 24 juin ( Moscow , Douala , Yaoundé) si tu veux envoyé tes documents c'est le moment ib",1
Bonsoir a tous besoin d'un départ pour un colis Dakar Sénégal/Moscou Russie bien vouloir me ib,2
Besoin urgent du bois bandé,1
La bailleresse voulait voir si son corps fonctionne,1
Salut la famille besoin d'une chambre non loin du métro pour femme,1
Nous sommes africains essayons de nous respecter,1
@besoins de 4 personnes demain pour un boulot de chantier de 9h à 17h40 payer après le boulot 2400₽,1
🛑🛑🛑🛑,1
‼️‼️‼️qui est dans la ville delista Ici s'il vous plaît merci 🔴🔴 inbox 🙏,2
Bonjour à tous,1
Even Chioma was with davido when he had nothing and she was building herself too and she wasn't asking davido for transport and she buys food while going to his house back then in school,1
C'est combien la chambre ?,2
"*D'après mon expérience, un casier judiciaire comporte 12 bouteilles🍺.*😎",1
"*Tu trouves la bonne, elle decapsule aussi la bière avec la bouche.*🤦‍♂️😂😂",2
"*Tu trouves le bon, c'est qui aime fouiller téléphone téléphone qu'il n'a pas payé.*🙌😅😅😅",1
"*Tu ne laves presque jamais, dis nous pourquoi ton savon fini aussi rapidement.*💔🫣🤣",0
*Financièrement je suis à l'étape où je comprend pourquoi les gens braquent les banques.*🤣🤣🤣💔,0
"*Kooo ""on ne me domine  jamais"". 🤦‍♂️ on t'a parlé de moi?*😎🤣",2
🛑🛑🛑🛑🛑🛑🛑🛑🛑🛑🛑🛑🛑🛑🛑🛑  Besoin de 15 personnes au,1
Slt ♦️♦️♦️ besoin de 10 personnes demain aux metro Домодедовская ligne verte sortie 1  être là a 7h50 aux plutard ( 2600) après  le travail  🤝♦️♦️♦️,1
🛑🛑🛑🛑🛑🛑🛑🛑🛑🛑🛑🛑🛑🛑🛑🛑  Besoin de 80  personnes demain au,1
🛑🛑🛑🛑🛑🛑🛑🛑🛑🛑🛑🛑🛑🛑🛑🛑  Besoin de 15  personnes demain au,1
@besoins de 4 personnes demain pour un boulot de chantier de 9h à 17h40 payer après le boulot 2400₽,1
"*Bonjour à tous et à chacun (e). En ce dimanche ensoleillé, que votre journée soit baignée de lumière et que votre cœur soit comblé de joie. Passez une excellente journée, sous le regard protecteur du Seigneur !*",1
Amine qu'il soit de même pour toi,1
♦️♦️♦️♦️ bonsoirs a tous besoin de 10 personnes demain ( homme ) aux metro=(Царицыно ligne verte )  sortie 7 a  7h45  aux 2600 après le travail être là à l'heure  ♦️♦️♦️♦️♦️♦️,1
🛑🛑🛑🛑🛑🛑🛑🛑🛑🛑🛑🛑🛑🛑🛑🛑  Besoin de 70 personnes demain au,1
France ville c'est ou svp c'est toujours en Russie?,1
Gabon,1
Ok merci🙏🙏,2
🚨💸🚨Besoin de 20 personnes pour travailler dans un entrepôt à 3h de Moscou dans la ville de  Yaroslavl,1
🚨🚨Place pour fille disponible dans une maison à 7mn à pieds du métro intéressé mon ib est climatisé 💋,1
🛑🛑🛑🛑🛑🛑🛑🛑🛑 Demain besoin 5 personnes pour un,1
🛑🛑🛑🛑,1
https://youtu.be/xgNEZH4U3aY?si=-spYRRdyDej1RMBh,1
Salut la famille comment vous allez j'espère que vous allez très bien,2
Besoin D1 personne pour travail de chantier solnechnaya sortie 4 pas de retard 7h50  fini payé 2700,1
🛑🛑🛑🛑🛑🛑🛑🛑🛑🛑🛑🛑🛑🛑🛑🛑 🛑🛑🛑🛑🛑🛑🛑🛑🛑🛑🛑🛑🛑🛑🛑🛑🛑🛑🛑🛑 Besoin de 70 personnes demain au,1
🚨🚨🚨 Demain Besoin de 10 personnes pour un boulot de chantier  * *метро rechnoy vakzal sortie 1*,1
🚨🚨🚨urgent Besoin une personne pour travail de nettoyage payer 2700roubles juste après le travail,1
Courage 🙏🏽,1
🚨🚨,1
Besoin demain de 4 personnes pour un boulot de chantier. Métro Филатов луг. 9h-18h . 2700 après le boulot.,1
🚨🚨,1
https://www.facebook.com/share/v/5f2c1UqMzQFqWrVN/?mibextid=w8EBqM,1
Bon début de semaine à tous,1
Bonjour 👋🏾,1
👋,1
🚨🚨,1
🛑🛑🛑🛑🛑🛑🛑🛑🛑 Demain besoin 1 personnes pour un,1
"🔴🔴🔴Attention! there are quotas for free education in Russia for Egypt, South Africa, Mozambique, Eritrea, Senegal, Tanzania, Tunisia, Equatorial Guinea, Morocco, to find out more, write to me +79527916762",1
🔑🔑🔑,1
🛑🛑🛑🛑🛑🛑🛑🛑🛑🛑🛑🛑🛑🛑🛑🛑 🛑🛑🛑🛑🛑🛑🛑🛑🛑🛑🛑🛑🛑🛑🛑🛑🛑🛑🛑🛑 Besoin de 70 personnes demain au,1
S'il vous plaît qui connaît une place où se vend le Taro à Moscou??,1
🛑🛑🛑🛑,1
Utilise ce lien pour intégrer mon groupe WhatsApp : https://chat.whatsapp.com/Eu8HO6jlMS30jlf4f88GlW,1
🚨🚨,1
🚨🚨🚨🚨🚨🚨vol  kinshasa🇨🇩 ✈️✈️✈️✈️✈️✈️✈️✈️moscou🇷🇺 🛩️🛩️🛩️🛩️🛩️🛩️🛩️les kilos son disponible  passeport permis document 📃 accessoires médicaments 💊 petit colis 📦 lundi à 12h je clôture YAMATU SERVICE Chez vous,1
🛑🛑🛑🛑🛑🛑🛑🛑🛑🛑🛑🛑🛑🛑🛑🛑 🛑🛑🛑🛑🛑🛑🛑🛑🛑🛑🛑🛑🛑🛑🛑🛑🛑🛑🛑🛑 Besoin de 70 personnes demain au,1
🚨🚨,1
🛑🛑🛑🛑🛑🛑🛑🛑🛑🛑🛑🛑🛑🛑🛑🛑 🛑🛑🛑🛑🛑🛑🛑🛑🛑🛑🛑🛑🛑🛑🛑🛑🛑🛑🛑🛑 Besoin de 70 personnes demain au,1
‎Suivez ce lien pour intégrer mon Groupe WhatsApp  : https://chat.whatsapp.com/CNuF8Aevt5i18UZwI8QDpC,1
🚨🚨,1
APOLOGIE DU PEUPLE TIKAR,1
♦️♦️♦️♦️♦️Bsr a tous besoin de 10 personnes demain aux metro Домодедовская  sortie 1  a 7h45  heures de travail 9h vs 18h      2600 après le travail ♦️♦️♦️♦️,1
🚨🚨,1
Bonjour à tous il y'a un frère qui est décédé par noyade. Je vous mets sa photo si quelqu'un à plus d'informations bien vouloir me contacter svp. Merci,2
+79775700023,1
+79775700023,1
Besoin de 2 personnes demain pour un boulot de chantier. 9h-18h au métro Филатов луг. 2700р après travail !,1
🚨🚨,1
Besoin de une personne demain pour un boulot de chantier . 9h:18h . Métro Филатов луг. 2700r après le boulot.,1
🚨🚨,1
FESTIVAL DES GRILLADES EDITION 2 Vidéo original par LePaysMedia : Ambiance africaine en RUSSIE 2024,1
✈️✈️✈️✈️prochain vol ✈️ le 12/07/2024,1
🛑🛑🛑🛑,1
Bonjour  famille 10 killo  dispo Yaoundé moscou et  Sibérie le 27  juillet,1
🛫🛫🛫🛫🛫🚨🚨🚨🚨🚨🚨🚨🔉🔉🔉🔉,1
Chaussures mixte Reebok en vente de tres bonne qualité,2
♦️♦️♦️♦️ bonsoir a tous besoin de 15 personnes demain pour un travail de chantier ( homme) 2600 après le travail aux métro Домодедовская  sortie ( 1) a 7h50 ne pas être en retart le travail c'est de 9h a 17h50 ♦️♦️♦️♦️ m'écrire Ib merci,2
Bsr les grands lecteurs du Groupe,1
*🔴🔴URGENT*,1
🚨🚨,1
♦️♦️♦️♦️ bonsoir a tous besoin de 15 personnes demain pour un travail de chantier ( homme) 2600 après le travail aux métro Домодедовская  sortie ( 1) a 7h50 ne pas être en retart le travail c'est de 9h a 17h50 ♦️♦️♦️♦️ m'écrire Ib merci,2
♦️♦️♦️♦️ bonsoir a tous besoin de 15 personnes demain pour un travail de chantier ( homme) 2600 après le travail aux métro Домодедовская  sortie ( 1) a 7h50 ne pas être en retart le travail c'est de 9h a 17h50 ♦️♦️♦️♦️ m'écrire Ib merci,2
♦️♦️♦️♦️ bonsoir a tous besoin de 15 personnes demain pour un travail de chantier ( homme) 2600 après le travail aux métro Домодедовская  sortie ( 1) a 7h50 ne pas être en retart le travail c'est de 9h a 17h50 ♦️♦️♦️♦️ m'écrire Ib merci,2
🛑🛑🛑🛑🛑🛑🛑🛑🛑🛑🛑🛑🛑🛑🛑🛑 🛑🛑🛑🛑🛑🛑🛑🛑🛑🛑🛑🛑🛑🛑🛑🛑🛑🛑🛑🛑 Besoin de 70 personnes demain au,1
🚨🚨🚨 Bonjour urgent besoin 1personnes pour un travail très simple au metro khovrino payé 2700roubles aprés le travail,1
Départ le 12 octobre (Douala-Moscou ) je prends uniquement les documents inbox 📥,1
🚨🚨,1
Depart le 12 août (Douala -Moscou) je prends uniquement les documents inbox 📥,1
Chaussures mixte Reebok en vente de tres bonne qualité,2
Urgence 🚨,1
🚨🚨,1
Utilise ce lien pour intégrer mon groupe WhatsApp : https://chat.whatsapp.com/Fr6vHYJKVh81WkB1MvOOPN,1
Donald Trump reviens 💪💪💪💪💪💪💪💪💪💪💪💪💪💪💪💪💪💪💪💪💪💪💪💪💪💪💪💪💪💪💪,1
La force mentale est le plus redoutable de toute 💪💪💪💪💪💪💪💪💪💪💪💪💪💪💪💪💪💪💪💪💪💪💪💪💪💪💪💪💪💪my président Donald Trump 💪💪,1
Urgence 🚨,1
Chaussures mixte Reebok en vente de tres bonne qualité,2
Utilise ce lien pour intégrer mon groupe WhatsApp : https://chat.whatsapp.com/BjNPwVTGGai4WdrDGc4YB2,1
🛫🛫🛫🛫🛫🚨🚨🚨🚨🚨🚨🚨🔉🔉🔉🔉,1
✈️✈️✈️✈️✈️✈️✈️✈️✈️✈️✈️✈️✈️✈️✈️✈️,1
https://youtube.com/@mamati7517?si=g0ZtlHrEY9cQ2N3y,1
🚨🚨,1
"🚨🚨🚨Maintenant j’ai besoin de 5 personnes au métro 🚇Кузьминки, sortie 7 . De 9:30 à 17:30 🕠 pas payé 2600 P après boulot. Intéressé écrivez moi en privé.",1
Bonsoir mes frères et sœurs s'il vous plaît qui peut m'aider à prolonger un visa d'étude qui exspire le 31 août 2024 visa d'étude bien sûr.,2
Prochain vol ✈️ express Moscou 🇷🇺Kinshasa 🇨🇩 le 16/07/2024 je clôture à 12h 🕛 téléphone 📱 médicaments 💊 document 📃 accessoires passeport petit colis pas plus 3kilos YAMATU’S CHEZ VOUS LES INTÉRESSÉS contacter moi,1
Urgence 🚨,1
🚨🚨,1
🛫🛫🛫🛫🛫🚨🚨🚨🚨🚨🚨🚨🔉🔉🔉🔉,1
Bonjour le nouvel arivage de chaussures a seulement 1000₽,1
Message INFINITY SERVICES on WhatsApp. https://wa.me/message/Y6Z67KOQOKWJO1,1
https://youtube.com/shorts/pZqQDp8JBvc?si=jx-TZjZDeSUpmEFe,1
🚨🚨,1
Prochain vol ✈️ express Moscou 🇷🇺Kinshasa 🇨🇩 le 25/07/2024 je clôture à 12h 🕛,1
Salut la famille comment vous allez j'ai besoin de 15 garçons pour un travail de chantier durable.,1
🚨🚨,1
🚨🚨,1
🚨🚨,1
✈️✈️✈️✈️✈️✈️✈️✈️✈️✈️✈️✈️✈️✈️✈️✈️,1
✈️✈️✈️✈️✈️✈️✈️✈️✈️✈️✈️✈️✈️✈️✈️✈️,1
Luc 6:38 PDV2017,1
🚨🚨,1
Bonjour le nouvel arivage de chaussures a seulement 1000₽,1
"*Le succès t'élève, mais les valeurs font de toi une meilleur personne.*",1
Utilise ce lien pour intégrer mon groupe WhatsApp : https://chat.whatsapp.com/DTpSOZJwUZnLKfnGgue44W,1
Utilise ce lien pour intégrer mon groupe WhatsApp : https://chat.whatsapp.com/DTpSOZJwUZnLKfnGgue44W,1
"🛑🛑🛑 *depuis dejà deux Semaines, la Maison de l'afrique a Moscou donne Les cours de langue russe gratuits en ligne aux africains membres*",1
🛑🛑🛑🛑🛑🛑🛑🛑🛑🛑🛑🛑🛑🛑🛑🛑 🛑🛑🛑🛑🛑🛑🛑🛑🛑🛑🛑🛑🛑🛑🛑🛑🛑🛑🛑🛑 Besoin de 70 personnes demain au,1
🚨🚨,1
Besoin d'une personne(homme )demain pour un boulot de chantier 9h-18h . Métro Филатов луг. 2700r après le boulot.,1
Fermé,1
"🚨🚨 de besoin de 5 personnes de 10:00 à 18:00 au метро проспект победы  sortie 1 , payer depuis au chantier avant de rentrer 3000 roubles сразу.",1
"🛑🛑🛑 *depuis dejà deux Semaines, la Maison de l'afrique a Moscou donne Les cours de langue russe gratuits en ligne aux africains membres*",1
Il paraît qu'ont là retrouvé <This message was edited>,1
https://youtube.com/shorts/ioKtspaS7YA?si=ywCx3HanfhOFku3A,1
🚨🚨,1
🚨🚨,1
🚨🚨,1
"*Ne faites pas de ""l'erreur est humaine"" un prétexte pour faire du mal aux autres. Car l'intelligence n'est pas animal...!*",1
Salut la famille comment vous allez j'espère que vous allez bien j'ai besoin de 10 filles demain de 9h00 à 18h00,2
Boulot disponible. Pour ceux qui sont intéressés ib,1
🚨🚨,1
⛔ *MÊME LE QUARTIER PEUT TÉMOIGNER !!!* 🏡,1
🚨🚨,1
🔥🔥🔥 L'armée Russe recrute du personnel militaire contractuel dans toutes les régions de Russie !,1
👀👀👀encore ? 🤔🤔🤔🤔 mince,1
🚨🚨,1
C'est ALAN ici???,1
🚨🚨,1
❤️❤️❤️,1
🚨🚨,1
Salut la famille comment vous allez j'espère que vous allez bien j'ai besoin de 10 filles demain de 9h00 à 18h00 travail de chantier nettoyage,2
Salut la famille comment vous allez j'espère que vous allez bien j'ai besoin de 30 garçons demain de 9h00 à 18h00 travail de chantier nettoyage,2
https://youtu.be/UoUWeJBiZVA?si=IoyoDb6aO91RPx5P,1
https://youtu.be/UoUWeJBiZVA?si=NT3LMqnrMG1k1iCZ,1
Besoin demain de deux personnes (hommes) pour un boulot de chantier. 9h-18h. 2700r après le boulot . Métro Филатов луг.,1
Vive ce Donald Trump 😂😂😂😂😂😂😂😂😂😂😂😂😂😂😂😂😂😂😂😂😂😂,2
https://youtu.be/UoUWeJBiZVA?si=9ogMpSi_TnaA0rVf,1
🚨🚨,1
"Здравствуйте, Айболду!",1
🚨🚨,1
Инсульт при оргазме,1
В головном мозге,1
"Случай редкий, но бывает",1
"Opportunités à saisir 🚨pour les grossistes ,semi grossistes, détaillantt et particuliers......",1
Bonjour le nouvel arivage de chaussures a seulement 1000₽,1
Utilise ce lien pour intégrer mon groupe WhatsApp : https://chat.whatsapp.com/BjNPwVTGGai4WdrDGc4YB2,1
"Opportunités à saisir 🚨pour les grossistes ,semi grossistes, détaillantt et particuliers......",1
Bonjour le nouvel arivage de chaussures a seulement 1000₽,1
"Biens aimés du seigneur JÉSUS-CHRIST sachez que des hommes de Dieu sont disponibles maintenant à Moscou pour votre délivrance concernant toutes sortes de possessions, envoûtements et influences satanique et cela de façon gratuite.",2
Besoin de 2 personnes (homme) demain pour un boulot de chantier. 9h-18h. 2700 après le boulot. Métro Filatov (Филатов луг).,1
Fermé,1
🛑🛑🛑🛑🛑🛑🛑🛑🛑🛑🛑🛑🛑🛑🛑🛑 🛑🛑🛑🛑🛑🛑🛑🛑🛑🛑🛑🛑🛑🛑🛑🛑🛑🛑🛑🛑 Besoin de 70 personnes demain au,1
Utilise ce lien pour intégrer mon groupe WhatsApp : https://chat.whatsapp.com/BjNPwVTGGai4WdrDGc4YB2,1
UNITY PARTY CHALLENGE Edition 1 By NHOXSTUDIO,1
✈️✈️✈️✈️✈️✈️✈️✈️✈️✈️✈️✈️✈️✈️✈️✈️,1
🚨🚨,1
"Biens aimés du seigneur JÉSUS-CHRIST sachez que des hommes de Dieu sont disponibles maintenant à Moscou pour votre délivrance concernant toutes sortes de possessions, envoûtements et influences satanique et cela de façon gratuite.",2
🚨🚨Bonsoir tout le monde,1
https://youtube.com/shorts/-LxqAUakZ7o?si=BB07yByaBib_8vFB,1
Besoin de deux personnes demain 2800 aux metro Домодедовская sortie 1 a 8h00♦️♦️♦️♦️♦️♦️♦️♦️♦️♦️♦️♦️♦️♦️♦️♦️♦️♦️♦️ travail de chantier,1
Ceux qui n'ont jamais vécu la guerre pensent que la guerre se résume aux tirs de fusils pour tuer les gens. Ils oublient que la guerre c'est:,1
"Si ta chaussure ne te serre pas comme d'habitude, c'est parce que quelqu'un d'autre a mis son pied dedans.",1
"Si ta chaussure ne te serre pas comme d'habitude, c'est parce que quelqu'un d'autre a mis son pied dedans.",1
https://youtu.be/al0rcchJLGc?si=VUvTx9KiyO0N044Z,1
Prends un tabouret et explique nous comment ta maitresse peut être plus à l'aise et plus heureuse que ta femme mère de tes enfants,1
Demain besoin de 4 personnes (homme )pour un boulot de chantier 9h-18h au métro filatov lug(Филатов луг). 2700 après le boulot.,1
⛔⛔⛔Bonjour besoin de 3 personnes pour un travail de chantier très simple,1
"🚨🚨🚨maintenant besoin de 3 personnes pour un boulot de déchargement de matériels très facile, *une heure 350 roubles, donc tu peux de retrouver avec *3500 roubles* en une journée.",1
Besoin de 4 personnes maintenant qui peuvent travailler de 12h a 20h dans un chantier 2800 aux metro Домодедовская sortie 1 ♦️♦️♦️♦️♦️♦️♦️♦️♦️♦️♦️♦️♦️♦️♦️♦️♦️♦️♦️♦️,1
https://youtube.com/shorts/HRi0ZfeZtDs?si=K0yOPlNYE_pA3iKs,1
Paris Olympics 2024: opening ceremony to take place on Seine – live updates,1
Besoin de deux personnes(homme) demain pour un boulot de chantier 9h-18h. Métro Филатов луг. 2700 après le boulot.,1
https://youtu.be/W7cw-mOTcoc?si=0MKpkaSamQjCJ9A1,1
https://www.clickwagesnj.buzz/p?0727762262797188676,1
✈️✈️✈️✈️✈️✈️✈️✈️✈️✈️✈️✈️✈️✈️✈️✈️,1
Besoin d'une personne,1
Commande la carte tinkoff pour des transfert et retrait sans frais d'envoi ni de retrait voilà le lien commande on vient vous livre à domicile gratuitement 👉👉https://www.tbank.ru/baf/36nBhMhZ1os,1
Bonsoir à tous,1
Besoin de 1e personne(homme) demain pour un boulot de chantier 9h-18h. Métro Филатов луг. 2700 après le boulot.,1
🛑🛑🛑🛑🛑🛑🛑🛑🛑🛑🛑🛑🛑🛑🛑🛑 🛑🛑🛑🛑🛑🛑🛑🛑🛑🛑🛑🛑🛑🛑🛑🛑🛑🛑🛑🛑 Besoin de 70 personnes demain au,1
Besoin de deux personnes ( homme pour demain 2800  aux metro Домодедовская sortie 1 a 8h00 ♦️♦️♦️♦️♦️♦️♦️♦️♦️♦️♦️♦️♦️ travail de chantier,1
Demain besoin de 2 personnes,1
Bonsoir,1
Urgent ‼️ 🚨🚨🚨🚨🚨🚨🚨🚨🚨🚨🚨🚨🚨🚨🚨🚨🚨🚨🚨,1
"Dear African Citizens,",1
"Chers citoyens africains,",1
*Thème réunion du syndicat d'hier*,1
https://youtu.be/npcb7tSPWFw?si=-cN1viuc8VRejwn0,1
*Les gens et le temps t'enseigneront plus que les livres.*,1
Bonsoir,1
Bonsoir,1
Utilise ce lien pour intégrer mon groupe WhatsApp : https://chat.whatsapp.com/DTpSOZJwUZnLKfnGgue44W,1
Требуется горничная в гостиницу Салют,1
Salut la famille comment vous allez j'espère que vous allez bien j'ai besoin des garçons et filles pour un travail dans un entrepôt alimentaire à Moscou.,2
"🚨🚨Boulot disponible de *16:00 à 20:00 ou 22:00* cela dépend de toi , payer après boulot.",1
Besoin demain de deux personnes (hommes) pour un boulot de chantier. Métro Филатов луг. 2800r après le boulot.9h-18h,1
Douala - Moscou  le 10.08.2024 uniquement les documents 📑 inbox 📥 merci,2
Utilise ce lien pour intégrer mon groupe WhatsApp : https://chat.whatsapp.com/Eu8HO6jlMS30jlf4f88GlW,1
Suivez ce lien pour rejoindre ma communauté WhatsApp : https://chat.whatsapp.com/BChrnP6DuxeJx9W1hhD5ZH,1
Bonjour le nouvel arivage de chaussures a seulement 1000₽,1
Départ prévue le 09 Août,1
Départ prévue le 09 Août,1
Douala - Moscou  le 10.08.2024 uniquement les documents 📑 inbox 📥 merci,2
Besoin,1
Bonjour le nouvel arivage de chaussures a seulement 1000₽,1
Douala - Moscou  le 10.08.2024 uniquement les documents 📑 inbox 📥 merci,2
✈️✈️✈️✈️✈️✈️✈️✈️✈️,1
Suivez ce lien pour rejoindre ma communauté WhatsApp : https://chat.whatsapp.com/BChrnP6DuxeJx9W1hhD5ZH,1
Joel kamga,1
Salut la famille comment vous allez j'espère que vous allez bien,2
Alerte rouge!,1
https://youtu.be/tMlB3brqVTE?si=aMfDf9VkOeEZRPrE,1
Départ 🛫 Douala - Moscou  le 10.08.2024 uniquement les documents 📑 inbox 📥 merci,2
"🆘 *Chers compatriotes,*🆘",1
"Mon frère , accuse plutôt l'hôpital qui a laissé mourrir un être humain pour des futilités.",1
Un papier ne vaut pas plus que la vie d'un africain .,1
LE CHRISTIANISME N'EST PAS VENU EN AFRIQUE PAR L'HOMME BLANC.,1
Départ 🛫 Douala - Moscou  le 10.08.2024 uniquement les documents 📑 inbox 📥 merci,2
✈️✈️✈️✈️✈️✈️✈️✈️✈️,1
🚨🚨🚨🚨🚨🚨✈️✈️✈️✈️✈️✈️23kg  disponible,1
Red alert!,1
Alerte rouge!,1
https://youtu.be/z3uAIjciak8?si=p7YW-ZALaRA0Dl9m,1
✈️✈️✈️✈️✈️✈️✈️✈️✈️,1
https://youtu.be/cxgNHaknQzc?si=4b8wSQDkOdjxPiY_,1
Besoin de deux 2 personnes (h)  aujourd'hui pour un travail de chantier de 10h a 18h  aux métro  Домодедовская sortie 1  maintenant ♦️♦️♦️♦️♦️♦️2800,1
Besoin de deux 2 personnes (h)  aujourd'hui pour un travail de chantier de 10h a 18h  aux métro  Домодедовская sortie 1  maintenant ♦️♦️♦️♦️♦️♦️2800,1
Besoin de deux 2 personnes (h)  aujourd'hui pour un travail de chantier de 10h a 18h  aux métro  Домодедовская sortie 1  maintenant ♦️♦️♦️♦️♦️♦️2800,1
🛑 nouvelle arrivage de vetement,1
Bonjour le nouvel arivage de chaussures a seulement 1000₽,1
"PARTAGER CE MESSAGE DANS TOUS VOS GROUPES WHATSAPP, FACEBOOK ET AUTRES RÉSEAUX SOCIAUX.",1
https://youtu.be/JcVJa8Tb4So?si=qyWjI2-gKFJdfjxP,1
https://youtu.be/JcVJa8Tb4So?si=_Psrm7RJGlc2Rwhv,1
Départ 🛫 Douala - Moscou  le 11.08.2024 uniquement les documents 📑 inbox 📥 merci,2
Je viens aussi de recevoir cette information.,1
Whaou très jolie,1
APPEL À LA FRATERNITÉ À MAGBA,1
https://youtu.be/4zjDTqjDoYE?si=XOxcuNfAuFpv3N8P,1
*NÉCROLOGIE*,1
"Besoin de trois personnes pour un travail en entrepôt(yadex) , travail de nuit et permenant de 21h00 à 09h00",1
🛑 nouvelle arrivage de vetement,1
Utilise ce lien pour intégrer mon groupe WhatsApp : https://chat.whatsapp.com/Fr6vHYJKVh81WkB1MvOOPN,1
https://youtu.be/n16U5_EAmnE?si=t3SFJrnd-Bz5HP4R,1
C,1
Besoin demain d'une personne (homme) pour un boulot de chantier. Métro filatov lug. 9:00-18h. 2800r après le boulot,1
Close,1
Infos infos infos pour toutes personnes intéressées par le visa de chine de type M depuis la côte d'ivoire veillée me contacter garantie 2 semaines sa sort .,1
*Pourquoi les Noirs ne sont-ils pas riches ?*,1
Besoin de deux personnes(hommes) demain pour un boulot de chantier. Métro filatov lug. 9:00-18-00. 2800r après le boulot,1
Fermé,1
https://youtu.be/yH5SYi2sffI?si=wKfe4Rbohw8c3GI6,1
✈️✈️✈️✈️✈️✈️,1
Bonjour à tous! Si vous êtes Congolais delà RDC et que vous n'êtes pas encore enregistré dans la Diaspora.,1
Besoin d une personne qui peut rester dans une chambre pendant 15 jours  pour plus d'informations Inbox,1
Zéro la vie,1
Bonjour le nouvel arivage de chaussures a seulement 1000₽,1
https://youtube.com/shorts/HRi0ZfeZtDs?si=m3jMUTBULHbPjiej,1
Besoin de 6 personnes pour compléter la liste d un boulot de nettoyage facile fini payé 2500 de 9h à 17h 50 intéressé in box,1
Mbappe vient de marqué son premier but à la maison Blanche 💪💪💪💪💪💪💪💪💪💪💪💪💪💪💪💪💪💪💪💪💪💪⚽⚽⚽⚽⚽⚽⚽⚽⚽⚽⚽⚽⚽⚽⚽,1
Bonjour le nouvel arivage de chaussures a seulement 1000₽,1
Salut la famille comment vous allez j'espère que vous allez bien j'ai besoin de 6 garçons demain pour le travail de chantier de 11h00 à 20h00,2
🛑🛑🛑🛑🛑🛑🛑🛑🛑 Urgent Besoin 1 personnes pour un,1
Bonjour la famille tout ceux qui veulent travailler dans les écoles à la rentrée me contacte ib,1
Départ ✈️ Moscou —- Montréal,1
Départ ✈️ Yaoundé —- Moscou,1
✈️✈️✈️✈️✈️✈️✈️✈️✈️✈️Voyage imminent 20.08.2024,1
Urgent besoin de 2 personnes,1
"Mon cher, j'ai déjà trop payé le fey des femmes.",1
✈️✈️✈️✈️✈️✈️✈️✈️✈️✈️Voyage imminent 20.08.2024,1
"On ne retient pas un homme en mettant du charme dans son repas. On le charme avec le respect,l'amour et le bon comportement...",1
Merci là bas,2
Tu veux faire quoi avec la personne dans la chambre pendant 15jrs ? Le froid n'a même pas encore bien commencé,2
Mais bientôt dans 10 jours,2
Un groupe WhatsApp est créé pour :,1
Oui oui 👍🏿👍🏿👏🏿,2
😂😂😂😂😂😂😂😂😂😂😂😂😂😂😂😂😂😂😂😂ezaba congolais,2
Depart prévue le 21 Août,1
✈️✈️✈️✈️✈️✈️✈️✈️✈️✈️Voyage imminent 20.08.2024,1
🛑🛑🛑Départ prévue le 26 Août 2024🛑🛑🛑,1
Besoin de 20 personnes pour le travail des restaurants ( aides cuisiniers et cuisiniers) filles et garçons,1
Utilise ce lien pour intégrer mon groupe WhatsApp : https://chat.whatsapp.com/JCnzfD8LVHtGuxpkyYPRmZ,1
Quelle ville ?,1
Moscou,1
Départ prévue le 21 Août,1
‎Suivez ce lien pour intégrer mon Groupe WhatsApp  : https://chat.whatsapp.com/FwhHu5NI6cf9ten639wp5M,1
https://www.facebook.com/reel/480466297955622?mibextid=NTRm0r7WZyOdZZsz 😐😐😐😐😐😐😐 tu as,1
Certaines personnes vont s'éloigner de toi du jour au lendemain parcequ'elles auront comprise qu'elles ne peuvent pas te manipuler,1
https://youtu.be/Z-bYmny99zU?si=pgPXFsZst3GNSaRD,1
https://youtu.be/BLBEJgU0Ch4?si=WsXmFRd1IIioeLRi .Le futur champion du monde est Camerounais,1
"🆘 *Chers compatriotes,*🆘",1
A,1
Demain,1
Départ prévue le 21  Août,1
‎Suivez ce lien pour intégrer mon Groupe WhatsApp  : https://chat.whatsapp.com/FwhHu5NI6cf9ten639wp5M,1
J’ai besoin de 6 millions de francs au Cameroun et je donne le rouble,1
J’ai besoin de 6 millions de francs au Cameroun 🇨🇲 et je donne en roubles 800000 roubles la personne qui peux gérer m’écrire à inbox 📥 merci,2
🛑🛑🛑🛑🛑🛑🛑🛑🛑🛑🛑🛑🛑🛑🛑🛑 🛑🛑🛑🛑🛑🛑🛑🛑🛑🛑🛑🛑🛑🛑🛑🛑🛑🛑🛑🛑 Besoin de 30 personnes demain au,1
"🛑🛑🛑🛑 Bonsoir la famille,",1
"Bonsoir à tous,",1
A,1
Bonjour le nouvel arivage de chaussures a seulement 1000₽,1
Façon les camerounais arrivent dans ce pays🤦🏽‍♀️,1
🛑🛑🛑🛑🛑🛑🛑🛑🛑🛑🛑🛑🛑🛑🛑🛑 🛑🛑🛑🛑🛑🛑🛑🛑🛑🛑🛑🛑🛑🛑🛑🛑🛑🛑🛑🛑 Besoin de 30 personnes ce soir.,1
A,1
A,1
Le préservatif. Hein,1
Salut la famille comment vous allez j'espère que vous allez j'ai besoin de 10 garçons qui ont le visa validé c'est à dire visa non expiré c'est pour un travail de chantier durable,1
🛑🛑🛑🛑🛑 *besoin de personnes demain pour le boulot simple de chantier.*,1
‎Suivez ce lien pour intégrer mon Groupe WhatsApp  : https://chat.whatsapp.com/FwhHu5NI6cf9ten639wp5M,1
Besoin de 7 personnes pour un boulot de nettoyage dans une école,1
Besoin encore de 3 personnes pour un boulot toujours dans une école,1
🛑🛑🛑🛑🛑 *besoin 3 personnes demain pour le boulot simple de chantie,1
A,1
Tout ceux qui ont envoyé les noms pour le boulot de la nuit,1
🛑🛑🛑🛑🛑🛑🛑🛑🛑🛑🛑🛑🛑🛑🛑🛑🛑 *besoin de 30 personnes demain pour un chantier très facile*,1
Bonjour le nouvel arivage de chaussures a seulement 1000₽,1
Bonjour a vous mes rois et mes reines😊 heureux weekend a vous .,1
🛑🛑🛑🛑🛑🛑🛑🛑🛑🛑🛑🛑🛑🛑🛑🛑 🛑🛑🛑🛑🛑🛑🛑🛑🛑🛑🛑🛑🛑🛑🛑🛑🛑🛑🛑🛑 Besoin de 04 personnes aujourd'hui au,1
🛑🛑🛑🛑🛑🛑🛑🛑🛑🛑🛑🛑🛑🛑🛑🛑 🛑🛑🛑🛑🛑🛑🛑🛑,1
ri bien🤣🤣,2
🛑🛑🛑🛑🛑🛑🛑🛑🛑🛑🛑🛑🛑🛑🛑🛑 🛑🛑🛑🛑🛑🛑🛑🛑,1
Salut la famille comment vous j'ai de 4 garçons demain matin à 9h00 à 18h00 travail de chantier 2700 après le travail.,1
https://chat.whatsapp.com/EcVMmyu4jMkLOqn2LaohRa,1
‎Suivez ce lien pour intégrer mon Groupe WhatsApp  : https://chat.whatsapp.com/FwhHu5NI6cf9ten639wp5M,1
1 place disponible au metro Schyoskosvkaya 5-10 mn de marche du metro,1
Utilise ce lien pour intégrer mon groupe WhatsApp : https://chat.whatsapp.com/Fr6vHYJKVh81WkB1MvOOPN,1
Besoin de 4 personnes urgemment a cette метро физтех,1
Abcd,1
🚨🚨🚨besoin de 3 personnes (hommes)pour un travail pas compliqué demain,1
https://youtu.be/JBg2AFqQdoc?si=STc0JjPeYt8JAO9J,1
1 place disponible pour homme au planernaya L7,1
Bonjour. 🚨🚨🚨🚨Besoin de 4 personnes pour un travail de restaurant 🚨🚨🚨🚨,1
🚨🚨🚨 Need 20 people for a construction job very easy tasks inside (electricity and cable assembly very easy) for a long time lasted 1 year. The job is with a large construction and fixed assets company,1
https://perseverancedwelling.top/d219RwdVZlF_XGV8VFZhB1VJU1ZkeGFSUm8HAmQdRQMCASgMBTwLT00CCFoeDw?1724676837149,1
Que Dieu vous protège .,1
"Are you tired of perfumes that don't last long? You spray perfume in your room, you go out, a single breeze  and the fragrance disappears. I understand your frustration. That's why I present to you Essen perfumes. Essen has everything you need. It lasts a long time and is very affordable. We have both male and female fragrance. Place your order today and thank me later. We deliver to every part of Russia. No matter the town, village or city.",1
"Besoin de trois personnes pour un travail en entrepôt(yadex) , et permenant de 09h00 à 21h00",1
Vous craignez que vos meilleures marques aient quitté la Russie 🤔 ? Ne vous inquiétez plus 🙅‍♀️car la société Essen est là pour vous fournir des parfums de la même qualité (sinon de meilleure qualité) que ceux que vos marques préférées vous ont proposés 🥳.,1
🚨🚨🚨 Besoin de 20 personnes pour un boulot de chantier tâches très facile à l'intérieur ( électricité et montage câbles très facile) pour un long duré 1 an . Le travail est avec une grande entreprise de construction et d'immobilisations,1
Depart prévue le 04 septembre,1
‎Suivez ce lien pour intégrer mon Groupe WhatsApp  : https://chat.whatsapp.com/FwhHu5NI6cf9ten639wp5M,1
1 chambre disponible pour un couple ou  2 personnes au metro Schyoskosvkaya (-10 mn du metro) uniquement congolais,1
Donc c'est une femme 👩😂😂😂😂,2
Elle ne veut que les congolais 😳😂😂😂,2
Elle ne veut pas le mélange 😄😄    elle  veut se sentir au pays une fois,1
Il ya deux Congo  faut qu'elle précise😄😄😄,1
😂,2
https://riskcontagious.top/67b6Sn5Be11jWQBIeQt8CD1kYktQfmpfA1MuIEcbBzYYD1Y6fx0PRgwZTwJYXg?1724771688596,1
🔴🔴🔴 bienvenue aux nouveaux membres du de ce groupe mettez vous alaise🙏‼️‼️,2
🔴🔴🔴 bienvenue aux nouveaux membres du de ce groupe mettez vous alaise🙏‼️‼️,2
"Vous recherchez un parfum durable, abordable et durable ? Essens est là pour vous. Essayez les parfums Essens aujourd'hui et remerciez-moi plus tard. Nous avons des parfums pour hommes et pour femmes. Nous livrons dans toutes les régions de la Russie. Passez votre commande maintenant et remerciez-moi plus tard.",2
Besoin de 3 personnes pour travail d'école très facile 2600 après le travail métro filatov lug sortie 1,1
Bonsoir,1
2 places disponible pour homme au metro planernaya  (L7),1
🚨🚨🚨🚨🚨besoin urgemment de 2 personnes pour un boulot pas compliqué,1
"Bonjour, s'il vous plaît j'ai besoin d'une personne qui est *DISPONIBLE* j'insiste sur ça parce que j'ai un programme de travail qui change tout le temps (je travaille en 4/4 donc, parfois le dimanche).",1
23 kilo disponible demain 29 Août,1
"Are you tired of perfumes that don't last long? You spray perfume in your room, you go out, a single breeze  and the fragrance disappears. I understand your frustration. That's why I present to you Essen perfumes. Essen has everything you need. It lasts a long time and is very affordable. We have both male and female fragrance. Place your order today and thank me later. We deliver to every part of Russia. No matter the town, village or city.",1
https://youtu.be/fj03YaJX6nU?si=zOL4jj37L5ymf3gN regarder ce Filme. Vous aller comprendre vous même partager svp,1
🚨🚨🚨 demain j'ai besoin de 5 personnes au chantier de nettoyage 9h  17h50  2800 roubles payer après le travail,1
"Nous avons tout ce dont vous avez besoin pour avoir une belle apparence et une bonne odeur. Parfums, gel douche, crème solaire, etc. Il suffit de le nommer. Disponible pour les hommes et les femmes. Livraison gratuite dans votre ville ou village. Passez votre commande maintenant",2
"Tinkoff Black — дебетовая карта с кэшбэком. Зарабатывайте деньги, а не бонусы. Если оформить по моей ссылке, вы получите 1 месяц подписки Pro и промокод на скидку 500 ₽ на авиабилет",1
Je vais essayé merci,2
Ok,1
Follow this link to join my WhatsApp group: https://chat.whatsapp.com/Goz6a08MNNGHjy5xzkYtqs,1
🚨🚨🚨  Urgent Bonjour j'ai besoin  1personnes au chantier de nettoyage 9h  17h50  3000 roubles payer après le travail,1
Follow this link to join my WhatsApp group: https://chat.whatsapp.com/Goz6a08MNNGHjy5xzkYtqs,1
2 places disponible pour homme dans une chambre à  4 au metro planernaya  (L7),1
Besoin de 10 personnes pour travail d'école très facile métro buninskaya alleya 2700 après le travail de 11h à 17h45,1
C'est le vrai sport sport,1
Follow this link to join my WhatsApp group: https://chat.whatsapp.com/Goz6a08MNNGHjy5xzkYtqs,1
‎Suivez ce lien pour intégrer mon Groupe WhatsApp  : https://chat.whatsapp.com/FwhHu5NI6cf9ten639wp5M,1
Salut la famille comment vous allez j'espère que vous alliez bien.,2
Follow this link to join my WhatsApp group: https://chat.whatsapp.com/Goz6a08MNNGHjy5xzkYtqs,1
L'étudiante EVA nous parle de sa vie en tant que étudiante étrangère en fédération de Russie,1
🚨🚨🚨 demain j'ai besoin de 2personnes au chantier de nettoyage 9h  17h50  3000 roubles payer après le travail,1
"Besoin de 5 personnes pour travail d'école très facile 2700 après le travail de 9h à 17h45, juste pour ranger les tables bancs pour la rentrée scolaire, métro filatov lug sortie 1",1
https://flashsend.app/signup-66cf6bb30b8e2,1
🚨🚨🚨 Need 20 people for a construction job very easy tasks inside (electricity and cable assembly very easy) for a long time lasted 1 year. The job is with a large construction and fixed assets company,1
Follow this link to join my WhatsApp group: https://chat.whatsapp.com/Goz6a08MNNGHjy5xzkYtqs,1
🛑🛑🛑🛑🛑🛑🛑🛑🛑🛑🛑🛑🛑🛑🛑🛑🛑🛑🛑🛑🛑🛑🛑🛑🛑🛑🛑🛑🛑🛑 demain besoin de 20 personnes au métro bratislavskaya sortie 5 finir payer directement après le boulot sur le chantier 2900p  heure 9h - 17h 45,1
"Nous avons tout ce dont vous avez besoin pour avoir une belle apparence et une bonne odeur. Parfums, gel douche, crème solaire, etc. Il suffit de le nommer. Disponible pour les hommes et les femmes. Livraison gratuite dans votre ville ou village. Passez votre commande maintenant",2
Follow this link to join my WhatsApp group: https://chat.whatsapp.com/Goz6a08MNNGHjy5xzkYtqs,1
Follow this link to join my WhatsApp group: https://chat.whatsapp.com/Goz6a08MNNGHjy5xzkYtqs,1
"Besoin de 8 personnes actuellement (hommes), urgence, travail d'école, 2600 après le travail",1
"voyez ! si vous n'êtes pas dans ce groupe, vous ne savez pas ce que vous manquez. trop de bonnes choses👇",2
Follow this link to join my WhatsApp group: https://chat.whatsapp.com/Goz6a08MNNGHjy5xzkYtqs,1
A,1
🛑🛑🛑🛑🛑🛑🛑🛑🛑🛑🛑🛑🛑🛑🛑🛑🛑🛑🛑🛑🛑🛑🛑🛑🛑🛑🛑🛑🛑🛑 demain besoin de 20 personnes au métro bratislavskaya sortie 5 finir payer directement après le boulot sur le chantier 2800p  heure 9h - 17h 45,1
"🔥🔥🔥🔥🔥🔥Besoin de trois personnes pour un travail plein temps et permanent  toute l' année à la salle de sport, deux garçons, une fille, le travail c'est de huit heures trente à vingt heures trente.  Pour travailler dans la salle de sport, le salaire est de *60000₽* par mois et le salaire est payé une fois par mois tous les 10 de chaque mois sans retard plus bonus de travail",1
Follow this link to join my WhatsApp group: https://chat.whatsapp.com/Goz6a08MNNGHjy5xzkYtqs,1
Follow this link to join my WhatsApp group: https://chat.whatsapp.com/Goz6a08MNNGHjy5xzkYtqs,1
Follow this link to join my WhatsApp group: https://chat.whatsapp.com/Goz6a08MNNGHjy5xzkYtqs,1
écoutez les gars ! Je vends beaucoup de choses. Je ne vends que des produits originaux. Des produits pour hommes et pour femmes sont disponibles (pas de discrimination ici). Nous livrons partout en Russie. Produit pour perdre du poids disponible. Passez votre commande maintenant 🔥,1
"Fibre de pomme - réduit l'appétit et augmente le temps de digestion dans l'estomac, créant une sensation de satiété.",1
"Le complément alimentaire ESSENS Home Pharmacy Slim'SS a été fabriqué sous contrôle pharmaceutique en République tchèque, dans le respect des normes et réglementations les plus strictes de l'Union européenne. Toutes les substances proviennent uniquement de sources naturelles.",1
"s'il vous plaît, quel que soit le produit que vous aimeriez obtenir, veuillez m'envoyer un message et me le demander. on ne sait jamais, je l'ai peut-être🥰",1
et rejoignez également le groupe pour que vous puissiez voir toutes les belles choses que j'ai pour vous,1
Follow this link to join my WhatsApp group: https://chat.whatsapp.com/Goz6a08MNNGHjy5xzkYtqs,1
🚨🚨🚨🚨bonsoir besoin de 2 personne demain metro otradnoe sortie 1 boulot facile 2900 fini payé 9h 18h heure de rencontre 8h10 🚨🚨🚨🚨,1
*Place pour homme*,1
"Besoin de 5 personnes pour un travail en entrepôt(yadex) , travail de nuit et permenant de 21h00 à 09h00",1
"🥳Bonjour les gars. Demain (ou devrais-je dire dans quelques heures), je publierai différents types de suppléments. Croyez-moi, vous ne voulez pas manquer ça. Rejoignez le groupe maintenant❗",1
Follow this link to join my WhatsApp group: https://chat.whatsapp.com/Goz6a08MNNGHjy5xzkYtqs,1
Place disponible pour fille au métro skoldinskaya 10000.rub/ mois,1
Q,1
1 chambre disponible pour  2 fille (seulement congolaise) au metro bulvard Dmitri Danskovo,1
nous commençons dans 5 minutes les gars. dépêchez-vous et rejoignez-nous,1
Follow this link to join my WhatsApp group: https://chat.whatsapp.com/Goz6a08MNNGHjy5xzkYtqs,1
Follow this link to join my WhatsApp group: https://chat.whatsapp.com/Goz6a08MNNGHjy5xzkYtqs,1
"❗Bonus du jour❗ 🥳🥳🥳""Housse de protection originale longue durée pour valise"" disponible🔥🔥. toutes les tailles disponibles (M, L, xL). Distribution dans toutes les régions de Russie.",1
Rejoignez le groupe pour voir plus de Goodies,1
Follow this link to join my WhatsApp group: https://chat.whatsapp.com/Goz6a08MNNGHjy5xzkYtqs,1
🛑🛑🛑🛑🛑🛑🛑🛑🛑🛑🛑🛑🛑 🛑🛑🛑,1
Follow this link to join my WhatsApp group: https://chat.whatsapp.com/Goz6a08MNNGHjy5xzkYtqs,1
1 petite chambre disponible pour  1 fille au metro bulvard Dmitri Danskovo,1
Visa touriste pour la Russie a partir du Cameroun.,1
"❗Bonus du jour❗ 🥳🥳🥳""Démaquillant biphasé original 🔥🔥.",1
Rejoignez le groupe pour voir plus de Goodies,1
Follow this link to join my WhatsApp group: https://chat.whatsapp.com/Goz6a08MNNGHjy5xzkYtqs,1
🔴🔴 les amis pour le carnet jaune c'est quel vaccin qu'on demande pour venir en Russie🤔🤔🤔🤔,1
Merci de me répondre🙏🙏🙏🙏,2
Fievre jaune et hepatite,1
Merci Archimède🙏 j'espère que c'est tout))),2
La couleur verte me plaît beaucoup😄😄 très beau pull👌,1
❤️❤️❤️❤️,1
Départ Moscou __ Douala,1
Mince si j'étais à Moscou🤔🤔 400 roubles ?,1
Une chambre  disponible  dans un apartement  à 6 minutes  du métro dimitri  dongova en bus de letat,1
🛑🛑🛑🛑🛑🛑🛑🛑🛑🛑🛑🛑🛑🛑🛑🛑🛑🛑🛑🛑🛑🛑🛑🛑🛑🛑 besoin de 8 personnes maintenant au Métro slavyansky bulvar sortie 2,1
http://jalg.net/adwBqde/736678298365713099136cabb3,1
http://jalg.net/adwUrde/62102813697798783287b3bf9d,1
Bonjour besoin du  Studio ou une grande chambre urgemment,1
Bonjour le nouvel arivage de chaussures a seulement 1000₽ a 1500₽,1
Follow this link to join my WhatsApp group: https://chat.whatsapp.com/Goz6a08MNNGHjy5xzkYtqs,1
"❗Bonus du jour❗ 🥳🥳🥳""Ensemble de pinceaux de maquillage originaux - Blanc",1
Rejoignez le groupe pour voir plus de Goodies,1
Follow this link to join my WhatsApp group: https://chat.whatsapp.com/Goz6a08MNNGHjy5xzkYtqs,1
🔥🔥🔥🔥🔥🔥🔥🔥🔥🔥Besoin de 4 personnes métro 🚇🚇 *zil*ligne 14 pour le nettoyage payé 3000 le travail commence à 9h et se termine a 18h une heureuse de poser,1
❓Ежегодное уведомление по РВП и ВНЖ( La déclaration annuelle),1
♨️❌Conséquences de l'absence de la déclaration annuelle.,1
Merci pour l’info,2
"On ne construit pas sa vie pour sa femme , on l'a construit avec elle .",1
1 place pour fille et  Place pour homme disponible au metro skildnenskaya,1
‎Suivez ce lien pour intégrer mon Groupe WhatsApp  : https://chat.whatsapp.com/FwhHu5NI6cf9ten639wp5M,1
Follow this link to join my WhatsApp group: https://chat.whatsapp.com/Goz6a08MNNGHjy5xzkYtqs,1
Visa Travail Canada ( Toronto),1
Le paiement ce passe comment?,1
18millions 100 en avance et le reste quand le visa est sortie .,1
Je ne comprend pas,1
Vrai vrai ?,1
18 millions ? Ou tu as mal écrit ?,1
Je voulais dire 1millions 100,1
Ah oui,1
Voilà😄😄j'avais déjà peur mince,1
😂😂😂erreur de frappe,2
Bien-sûr,2
A la PJ bonanjo au Cameroun a Douala,1
PJ (police judiciaire),1
C'est bien,2
Sans l'égalisation vraiment pas la peine,1
Et si après la légalisation le versement des 1.100 il y a évaporisation on fait cmt ?,1
Évaporisation c'est quoi ?,1
Disparition dans la nature,1
"En faisant le contrat devant les autorités compétentes, l'agence et toi , vous allez définir les clauses.",1
"Bonne nouvelle les gars❗ 🥳🥳 3 de nos parfums sont en promotion. Comme vous le savez tous, la société ""Essens"" est une société spécialisée principalement dans les parfums. Cela signifie que nous avons tellement de parfums. C'est l'occasion d'obtenir votre parfum préféré à des prix réduits. N'oubliez pas la distribution partout en Russie. Si vous n'essayez pas, vous ne le saurez jamais. Ne regardez pas l'argent, regardez la qualité du produit que vous achetez (sage parole du jour)🔥🔥.",2
Rejoignez le groupe pour voir plus de Goodies,1
Follow this link to join my WhatsApp group: https://chat.whatsapp.com/Goz6a08MNNGHjy5xzkYtqs,1
Bonsoir Place disponibles Dans une chambre 10000 rouble,1
"Sign up for a Bybit account and claim exclusive rewards from the Bybit referral program! Plus, claim up to 6,045 USDT bonus at https://www.bybit.com/invite?ref=BKMBBW3.",1
A,1
Follow this link to join my WhatsApp group: https://chat.whatsapp.com/Goz6a08MNNGHjy5xzkYtqs,1
Bonsoir 🚨🚨🚨 famille Besoin dune chambre propre pou 2 filles  mercie,2
https://vm.tiktok.com/ZMrokdwVP/ Cette publication est partagée via TikTok Lite. Télécharge TikTok Lite pour découvrir d'autres publications : https://www.tiktok.com/tiktoklite,1
https://www.facebook.com/reel/492824156839460?fs=e&s=cl&mibextid=NTRm0r7WZyOdZZsz,1
‼️‼️‼️ qui peut me dire comment sa se passe L'Accord parental au niveau du pays pour un enfant qui  vient étudier  avec moins de 18ans 🔴🔴🔴      merci de me répondre🙏,2
À LA COMMUNAUTÉ AFRICAINE EN FÉDÉRATION DE RUSSIE 🇷🇺,1
URGENT URGENT URGENT URGENT,1
Besoin d une fille où garçon maintenant pour un travail de restaurant pour plus d'informations Inbox,1
Parfums pour hommes,1
Follow this link to join my WhatsApp group: https://chat.whatsapp.com/Goz6a08MNNGHjy5xzkYtqs,1
Tout ça a cause des femmes,1
Que ohhh je veux le gros,1
Je veux le long,1
Alors que le problème c'est toi avec ton puit,0
"Quand vous avez le puit ,ne nous deranger plus",1
Weeee mes frères ivoiriens😄😄😄,1
Quand vous n'êtes pas résistant ne forcé pas🏃‍♀️🏃‍♀️🏃‍♀️,1
Champion dans les écorces et les poutoulous.,1
Et vous les camer vous avez pris le relais,1
Jamais,1
🤔,1
Bsr,1
Besoin d'une chambre urgence à Moscou,1
"Besoin de 2 personnes pour travail d'école à sherbinka. (HOMMES), travail très facile",1
Besoin de une personne(homme )demain pour un boulot de chantier 9h-18h au métro filatov lug. 2800r après le boulot,1
‎Suivez ce lien pour intégrer mon Groupe WhatsApp  : https://chat.whatsapp.com/FwhHu5NI6cf9ten639wp5M,1
Follow this link to join my WhatsApp group: https://chat.whatsapp.com/Goz6a08MNNGHjy5xzkYtqs,1
URGENT URGENT URGENT URGENT,1
Besoin d'une fille maintenant pour un travail de lave vaisselle pour plus d'informations Inbox,1
🚨🚨🚨🚨🚨🚨✈️✈️✈️✈️✈️✈️,1
🛑🛑🛑🛑🛑🛑🛑🛑🛑🛑🛑🛑🛑🛑🛑🛑🛑 *URGENT!!!*,1
2 places pour homme disponible au metro bulvard Dmitri Danskovo,1
‎Suivez ce lien pour intégrer mon Groupe WhatsApp  : https://chat.whatsapp.com/FwhHu5NI6cf9ten639wp5M,1
Prochain vol ✈️ ✈️✈️✈️✈️✈️Moscow Kinshasa pour le 19/09/2024 23kilos disponible petit colis 📦 document 📃 téléphone 📱 passeport médicament disponible je clôture le 17/09/2024 pour le petit colis je clôture le 18/09/2024,1
Besoin d'une chambre urgemment à Moscou,1
Juste pour cette nuit,1
Svp quelqu'un qui va à bryansk demain,1
C'est urgent,1
En ib,1
Transaction au taux de Google du Cameroun pour la Russie,1
Bonus du jour les gars🔥👇,1
rejoignez le groupe pour voir tous les pavés,1
Follow this link to join my WhatsApp group: https://chat.whatsapp.com/Goz6a08MNNGHjy5xzkYtqs,1
URGENT URGENT URGENT URGENT,1
Besoin de 20 personnes pour un boulot de chantier tâches très facile à l'intérieur ( électricité et montage câbles très facile) pour un long duré 1 an . Le travail est avec une grande entreprise de construction et d'immobilisations,1
*Archives*,1
Vous ne connaissez même pas votre histoire mais vous connaissez l'histoire des blancs 😂😂😂😂😂😂😂😂😂😂😂😂😂😂😂,2
Vous ne connaissez même pas votre histoire mais vous connaissez l'histoire des blancs 😂😂😂😂😂😂😂😂😂😂😂😂😂😂😂,2
Bjr .,1
En ib svp,1
Bienvenue à la première réunion du groupe de networking international de Krasnodar💖,2
https://chat.whatsapp.com/Goz6a08MNNGHjy5xzkYtqs,1
Moscou - Douala,1
Salut la famille comment vous allez j'espère que vous alliez bien.,2
"Besoin de 3 personnes pour travail d'école très facile sherbinka, 2600 après le travail",1
https://chat.whatsapp.com/Goz6a08MNNGHjy5xzkYtqs,1
Arrivage dejà à Moscou.,1
URGENT URGENT URGENT URGENT,1
🚨🚨🚨🚨🚨🚨prochain vol ✈️ ✈️✈️✈️✈️✈️✈️✈️✈️✈️✈️✈️✈️✈️✈️Kinshasa 🇨🇩Russie 🇷🇺  le 12/09/2024 je clôture demain à 20h de Kinshasa tu as ton petit colis 📦 document 📃 accessoires médicaments 💊 pas plus de 6kilos 🙌🏾🙌🏾🙌🏾🙌🏾🙌🏾🙌🏾j’entends votre appelle je reçois déjà le colis 📦 🙌🏾🙌🏾🙌🏾🙌🏾🙌🏾les intéressés contacter moi,1
"*Soyez comme des arbres : Changez vos feuilles mais gardez vos racines, Changez vos idées mais gardez vos principes...*",1
"*stp arrête, je suis juste venue prendre l'argent de la scolarité de l'enfant, je suis en couple🙄 j'espère que tu as le préservatif🤔🚶🏾‍♂️🚶🏾‍♂️💁🏾‍♂️❓j explique où bien ça va*⁉️⁉️⁉️",2
‼️imbécile vaaa,1
Tu es une ( Soukaaa),1
"notre bonus pour aujourd'hui les gars est un parapluie original, de haute qualité et durable🔥🔥🔥",1
distribution partout en Russie. boîte de réception et passez votre commande maintenant. Rejoignez le groupe pour une présentation quotidienne des produits,1
https://chat.whatsapp.com/Goz6a08MNNGHjy5xzkYtqs,1
🛑🛑🛑🛑🛑🛑🛑🛑besoin de 20 personnes demain pour le boulot simple de chantier .,1
Besoin de une personne(homme)demain pour un boulot de chantier 9h-18h. Métro filatov lug. 3000r,1
Точка на карте,1
🚨🚨🚨🚨🚨🚨prochain vol ✈️ ✈️✈️✈️✈️✈️✈️✈️✈️✈️✈️✈️✈️✈️✈️Kinshasa 🇨🇩Russie 🇷🇺  le 12/09/2024 je clôture aujourd’hui 20h de Kinshasa tu as ton petit colis 📦 document 📃 accessoires médicaments 💊 pas plus de 6kilos 🙌🏾🙌🏾🙌🏾🙌🏾🙌🏾🙌🏾j’entends votre appelle je reçois déjà le colis 📦 🙌🏾🙌🏾🙌🏾🙌🏾🙌🏾les intéressés contacter moi,1
‎Suivez ce lien pour intégrer mon Groupe WhatsApp  : https://chat.whatsapp.com/FwhHu5NI6cf9ten639wp5M,1
Arrivage dejà à Moscou.,1
Les arnaques sur internet : Astuces et conseils pour éviter d'être arnaquer en Europe en 2024,1
*Il a envoyé sa femme et ses enfants  chez son cousin à dla pour des vacances. Depuis la rentrée pas de nouvelles . Il quitte donc ombessa pour dla et découvre que sa femme et son cousin se sont mis en couple elle ne veut plus rentrer*,1
‎Suivez ce lien pour intégrer mon Groupe WhatsApp  : https://chat.whatsapp.com/Id31IOyi0aNLliNcKLrftU,1
https://chat.whatsapp.com/Goz6a08MNNGHjy5xzkYtqs,1
"*Tant que vous n'acceptez pas les conditions financières de votre petit ami, beaucoup de lits vous attendent encore*🙄🤧😒🚶🏾‍♂️🚶🏾‍♂️🚶🏾‍♂️🚶🏾‍♂️🚶🏾‍♂️🚶🏾‍♂️",1
Bonus du jour les gars🥳🥳🥳. Pour les personnes souffrant de troubles du sommeil et ayant des difficultés à s'endormir.,1
distribution partout en Russie. boîte de réception et passez votre commande maintenant. Rejoignez le groupe pour une présentation quotidienne des produits👇,1
https://chat.whatsapp.com/Goz6a08MNNGHjy5xzkYtqs,1
"*Elles font un peu de love, un peu de vente en ligne et un peu de prost*tution. Elles ajoutent à ça quelques statuts parlant de God  pour brouiller les pistes.*🫣🚼💔",0
‎Suivez ce lien pour intégrer mon Groupe WhatsApp  : https://chat.whatsapp.com/ElIqAq2ssIm1kGi7QouMIj,1
VOICI POURQUOI LA CORÉE DU NORD 🇰🇵 EST CONSIDÉRÉE COMME UNE PRISON À CIEL OUVERT,1
Bonjour à tous !,1
Fause nouvelle c'était sa propre moto vous l pas pour une autre personne,1
‎Suivez ce lien pour intégrer mon Groupe WhatsApp  : https://chat.whatsapp.com/ElIqAq2ssIm1kGi7QouMIj,1
‎Suivez ce lien pour intégrer mon Groupe WhatsApp  : https://chat.whatsapp.com/ElIqAq2ssIm1kGi7QouMIj,1
✈️✈️✈️✈️✈️✈️✈️✈️✈️✈️✈️✈️✈️✈️✈️✈️✈️✈️Douala - Moscou,1
https://chat.whatsapp.com/Goz6a08MNNGHjy5xzkYtqs,1
"Besoin de 2 personnes pour travail d'école très facile à sherbinka 2600 après le travail de 9h à 17h45, hommes",1
‎Suivez ce lien pour intégrer mon Groupe WhatsApp  : https://chat.whatsapp.com/ElIqAq2ssIm1kGi7QouMIj,1
✈️✈️✈️✈️✈️✈️✈️✈️✈️✈️✈️✈️✈️✈️✈️✈️✈️✈️Douala - Moscou,1
Russie-Cameroun,1
https://chat.whatsapp.com/Goz6a08MNNGHjy5xzkYtqs,1
"Salut les gars. Notre bonus du jour est 🥳🥳🥳 ""Kit de soins pour la barbe""🔥🔥🔥",1
"si vous n'avez pas encore rejoint le groupe, qu'attendez-vous encore ? voici le lien, rejoignez-nous maintenant👇",1
https://chat.whatsapp.com/Goz6a08MNNGHjy5xzkYtqs,1
"🟢🟢🟢🟢🟢🟢demain , besoin de 20 personnes :",1
https://chat.whatsapp.com/Goz6a08MNNGHjy5xzkYtqs,1
🚨🚨🚨🚨prochain vol ✈️ Moscou 🇷🇺Kinshasa 🇨🇩le 19/09/2024,1
Russie-Cameroun,1
Hello everybody! 🔴FOR KRASNODAR🔴,1
https://chat.whatsapp.com/Goz6a08MNNGHjy5xzkYtqs,1
Merci je vais poster ça dans ma communauté👍🏼,2
Exactement👌,1
Bonus du jour les gars🥳🥳🥳👇,1
"si vous n'avez pas encore rejoint le groupe, qu'attendez-vous encore ? voici le lien, rejoignez-nous maintenant👇",1
https://chat.whatsapp.com/Goz6a08MNNGHjy5xzkYtqs,1
Arrivage dejà à Moscou.,1
https://chat.whatsapp.com/Goz6a08MNNGHjy5xzkYtqs,1
Besoin d une fille demain pour un travail de lave vaisselle 9h 00 /18h 30,1
Si vous avez  des gens qui peuvent bosser comme Télévendeur dans une multinationale envoyer moi leur cv( femmes ou hommes ),1
✈️✈️✈️✈️✈️✈️✈️✈️✈️✈️✈️✈️✈️✈️✈️✈️✈️✈️Douala - Moscou,1
Besoin de 20 personnes pour un boulot de chantier tâches très facile à l'intérieur ( électricité et montage câbles très facile) pour un long duré 1 an . Le travail est avec une grande entreprise de construction et d'immobilisations,1
Arrivage dejà à Moscou.,1
🛑🛑🛑🛑🛑🛑🛑🛑🛑🛑🛑🛑🛑🛑🛑🛑 🛑🛑🛑🛑🛑🛑🛑🛑🛑🛑🛑🛑🛑🛑🛑🛑🛑🛑🛑🛑,1
A,1
Urgent 🔥🔥🔥🔥🔥🔥🔥🔥Besoin de *deux* garçons  pour un chantier de nettoyage au Métro *schyolkovskaya* ligne 3 ( bleu) *sortie 4* de 11h  à 18h payer *3000* à la fin du travail,1
"Si vous êtes au Cameroun et que vous avez une soeur , une amie ou une connaissance qui peut être agent commercial.",2
Licence minimum,1
Hello hello hello!!!!!,1
Bonjour bonjour bonjour !!!,1
🚨🚨Bonjour la famille une chambre disponible dans un appartement de 2 chambres pour une seule personne.,1
Fille ou garçon,1
7 minutes à pied de la station de métro Nekrasovka,1
https://chat.whatsapp.com/Goz6a08MNNGHjy5xzkYtqs,1
🚨🚨🚨🚨🚨🚨prochain vol ✈️ Kinshasa 🇨🇩Russie  🇷🇺le 18/09/2024,1
✈️✈️✈️✈️✈️✈️✈️✈️✈️✈️✈️✈️✈️✈️✈️✈️✈️✈️Douala - Moscou,1
Besoin de une personne demain pour un boulot de chantier 9h-18h métro filatov lug. 3000r après le boulot,1
Hello hello hello!!!!!,1
Bonjour bonjour bonjour !!!,1
‎Suivez ce lien pour intégrer mon Groupe WhatsApp  : https://chat.whatsapp.com/FwhHu5NI6cf9ten639wp5M,1
https://chat.whatsapp.com/Goz6a08MNNGHjy5xzkYtqs,1
Le petit la a pris du sucre édulcorant,1
A,1
Arrivage dejà à Moscou.,1
😂😂😂😂,2
https://chat.whatsapp.com/Goz6a08MNNGHjy5xzkYtqs,1
"Les gars, notre bonus du jour est... ""Déodorant Noir No.2"".",1
"si vous n'avez pas encore rejoint le groupe, sachez que vous manquez beaucoup de choses. voici le lien👇",1
https://chat.whatsapp.com/Goz6a08MNNGHjy5xzkYtqs,1
nous distribuons dans toutes les régions de la Russie,1
Besoin de 3 personnes pour travail d'école très facile à sherbinka 2600 après le travail de 9h à 17h avec une heure de pause et pleins de perikou🤪,1
🛑🛑🛑🛑🛑🛑🛑🛑Besoin de 2 filles boulot de restaurant,1
😂,2
Bonjour à tous!! Besoin d'une personne qui sais bien faire les flyers. Contact ib svp.,2
C'est quoi flyers?,1
Koikou,1
😃,1
Bonjour le nouvel arivage de chaussures a seulement 1000₽ a 1500₽,1
https://chat.whatsapp.com/Goz6a08MNNGHjy5xzkYtqs,1
Mince Miam miam,1
Arrivage dejà à Moscou.,1
"Bonsoir les gars, pour le bonus d'aujourd'hui, nous avons de la mousse à raser à l'Aloe Vera",1
https://chat.whatsapp.com/Goz6a08MNNGHjy5xzkYtqs,1
Oui moi-même je confirme le service est très rassurant et très rapide,1
🥹🥹🥹🙏🏿,1
Je confirme également ici assurance confiance et rapidité  du service,1
Hello hello hello!!!!!,1
Bonjour bonjour bonjour !!!,1
Russie-Cameroun,1
https://chat.whatsapp.com/Goz6a08MNNGHjy5xzkYtqs,1
"Bonus du jour les gars🥳🥳🥳 Bain de bouche à l'aloe vera. Un bain de bouche doux au goût de pastèque. Contient de l'aloe vera et un édulcorant naturel à base de stévia. Utilisé pour un soin supplémentaire des dents et de la cavité buccale. Protège contre la sécheresse, aide à éliminer la saleté entre les dents et maintient une haleine fraîche. 👇",1
https://chat.whatsapp.com/Goz6a08MNNGHjy5xzkYtqs,1
A,1
https://chat.whatsapp.com/Goz6a08MNNGHjy5xzkYtqs,1
A,1
Le bonus du jour pour les gars est le « Déodorant solide à l'aloe vera »,1
https://chat.whatsapp.com/Goz6a08MNNGHjy5xzkYtqs,1
https://chat.whatsapp.com/Goz6a08MNNGHjy5xzkYtqs,1
Arrivage déjà â Moscou,1
Voyage pour la Russie 🇷🇺,1
https://chat.whatsapp.com/Goz6a08MNNGHjy5xzkYtqs,1
Utilise ce lien pour intégrer mon groupe WhatsApp : https://chat.whatsapp.com/Eu8HO6jlMS30jlf4f88GlW,1
🚨Départ prévue le 27,1
Urgent,1
https://chat.whatsapp.com/Goz6a08MNNGHjy5xzkYtqs,1
Bienvenu en Russie!,2
🫣,1
https://t.me/welcome2russie,1
https://chat.whatsapp.com/Goz6a08MNNGHjy5xzkYtqs,1
‎Suivez ce lien pour intégrer mon Groupe WhatsApp  : https://chat.whatsapp.com/Iu61JQFKwAZFXtHctmarga,1
"les gars, aujourd'hui, nous allons discuter des compléments alimentaires. rejoignez le lien maintenant👇",1
https://chat.whatsapp.com/Goz6a08MNNGHjy5xzkYtqs,1
C est pourquoi le célibat est bien 😂😂😂,2
Utilise ce lien pour intégrer mon groupe WhatsApp : https://chat.whatsapp.com/Eu8HO6jlMS30jlf4f88GlW,1
Salut les dames!,1
Utilise ce lien pour intégrer mon groupe WhatsApp : https://chat.whatsapp.com/DNvNxrxZ5K857zDTplQLdX,1
"Notre bonus du jour est le « Déodorant Noir ». Il procure une sensation de fraîcheur longue durée et neutralise parfaitement les odeurs corporelles. Facile à appliquer, sèche rapidement et ne laisse pas de taches sur les vêtements ou la peau. Nous distribuons dans toutes les régions de la Russie. Passez vos commandes maintenant !",1
https://chat.whatsapp.com/Goz6a08MNNGHjy5xzkYtqs,1
🚨🚨🚨,1
"Bienvenu en Russie, mes freres et soeurs!",2
https://chat.whatsapp.com/Goz6a08MNNGHjy5xzkYtqs,1
L’orgueil c’est un petit démon qui te fait croire que tu es plus important que les autres pourtant tu ne vaux rien.,1
L’orgueil c’est un petit démon qui te fait croire que tu es plus important que les autres pourtant tu ne vaux rien.,1
L’orgueil c’est un petit démon qui te fait croire que tu es plus important que les autres pourtant tu ne vaux rien.,1
😂,2
Vérité,1
Bonsoir famille,1
https://chat.whatsapp.com/DbnTn0YLHAz3RvHFUYS80c,1
♦️♦️♦️♦️Bjr besoin du rouble j'ai 550 000 aux Cameroun je voudrais faire l'échange avec une personne qui veut le franc CFA ♦️♦️♦️♦️ib,1
*Bonjour !*,1
https://chat.whatsapp.com/Goz6a08MNNGHjy5xzkYtqs,1
Utilise ce lien pour intégrer mon groupe WhatsApp : https://chat.whatsapp.com/Eu8HO6jlMS30jlf4f88GlW,1
https://chat.whatsapp.com/Goz6a08MNNGHjy5xzkYtqs,1
Déodorant solide à l'Aloe Vera,1
https://chat.whatsapp.com/Goz6a08MNNGHjy5xzkYtqs,1
Besoin urgent des bâtons de manioc avec les 12 mengueks,1
Pour toutes vos coiffures à Moscou +79652104693 .,1
https://chat.whatsapp.com/Goz6a08MNNGHjy5xzkYtqs,1
2 places disponible pour filles dans un studio au metro bulvard Dmitri danskovo (butovo),1
‎Suivez ce lien pour intégrer mon Groupe WhatsApp  : https://chat.whatsapp.com/Iu61JQFKwAZFXtHctmarga,1
Bonjour famille,1
https://chat.whatsapp.com/DbnTn0YLHAz3RvHFUYS80c,1
https://chat.whatsapp.com/Goz6a08MNNGHjy5xzkYtqs,1
https://chat.whatsapp.com/Goz6a08MNNGHjy5xzkYtqs,1
Bonjour famille,1
https://chat.whatsapp.com/DbnTn0YLHAz3RvHFUYS80c,1
"Bienvenu en Russie, mes freres et soeurs!",2
"Bienvenu en Russie, mes freres et soeurs!",2
Blague à part 😅,1
"Bienvenu en Russie, mes freres et soeurs!",2
"Bienvenu en Russie, mes freres et soeurs!",2
"Bienvenu en Russie, mes freres et soeurs!",2
"Bienvenu en Russie, mes freres et soeurs!",2
https://chat.whatsapp.com/Goz6a08MNNGHjy5xzkYtqs,1
"Bienvenu en Russie, mes freres et soeurs!",2
https://chat.whatsapp.com/Iu61JQFKwAZFXtHctmarga,1
🚨 Départ 🛫 le 03.10.2024. (Douala-Moscou ) Dernière sac de 23 kilos disponible. arrivée le 04.10.2024,1
Bonjour le nouvel arivage de chaussures a seulement 1000₽ a 1500₽,1
🇲🇱🇲🇱🇲🇱salut a toutes et tous j'ai une chambre disponible très propre pour une seule personne fille ou garçon mais je veux pas deux personnes pour éviter le désordre contacter moi,1
Nb: à 7 minutes à pied du métro,1
A,1
"Bienvenu en Russie, mes freres et soeurs!",2
Départ demain le 30 septembre,1
https://chat.whatsapp.com/Goz6a08MNNGHjy5xzkYtqs,1
Utilise ce lien pour intégrer mon groupe WhatsApp : https://chat.whatsapp.com/Eu8HO6jlMS30jlf4f88GlW,1
Bonsoir famille,1
https://chat.whatsapp.com/DbnTn0YLHAz3RvHFUYS80c,1
Bonjour le nouvel arivage de chaussures a seulement 1000₽ a 1500₽,1
Faites vos commande svp.,1
🚨🚨🚨🚨🚨🚨🚨✈️✈️✈️✈️✈️✈️expédition de colis 📦 demain je clôture à 15h de Kinshasa 15kilos disponible Kinshasa 🇨🇩Moscou 🇷🇺,1
https://chat.whatsapp.com/Goz6a08MNNGHjy5xzkYtqs,1
"🔥🔥🔥🔥🔥🔥🔥🔥🔥🔥🔥🔥🔥🔥🔥🔥🔥🔥🔥🔥🔥🔥🔥🔥Besoin de *5 filles* pour travail de *nettoyer* du centre commercial *Metropolis de 21: 00 à 9: 00* Paiement après le cars de travail 3500 roubles. métro *Voykovskaya* sorti 1. besoin des *filles* responsables, et qui seront là si d acord envoi une photo de votre passeport Note: le paiement est effectué immédiatement après le travail. rendez-vous à *20 heures 30* sans retard à la sortie du *Métro* 🚇",2
Besoin des gars pour un boulot en entrepôt 3200 12h de temps. Pour plus de détails ib,1
https://chat.whatsapp.com/Goz6a08MNNGHjy5xzkYtqs,1
*C'est quand leurs seins tombent qu'elles se rende compte que garçon pauvre peut être bon mari*🙄🙄🚶🏾‍♂️🚶🏾‍♂️🚶🏾‍♂️,1
‎Suivez ce lien pour intégrer mon Groupe WhatsApp  : https://chat.whatsapp.com/Iu61JQFKwAZFXtHctmarga,1
Bonjour famille,1
https://chat.whatsapp.com/DbnTn0YLHAz3RvHFUYS80c,1
Ne donner plus fesses à un Africains en Russie si il ne vous a pas doté ou épouser .,1
"*Ne déchire pas mon caleçon, moi même je vais enlever*""",1
https://youtu.be/HnXNUApI1N8?si=i2MtXsvlPbCDv2SP,1
Bonsoir à tous! y-a-t-il un vol qui quitte de Douala ou Yaoundé pour la Russie ces jours??,1
Jacques 4:6,1
"🛑🛑🛑🛑🛑🛑🛑🆘🆘🆘🆘🆘En direct, guerre au Proche-Orient :",1
Utilise ce lien pour intégrer mon groupe WhatsApp : https://chat.whatsapp.com/Eu8HO6jlMS30jlf4f88GlW,1
Bonjour le nouvel arivage de chaussures a seulement 1000₽ a 1500₽,1
Besoin de 5 personnes pour un boulot d'entrepôts 12h de temps 09h-21h 2900 par jour. Ib pour plus d'informations,1
https://chat.whatsapp.com/Goz6a08MNNGHjy5xzkYtqs,1
https://chat.whatsapp.com/Eu8HO6jlMS30jlf4f88GlW,1
Salut la famille comment vous allez j'espère que vous allez bien j'ai besoin de 10 garçons demain matin à 9h00 à 18h00 travail de chantier métro Pyatnikoe Chosse sortie 1.,2
Salut la famille comment vous allez j'espère que vous allez bien j'ai besoin de 10 garçons demain matin à 9h00 à 18h00 travail de chantier métro Pyatnikoe Chosse sortie 1.,2
‎Suivez ce lien pour intégrer mon Groupe WhatsApp  : https://chat.whatsapp.com/Iu61JQFKwAZFXtHctmarga,1
https://youtu.be/tpapLz3oi28?si=56hkc9sQ8zYZtfwW,1
Départ prévue le,1
https://chat.whatsapp.com/Goz6a08MNNGHjy5xzkYtqs,1
Départ 🛫 Yaoundé-Moscou le 04/10/2024. Disponible 5kilos . Arrivée le 05/10/2024.,1
Voici une version légèrement modifiée de ton message pour plus de clarté :,1
https://chat.whatsapp.com/Eu8HO6jlMS30jlf4f88GlW,1
Bonjour s'il vous plaît ajoutez ce numéro dans le groupe +237 6 93 97 95 49,1
https://chat.whatsapp.com/Goz6a08MNNGHjy5xzkYtqs,1
"Bonjour, je transmets l’annonce",1
https://chat.whatsapp.com/Eu8HO6jlMS30jlf4f88GlW,1
https://chat.whatsapp.com/Goz6a08MNNGHjy5xzkYtqs,1
Ma vie de travailleur africain en Roumanie : L'histoire de CHAVIAL FONKOU,1
https://chat.whatsapp.com/Goz6a08MNNGHjy5xzkYtqs,1
"Bonsoir à tous,les ensembles et les robes en bazins sont toujours disponibles.",1
🚨🚨🚨 Urgent  Besoin aujourd'hui  2personnes   pour un boulot de nettoyage très facile dans un chantier au metro VDNKH 9heures 17heures 50minutes finit payer sur le chantier 3000roubles,1
https://chat.whatsapp.com/Goz6a08MNNGHjy5xzkYtqs,1
https://chat.whatsapp.com/Eu8HO6jlMS30jlf4f88GlW,1
"Ce sont mes amis , allez découvrir pour ceux qui sont du côté de Saint Petersbourg.",1
https://chat.whatsapp.com/Goz6a08MNNGHjy5xzkYtqs,1
Urgent 🚨 *cette nuit de 23:00 à 4:00 payer 2650 ₽ besoin de 20 garçons* pour un boulot très facile sans pression dans un chantier 🏗️,1
https://chat.whatsapp.com/Goz6a08MNNGHjy5xzkYtqs,1
https://youtu.be/gapSVYersN8?si=8TQFVzWWPHyFppsx,1
🍑👈,1
"Urgent 🚨….Voyage pour la Russie, par le billet d’une association( sportive et a but non lucratif) 10 jours de procédure, seul document obligatoire le PASSEPORT….je donne tous les détails IB",1
https://chat.whatsapp.com/Goz6a08MNNGHjy5xzkYtqs,1
Hi,1
‎Suivez ce lien pour intégrer mon Groupe WhatsApp  : https://chat.whatsapp.com/Iu61JQFKwAZFXtHctmarga,1
https://chat.whatsapp.com/Goz6a08MNNGHjy5xzkYtqs,1
1 place disponible pour homme au métro bulvard Dmitri Danskovo,1
🛫🛫🛫🛫🛫🚨🚨🚨🚨🚨🚨🚨🔉🔉🔉🔉,1
https://t.me/+HhWtWKqgq482NTQ6,1
Départ prévue le 08 Octobre,1
"Salut salut, pour tous ceux qui ont besoin d’envoyer les documents, et petits colis, 23kg disponibles…on récupère à l’aéroport…départ le 10 octobre…Yaoundé-Moscou( domodedovskaya)",1
Salut la famille comment vous allez j'espère que vous allez bien j'ai besoin de 10 garçons cette nuit pour le travail de chantier,2
⛑️⛑️⛑️⛑️⛑️besoin de 4 personnes pour un boulot durable de 9:00 a 18:00 payées 3000rb chaque jour après le boulot,1
https://chat.whatsapp.com/Goz6a08MNNGHjy5xzkYtqs,1
🌮🍜🍜Besoin de 5 gars dans un restaurant maintenant pour,1
🚨🚨🚨🚨🚨🚨,1
https://t.me/+HhWtWKqgq482NTQ6,1
"Salut salut, pour tous ceux qui ont besoin d’envoyer les documents, et petits colis, 23kg disponibles…on récupère à l’aéroport…départ le 10 octobre…Yaoundé-Moscou( domodedovskaya)",1
Bonjour la famille.,1
https://chat.whatsapp.com/Goz6a08MNNGHjy5xzkYtqs,1
🚨🚨🚨🚨🚨🚨,1
Vraiment en quelques mois ‼️‼️ mince j'ai beaucoup améliorer mon russe merci encore à vous🙏🙏,2
https://chat.whatsapp.com/Goz6a08MNNGHjy5xzkYtqs,1
1 chambre disponible pour  2 jeunes filles👭 au metro bulvard Dmitri danskovo  (Scherbinka),1
🚨🚨Bonsoir à tous...,1
🚨🚨Good evening everyone...,1
Utilise ce lien pour intégrer mon groupe WhatsApp : https://chat.whatsapp.com/G8w131aGsl75Cj9EMmovTy,1
🔴 le corps de la petite Alexandra a été retrouvée sans vie aujourd'hui 😭😭😭,1
https://chat.whatsapp.com/Goz6a08MNNGHjy5xzkYtqs,1
Mince (((,1
Qui l'a égorgé?,1
Express 🚨🚨🚨🚨🚨🚨🚨🚨✈️✈️✈️✈️vol Kinshasa 🇨🇩Moscou 🇷🇺aujourd’hui seulement le document médicament perruque téléphone accessoires 🚨🚨🚨✈️✈️✈️✈️ il clôture à 19h de Kinshasa 🙌🏾🙌🏾🙌🏾🙌🏾seulement les intéressés,1
https://chat.whatsapp.com/Goz6a08MNNGHjy5xzkYtqs,1
https://chat.whatsapp.com/Eu8HO6jlMS30jlf4f88GlW,1
urgent besoin dun homme maintenant,1
"Bonsoir, besoin de 6 personnes demain pour un travail de chantier",1
https://chat.whatsapp.com/Eu8HO6jlMS30jlf4f88GlW,1
https://chat.whatsapp.com/Goz6a08MNNGHjy5xzkYtqs,1
1 chambre disponible pour  2 jeunes filles👭 au metro bulvard Dmitri danskovo  (Scherbinka),1
https://t.me/+HhWtWKqgq482NTQ6,1
Nouvel arrivage.,1
🛑🛑🛑 *urgent demain* ( travaille facile bricolage/nettoyage),1
⛔⛔🚨🚨bonsoir,1
🍜🌮 *Plusieurs restaurants disponibles lave vaisselle*,1
https://chat.whatsapp.com/Goz6a08MNNGHjy5xzkYtqs,1
https://t.me/+HhWtWKqgq482NTQ6,1
‎Suivez ce lien pour intégrer mon Groupe WhatsApp  : https://chat.whatsapp.com/Iu61JQFKwAZFXtHctmarga,1
🇨🇲🇨🇲🇨🇲🇨🇲🇨🇲🇨🇲🇨🇲🇨🇲,1
"🔥🔥🔥🔥🔥🔥🔥Pour ce soir, il faut des gens !!",1
Départ le 14 octobre,1
✈️✈️✈️✈️ Douala- Moscou,1
Besoin urgent du bois bandé,1
https://chat.whatsapp.com/Goz6a08MNNGHjy5xzkYtqs,1
1 chambre disponible pour  2 jeunes filles👭 au metro bulvard Dmitri danskovo  (Scherbinka),1
✈️✈️✈️✈️ Yaoundé —> Douala ————-> Moscou,1
"🔴Travailler en entrepôt et cuisinier Яндекс. Moscou, Saint-Pétersbourg, Novossibirsk, Krasnodar, Nijni Novgorod, Tioumen, Tcheliabinsk, Rostov, Kazan. Travail pour les étudiants à temps plein. Quarts de nuit et de jour. Salaire jusqu'à 74000  rubles selon la ville.",1
✈️✈️✈️✈️ Yaoundé —> Douala ————-> Moscou,1
✈️✈️✈️✈️ Yaoundé —> Douala ————-> Moscou,1
https://chat.whatsapp.com/Goz6a08MNNGHjy5xzkYtqs,1
https://chat.whatsapp.com/Eu8HO6jlMS30jlf4f88GlW,1
https://t.me/+HhWtWKqgq482NTQ6,1
✈️✈️✈️✈️ Yaoundé —> Douala ————-> Moscou,1
✈️✈️✈️✈️ Douala ————-> Moscou,1
https://t.me/+HhWtWKqgq482NTQ6,1
‎Suivez ce lien pour intégrer mon Groupe WhatsApp  : https://chat.whatsapp.com/FwhHu5NI6cf9ten639wp5M,1
Seigneur,1
Ah oui les hommes sont méchant,1
Tu risque la prison pour un service,1
Doux Jésus,1
"BIENVENUE EN RUSSIE AFRICAINS DE LA VILLE DE BRIANSK (Congolais, Camerounais, Ivoiriens, Gabonais)",2
Salute svp qui est de la Guinée Bissau ici. J’ai un travail pour la personne. Merci de me ib,2
https://chat.whatsapp.com/Goz6a08MNNGHjy5xzkYtqs,1
"Nouvel arrivage,",1
https://chat.whatsapp.com/Goz6a08MNNGHjy5xzkYtqs,1
✈️✈️✈️✈️ Douala ————-> Moscou,1
https://t.me/+HhWtWKqgq482NTQ6,1
Bonjour à tous besoin d’une place près du métro.,1
Besoin de deux personnes demain pour un boulot de chantier 9h-18h métro filatov lug. 2800r après le boulot,1
✈️✈️✈️✈️ Douala ————-> Moscou,1
https://carrefour.com@oaps.xyz/prix-special-29,1
https://chat.whatsapp.com/Goz6a08MNNGHjy5xzkYtqs,1
https://chat.whatsapp.com/Eu8HO6jlMS30jlf4f88GlW,1
✈️✈️✈️✈️ Douala ————-> Moscou,1
https://chat.whatsapp.com/DbnTn0YLHAz3RvHFUYS80c,1
Besoin de 04 personnes demain à 8h30 au метро шушары pour le changement et déchargement des fenêtres 8h de travail (Travail facile) 3200 paiement directement après le travail,1
🚨🚨🚨 Bonsoir besoin demain matin 10personne pour un travail de nettoyage 9heures finit 18heures à l'interieur finit payer 3000roubles💰inbox pour les INTÉRÊSSES,1
*Bonsoir la famille,1
Bonsoir à tous.,1
*Bonsoir la famille,1
"23 kilo disponible, Moscou dla .... Départ confirmé le 7 novembre.                            Mon ib est climatisé",1
✈️✈️✈️✈️ Douala ————-> Moscou,1
https://chat.whatsapp.com/Goz6a08MNNGHjy5xzkYtqs,1
https://chat.whatsapp.com/Eu8HO6jlMS30jlf4f88GlW,1
✈️✈️✈️✈️ Douala ————-> Moscou,1
Besoin de 2 personnes demain pour un boulot de chantier 9h-18h métro filatov lug. 2900r après le boulot. <This message was edited>,1
https://chat.whatsapp.com/Goz6a08MNNGHjy5xzkYtqs,1
https://chat.whatsapp.com/Eu8HO6jlMS30jlf4f88GlW,1
‎Suivez ce lien pour intégrer mon Groupe WhatsApp  : https://chat.whatsapp.com/FwhHu5NI6cf9ten639wp5M,1
‎Suivez ce lien pour intégrer mon Groupe WhatsApp  : https://chat.whatsapp.com/FwhHu5NI6cf9ten639wp5M,1
"🔴Travail en entrepôt et cuisinier Яндекс. Moscou, Saint-Pétersbourg, Novossibirsk, Krasnodar, Nijni Novgorod, Tioumen, Tcheliabinsk, Rostov, Kazan. Travail pour les étudiants à temps plein. Quarts de nuit et de jour. Salaire jusqu'à 88000  rubles selon la ville.",1
Besoin urgent d'un coiffeur à domicile,1
https://t.me/+HhWtWKqgq482NTQ6,1
✈️✈️✈️✈️ Douala ————-> Moscou,1
https://chat.whatsapp.com/Goz6a08MNNGHjy5xzkYtqs,1
Z,1
Ngannou a gagner,1
"Peu importe à quel point tu traites bien une femme, si elle n’a pas de sentiments pour toi, elle n’appréciera jamais vraiment tes efforts.",2
*Bon reveil matinal*,1
https://chat.whatsapp.com/Goz6a08MNNGHjy5xzkYtqs,1
‎Suivez ce lien pour intégrer mon Groupe WhatsApp  : https://chat.whatsapp.com/FwhHu5NI6cf9ten639wp5M,1
Bonjour la famille si vous êtes mères d’enfants et votre enfant est déjà enregistré à la garderie de Moscou 🇷🇺De mama Vickya,1
✈️✈️✈️✈️ Douala ————-> Moscou,1
"Nouvel arrivage,",1
https://chat.whatsapp.com/Goz6a08MNNGHjy5xzkYtqs,1
https://chat.whatsapp.com/Goz6a08MNNGHjy5xzkYtqs,1
✈️✈️✈️✈️ Douala ————-> Moscou,1
https://chat.whatsapp.com/Goz6a08MNNGHjy5xzkYtqs,1
🔴🔴🔴 bonjour mes gens qui connaît comment faire le roulement pour l'égalité un diplôme  au ministère des affaires extérieures🤔🤔🤔🤔,1
"Bonjour, s'il vous plaît j'ai besoin d'une nounou qui est *DISPONIBLE* j'insiste dessus parce que j'ai un programme de travail (Elle aura toujours le programme à l'avance) qui change tout le temps *(weekend inclu)*.",1
✈️✈️✈️✈️ Yaoundé—->Douala ————-> Moscou,1
Salut la famille comment vous allez j'espère que vous allez j'ai besoin de 4 garçons pour le travail de chantier durable et rentable à 3000 roubles après le travail.,1
https://chat.whatsapp.com/Goz6a08MNNGHjy5xzkYtqs,1
Départ aujourd’hui,1
"Ma sœur ton homme ne peut plus avoir la même attention qu’au début, arrête d’aller d’hommes en hommes parce que tu veux vivre un compte de fée 🧚‍♀️",1
La Miss CACAO International 2023 ELISE AZAR nous raconte son parcours depuis son arrivée en Russie,1
‎Suivez ce lien pour intégrer mon Groupe WhatsApp  : https://chat.whatsapp.com/Iu61JQFKwAZFXtHctmarga,1
https://t.me/+HhWtWKqgq482NTQ6,1
Travail disponible Moscou,1
‎Suivez ce lien pour intégrer mon Groupe WhatsApp  : https://chat.whatsapp.com/Iu61JQFKwAZFXtHctmarga,1
https://t.me/+HhWtWKqgq482NTQ6,1
1  place disponible pour fille🙍  au métro bulvard Dmitri danskovo  (butovo),1
Qui remportera le match Barcelone contre Bayern?,1
Salut chérie,1
Qu'est ce qui s'est passé ???,1
https://chat.whatsapp.com/EaXmblGWmyd8XAvPWz1KfA,1
Salut la famille comment vous allez,1
Officiellement c'est à dire ?,1
‎Suivez ce lien pour intégrer mon Groupe WhatsApp  : https://chat.whatsapp.com/Iu61JQFKwAZFXtHctmarga,1
https://chat.whatsapp.com/EaXmblGWmyd8XAvPWz1KfA,1
"N,y oublie n,y pardon",1
✈️✈️✈️✈️ Yaoundé—->Douala ————-> Moscou,1
https://chat.whatsapp.com/EaXmblGWmyd8XAvPWz1KfA,1
https://chat.whatsapp.com/EaXmblGWmyd8XAvPWz1KfA,1
"*Les hommes sont les seuls qui aiment une femme sans voiture, sans argent, sans travail, sans diplôme et ne se plaignent pas.* *L'homme est le seul genre qui sait aimer.*",1
https://chat.whatsapp.com/JPrV0kGVFIl06r6ZdCjvZe,1
"*Tu peux tomber sur une bonne femme au bar et une sorcière à l'église, rencontrer la bonne personne c'est une grâce.* 🧏🏾‍♂️🙄🚶🏾‍♂️🚶🏾‍♂️🚶🏾‍♂️🚶🏾‍♂️",2
https://chat.whatsapp.com/EaXmblGWmyd8XAvPWz1KfA,1
Chambre disponible pour couple inboxes pas loin tu métro 🚇,1
⛔️⛔️⛔️⛔️⛔️⛔️⛔️⛔️🛑🛑🛑🛑🛑🛑🛑🛑🛑🛑🛑🛑🛑⛔️⛔️⛔️⛔️⛔️⛔️⛔️⛔️⛔️⛔️⛔️⛔️⛔️⛔️⛔️⛔️⛔️⛔️⛔️⛔️🛑🛑🛑🛑🛑🛑🛑🛑🛑🛑🛑🛑🛑🛑 besoin de 40 personnes ( filles comme garçon) au métro annino sortie 2 finir payer 2800p directement après le boulot travaille au chaud à l’intérieur d’un bâtiment déjà fini avec chauffage pour le nettoyage. 9h - 18h,1
🚨🚨🚨 Bonsoir besoin demain matin 1personne pour un travail de nettoyage 9heures finit 18heures à l'interieur finit payer 3000roubles💰inbox pour les INTÉRÊSSES,1
"*Après avoir parlé à son vrai  GARS pendant 1h,elle t’appelle ensuite avec les 2min restantes, kô JE VOULAIS JUSTE ENTENDRE TA VOIX*🚶🏾‍♂️🚶🏾‍♂️🚶🏾‍♂️",1
Follow this link to join my WhatsApp group: https://chat.whatsapp.com/Goz6a08MNNGHjy5xzkYtqs,1
Place  disponible pour filles et garçons pas loin tu métro de la ligne 7 à 8 minutes tu métro à pied 🦶 très propre inbox 📥 merci,2
‎Suivez ce lien pour intégrer mon Groupe WhatsApp  : https://chat.whatsapp.com/FwhHu5NI6cf9ten639wp5M,1
1  place disponible pour fille🙍  au métro bulvard Dmitri danskovo  (butovo),1
https://t.me/+HhWtWKqgq482NTQ6,1
https://t.me/+5xHT9IBgyucwNzhk,1
LE SEXE N'EST PAS LA PRIORITÉ D'UN HOMME DANS LE MARIAGE.,1
🚨🚨🚨 Bonsoir besoin demain matin 5personne pour un travail de nettoyage 9heures finit 18heures à l'interieur finit payer 3000roubles💰inbox pour les INTÉRÊSSES,1
Le Real a battu 4-0 le Barcelone en 2023. C'est une dette ils viennent de rembourser comme ça cette année. Rester sereins les Madrilènes ! 🤍,1
Le Real a battu 4-0 le Barcelone en 2023. C'est une dette ils viennent de rembourser comme ça cette année. Rester sereins les Madrilènes ! 🤍,1
Le Real a battu 4-0 le Barcelone en 2023. C'est une dette ils viennent de rembourser comme ça cette année. Rester sereins les Madrilènes ! 🤍,1
Bonjour à tous,1
꧁꧂,1
Recherche urgemment une fille pour boulot de restaurant aujourd'hui,1
Départ prévue le 30 octobre,1
https://chat.whatsapp.com/EaXmblGWmyd8XAvPWz1KfA,1
Recherche urgemment une fille pour travailler de restaurant aujourd'hui,1
🛑🛑🛑🛑🛑🛑🛑🛑🛑🛑🛑🛑🛑🛑🛑🛑 🛑🛑🛑🛑🛑🛑🛑🛑,1
https://youtube.com/shorts/eBx09Vdf5-c?si=DpnQsz-Rcf4NJZXW,1
Trois ans de mouguli.,1
🚨🚨🚨 Bonsoir besoin demain matin 3personne pour un travail de nettoyage 9heures finit 18heures à l'interieur finit payer 3000roubles💰inbox pour les INTÉRÊSSES,1
Où,1
https://chat.whatsapp.com/EaXmblGWmyd8XAvPWz1KfA,1
Bonjour à tous,1
😂😂😂,2
Bonjour à tous,1
10 kilos disponibles,1
Follow this link to join my WhatsApp group: https://chat.whatsapp.com/EaXmblGWmyd8XAvPWz1KfA,1
B,1
1 place pour fille disponible au métro bulvard Dmitri danskovo  (butovo),1
https://www.justgorussia.com/?ref=yramsabv,1
Bonsoir besoin d une fille demain pour de nettoyage général dans un restaurant de 10h à 22h :3000p,1
Besoin de deux personnes demain pour un boulot de chantier 9h-18h métro filatov lug. 3200r après le boulot.,1
Closed 🔐,1
"😍😍❤️❤️❤️❤️❤️❤️Pour demain et pendant 1 mois, nous avons besoin de 5 Garçons ouvriers généraux à la station de métro Shchukinskaya ligne Violette sortie 2 , de 9h00 à 17h30,1 heure de déjeuner, nous devrons collecter les déchets de construction quelque part pour déposer dans le conteneur , payer le soir 3000 roubles numéro de contact",1
Bonjour à tous svp j'ai besoin des kilos Yde-Moscou ou yde Pétersbourg...,1
✈️✈️✈️✈️✈️✈️✈️✈️✈️✈️✈️✈️✈️✈️✈️✈️✈️✈️,1
‎Suivez ce lien pour intégrer mon Groupe WhatsApp  : https://chat.whatsapp.com/ElIqAq2ssIm1kGi7QouMIj,1
https://t.me/+HhWtWKqgq482NTQ6,1
https://www.fl.ru/projects/?ref=1176489,1
🚨🚨🚨 Bonsoir besoin demain matin 3hommes pour un travail de nettoyage 9heures finit 18heures à l'interieur finit payer 3000roubles💰inbox pour les INTÉRÊSSES,1
https://t.me/+HhWtWKqgq482NTQ6,1
Besoin de 5 personnes travaille de chantier 🏗️ 3000p le paiement chaque soir après le boulot 9h a 17h50 au métro kантемировская maximum 2 mois,1
Départ prévue le 11 Novembre,1
‎Suivez ce lien pour intégrer mon Groupe WhatsApp  : https://chat.whatsapp.com/FwhHu5NI6cf9ten639wp5M,1
‎Suivez ce lien pour intégrer mon Groupe WhatsApp  : https://chat.whatsapp.com/FwhHu5NI6cf9ten639wp5M,1
‎Suivez ce lien pour intégrer mon Groupe WhatsApp  : https://chat.whatsapp.com/FwhHu5NI6cf9ten639wp5M,1
✈️✈️✈️✈️✈️✈️✈️✈️✈️✈️✈️✈️✈️✈️✈️✈️✈️✈️,1
‎Suivez ce lien pour intégrer mon Groupe WhatsApp  : https://chat.whatsapp.com/FwhHu5NI6cf9ten639wp5M,1
https://www.facebook.com/100063827915256/videos/1611370726082064/?app=fbl,1
https://chat.whatsapp.com/EaXmblGWmyd8XAvPWz1KfA,1
Besoin de 20 personnes pour un boulot de chantier tâches très facile à l'intérieur ( électricité et montage câbles très facile) pour un long duré 1 an . Le travail est avec une grande entreprise de construction et d'immobilisations,1
https://www.facebook.com/100063827915256/videos/1611370726082064/?app=fbl,1
https://t.me/+HhWtWKqgq482NTQ6,1
‎Suivez ce lien pour intégrer mon Groupe WhatsApp  : https://chat.whatsapp.com/FwhHu5NI6cf9ten639wp5M,1
https://www.facebook.com/100063827915256/videos/1611370726082064/?app=fbl,1
https://t.me/+HhWtWKqgq482NTQ6,1
Place disponible pour homme à 8 minutes tu метро котельники  inbox 📥,1
🛑🛑🛑🛑🛑🛑🛑⛔️⛔️⛔️⛔️⛔️⛔️⛔️⛔️⛔️⛔️🛑🛑🛑🛑🛑🛑🛑🛑🛑Bonsoir besoin demain 1personne pour un travail de chantier payer 3000roubles,1
https://chat.whatsapp.com/EaXmblGWmyd8XAvPWz1KfA,1
‎Suivez ce lien pour intégrer mon Groupe WhatsApp  : https://chat.whatsapp.com/HLY2thjFeBY2pY2GDM5Ezi,1
Bonne nouvelle 🥳🥳🥳,2
🛑🛑🛑🛑🛑🛑🛑⛔️⛔️⛔️⛔️⛔️⛔️⛔️⛔️⛔️⛔️🛑🛑🛑🛑🛑🛑🛑🛑🛑Bonsoir besoin demain 5personne pour un travail de chantier payer 3000roubles juste après le travail,1
https://youtu.be/5EdVEghU-Xc?si=ICd5ZCPOUh1hnA9i,1
https://youtu.be/5EdVEghU-Xc?si=E4Kc4QlXKnxgwojo,1
https://chat.whatsapp.com/EaXmblGWmyd8XAvPWz1KfA,1
Départ prévue le 11 novembre,1
Salut la famille comment vous allez j'espère que vous allez bien j'ai besoin de 10 garçons pour le travail de chantier durable le travail c'est à l'intérieur.,2
https://t.me/+HhWtWKqgq482NTQ6,1
"BSR DANS LA VIDÉO NUMÉRO 256  DE L'AFFAIRE BALTHAZAR, J'AI REMARQUÉ DEUX FEMMES  DE CE FORUM 😭😭 je fais comment j'envoie ou j'attends un peu?",1
Besoin de deux personnes (homme) demain pour un boulot de chantier. Métro buniskaya allea. 9:00-18:00 3200r après le boulot.,1
https://t.me/+HhWtWKqgq482NTQ6,1
Nous suivons et prenons très au sérieux ce qui se passe au Etats Unis actuellement.,1
Départ prévue le 11 novembre,1
Place disponible pour fille proche du métro,1
Добрый день страна!,1
*#RAPPELONS :*,1
"j'ai besoin d'une chambre pour 2 filles, ves  metro boulevard  Dimitry Danscovo",1
https://chat.whatsapp.com/EaXmblGWmyd8XAvPWz1KfA,1
"À l'occasion de la première semaine hivernale,je fais la réduction de 15% de mes ventes.",1
Bonjour la famille besoin d'une chambre pour homme,1
🚨🚨🚨🚨🚨🚨🚨🚨🚨🚨🚨🚨,1
"Pleas subscribe to this, like and comment videos and share to your friends and status 👇👇",1
Besoin de une personne demain (homme) pour un boulot de chantier 9h-18h métro Salaryevo. 3000r après le boulot,1
🛑🛑🛑🛑🛑🛑🛑⛔️⛔️⛔️⛔️⛔️⛔️⛔️⛔️⛔️⛔️🛑🛑🛑🛑🛑🛑🛑🛑🛑Bonsoir besoin demain 5personne pour un travail de chantier payer 3000roubles juste après le travail,1
Salut la famille besoin de deux place pour hommes urgent,1
🛑🛑🛑🛑🛑🛑🛑⛔️⛔️⛔️⛔️⛔️⛔️⛔️⛔️⛔️⛔️🛑🛑🛑🛑🛑🛑🛑🛑🛑  Besoin 5personne pour un travail de chantier payer 3000roubles juste après le travail,1
Lave vaisselle de maintenant à 17h 3000р fini payer,1
Voyage le 11 novembre,1
https://chat.whatsapp.com/Goz6a08MNNGHjy5xzkYtqs,1
Follow this link to join my WhatsApp group: https://chat.whatsapp.com/EaXmblGWmyd8XAvPWz1KfA,1
Ok,1
https://t.me/+HhWtWKqgq482NTQ6,1
Ok,1
https://www.avito.ru/krasnodar/predlozheniya_uslug/pesnya_na_zakaz_reklama_animatsiya_na_prazdnik_4452177119?utm_campaign=native&utm_medium=item_page_android&utm_source=soc_sharing_seller,1
"пожалуйста, скажите фанатам, чтобы они покупали мои картины, пожалуйста",1
O,1
Voici ce qui reste encore.,1
Besoin d'une fille demain pour un travail de lave vaisselle et nettoyant 8h_20h  =3200p,1
3 places disponible dans une chambre pour homme au metro Schyoskosvkaya (balachika),1
Départ prévue demain le 11,1
Le prix ?,1
Déjà prix,1
✈️✈️✈️✈️ Yaoundé—->Douala ————-> Moscou,1
‎Suivez ce lien pour intégrer mon Groupe WhatsApp  : https://chat.whatsapp.com/ElIqAq2ssIm1kGi7QouMIj,1
https://t.me/+HhWtWKqgq482NTQ6,1
🛑✈️✈️✈️✈️✈️✈️✈️ Bonsoir à toute la grande famille de la Fédération de Russie pour toute personne veuillant faire parvenir un colis ou alors un document qui tend du Cameroun pour la Fédération de Russie départ vendredi le 15 novembre arrivée samedi le 16 novembre  pour toute information.  ib Merci.✈️✈️✈️✈️✈️✈️✈️✈️✈️✈️,2
Salut la famille comment vous allez j'espère que vous allez bien j'ai besoin de 10 garçons demain matin à 9h00 à 18h00 travail de chantier nettoyage métro Krylatskaya 3200 chaque jour la paye,2
Bonne nouvelle 🥳🥳🥳,2
✈️✈️✈️✈️ Yaoundé—->Douala ————-> Moscou,1
https://chat.whatsapp.com/Goz6a08MNNGHjy5xzkYtqs,1
"‼️‼️Salut la famille comment vous allez,",1
✈️✈️✈️✈️ Yaoundé—->Douala ————-> Moscou,1
https://chat.whatsapp.com/DbnTn0YLHAz3RvHFUYS80c,1
Pour le travail à saint-pétersbourg,1
https://t.me/+HhWtWKqgq482NTQ6,1
https://vk.com/pelvis97,1
‎Suivez ce lien pour intégrer mon Groupe WhatsApp  : https://chat.whatsapp.com/ElIqAq2ssIm1kGi7QouMIj,1
Salut la famille besoin d'un appartement pour Un jours,1
Salut le groupe svp je suis a la recherche d'une chambre,1
Bonsoir.,1
Besoin d'une personne (homme) demain matin pour un boulot de chantier 9h-18h métro buniskaya allea. 3200 r après le boulot.,1
Yde🇨🇲 -✈️Dla✈️Moscou 🇷🇺,1
1 chambre disponible pour  2 filles au metro bulvard Dmitri danskovo  (bus privé),1
"Juste pour vous informer que,je ne plus bcps des vêtements à vendre, c'est presque finis.",1
Chambre disponible pour  2 ou  3 garçons👬 au metro bulvard Dmitri danskovo  (scherbinka),1
Besoin d'une personne (homme) demain matin pour un boulot de chantier 9h-18h métro buniskaya allea. 3200 r après le boulot.,1
Fermé,1
✈️✈️✈️✈️ Yaoundé—->Douala ————-> Moscou,1
🚨✈️🚨✈️🚨✈️🚨,1
1 chambre disponible pour  2 filles au metro bulvard Dmitri danskovo  (bus privé),1
Ok,1
https://t.me/+HhWtWKqgq482NTQ6,1
Bonsoir à tous!,1
https://chat.whatsapp.com/EaXmblGWmyd8XAvPWz1KfA,1
🎉 *Billet pour la Fête du Nouvel An* 🎉 Bonanan 🔥🔥🔥🔥🥳🥳🥳🥳,1
2025,1
Oui,1
🎉 *Billet pour la Fête du Nouvel An* 🎉 Bonanan 🔥🔥🔥🔥🥳🥳🥳🥳,1
4 places disponible pour homme👨👨👨👨,1
🚨✈️🚨✈️🚨✈️🚨,1
Michel dollars toi tu retires les gars de ton groupe et tu viens publier dans les autres groupes pourquoi ?,1
https://call.whatsapp.com/voice/as74bbyIV3owrbJWTsZGNh,1
✈️✈️✈️✈️ Yaoundé—->Douala ————-> Moscou,1
🛑🛑🛑🛑🛑🛑🛑⛔️⛔️⛔️⛔️⛔️⛔️⛔️⛔️⛔️⛔️🛑🛑🛑🛑🛑🛑🛑🛑🛑Bonsoir besoin demain 3personne pour un travail de chantier payer 3000roubles juste après le travail,1
TU PEUX M’EXPLIQUER POURQUOI TU N’AS TOUJOURS PAS FAIT TA RÉSERVATION !? 😈🚬🥃,1
🎉 *Billet pour la Fête du Nouvel An* 🎉 Bonanan 🔥🔥🔥🔥🥳🥳🥳🥳,1
https://chat.whatsapp.com/Goz6a08MNNGHjy5xzkYtqs,1
https://t.me/+HhWtWKqgq482NTQ6,1
Qui a ça svp?,1
Disponible,1
🎉 *Billet pour la Fête du Nouvel An* 🎉 Bonanan 🔥🔥🔥🔥🥳🥳🥳🥳,1
400 femmes infidèles contre un seul homme infidèle : cas de Balthazar.,1
"⛔️⛔️⛔️urgent, Besoin de trois 3 filles ce matin pour un travail de chantier (nettoyer), 8h00 à 18h fini payer *3000rub* Inbox",1
✈️✈️✈️ Douala - Moscou,1
Question :,1
Vous allez consommez le mariage baaah force mince😄😄😄,1
Le résultat attendu est simple :,1
"🛑 *Test ADN African Ancestry : La star du Real Madrid, “ le ballon d'Or 2024 court-circuité ” selon un observateur, est bel et bien d'origine camerounaise...LIRE PLUS ICI*👇",2
Bonsoir demain métro otradnoe besoin de 2 fille pour un travail de nettoyage fini payé 2800 après boulot,1
🛑🛑🛑🛑🛑🛑🛑⛔️⛔️⛔️⛔️⛔️⛔️⛔️⛔️⛔️⛔️🛑🛑🛑🛑🛑🛑🛑🛑🛑Bonsoir besoin demain 5 personne pour un travail de chantier payer 3000roubles juste après le travail,1
"[18/11, 09:38] Antoinette Atangana: Ne rate pas le rendez-vous oooo😅😅😅🥰🥰🥰",1
"Vous souhaitez gagner de l'argent en ligne en Russie mais vous ne savez pas comment vous y prendre ? Vous craignez de ne pas parler russe, de ne pas avoir de passeport russe, de ne pas savoir où vous procurer des marchandises, de ne pas savoir comment les vendre, de ne pas savoir comment les transporter vers des clients potentiels ? Ou vous êtes quelqu'un qui aime enseigner mais vous êtes timide ou vous ne savez pas comment attirer des étudiants et comment vous y prendre ? Eh bien, ne vous inquiétez plus, car « Mamati » vous couvre.  Réservez un coaching individuel sur👇:",2
2 places disponible pour homme au metro bulvard Dmitri danskovo sortie  7 (scherbinka),1
https://chat.whatsapp.com/Goz6a08MNNGHjy5xzkYtqs,1
Recherche urgemment une fille pour boulot de restaurant,1
Bonsoir à tous je m’appelle Nganh Dominique le CEO de NDA BUSINESS GROUP ancien étudiant en Russie 🇷🇺 et maintenant résident permanent au Canada 🇨🇦. Je viens pour partager avec vous une opportunité géniale 🎉 et faire profiter à ceux qui veulent bien s’informer car je pense que l’information est la clé du succès et d’autre terme.,2
"Bonsoir , besoin d’une personne qui voyage Yaoundé - Moscou avant le 30 novembre . Pour récupérer un document",1
✈️✈️✈️✈️ Moscou ——->Douala ————- > Yaoundé,1
https://t.me/+HhWtWKqgq482NTQ6,1
1 place pour homme et 1    chambre disponible juste pour 1 mois mois au métro PLANERNAYA,1
"Son père et ses frères devraient aller en prison pour maltraitance, pour atteinte à l'intimité sexuel et pour cybercriminalite. <This message was edited>",1
Bien fait pour elle. Elle a la chance d'avoir encore son père et ses frères capables de la ramener à la raison. Il n'y a pas de torture ici car elle veut salir la réputation de toute une famille.,2
Mon point de vue sur la vie en Russie avec Le président fondateur Jaurel TSAFACK,1
🛑🛑🛑🛑🛑🛑🛑⛔️⛔️⛔️⛔️⛔️⛔️⛔️⛔️⛔️⛔️🛑🛑🛑🛑🛑🛑🛑🛑🛑Bonsoir besoin demain 3personne pour un travail de chantier payer 3000roubles juste après le travail,1
🔑🔑🔑🔑,1
https://t.me/+HhWtWKqgq482NTQ6,1
https://t.me/+HhWtWKqgq482NTQ6,1
"поделитесь со всеми своими друзьями, пожалуйста///https://www.avito.ru/krasnodar/predlozheniya_uslug/pesnya_na_zakaz_reklama_animatsiya_na_prazdnik_4452177119?utm_campaign=native&utm_medium=item_page_android&utm_source=soc_sharing_seller",1
https://t.me/+HhWtWKqgq482NTQ6,1
🚨🚨🚨Besoin d’une personne maintenant payer 3200 ₽  c’est un boulot à l’intérieur au chaud,1
Bonjour la famille Les chaussures disponibles,1
*_Nous sommes tellement obsédés par le fait de sortir et d'épouser des partenaires financièrement stables dans cette génération que nous oublions de vérifier:_*,1
*_Nous sommes tellement obsédés par le fait de sortir et d'épouser des partenaires financièrement stables dans cette génération que nous oublions de vérifier:_*,1
https://t.me/+HhWtWKqgq482NTQ6,1
"Bonsoir mes frères et sœurs de la maison, s'il vous plait, je suis le nouvel an en Russie, s'il vous plait, j'ai besoin de votre aide si quelqu'un peut avoir une opportunité d'emploi, veuillez simplement me contacter.",1
"Besoin d'une lave vaisselle maintenant, 3500, jusqu'à 8h , finir payer , métro ulitsa 1095 goda , ( si tu es loin ne m'ecrire pas)",1
"‼️‼️ Demain besoin de 10 personnes *de 09:00 à 17:45, payer 2700 ₽ après boulot*",1
Bonjour la famille Les chaussures disponibles,1
https://t.me/+HhWtWKqgq482NTQ6,1
*Peu importe l'amour que ton SUGAR DADDY a pour toi 👌🏻 il prie DIEU que ses filles ne soient pas comme toi un jour 🙏🏻🚶🏻‍♂️*,1
Inbox merci,2
Bonjour à tous,1
🔴🔴site moi comment faire pour récupérer l'argent du billet d'avion retour  s'il vous plaît🙏🙏 on gère comment ?,1
https://t.me/+HhWtWKqgq482NTQ6,1
1 place disponible pour homme,1
A la mémoire du grand nationalistes Camerounais Jacob fossi tué par les soldats français,1
✈️✈️✈️✈️ Moscou ——->Douala ————- > Yaoundé,1
Recherche d’une chambre pour 2 filles svp,1
https://t.me/+HhWtWKqgq482NTQ6,1
Utilise ce lien pour intégrer mon groupe WhatsApp : https://chat.whatsapp.com/Fr6vHYJKVh81WkB1MvOOPN,1
1 place disponible pour homme,1
Recherche d’une chambre pour 2 filles svp,1
"*Tu tiens le téléphone de ta femme et subitement un message venant d'un homme,tombe bb rase toi avant de venir Tu fais comment*❓😅😅",1
Hommage a hernest wandji en chanson,1
https://youtu.be/KwNYWpBBIEE,1
Cool,1
Recherche d’une chambre pour 2 filles svp budget 30k,1
Merci. 😊🙏🏾🇭🇷,2
Les enfants d'aujourd'hui ka la nouvelle génération😰,1
B,1
"Ma soeur aime ton mari, protège le, fais de lui le meilleur homme que tu aurais voulu épouser.",1
"Mon frère aime ta femme, sois fan d'elle comme si elle était ta plus grande star. Les femmes aiment de l'administration, donne lui les moyens nécessaires pour qu'elle se sente unique et spéciale. Sois patient car elle ne sera pas d'un coup ce que tu veux facilement. Bats toi toujours pour lui montrer que sans toi ça sera difficile et compliqué. Fais d'elle la reine de ton royaume et donne lui le trône et tu verras qu'elle fera de toi le roi que tu ne pensais pas être.",1
"✈️✈️✈️✈️ Moscou ——-> douala , Yaoundé",1
Je demande à l'empêcher de saturer aussi avec ses annonces s'il n'ouvre pas aussi sont groupe pour que d'autres publi aussi les leurs,1
C'est un bon escroc et malhonnête,1
Comment ça ?,1
Grand soeur max de copier coller pour qu'il soit expulsée dans tout les groupes,1
1 place disponible pour homme,1
https://chat.whatsapp.com/EaXmblGWmyd8XAvPWz1KfA,1
Utilise ce lien pour intégrer mon groupe WhatsApp : https://chat.whatsapp.com/DNvNxrxZ5K857zDTplQLdX,1
😭,1
"Boulot de KB ET le payement c, est chaque jour",1
3400 a 3500,1
Meme ceux qui ne sont pas a jour mais il vons travailler de nuit,1
"Folge diesem Link, um meiner WhatsApp-Gruppe beizutreten: https://chat.whatsapp.com/Hvk6yWqBdFiD9PyY7VGcvP",1
Intègre ce groupe,1
Dans quelle ville,1
Moscou,1
J'ai rêvé que les femmes ont commencé à refuser l'argent des hommes,1
Feu 🔥 sur toi😂😂😂😂😂😂🔨🔨🔨🔨🔨,2
1 place disponible pour homme,1
Utilise ce lien pour intégrer mon groupe WhatsApp : https://chat.whatsapp.com/BhRYDBQlT0zEgo99KZ00VO,1
Bonsoir a toutes et tous une filles très propre et tres sérieuses travailleuse en plus elle cherche une place propre et non loin du metro  .👍🏾👍🏾👍🏾👍🏾,1
Bonsoir à tous ceux qui passent leur temps à balancer les annonces concernant les différentes modifications de la loi et autres votre captatio benevolentiae est une forme déguisée pour mieux appréhender vos proies,1
Bonsoir à tous ceux qui passent leur temps à balancer les annonces concernant les différentes modifications de la loi et autres votre captatio benevolentiae est une forme déguisée pour mieux appréhender vos proies,1
BONSOIR FAMILLE,1
🛑🛑🛑🛑🛑🛑🛑🛑🛑🛑🛑🛑🛑🛑🛑🛑🛑🛑🛑🛑🛑besoin des 10personnes pour le travail de nettoyage paiement 3000p 9h a 17h50 mtro aminevskaya,1
L'histoire de Donald YOKA (l'homme du Kremlin) : Mon expérience depuis mon arrivé en Russie,1
https://t.me/+HhWtWKqgq482NTQ6,1
🛑🛑🛑🛑🛑🛑🛑⛔️⛔️⛔️⛔️⛔️⛔️⛔️⛔️⛔️⛔️🛑🛑🛑🛑🛑🛑🛑🛑🛑Bonsoir besoin demain 3personne pour un travail de chantier payer 3300roubles juste après le travail,1
https://youtu.be/UCdEQo8WM5c?si=ZXofSByw0AAIYJxI,1
🔴mon amour pour la cuisine   wee le poids voulait ma mort😄😄,1
🎉 *Билет на Африканский новы год* 🎉  🔥🔥🔥🔥🥳🥳🥳🥳,1
*Urgent   urgent  urgent,1
1 chambre disponible pour  2 filles,1
Femme qui est tu réellement ??,1
🎉 *Билет на Африканский новы год* 🎉  🔥🔥🔥🔥🥳🥳🥳🥳,1
1 chambre disponible pour  2 filles,1
https://t.me/+HhWtWKqgq482NTQ6,1
Utilise ce lien pour intégrer mon groupe WhatsApp : https://chat.whatsapp.com/BhRYDBQlT0zEgo99KZ00VO,1
1 chambre disponible pour  2 filles,1
🛑🛑🛑🛑🛑🛑🛑⛔️⛔️⛔️⛔️⛔️⛔️⛔️⛔️⛔️⛔️🛑🛑🛑🛑🛑🛑🛑🛑🛑Bonsoir besoin demain 3personne pour un travail de chantier payer 3300roubles juste après le travail,1
https://t.me/+HhWtWKqgq482NTQ6,1
freshtunes.ru/ft/account/login,1
"JeНет, (юмби Ригоберт,) (Youmbi Rigobert).все песни есть на сайте, пожалуйста",1
*Un banquier ghanéen qui a quitté son travail pour rejoindre l'armée russe serait mort au front (Photo)*,1
🛑🛑🛑🛑🛑🛑🛑Demain besoin de 30 personnes au,1
🛑🛑🛑🛑🛑🛑🛑Demain besoin de 40 personnes au,1
https://youtu.be/bwe9fBzqLCg?si=ZlAzhe2iUSfo-S5t,1
🛑🛑🛑🛑🛑🛑🛑Demain besoin de 40 personnes au,1
🛑🛑🛑🛑🛑🛑🛑Demain besoin de 40 personnes au,1
🛑🛑🛑🛑🛑🛑🛑Demain besoin de 40 personnes au,1
🛑🛑🛑🛑🛑🛑🛑Demain besoin de 40 personnes au,1
Ne Permettez jamais à l'ingratitude de votre entourage de vous rendre méchant.,1
Bonne nouvelle 🥳🥳🥳,2
Je recherche le contact d'un camerounais à Abidjan en Côte d'ivoire s'il vous plaît car il pleut sur moi là bas ma fille mbague dongang lionelle Lucie y était et ne vie plus,1
"🛑🛑🛑🛑🛑🛑🛑⛔️⛔️⛔️⛔️⛔️⛔️⛔️⛔️⛔️⛔️🛑🛑🛑🛑🛑🛑🛑🛑🛑Salam, je cherche une place disponible pour un frère.",1
🚨🚨🚨🚨🚨🚨🚨🚨🚨🚨🚨🚨🚨🚨🚨🚨🚨Départ confirmé  le 23 Décembre 2024,1
https://chat.whatsapp.com/DbnTn0YLHAz3RvHFUYS80c groupe de Travail pour homme et femme uniquement  pour ceux de saint-pétersbourg,1
🛑🛑🛑🛑🛑🛑🛑Demain besoin de 30 personnes au,1
Bientôt Noël 🎅 et e nouvel an,2
Bientôt Noël 🎅 et e nouvel an,2
🛑🛑🛑🛑🛑🛑🛑Demain besoin de 30 personnes au,1
Bonjour 👋 et joyeux Noël 🎁🎄 à tous,1
https://chat.whatsapp.com/DbnTn0YLHAz3RvHFUYS80c groupe de Travail pour homme et femme uniquement  pour ceux de saint-pétersbourg <This message was edited>,1
‎Suivez ce lien pour intégrer mon Groupe WhatsApp  : https://chat.whatsapp.com/DBmKKM50JMj2ARMuzQebHL,1
Bonjour 👋 et joyeux Noël 🎁🎄 à tous,1
"Bonjour,les billets sont de ja en vente pour la soirée de gala du 03 janvier.",1
"Bonjour,les billets sont de ja en vente pour la soirée de gala du 03 janvier.",1
Bonjour 👋 et joyeux Noël 🎁🎄 à tous,1
https://t.me/+HhWtWKqgq482NTQ6,1
Départ prévue le 26 Décembre,1
https://chat.whatsapp.com/DbnTn0YLHAz3RvHFUYS80c groupe de Travail pour homme et femme à saint-pétersbourg,1
https://chat.whatsapp.com/DbnTn0YLHAz3RvHFUYS80c groupe de Travail pour homme et femme à saint-pétersbourg,1
https://t.me/+HhWtWKqgq482NTQ6,1
https://chat.whatsapp.com/C95qW9UfpD4IoNUBHokuEQ,1
avez vous vu cette ??,1
Le permis de conduire en Russie : Comment utiliser le permis de conduire que j'ai eu dans mon pays,1
🛑🛑🛑🛑🛑🛑🛑⛔️⛔️⛔️⛔️⛔️⛔️⛔️⛔️⛔️⛔️🛑🛑🛑🛑🛑🛑🛑🛑🛑Bonjour urgent besoin maintenant 1personne pour un travail de chantier payer 3300roubles juste après le travail,1
J'ai 10mille roubles besoin du cfa camerounais,1
Partager a tous vos amie svp dans tous les groupes. CAMEROUNAI QUI CHANTE PLUS QUE LES IVOIRIEN LE COUPES DÉCALÉ The NDY 98: https://youtube.com/watch?v=vl0zdq-hAFA&feature=shared,1
1 place disponible pour fille🙎,1
🎄✨ Joyeux Noël de la part de 7G SERVICE ! 🎁🌍 Merci pour votre confiance. Que cette saison festive soit remplie de joie et de prospérité ! ✨💖,2
https://t.me/+HhWtWKqgq482NTQ6,1
Boutique  627 turpistan,1
Bonjour 👋 et joyeux Noël 🎁🎄 à tous,1
Partager a tous vos amie svp dans tous les groupes.l CAMEROUNAI QUI CHANTE PLUS QUE LES IVOIRIEN LE COUPES DÉCALÉ The NDY 98:le continent vien prendre le pouvoir en Côte d'Ivoire https://youtube.com/watch?v=vl0zdq-hAFA&feature=shared,1
"Besoin dune personne de tout urgence, restaurant, lave vaisselle maintenant jusqu'à 23h00,3000roubles après le travail, métro улица 1905 года, sortir 1",1
"*Bonjour, Moscou ! À tous ceux qui doutes encore,la fête aura belle et bien lieu*",2
"*Bonjour, Moscou ! À tous ceux qui doutes encore,la fête aura belle et bien lieu*",2
"À compter du 1er janvier 2025, la nouvelle réglementation de la circulation des cartes SIM",1
"Hello, Moscow! To all those who still doubt, the party will indeed take place*",1
Urgent 🚨 départ de Moscou pour Yaoundé le 09 janvier 2025: 23 kilos*4=92 kilos à vendre ib pour plus de détails,1
"Bonjour,les billets sont de ja en vente pour la soirée de gala du 03 janvier.",1
Bonjour une amie souhaite intégrer le groupe puis-je avoir le lien d’intégration?,1
"*Bonjour, Moscou ! À tous ceux qui doutes encore,la fête aura belle et bien lieu*",2
B,1
https://youtu.be/z3efKiuFhgU?si=yoiUoEjrODYt5DMB,1
"🚨🚨🚨Moscou-douala- Yaoundé : départ prévu pour le 09/01/2025. 46 kilos encore disponible, je répète 46 kilos encore disponible",1
Départ prévue le 30 décembre,1
"*Bonjour, Moscou ! À tous ceux qui doutes encore,la fête aura belle et bien lieu*",2
Partager a tous vos amie svp dans tous les groupes.l CAMEROUNAI QUI CHANTE PLUS QUE LES IVOIRIEN LE COUPES DÉCALÉ The NDY 98:le continent vien prendre le pouvoir en Côte d'Ivoire https://youtube.com/watch?v=vl0zdq-hAFA&feature=shared,1
"*Bonjour, Moscou ! À tous ceux qui doutes encore,la fête aura belle et bien lieu*",2
🛑🛑🛑🛑🛑🛑🛑🛑🛑🛑🛑🛑🛑🛑🛑🛑🛑🛑🛑🛑🛑🛑🛑🛑 besoin demain de 50 personnes.,1
🚨 🚨 🚨 🚨 🚨,1
Il les intéressé,1
🚨🚨🚨🚨Bonsoir a tous place pour fille disponible dans une maison à 7mn à pieds du métro intéressé mon ib est caramélisé,1
https://youtube.com/shorts/PkNS5atk8Yg?si=sp3BdcVP20XwcPJX,1
Départ prévue le 03 janvier,1
‎Suivez ce lien pour intégrer mon Groupe WhatsApp  : https://chat.whatsapp.com/GYflBeVw9VnLw1H8Qr2IYn,1
https://chat.whatsapp.com/DbnTn0YLHAz3RvHFUYS80c groupe de Travail pour homme et femme à saint-pétersbourg,1
https://t.me/+HhWtWKqgq482NTQ6,1
Du nouveau à Moscou appartement de luxe à meublé  à louer de 12h à 12 heures le lendemain.( 3000 roubles),1
"*Bonjour  chers membres de DIASCOR-CEI, juste pour attirer l'attention de tous ceux qui doutent encore, sachez que la fête aura belle et bien lieu*",2
null,1
Alerte 🚨 Alerte 🚨,1
Tu est au Cameroun et tu dicte les choses qui doivent se passer en Russie tu est qui?,1
La véritable vérité c’est ce qui est vrai,1
Who be you.?Apache tes colis et ferme ta bouche.Bonne année mon guignol.Tu connais le prix du métro pour demander qu'on paye 3000roubles,2
"*Bonjour  chers membres de DIASCOR-CEI, juste pour attirer l'attention de tous ceux qui doutent encore, sachez que la fête aura belle et bien lieu*",2
Le bon salaire a Moscou est 3500.,1
L’expression à partir de 3000 rouble c’est à dire,1
La cannette de guiness c'est 250r,1
2025 c’est demain,1
Le vrac,1
Non 90 % des camerounais consomme actuellement cette bière 🍺 raffiné,1
L'idée est bon mais il faut négocier avec les Cubains et les cheveux noirs.il ya les Cubains qui travaille encore pour 1800r la journée a Moscou.Donc si tu refuse 2500 ou 2700 du boss le cubain va voir ça comme l'or.,1
Vas parler des problémes des gens dans qui sont au États Unis,1
Bien parler,2
La loie de l'offre et la demande,1
Un homme qui fait le djanssang 🤦‍♂️🤦‍♂️🤦‍♂️🤦‍♂️🤦‍♂️🤦‍♂️🤦‍♂️🤦‍♂️🤦‍♂️🤦‍♂️🤦‍♂️🤦‍♂️🤦‍♂️🤦‍♂️🤦‍♂️🤦‍♂️🤦‍♂️🤦‍♂️🤦‍♂️🤦‍♂️🤦‍♂️🤦‍♂️,1
Pour faire le njanssan il faut avoir l’argent 😂😂,2
Si il ya une fille ici qui m'aime c'est le moment de me dire 👂👂👂👂👂👂👂👂👂👂👂👂👂👂👂👂👂,1
"Dans la vie,fais confiance à ceux qui peuvent voir ces trois choses: ta peine derrière ton sourire,ton amour malgré ta colère et la raison de ton silence.",1
"*Suivez en live streaming, l'adresse du Chef de l’Etat à la Nation, ce soir, à 20 heures, à la radio, la télévision, les médias sociaux et PRC TV.*",1
"Peu importe le nombre de déceptions amoureuses, ne ferme pas ton cœur à l'amour. Ça se gâte, tu recommences.👂👂👂👂👂👂👂👂👂👂👂👂👂👂👂👂👂👂👂👂👂👂👂👂👂👂👂👂👂👂💪💪💪💪💪💪💪💪💪💪💪💪💪💪💪💪💪💪💪💪💪💪💪💪💪💪💪💪",0
"Bonne année à tous ! Que cette nouvelle année vous apporte santé, bonheur, succès et créativité. Continuons à avancer ensemble vers nos rêves et à partager des moments inoubliables. Merci pour votre présence et votre soutien. À une année pleine d'inspiration et de réussite ...",2
Bonjour bonne et heureuse année 2025 à tout le monde 🌍,2
Besoin d’une chambre,1
La famille 1 janvier 2025 je suis disponible,1
Ce médicament soigne quoi stp?,1
"Insecticides contre les cafard, punaise, mouche etc",1
Départ prévue le 03 janvier 2025,1
"*Jour J -2 achète le billet,si tu ne l'a pas encore*",1
1 place disponible pour homme,1
Bonjour Bonne et Heureuse année ( 2025) à tous 🎊🌍🍾,2
Bonjour la famille Les chaussures disponibles,1
"Bonjour à tous,",1
https://t.me/+HhWtWKqgq482NTQ6,1
🚨🚨🚨🚨🚨,1
Bonsoir a tous j'aimerais un éclairage des grands doyen ancien ou personne sy connaissant en effets'une amie qui a été déporté Au Cameroun a ce cachet sur ce passeport Elle aimerait savoir la signification,1
Si elle as été deporter alors c’est très mauvais interdiction 🚫 de mettre pied sur le territoire pendant 5 ans,1
Donc sont nom est déjà dans la liste noir rien à faire à ce moment là seul chose c’est de digéré la suite,1
Elle na plus besoin de revenir en Russie elle juste savoir si ce cachet pourra Lui porter préjudice si elle veut demander le visa dans un pays autres que la Russie,1
Non sa ne dérange pas,1
"Hello guy's, for all those who want some knowledge from forex or free signals, join our telegram group now and make some money, we don't charge any fee for anything 👇👇",1
"Bonjour les gars, pour tous ceux qui veulent des connaissances sur le forex ou des signaux gratuits, rejoignez notre groupe Telegram maintenant et gagnez de l'argent, nous ne facturons aucun frais pour quoi que ce soit 👇👇",1
"Hello guy's, for all those who want some knowledge from forex or free signals, join our telegram group now and make some money, we don't charge any fee for anything 👇👇",1
"Salut les gars, pour tous ceux qui veulent des connaissances sur le forex ou des signaux gratuits, rejoignez notre groupe Telegram maintenant et gagnez de l'argent, nous ne facturons aucun frais pour quoi que ce soit 👇👇",1
Il y’a les hostels c’est mieux,1
Ils ont déjà trouvé.,1
👌,1
Ferme ta bouche,1
"🔴 bien parler les personnes qui vivent en Afrique ne doivent pas  être dans les groupes de la Russie     , on retrouve beaucoup de numéro qui ne sont pr de la Russie dans les groupes et sont tous les savants         , ‼️  Michael  mon enemies   fais au moins du bon travail👌👍👏",2
"Hello guy's, for all those who want some knowledge on forex trading or free signals, join our telegram group now and make some money, we don't charge any fee for anything 👇👇",1
"Перейдите по ссылке, чтобы вступить в мою группу в WhatsApp: https://chat.whatsapp.com/BMkzp91YA1sFJbtiLJDK1t",1
Joyeux anniversaire la meilleure mascotte dans le monde la mascotte zomo-- zomo ---zomo le philosophe Noir du côté lumière et obscur---youmbi rigobert---naggor-- ta famille tes frère et souer et tous tes amie,1
C’est en Russie que je suis votre ennemis ailleurs dans d’autres pays je suis comme leurs sauveurs,1
Tes Nudes sont dehors,1
"Scammer,tchequer,arnaquer,bandit",1
"Hello guy's, for all those who want some knowledge on forex trading or free signals, join our telegram group now and make some money, we don't charge any fee for anything 👇👇",1
https://youtu.be/6Zz8jxCO7l0,1
https://www.youtube.com/live/VUWhW5WhPbs?si=Fup2vfWITUB_Ak02,1
Place disponible pour 1 fille,1
🛑🛑🛑🛑🛑🛑🛑🛑🛑🛑🛑🛑🛑🛑🛑🛑🛑🛑🛑Demain besoin de 30 personnes travail d'intérieur- ext.,1
Départ prévue le 09 janvier 2025,1
2 places disponible  pour homme,1
✈️✈️✈️✈️,1
🚨🚨🚨🚨Place pour fille disponible dans une maison à 7mn à pieds du métro intéressé mon ib est caramélisé,1
Départ prévue le 09 janvier 2025,1
"🛑🛑Постоянная работа. Требуются сотрудники, в отдел сыра в Гипермаркет Глобус.Работа  с 9.00 до 21.00. С документами. Предоставляем бесплатный обед. Зарплата 71500руб., компенсации за патент . График работы 6/1",1
On  ne peux pas tapper un enfant et l'empêcher encore de pleurer!!,1
Départ prévue le 09 janvier,1
Fake news,1
Toujours entrain de vouloir frustré tes frères vraiment c’est misérable,1
🚨🚨🚨🚨Place pour fille disponible dans une maison à 7mn à pieds du métro intéressé mon ib est caramélisé,1
✈️✈️✈️✈️,1
1993,1
Place disponible pour 1 fille,1
CRÉATION D'UNE COMMUNAUTÉ NOIRE FORTE ET ORGANISÉE EN FÉDÉRATION DE RUSSIE,1
Good evening to all .this is Emmanuel mbieng please sorry this  my what'sapp number was hacked by scammers.all this messages for help was from the scammers I just reconnect now .don't respond thanks for understanding thanks and happy new year,2
Mon point de vue sur la vie d'étudiant en France en 2025 : Interview avec Ornella qui nous dit tout,1
"Chemises 2500 ,Bazin",1
Joseph c’est parfois Ali,1
Nicolas Kokkalis a dit un jour :,1
"Qui n'est pas encore dans le projet pi , me ib rapidement, je suis disponible.",1
"Pi est une nouvelle cryptomonnaie développée par des docteurs en Science Informatique de Stanford, avec plus de 55 millions de membres à travers le monde. Pour réclamer vos Pi, suivez ce lien https://minepi.com/marceldiamant30 et utilisez mon pseudo (marceldiamant30) comme code d'invitation.",1
*Paroles de sagesse de Nicolas Kokkalis*,1
https://panel.expertnoemnenie.ru/?ref=cdv3umtayy2fkg0vm7vacksrdg,1
https://t.me/+HhWtWKqgq482NTQ6,1
2 place  disponible 1 pour garçon et 1 pour fille métro mitino et skhondiskaya,1
Besoin d'un massotherapeute s'il vous plaît,1
https://t.me/+M9Fn5cXbJyI2ZDEy,1
Chemises et robes bazins.,1
https://t.me/+M9Fn5cXbJyI2ZDEy,1
✈️✈️✈️✈️✈️✈️🛩✈️✈️🛩✈️✈️✈️✈️✈️✈️✈️✈️,1
"Le 08 Mars arrive acheté déjà ta robe en pagne , ta chemise et boubou en Bazin à seulement 2500.",1
null,1
https://t.me/+M9Fn5cXbJyI2ZDEy,1
✈️✈️✈️✈️✈️✈️🛩✈️✈️🛩✈️✈️✈️✈️✈️✈️✈️✈️,1
1 place  disponible  pour garçon métro mitino et skhondiskaya,1
https://chat.whatsapp.com/DbnTn0YLHAz3RvHFUYS80c pour le travail a peter,1
https://youtu.be/k2uVqRToJrg?si=-D4Q3fJU5qfbSeVz,1
Salut à tous,1
DÉBAT,1
1 place disponible pour fille dans une chambre à  2,1
1 place disponible pour fille dans une chambre à  2,1
✈️✈️✈️✈️✈️✈️🛩✈️✈️🛩✈️✈️✈️✈️✈️✈️✈️✈️,1
Salut à tous 🆘🆘🆘🆘🆘🆘🆘🆘🆘🆘🆘🆘,1
*On trouve toujours de l'argent pour faire des obsèques mais jamais pour payer les soins médicaux à fin que la personne retrouve la sante*,1
https://chat.whatsapp.com/Eu8HO6jlMS30jlf4f88GlW,1
Bonsoir besoin d'un lave vaisselle demain 8h30 18h30 3000 Fini payer métro volvograsky prospect sortie 2 le restaurant est a 15 maître de la sortie ib pour plus d'informations,1
Fermer,1
"Mes chers freres et soeurs, ce message sadresse a tous ceux qui veulent apprendre la langue russe facilement et efficacement",1
"Mes chers freres et soeurs, ce message s’adresse a tous ceux qui veulent parler la langue Russe simplement et couramment!",1
https://chat.whatsapp.com/Eu8HO6jlMS30jlf4f88GlW,1
"Le 08 Mars arrive acheté déjà ta robe en pagne , ta chemise et boubou en Bazin à seulement 2500.",1
null,1
Depart prévue Le 20 janvier 2925,1
✈️✈️✈️✈️✈️✈️🛩✈️✈️🛩✈️✈️✈️✈️✈️✈️✈️✈️,1
https://chat.whatsapp.com/DbnTn0YLHAz3RvHFUYS80c pour le travail a peter,1
Depart prévue Le 20 janvier 2925,1
Fais attention quand tu es près d’une personne qui dit toujours sans cesse,1
"Mes chers freres et soeurs, ce message s’adresse a tous ceux qui veulent parler la langue Russe simplement et couramment!",1
https://chat.whatsapp.com/DbnTn0YLHAz3RvHFUYS80c pour le travail a peter,1
Depart prévue le 20 janvier,1
Bonjour vieux.Tu te reposait?,1
Moscou 🇷🇺——Dla 🇨🇲,1
Tu es fort un voice de 29 minutes,1
"Mes cheres freres et soeurs, nous vous invitons sur vk regarder notre nouvelle video ou nous donnons plus de details sur notre module de langue russe pour les etudiants africains en Russie. Le lien: https://vk.com/clip-194810098_456239026",1
https://t.me/+M9Fn5cXbJyI2ZDEy,1
Départ prévue demain le 20 janvier2025,1
1 place disponible pour fille dans une chambre à  2,1
https://youtu.be/XDWbaD2yLTI?si=yBDWqJ7v1bAN8geD,1
https://t.me/+HhWtWKqgq482NTQ6,1
V,1
1 - extrait de casier judiciaire ( bulletin numéro 3),1
1 - extrait de casier judiciaire ( bulletin numéro 3),1
Follow this link to join my WhatsApp group: https://chat.whatsapp.com/EePfLDHFQ4eGzqZRUFDFbT,1
Follow this link to join my WhatsApp group: https://chat.whatsapp.com/EePfLDHFQ4eGzqZRUFDFbT,1
23 kilo disponible pour demain le 20 janvier la personne descend au Cameroun 🇨🇲,1
https://t.me/+M9Fn5cXbJyI2ZDEy,1
Bonjour à tous,1
Russie 🇷🇺🚨🚨🇷🇺🇷🇺✈️✈️🚨🚨🇨🇲🇨🇲,1
Vendredi 24 janvier 2025,1
Utilise ce lien pour intégrer mon groupe WhatsApp : https://chat.whatsapp.com/Lcm5hbj78Gq5BJqSaVt5wv,1
Russie 🇷🇺🚨🚨🇷🇺🇷🇺✈️✈️🚨🚨🇨🇲🇨🇲,1
https://t.me/+M9Fn5cXbJyI2ZDEy,1
https://chat.whatsapp.com/Eu8HO6jlMS30jlf4f88GlW,1
"Продаю платье, рубашку и комплект из африканской одежды за 3000 рублей.",1
https://chat.whatsapp.com/IcYjQ2jlT8iJCTaqWBuDES,1
https://chat.whatsapp.com/Eu8HO6jlMS30jlf4f88GlW,1
https://chat.whatsapp.com/IcYjQ2jlT8iJCTaqWBuDES,1
Russie 🇷🇺🚨🚨🇷🇺🇷🇺✈️✈️🚨🚨🇨🇲🇨🇲,1
Boubou 2500 roubles,1
Chemise pour femme 2500,1
Salut à tous 🆘🆘🆘🆘🆘🆘🆘🆘🆘🆘🆘🆘,1
Départ prévue le 27 janvier 2025,1
1 - extrait de casier judiciaire ( bulletin numéro 3),1
"Voici le moyen le plus efficace pour maitriser la langue Russe, pour les africains en Russie: https://vk.com/clip-194810098_456239024",1
Départ prévue le 27 janvier,1
Boubou 2500 roubles,1
Chemise pour femme 2500,1
https://t.me/+M9Fn5cXbJyI2ZDEy,1
Russie 🇷🇺🚨🚨🇷🇺🇷🇺✈️✈️🚨🚨🇨🇲🇨🇲,1
Encore un prochain départ prévue le 27 janvier,1
https://chat.whatsapp.com/EePfLDHFQ4eGzqZRUFDFbT,1
Bonjour,1
https://chat.whatsapp.com/Eu8HO6jlMS30jlf4f88GlW,1
Encore un prochain départ prévue le 27 janvier,1
(Yde—- Dla —- moscou - briansk 🇷🇺,1
Nouvelle méthode de l’égalisation des  documents à l’ambassade de la Russie 🇷🇺,1
Kinshasa - Moscou le 27 janvier intéressé in box apporter vos colis une personne fiable et responsable,1
( Dla — Moscou 🇷🇺),1
Allemagne 🇩🇪 visa garantie a 100%,1
Bonjour à tous,1
Tres bon et joyeux weekend a tous! Давайте освоить русский язык оригинально и весело),1
Voyage diplômatique,1
Institut Goethe🇩🇪 Moscou,1
https://t.me/+M9Fn5cXbJyI2ZDEy,1
‎Suivez ce lien pour intégrer mon Groupe WhatsApp  : https://chat.whatsapp.com/Ek2dQglBBqI4DYeasVCavi,1
Départ prévue demain le 27 janvier 2025,1
2 chambres disponible au métro Schyoskosvkaya,1
Départ prévue le 30 janvier,1
2  places disponible dans un appartement de  2 chambresau métro Schyoskosvkaya,1
Bonjour à tous,1
Pourquoi il ne peuvent pas faire des débats pour sensibiliser des frères ici en Afrique de ne plus venir intégrer l’armée russe de ne plus venir s’enrouler dans l’armée russe ???,1
En quoi ce debat est un non Sense?,1
For my total number of hours and minutes from this payment list is  = 90 hours 55 minutes,1
Toi tu est qui?,1
Ce débat entre dans le cadre d'une association estudiantine,1
Où tu le vieux père Michel ancien faux étudiants de l'université imaginaire de Médecine de Briansk ne peut pas être membre,1
Pardon laisse le,1
Il est petit pour organiser un débat,1
Un un groupe D’aventurier tous sont dans leurs schémas en Russie 🇷🇺,1
Vieux père menteur,1
Salut à tous 🆘🆘🆘🆘🆘🆘🆘🆘🆘🆘🆘🆘,1
1 place disponible pour homme dans un appartement de 2 chambre (2 par chambre),1
https://t.me/+HhWtWKqgq482NTQ6,1
Boubou 2500 roubles,1
Chemise pour femme 2500,1
Bonjour à tous,1
https://reg.eda.yandex.ru/?advertisement_campaign=forms_for_agents&user_invite_code=40bfe37984db428599eb2ded1a270aec&utm_content=blank,1
Place disponible pour deux filles 🙏🏾,1
🚨🚨chambre disponible à 15 minutes du métro Bulvar Dimitri Donskovo.,1
Prière :,1
Всем!,1
https://vm.tiktok.com/ZMk4WVg7a/,1
Utilise ce lien pour intégrer mon groupe WhatsApp : https://chat.whatsapp.com/Gxlbc0sliFnJDCvY1IQsSB,1
"Gombo frais disponible l'unité à 350 livraison à partir de 2 paquets à la station de train de boutova où cherbinka (Бутово, Щербинка",1
Utilise ce lien pour intégrer mon groupe WhatsApp : https://chat.whatsapp.com/Gxlbc0sliFnJDCvY1IQsSB,1
https://t.me/+HhWtWKqgq482NTQ6,1
✈️✈️✈️✈️✈️✈️🛩✈️✈️🛩✈️✈️✈️✈️✈️✈️✈️✈️,1
"Chers clients,",1
"*Vous faites même comment pour rester longtemps dans vos relations ? Moi relation que j'ai commencé ce matin à 10h, on m'a déjà donné dernière chance.*😕🥲",1
"*Tant que tu n'as pas encore accouché, tu es vierge.*😌",1
"*Femme tout ce que t'es copines doivent savoir de ton mari, c'est juste son nom et rien de plus.*🫢",1
*Le temps entre son message et ton message c'est aussi une réponse.*👌,1
Cameroun🇨🇲——>Russie 🇷🇺✈️,1
🇨🇩———>✈️🇷🇺,1
Départ prévue le 05 février,1
null,1
Utilise ce lien pour intégrer mon groupe WhatsApp : https://chat.whatsapp.com/Gxlbc0sliFnJDCvY1IQsSB,1
Départ prévue le 3 février,1
Départ prévue le 3 février,1
2  places disponible dans un appartement de  2 chambresau métro Schyoskosvkaya,1
Cameroun🇨🇲——>Russie 🇷🇺✈️,1
✈️✈️✈️✈️✈️✈️🛩✈️✈️🛩✈️✈️✈️✈️✈️✈️✈️✈️,1
https://vm.tiktok.com/ZMkV7YuL9/ Cette publication est partagée via TikTok Lite. Télécharge TikTok Lite pour découvrir d'autres publications : https://www.tiktok.com/tiktoklite,1
Cameroun🇨🇲——>Russie 🇷🇺✈️,1
Départ prévue le 05 Février,1
‎Suivez ce lien pour intégrer mon Groupe WhatsApp  : https://chat.whatsapp.com/Ek2dQglBBqI4DYeasVCavi,1
Bonjour partager la chanson pour d'obtenir la Russie svp,1
Dans tous les groupes fait pas le studio atb records se pour votre frère la Mascotte Zomo svp partager,1
Salut à tous 🆘🆘🆘🆘🆘🆘🆘🆘🆘🆘🆘🆘,1
Cameroun🇨🇲——>Russie 🇷🇺✈️,1
Bon dimanche a toute la famille africaine en Russie!,1
30 jours pour maitriser la langue russe par des exercices simples et efficaces! Cest pas la magie,1
30 jours pour maitriser la langue russe par des exercices simples et efficaces! Cest pas la magie,1
Cameroun🇨🇲——>Russie 🇷🇺✈️,1
Départ prévue le 09 février,1
👍🏼👍🏼👍🏼 wooow,1
Se vrais ça ?,1
30 jours pour maitriser la langue russe par des exercices simples et efficaces! Cest pas la magie,1
Waiting for this message,1
30 jours pour maitriser la langue russe par des exercices simples et efficaces! Cest pas la magie,1
✈️✈️✈️✈️✈️Voyage prévu le 04-02-2025,1
30 jours pour maitriser la langue russe par des exercices simples et efficaces! Cest pas la magie,1
✈️✈️✈️✈️✈️✈️✈️✈️✈️✈️✈️✈️,1
Départ prévue le 05 février,1
Depart prévu le 12 fevrier.,1
✈️✈️✈️✈️✈️Voyage prévu le 04-02-2025,1
Départ prévue le 05 février,1
"*Ne prenez pas l'argent pour faire l'électrophorèse heinnn... Concentrez vous sur des packs pour la St V, après pour accoucher les fou.*🫢",1
*Il y'a des vides que seul le eru peut combler.*😂,2
*Il y'a des filles net tu les vois tu sens qu'elles respirent l'infidélité.*🫢😂,2
*Arrange toi stp. Faut pas ton ventre va dépasser tes fesses*🙆‍♂️😤😅,1
Départ prévue demain le 05 février 2025,1
Cameroun🇨🇲——>Russie 🇷🇺✈️,1
❤️‍🔥,1
Départ prévue le 05 février,1
La vie c’est question de temps,1
‎Suivez ce lien pour intégrer mon Groupe WhatsApp  : https://chat.whatsapp.com/Ek2dQglBBqI4DYeasVCavi,1
‎Suivez ce lien pour intégrer mon Groupe WhatsApp  : https://chat.whatsapp.com/G4veII2SuaQ9doEi6C5mXS,1
https://youtu.be/hRVORamPeEA?si=Go_WBAVpQNt4qIZS,1
null,1
I need 15 people's tomorrow construction in metro universities exit 2..,1
‎Suivez ce lien pour intégrer mon Groupe WhatsApp  : https://chat.whatsapp.com/Ek2dQglBBqI4DYeasVCavi,1
✈️✈️✈️✈️✈️Voyage prévu le 06-02-2025,1
Depart prévue du 09 février,1
Hum 2800 c'est l' esclavage ça,1
Cameroun🇨🇲——>Russie 🇷🇺✈️,1
Depart prévu le 12 fevrier.,1
https://t.me/+M9Fn5cXbJyI2ZDEy,1
Prière Matinale,1
Utilise ce lien pour intégrer mon groupe WhatsApp : https://chat.whatsapp.com/Gxlbc0sliFnJDCvY1IQsSB,1
Cameroun🇨🇲——>Russie 🇷🇺✈️,1
Départ prévue demain,1
Depart prévu le 12 fevrier.,1
Départ prévue demain,1
Fou le camp avec sa,1
PRIÈRE MATINALE,1
Russia 🇷🇺———-> Cameroun 🇨🇲,1
Boubou 2500 roubles,1
Chemise pour femme 2500,1
https://t.me/zomobudu,1
Départ prévue le 13 février,1
PRIÈRE MATINALE,1
Cameroun🇨🇲——>Russie 🇷🇺✈️,1
Besoin d'un homme travail de restaurant à cet adresse jusqu'à 18h30 payer 3000 n'écrivez que si vous pouvez être au plus tard 14h00 donc 50min,1
https://chat.whatsapp.com/Lcm5hbj78Gq5BJqSaVt5wv,1
Cameroun 🇨🇲——->🇷🇺 Russie,1
Bsr à tous le secret pour obtenir un visa Schengen ici au Cameroun 🇨🇲,1
Place disponible 🏘️🏘️🏘️,1
Cameroun 🇨🇲——->🇷🇺 Russie,1
Départ prévue le 13 février,1
✈️✈️✈️✈️✈️,1
Place disponible pour fille,1
Cameroun 🇨🇲——->🇷🇺 Russie,1
Expédition de vos Documents 📃✈️,1
Départ prévue le 12 février,1
Depart prévu le 12 fevrier.,1
Bonjour pour certifier,1
POUR TOUTE CONTRIBUTION...VEUILLEZ ENVOYER AUX COORDONNÉES SUIVANTES:,1
Départ prévue le 13 février,1
PRIÈRE MATINALE,1
Bonne nouvelle 🥳🥳🥳,2
NN0pp0pp0000000,1
🤔,1
Bonne nouvelle 🥳🥳🥳,2
Bsr la famille,1
🚨🚨🚨🚨🚨🚨🚨🚨🚨,1
Bonsoir à tous 245 milles au Cameroun besoin du roubles taux Google,1
Départ prévue le 13 février,1
null,1
Bjr actuellement,1
Départ prévue le 24 février,1
PRIÈRE MATINALE,1
Utilise ce lien pour intégrer mon groupe WhatsApp : https://chat.whatsapp.com/BSFYal3yKgGEmMYEBZWnq6,1
🙏🏽🙏🏽🙏🏽,1
Départ prévue le 13 février,1
🚨🚨🇨🇲——-> ✈️🇷🇺,1
PRIÈRE MATINALE,1
Départ prévue le 13 février,1
"Les filles qui sont en Russie la , surveiller bien vos gars heinnn'",2
Départ prévue demain 12 février,1
"*Assurez-vous de ne jamais trop parler de votre vie et de vos projets à tout le monde, chacun à des dents blanches, mais peu ont de cœur blanc...*🤔",1
*Réfléchis avant de parler. 80% de la façon dont les gens t'apprécient est ce qui sort ta bouche*,1
🚨🚨🇨🇲——-> ✈️🇷🇺,1
Départ prévue demain le 13 février,1
https://t.me/+HhWtWKqgq482NTQ6,1
Salut a tous!,1
Bonjour tout le monde!,1
POUR TOUTE CONTRIBUTION...VEUILLEZ ENVOYER AUX COORDONNÉES SUIVANTES:,1
Bonjour tout le monde!,1
POUR TOUTE CONTRIBUTION...VEUILLEZ ENVOYER AUX COORDONNÉES SUIVANTES:,1
LE LYRICS DE LA MASCOTTE ZOMO LE PHILOSOPHE NOIR DU CÔTÉ OBSCUR ET LUMIÈRE--,1
La plus grande mascotte au monde .,1
🚨🚨🇨🇲——-> ✈️🇷🇺,1
https://www.facebook.com/share/v/18QPCdymZN/,1
Chambre disponible dans un appartement,1
https://www.facebook.com/share/v/18QPCdymZN/,1
https://www.facebook.com/share/v/18QPCdymZN/,1
Salut la famille besoin de boulot dans un restaurant pour homme,1
C'est quelle fille sur la photo ?,1
PRIÈRE MATINALE,1
Départ prévue le 20 février,1
https://www.facebook.com/share/v/18QPCdymZN/,1
https://www.facebook.com/share/v/18QPCdymZN/,1
Les cours de russe pour les nouveaux commenceront le 24 fevrier 2025 ONLINE!,1
Le meilleur OKOK c'est pour les bassa'aa le reste c'est les pipis,1
Ambassade de la Belgique 🇧🇪,1
🚨🚨🇨🇲——-> ✈️🇷🇺,1
Je viens en paix vous dire bonjour !,1
"En passant comme fait pour arrêter de penser un homme , même s’il est marié avec une femme! Pour en ce temps là, la fille ne croit pas aux rêves de l’homme.",1
Bonne fete coucou🫶,2
Merci beaucoup grande sœur ❤️❤️,2
Départ prévue le 19 février,1
"*À la recherche d'une personne qui arrive à Moscou ,j 'ai unn document à Kinshasa*",1
🚨🚨🚨,1
Le meilleur OKOK c'est pour les bassa'aa le reste c'est les pipis,1
Cette musique est uniquement pour les amoureux,1
La chanson de Lady Ponce partager svp dans tous les groupes https://www.facebook.com/share/v/18QPCdymZN/,1
500k au Cameroun 🇨🇲 besoin du roubles taux Google,1
Certains ici sont dans les hôtels  et les auberges 🤣🤣🤣🤣🤣🤣🤣🤣🤣🤣🤣🤣🤣🤣🤣 actuellement.,2
https://t.me/+B0Fzc7QC8Oc2MGM6,1
Départ prévue le 19 Février,1
Départ prévue le 20 fervrier,1
La chanson de Lady Ponce partager svp dans tous les groupes https://www.facebook.com/share/v/18QPCdymZN/,1
Départ prévue le 28 février,1
‎Suivez ce lien pour intégrer mon Groupe WhatsApp  : https://chat.whatsapp.com/Ek2dQglBBqI4DYeasVCavi,1
Départ prévue le 19 février,1
"привет, песня города Краснодара. послушайте dancer и, пожалуйста, поделитесь",1
"вы должны прийти со всеми своими друзьями и семьей, чтобы поддержать песню Краснодара, нашего города Краснодара, всех фанатов Краснодара, пожалуйста, поделитесь ею со всеми жителями города",1
Départ prévue le 20 février,1
🚨🇷🇺✈️✈️🇨🇲,1
Chambré disponible pour deux filles,1
Utilise ce lien pour intégrer mon groupe WhatsApp : https://chat.whatsapp.com/Fr6vHYJKVh81WkB1MvOOPN,1
🚨🇷🇺✈️✈️🇨🇲,1
"*Ceux qui découvre le projet pi network pour la première fois, le temps presse inscrivez-vous d'abord, commencer le minage. Vous allez comprendre le reste au fur à mesure !*",1
Départ prévue le 25 février,1
Départ prévue le 25 février,1
🚨🇷🇺✈️✈️🇨🇲Voisi mes services au Cameroun 🇨🇲 passe le message à ton Voisin finis vos problèmes de réflexion je gère tout propre,0
Départ prévue le 25 février,1
Depart prévue le 19 février,1
🚨🇷🇺✈️✈️🇨🇲Voisi mes services au Cameroun 🇨🇲 passe le message à ton Voisin finis vos problèmes de réflexion je gère tout propre,0
Départ prévue le 25 février,1
https://t.me/+HhWtWKqgq482NTQ6,1
Départ prévue le 20 février,1
"DIEU , je te remercie pour mes parents. Pour le savoir, la sagesse et les soins qu'ils m'ont donnés. Rappelle-moi les leçons qu'ils m'ont enseignées et aide-moi à les honorer dans tout ce que je fais. AMINE .🙏🏾🙏🏾🙏🏾🙏🏾🙏🏾",2
Qui as un document ou un téléphone à faire monter en Russie 🇷🇺 ? La personne peux venir remettre je suis àctuellement avec le doyen qui monte le 20 février,1
"Apprenez à arracher les femmes et les maris des gens "" beaucoup ne sont pas heureux dans leur relation vous pouvez sauver les vies des gens.",1
Comment fait-on les négociations pour mettre fin à une guerre ? L'exemple de la rencontre de Riyad sur le conflit ukrainien,1
"Faites le 1er pas avec foi, Dieu fera le second. Jacques: 4 versets 8",1
Départ prévue demain le 20,1
C'est un camerounais lui mémé qui a rédigé ça et ajouter la photo de ce Monsieur je suis sur,1
🚨🇷🇺✈️✈️🇨🇲Voisi mes services au Cameroun 🇨🇲 passe le message à ton Voisin finis vos problèmes de réflexion je gère tout propre,0
Tu proposes des services/produits sur whatsapp?,1
PRIÈRE,1
Départ prévue demain le 20 février,1
https://chat.whatsapp.com/IrrHS71SMsH3AvHNYw4PfZ,1
Arrête de prendre les poutoulou en Russie pour baiser femme blanche mon frère .,1
🚨🇷🇺✈️✈️🇨🇲Voisi mes services au Cameroun 🇨🇲 passe le message à ton Voisin finis vos problèmes de réflexion je gère tout propre,0
C’est à nous tous les pionniers de faire à ce que la valeur de PI grimpe. N’oublions pas que le BTC avait aussi fait son entré dans les marchés à moins de 1$. Et 20ans après regardez la ou on en ai,1
Apprendre rend se petit garçon malade 😀😀,1
🚨🇷🇺✈️✈️🇨🇲Voisi mes services au Cameroun 🇨🇲 passe le message à ton Voisin finis vos problèmes de réflexion je gère tout propre,0
Départ prévue le 25 février,1
🚨🇷🇺✈️✈️🇨🇲Voisi mes services au Cameroun 🇨🇲 passe le message à ton Voisin finis vos problèmes de réflexion je gère tout propre,0
Une fille dans la pièce pour devenir deux dans une chambre,1
*🌳Pensée du jour 🌳*,1
L’égalisation et traduction de vos documents,1
null,1
Depart ✈️Moscou-Douala🇨🇲pour le 17/04/25,1
🚨🇷🇺✈️✈️🇨🇲Voisi mes services au Cameroun 🇨🇲 passe le message à ton Voisin finis vos problèmes de réflexion je gère tout propre,0
Départ prévue le 25 Février,1
Bonsoir à tous,1
Bonjour départ prévue,1
‎Suivez ce lien pour intégrer mon Groupe WhatsApp  : https://chat.whatsapp.com/Ek2dQglBBqI4DYeasVCavi,1
Départ prévue le 25 février,1
Ça c'est le porno,1
Bonjour ou bonsoir Pour les personnes qui ont besoin d’un prêt d’argent et qui ont une  garantie fiable veuillez me contacter.+79528309161,1
OFFICIEL‼️,1
OFFICIEL‼️,1
Envoie le lien svp,1
Depart ✈️Moscou-Douala🇨🇲pour le 17/04/25,1
🚨🚨🚨‼️‼️🇨🇲🇨🇲,1
🚨🚨🚨‼️‼️🇨🇲🇨🇲,1
Je gère les documents de qui demain qui est déjà prêt??,1
Départ prévue 25 février,1
https://chat.whatsapp.com/Eu8HO6jlMS30jlf4f88GlW,1
Une pièce pour une fille dans une chambre métro Dimistri,1
https://t.me/+HhWtWKqgq482NTQ6,1
Départ prévue 25 février,1
Documents uniquement,1
"Pi est une nouvelle cryptomonnaie développée par des docteurs en Science Informatique de Stanford, avec plus de 55 millions de membres à travers le monde. Pour réclamer vos Pi, suivez ce lien https://minepi.com/marceldiamant30 et utilisez mon pseudo (marceldiamant30) comme code d'invitation.",1
"*Bonsoir, à la recherche de quelqu'un qui quitte Kinshasa pour Moscou. J'ai un document à Kin*",1
🚨🚨🚨‼️‼️🇨🇲🇨🇲,1
Bandit,1
Départ prévue le Demain le 25 Février ( moscou🇷🇺 — Dla — Yde),1
Depart prévu le 03 Mars,1
Départ prévue le 03 Mars 2024,1
Bonjour ou bonsoir Pour les personnes qui ont besoin d’un prêt d’argent et qui ont une  garantie fiable veuillez me contacter.+79528309161,1
Bonjour ou bonsoir Pour les personnes qui ont besoin d’un prêt d’argent et qui ont une  garantie fiable veuillez me contacter.+79528309161,1
Une piece pour une fille dans une chambre métro Dimistri,1
🚨🔔,1
"Bonjour pour le 08 mars,il y a des arrivages en pagne.",1
Erreur faut bien préciser,2
Eeeeeeh Michèl,1
Je ne vend pas les tissus respectifs d'un pays,1
"Je vends juste les habits en pagnes,puis c'est tout.",1
On fait d'abord quoi avec ça ?,1
Voilà les gens on les vrais problèmes en Russie,0
Personne ne les obligent de vivre en Russie.,1
"À tout ceux qui ont la vie normal acheté vos en pagne, on vie qu'une seule fois",1
Сдаётся однокомнатную квартира,1
‎Suivez ce lien pour intégrer mon Groupe WhatsApp  : https://chat.whatsapp.com/Ek2dQglBBqI4DYeasVCavi,1
🚨🔔,1
Un groupe créé par un escrot,1
https://chat.whatsapp.com/IrrHS71SMsH3AvHNYw4PfZ,1
Tu te demandes si c’est possible de réussir en tant qu’étudiant en Russie ?,1
Bonjour ou bonsoir Pour les personnes qui ont besoin d’un prêt d’argent et qui ont une  garantie fiable veuillez me contacter.+79528309161,1
Départ prévue le 04 mars,1
Bonjour ou bonsoir Pour les personnes qui ont besoin d’un prêt d’argent et qui ont une  garantie fiable veuillez me contacter.+79528309161,1
C'est une sorcièr femme,1
🚨🚨🚨‼️‼️🇨🇲🇨🇲,1
https://chat.whatsapp.com/IrrHS71SMsH3AvHNYw4PfZ,1
"*Des fois on a envie de te draguer, mais le problème c'est ta démarche.*🤦‍♂️😁",0
"*Souvent ma copine me dit: toi là, si je t'attrape avec une autre tu vas me comprendre. Pourtant c'est elle l'autre.*🥲",1
*Tu as les vêtements de ton ex chez toi et puis tu pars encore acheter la serpillière ?🤦‍♂️ Tu as l'argent à gaspiller hein..*😂,2
Départ prévue le 03 mars,1
Malhonnête ++,1
"""...L'Afrique est maudite ou quoi? Chaque pays ne peut pas mettre 100 militaires à la disposition de la RDC. Çà fera 5400 militaires au total. Largement suffisant comme force d'interposition pour sauver l'Est de la RDC. C'est assez incroyable cette solidarité qui manque à l'Afrique. René Dumont devait être un prophète en parlant d'une malédiction Africaine...""",1
«Miss & Mister Cacao 2025»,1
Y a t-il quelqu'un qui quitte Bénin pour Moscou?,1
Michel Dollars malhonnête 😂,2
Départ prévue le 03 mars,1
Voilà le seul gombo bio cultivé sans pesticides,1
Malhonnête,1
Et l’Allemagne là c’est quoi? La fin du monde?,1
https://chat.whatsapp.com/IrrHS71SMsH3AvHNYw4PfZ,1
Départ prévue le 03 mars,1
Depart prévue le 03 mars,1
Départ prévue le 10 mars,1
Mbombog aux hommes : *N'épousez pas une femme que vous n'avez jamais mise en colère.*,1
Départ prévue le 03 mars,1
Utilise ce lien pour intégrer mon groupe WhatsApp : https://chat.whatsapp.com/Gxlbc0sliFnJDCvY1IQsSB,1
27 kilo dispo,1
- 🚨🚨🚨‼️‼️🇨🇲🇨🇲,1
https://www.facebook.com/share/p/12EmU9vuqUu/ Les chansons de Maurice Kamto écouter partagé dans tous les groupes svp,1
Départ prévue demain le 3 mars,1
https://t.me/+HhWtWKqgq482NTQ6,1
*♻️A TITRE D'INFORMATIONS!!!*,1
1 place disponible pour fille en cohabitation avec une autre fille dans une chambre,1
"Pourquoi vous etes comme ca les noirs. Ton discours releve a suffisance que tu ne le connais ni de pret,  ni de loin! Faut arreter ca, ca n'avance pas notre communauté",1
C'est ici jai fait mon mon lycée,1
En guinée,1
C'est pourquoi tu aime les Camerounais (e),1
Depart prevue le 7 mars,1
🌃🏠дома,1
1 place disponible pour fille en cohabitation avec une autre fille dans une chambre,1
- 🚨🚨🚨‼️‼️🇨🇲🇨🇲,1
"Dans 15 jours, ils auront",1
*La durée d’un rapport se&uel varie entre 33 secondes et 6 minutes. Ne mettez pas votre vie en danger en cherchant à impressionner votre partenaire.*,1
- 🚨🚨🚨‼️‼️🇨🇲🇨🇲,1
Départ prévue le 06 mars,1
‎Suivez ce lien pour intégrer mon Groupe WhatsApp  : https://chat.whatsapp.com/HlMd2wuffgGItz7MzxjccG,1
Chambre disponible pour homme ou femme 20 min du métro 25000₽ avec eau et électricité,1
https://t.me/+HhWtWKqgq482NTQ6,1
Départ prévue le 06 Mars,1
1 place disponible pour fille en cohabitation avec une autre fille dans une chambre,1
🇷🇺🇷🇺bonjour a tous ceux qui veulent se régulariser contactez moi en pv .,1
"Hello fellas,",1
Il faut refusé ne croyez a rien après le 30 avril cest  la déportation massive,1
Départ prévue demain,1
Besoin d’une personne qui quitte le Cameroun pour Moscou c’est jours. Si,1
