text,label
"7/26/20, 10:37 PM - Group creator created group ""La famille de peter""",1
"7/26/20, 10:37 PM - You were added",1
Svp qui étudie à polytech ici ?,1
Svp c'est urgent,1
"Bonsoir!!  Besoin d'une chambre pour fille dans les, rayon de primoskaya.. Pour une période de 1mois et demi a compté de mi-juillet.",1
Bjr à tous besoin de 4 personnes demain pour travailler au метро большевиков (ligne orange),1
Le travail consiste à nettoyer les bâtiments et aussi faire monté le matériel par l'ascenseur.,1
8h de travail + 1h de pause,1
2500 roubles après le boulot,1
Moins 2,1
+,1
@79921896938 3,1
Moins 1,1
@23672504424 2,1
Moins 1,1
Fermé ❌❌❌,1
Bnsr à tous.  y'a t'il quelqu'un(e) qui quitte Moscou pour Saint petersbourg ce week-end.  J'ai un colis à faire descendre urgemment sur Saint petersbourg.,1
Service renuméré,1
Merci d'avance <This message was edited>,2
"Salutations, famille, je cherche une chambre ou un appartement, s'il y en a, faites-le-moi savoir, s'il vous plaît.",1
greetings family I'm looking for a room or apartment please if there's any let me know please,1
Une personne pour remplacer le numéro 4*,1
2500 руб,1
Метро большевиков,1
"6/7/24, 9:20 PM - Rich joined using this group's invite link",1
+,1
@79019770315 4,1
+,1
"6/8/24, 11:09 AM - +7 952 276-89-79 joined using this group's invite link",1
🛫🛫🛫🛫🛫🚨🚨🚨🚨,1
Départ le 13 juin 2024,1
🟡 Moscou🇷🇺»»> Cameroun 🇨🇲,1
46 kg disponible,1
🛫 envoyé vos documents 📑  et téléphone ☎️.          En tout sécurité,1
Contact +79963065594 ou 655808552        Écrivez sur WhatsApp,1
Mc2services ♻️🇷🇺🇨🇲,1
Bonsoir le lien pour voir le match SVP🙏🏽,1
Cameroun 1- Cap vert 0,1
C est déjà fini ?,1
"Bonsoir!!  Besoin d'une chambre pour fille dans les, rayon de primoskaya.. Pour une période de 1mois et demi a compté de mi-juillet.",1
Bonsoir la famille s'il vous plaît j'ai besoin d'une chambre ou d'une place en appartement si possible dans le métro ligne rouge ou bleue.Merci,2
"6/9/24, 1:06 PM - Rodriguez Peter removed ~ SERGE KAKE",1
Bonsoir svp lien du match de la France,1
🔥LIEN🔥 09/06,1
➖➖➖➖➖➖➖➖➖➖,1
📺 14h30 - Zverev ⚡️ Alcaraz,1
📺 20h00 - GP Canada 🏎️,1
➡️ t.me/huniliive306?livestream,1
➖➖➖➖➖➖➖➖➖➖,1
📺 21h15 - France ⚡️ Canada,1
➡️ t.me/huniliive307?livestream,1
merci,2
ça ne montre pas le match,1
Pas de nouvelles de la diffusion du match des Bleus ce soir. ❌📺,1
Les élections européennes et la dissolution de l'Assemblée Nationale prennent le dessus sur l'affiche France - Canada. 🗳️🇪🇺,1
okay,1
@79019770315 c’est déjà bon ici,1
oui oui merci,2
null,1
Bonjour à tous.tous ceux qui ont besoin d'un travail  constant ( manutention),1
"2/2 , 5/2 , 3/1 , 6/1",1
Faites moi signe en inbox pour tout les détails,1
J'ai besoin encore de 4 personnes ( de jour et de nuit ),1
3000 roubles,1
Ok,1
Bjr à tous besoin de 4 personnes demain pour travailler au метро большевиков (ligne orange),1
Le travail consiste à nettoyer les bâtiments,1
8h de travail + 1h de pause,1
2500 roubles après le boulot,1
+,1
+,1
@79019770315 1,1
@79193183951 2,1
+,1
@79910077803 3,1
+,1
@79916480756 4,1
Fermé ❌,1
"Salam à tous, Besoin du lien pour le match",1
Bjr à tous besoin de 7 personnes demain pour travailler au метро рыбацкое (dernier métro de la ligne verte),1
Le travail consiste à ramasser le matériel dans le chantier et nettoyé,1
8h de travail + 1h de pause,1
2500 roubles après le boulot,1
+,1
@79998478152 1,1
+,1
@25779875606 2,1
+,1
@79915597394 3,1
"6/11/24, 1:37 PM - +7 992 171-02-89 joined using this group's invite link",1
+,1
@79921710289 4,1
+,1
@201115024967 5,1
Moins 2,1
Moins 1 personne *,1
lien du match svp,1
🔥LIEN🔥 11/06,1
➖➖➖➖➖➖➖➖➖➖,1
📺 21h00 - Angola ⚡️ Cameroun,1
➡️ t.me/huniilive309?livestream,1
➖➖➖➖➖➖➖➖➖➖,1
📺 21h00 - Congo ⚡️ Maroc,1
➡️ t.me/huniilive310?livestream,1
Il ne fallait pas envoyer type là,1
Fermé ❌,1
Это информация это правильно? Какие условие??,1
Il ya quoi d'amusant ici @79003626251,1
Il faut te prendre au sérieux hein 😒,1
"C'est pas amusant! Rap, paix a son âme, champion😭😭😭😭",0
Repose en paix soldat 😞,1
Be proud and respect your roots and origin never pretend because you want to impress a whiteman 🤦🏻‍♂️,1
They already know who you are! 👌,1
Paix à son âme,1
"Repose en Paix🕊 surtout retenons une seule chose dans la vie  femme 👩 =femme quelque soit son origine ou sa couleur,  slmn les caractères qui sont  un p différents des unes des autres,  mais  l' appareil génital est pareil ! Restons 💪 très fort et  focus dans nos têtes 🙏🙏🙏🤝👍",1
"Moi je pige que dalle à son speech... Le frère est tombé sur un mauvais tuyau, c'est tout et ça peut arriver à tout le monde ! C'est pas une affaire de palmarès de femme blanche et bla bla bla.. Au fond le mec, il n'a rien à dire... RIP au défunt... C'est Dieu qui nous garde et veille sur nos pas... Le reste c'est bon pour la déchetterie 🧐 <This message was edited>",1
"Mes les mecs ne faisons pas de cela un débat juste une info. qu'il a filé c'est tout !! Nous sommes tous des majeurs et  responsables ici de nos  actes ! Comme le dis un adage c ns 《qu'il ne faut jamais conseillé un adulte,  mais plutôt l'informer car son cerveau 🧠 est trop développé pour choisir ce qui est bon pour lui》. 🤪😁Moi même  la semaine passée j'étais avec une toubabou mousso 🥂 le reste  g garde  ça pour la ........🤪🤑😶‍🌫️😶‍🌫️🥸🤓  alors  gérons  nos émotions mes frères",1
"Si quelqu'un a des doutes sur la cause de cet incident, c'est la même raison qui a tué de nombreux héros .STAY FUCUS👌",1
J'ai l'info direct !,1
Que cette âme repose dans la paix.,1
Rip,1
Bjr à tous besoin de 7 personnes demain pour travailler au метро рыбацкое (dernier métro de la ligne verte),1
Le travail consiste à ramasser le matériel dans le chantier et nettoyé,1
8h de travail + 1h de pause,1
2500 roubles après le boulot,1
+++,1
@79602647985 1,1
+,1
@201115024967 2,1
+,1
@79916480756 3,1
+,1
@79921710289 4,1
+,1
@237690776676 5,1
Salut la famille! Ça peut aides certains parmis nous☝🏾,1
Moins 2,1
+,1
@79522367189 6,1
+,1
@79019770315 7,1
Fermé ❌❌,1
Mbom faut laisser ce que tu raconte nous avions été tenté par tout ça surtout après un ou deux mois sans nias on était prés a aller n important où. Paix a son âme,1
Vos numéros de cartes en inbox s'il vous plaît,1
*ceux qui vont travailler demain prenez vos passeports svp*,1
null,1
"6/12/24, 11:15 PM - Оливиер joined using this group's invite link",1
Bsr,1
"Il y a aussi un adage qui dit ""la vie est un apprentissage qui ne finit jamais"". Un autre "" qui croit tout savoir n'apprend plus"".",1
Juste pour dire que c'est pas parce qu'on est adulte qu'on sait tout et qu'on plus besoin de conseils.,1
Que nôtre frère repose en Paix. Son combat est terminé. C'est pour nous qui est grave sinon lui est passé de l'autre côté.,1
"@79533644655 s'il y a des cotisations pour rapatrier le corps du frère, fais signe !",1
S'ils lancent la quête du côté de Tambov je vais mettre le numéro ici puis on va transférer ce qu'on peut.(*volontairement)* <This message was edited>,1
Bonjour à tous. Une personne pour remplacer le numéro 7,1
2500 рублей après le boulot,1
null,1
Bjr à tous besoin de 7 personnes demain pour travailler au метро рыбацкое (dernier métro de la ligne verte),1
Le travail consiste à ramasser le matériel dans le chantier et nettoyé,1
8h de travail + 1h de pause,1
2500 roubles après le boulot,1
+,1
+,1
+,1
+,1
@237690776676 1,1
+,1
+,1
@201115024967 2,1
@79916480756 3,1
@79032750643 4,1
@79043300956 5,1
@79111070126 6,1
+,1
+,1
Moins 1,1
@79119452071 7,1
Fermé ❌,1
Besoin encore d'une personne *,1
Tu connais mettre fermé grand 😂😂,2
Les gars d'aujourd'hui numéro de téléphone relié à vos cartes s'il vous plaît,1
Bjr à tous besoin de 7 personnes demain pour travailler au метро рыбацкое (dernier métro de la ligne verte),1
Le travail consiste à ramasser le matériel dans le chantier et nettoyé,1
8h de travail + 1h de pause,1
2500 roubles après le boulot,1
++,1
+,1
+,1
@79602647985 1,1
@79019770315 2,1
@79921906574 3,1
+,1
+,1
@79032750643 4,1
@79111070126 5,1
Moins 2,1
+,1
@79500281745 6,1
Moins 1,1
"6/14/24, 2:44 PM - +7 989 353-70-07 joined using this group's invite link",1
+,1
@79893537007 7,1
Fermé ❌,1
Bonsoir à tous.tous ceux qui ont besoin d'un travail  constant ( manutention),1
"2/2 , 5/2 , 3/1 , 6/1",1
Faites moi signe en inbox pour tout les détails,1
J'ai besoin encore de 3 personnes ( de jour et de nuit ),1
3000 roubles <This message was edited>,1
"6/14/24, 8:00 PM - Rodriguez Peter added ~ SERGE KAKE",1
Ok,1
bsr lien du match svp,1
🔥LIEN🔥 14/06,1
➖➖➖➖➖➖➖➖➖➖,1
📺 21h00 - Allemagne ⚡️ Ecosse,1
➡️ t.me/huniilive311?livestream,1
➖➖➖➖➖➖➖➖➖➖,1
📺 20h30 - Ares 22 🥊,1
➡️ t.me/huniilive312?livestream,1
Bsr famille. Excusez-moi hein l'Euro a commencé où quoi ?,1
C’est demain le match d’ouverture,1
Ok merci,2
😂😂😂 c’est aujourd’hui,2
Oui oui,1
Allemagne 4-0 Écosse,1
L’Allemagne mène déjà de 4 buts à  0,1
Merci Frangin,2
Bonjour les gars.,1
Nous sommes à quel niveau ?,1
A la sortie 1,1
null,1
La personne qui a besoin d’une chambre libre me ib,1
Ou la personne qui a besoin d’un appartement me ib,1
Voici les photos pour l’appartement les frais de visite c’est 2000 roubles nouveau appartement libre,1
2 chambres salon douche et cuisine appartement à Murino,1
2000 roubles les frais de déplacement,1
Les intéressés me ib,1
Deux chambres,1
Combien?,2
🔥LIEN🔥 15/06,1
➖➖➖➖➖➖➖➖➖➖,1
📺 15h00 - Hongrie ⚡️ Suisse,1
📺 18h00 - Espagne ⚡️ Croatie,1
📺 21h00 - Italie ⚡️ Albanie,1
➡️ t.me/huniilive313?livestream,1
Bonjour!!  Le payement c'est pour quand??,1
Cest pour lundi !! Il a eu un petit soucis ; donc sa se fera lundi !! 👌,1
Bien,2
Bjr à tous.ceux qui ont travaillé hier recevront leur argent demain,1
"6/16/24, 4:38 PM - +237 6 56 64 63 65 joined using this group's invite link",1
lien du match svp,1
⚽🏆✅ *C'est la fin qui détermine les moyens🇨🇲*,1
*Bien le bonjour le quartier*,2
⚽🏆 _Programme de la coupe d'Afrique du lundi 15 janvier 2024 en langue Française🇫🇷 Anglais 🏴󐁧󐁢󐁥󐁮󐁧󐁿 Espagnol🇪🇸 et allemand🇩🇪_,1
⚽ *17:00 Burkina Faso 🇧🇫 vs 🇲🇷 Mauritanie*,1
⚽ *20:00 Tunisie 🇹🇳vs 🇳🇦 Namibie*,1
⚽ *23:00 Mali 🇲🇱 vs 🇿🇦 Afrique du Sud*,1
"_Equipes favorites de la compétition By *7G SERVICES* : Cameroun 🇨🇲 , Guinée équatoriale 🇰🇲, RDC🇨🇩_",1
"_Tous la rageux qui me sature Inbox la, on 🇨🇲 testait seulement la formation hier pour ne pas être surpris à la finale_",1
NB : l'argentine avait même perdu son premier match,0
Bjr à tous besoin de 7 personnes demain pour travailler au метро рыбацкое (dernier métro de la ligne verte),1
Le travail consiste à ramasser le matériel dans le chantier et nettoyé,1
8h de travail + 1h de pause,1
2500 roubles après le boulot,1
+,1
+,1
@237690776676 1,1
@237656646365 2,1
+,1
+,1
+,1
@79893537007 3,1
@201115024967 4,1
+,1
null,1
null,1
@79522367189 5,1
"6/16/24, 6:18 PM - +7 904 603-40-23 joined using this group's invite link",1
Moins 2,1
+,1
@79916480756 6,1
Moins 1 personne,1
Bsr la famille. Svp j'ai besoin d'un boulot de nuit pour cette semaine qui commence demain 17 juin . C'est urgent ! Pays oblige lol,1
+,1
@79921710289 7,1
http://kylos.net/UCwllse/70216326633387781650b902c3,1
null,1
null,1
Ne m'attendez pas au métro les gars ; on se Take au lieu du wook,1
Bonjour la famille.,1
J'ai besoin d'un enregistrement.,1
Y-a-t-il quelqu'un qui peut m'aider à l'avoir?,1
Je n'ai plus que 5 jours.,1
Bonjour à tous. Besoin de 3 personnes demain au метро Парнас ( dernier métro de la ligne bleue),1
Le travail consiste à charger les pièces métalliques et déchargé dans un autre endroit,1
8h de travail + 1h de pause,1
2800 roubles après le boulot,1
+,1
+,1
+,1
+,1
😂😂😂😂,2
@79916480756 1,1
@237690776676 3,1
Fermé ❌❌,1
tu connais écrit ferme grand 😂😂,2
😆,2
C'est son mot préféré 😅,1
Bjr à tous besoin de 7 personnes demain pour travailler au метро рыбацкое (dernier métro de la ligne verte),1
Le travail consiste à ramasser le matériel dans le chantier et nettoyé,1
8h de travail + 1h de pause,1
2500 roubles après le boulot,1
+,1
+,1
+,1
@201115024967 1,1
@237656646365 3,1
++,1
+,1
@79602647985 4,1
@79998478152 5,1
+,1
@25779875606 6,1
Avant c’était avec les gros cadenas😂😂 maintenant les croix 😂😂😂 aloga est prêt 🙌🙌🙌,2
+,1
@79019770315 7,1
Fermé ❌❌❌,1
Si une place se libère je suis partant,1
Paiement ?????????,1
🙄🙄,1
Bonjour 200000 xaf pays besoin du rouble taux Google,1
S’abstenir les blagueurs,1
Ib,1
-,1
Moins 1 personne *,1
"6/17/24, 7:27 PM - Rodriguez Peter removed ~ Ugochukwu",1
Une personne pour remplacer le numéro 2,1
+,1
Fermé ❌,1
Moins 1 personne ici,1
+,1
@79255633758 2,1
bsr lien du match svp,1
"NOUVEAU CANAL , L’AUTRE A SAUTER ⚠️",1
🔥LIEN🔥 17/06,1
➖➖➖➖➖➖➖➖➖➖,1
📺 15h00 - Roumanie ⚡️ Ukraine,1
📺 18h00 - Belgique ⚡️ Slovaquie,1
📺 21h00 - Autriche ⚡️ France,1
➡️ t.me/huniilive316?livestream,1
"6/18/24, 7:19 AM - ~ Forestier added ~ Бладди🕔",1
"6/18/24, 9:02 AM - +7 992 198-28-96 joined using this group's invite link",1
"Bientôt ça sera ""besoin du FCFA, rouble disponible "" 😂😂😂",2
🤣🤣🤣🤣🤣,2
Une grande chambre !,1
Une cuisine !,1
Des toilettes et une douche!,1
Vers le métro Akademicheskaya.,1
Intéressé !,1
Ib.,1
😂😂😂😂😂,2
Bjr à tous besoin de 5 personnes demain pour travailler au метро рыбацкое (dernier métro de la ligne verte),1
Le travail consiste à ramasser le matériel dans le chantier et nettoyé,1
8h de travail + 1h de pause,1
2500 roubles après le boulot,1
+,1
@79916480756 1,1
+,1
+,1
@237656646365 2,1
@25779875606 3,1
+,1
@79910077803 4,1
@237690776676 5,1
Fermé ❌,1
lien du match svp,1
Tu connais mettre fermé grand,1
😂😂😂😂,2
🔥LIEN🔥 18/06,1
➖➖➖➖➖➖➖➖➖➖,1
📺 18h00 - Turquie ⚡️ Géorgie,1
📺 21h00 - Portugal ⚡️ République Tchèque,1
➡️ t.me/huniliive317?livestream,1
null,1
Bonjour a tous. Svp Besoin d'une chambre. Merci,2
Bjr .besoin d'un contact  a nihni novgorod .svp,1
Je monte sur Peter. Qui a un colis. Je suis à Moscou,1
Bonsoir à tous,1
"Tous ceux qui ont travaillé samedi, lundi et mardi",1
Numéro  de téléphone relié à vos cartes,1
En inbox,1
Je paye par liste,1
Bjr à tous besoin de 7 personnes demain pour travailler au метро рыбацкое (dernier métro de la ligne verte),1
Le travail consiste à ramasser le matériel dans le chantier et nettoyé,1
8h de travail + 1h de pause,1
2500 roubles après le boulot,1
+,1
@79916480756 1,1
+,1
@237656646365 2,1
+,1
@25779875606 3,1
+,1
@79998478152 4,1
Moins 2*,1
bsr lien du match svp,1
🔥LIEN🔥 19/06,1
➖➖➖➖➖➖➖➖➖➖,1
📺 15h00 - Croatie ⚡️ Albanie,1
📺 18h00 - Allemagne ⚡️ Hongrie,1
📺 21h00 - Ecosse ⚡️ Suisse,1
➡️ t.me/hunilivve318?livestream,1
Геймпад джойстик для приставки PS4 пк телефона PlayStation,1
+,1
@79776158138 5,1
Besoin de 50000frcfa j'ai le roubles,1
🔥LIEN🔥 20/06,1
➖➖➖➖➖➖➖➖➖➖,1
📺 15h00 - Slovénie ⚡️ Serbie,1
📺 18h00 - Danemark ⚡️ Angleterre,1
📺 21h00 - Espagne ⚡️ Italie,1
➡️ t.me/hunnilive319?livestream,1
Bjr à tous besoin de 7 personnes demain pour travailler au метро рыбацкое (dernier métro de la ligne verte),1
Le travail consiste à ramasser le matériel dans le chantier et nettoyé,1
8h de travail + 1h de pause,1
2500 roubles après le boulot,1
+,1
😂 yesss,2
+,1
@79916480756 1,1
@201115024967 2,1
+,1
@25779875606 3,1
+,1
@79998478152 4,1
+,1
@237690776676 5,1
+,1
@201115024967 tu connais mettre + Mr 🎓😹😹😹😹,1
@79857924156 6,1
"6/20/24, 5:14 PM - +7 989 353-70-07 changed their phone number to a new number. Tap to message or add the new number.",1
+,1
@79213986212 7,1
Fermé ❌❌❌,1
Tu connais mettre fermé grand,1
-,1
Moins 1 personne *,1
À quelle numéro vous joindre ??,1
Besoin d’envoyer 20000fcfa au pays.  Je donne le roubles ici. Taux Google,1
Intéressée ib,1
735000 xaf disponible au pays  besoin du roubles taux Google interessé ib,1
Bjr,1
Bjr à tous besoin de 5 personnes demain pour travailler au метро рыбацкое (dernier métro de la ligne verte),1
Le travail consiste à ramasser le matériel dans le chantier et nettoyé,1
8h de travail + 1h de pause,1
2500 roubles,1
+,1
+,1
+,1
+,1
+,1
+,1
@79019770315 1,1
@79998478152 2,1
@79910077803 3,1
@79921906574 4,1
+,1
@79213986212 5,1
Fermé ❌,1
Tu connais mettre fermé grand,1
Lien pour les matchs d’aujourd’hui svp,1
Tu m’as bosh un mauvais mot😅 l’enfant d’exfolian,1
"6/21/24, 3:49 PM - +7 996 353-88-10 joined using this group's invite link",1
J'ai besoin d'une place dans un appartement pour homme,1
C'est très urgent 😔,1
300000 xaf  disponible au pays  besoin du roubles taux Google interessé ib,1
Bsr,1
Yes,1
Ib bro si tu es intéressé,1
Bonjour à tous.tous ceux qui ont besoin d'un travail  constant ( manutention),1
"2/2 , 5/2 , 3/1 , 6/1",1
Faites moi signe en inbox pour tout les détails,1
J'ai besoin encore de 4 personnes ( de jour et de nuit ),1
3000 roubles,1
"6/21/24, 7:24 PM - +7 921 429-20-48 joined using this group's invite link",1
Lien du match svp,1
🔥LIEN🔥 21/06,1
➖➖➖➖➖➖➖➖➖➖,1
📺 15h00 - Slovaquie ⚡️ Ukraine,1
📺 18h00 - Pologne ⚡️ Autriche,1
📺 21h00 - Pays-Bas ⚡️ France,1
➡️ t.me/huniliive320?livestream,1
➖➖➖➖➖➖➖➖➖➖,1
📺 13h30 - Essais Libres F1 🏎️,1
📺 17h00 - Essais Libres F1 🏎️,1
➡️ t.me/huniliive321?livestream,1
"6/22/24, 2:17 AM - +7 985 793-03-05 changed to +7 991 913-26-27",1
Bonsoir à tous en effet pour toute personne souhaitant faire monter quelque chose,1
Départ prévu Douala - Moscou,1
Vendredi kilo disponible,1
50 kg(documents et vivres),1
Départ aujourd'hui à 01:39 vers Moscou depuis saint Petersburg.,1
Besoin d'envoi de colis.,1
Contacter moi IB,1
Bjr 500000 xaf de disponible au pays besoin du rouble au taux Google.interessé ib,1
Départ aujourd'hui à 01:39 vers Moscou depuis saint Petersburg.,1
Besoin d'envoi de colis.,1
Contacter moi IB,1
Retour mardi.matin,1
Semaine du 24-30juin voyage enregistré,1
1.25 -06-2024 Moscou -Douala -Yaounde 23kilo,1
2.25-06-2024 Moscou-Berlin 20kilo disponible,1
3.27-06-2024,1
Briansk-Moscou-Douala -Yaounde,1
23kilo,1
Moscou -Berlin le 25,1
20kg disponible,1
"Bsr la famille , il y a quelqu’un qui part pour la RDC , si oui fait moi signe en pv svp!!!!!",1
Moi aussi j'ai besoin de votre aide je cherche là où se trouve l'ambassade de Canada à péter ou Moscow s'il est possible qu'on puisse me donner Visa s'il vous plaît mes frères c'est vraiment urgent,1
Non,1
On dépose au centre de visa,1
Pas au consulat,1
Okay,1
Alors une fois là-bas ils pourront guider.,1
"6/24/24, 4:31 PM - +237 6 97 72 98 46 joined using this group's invite link",1
"Je cherche un appartement, studio où une chambre urgent 🙏🏽",1
Bjr à tous besoin de 10 personnes demain pour travailler au метро рыбацкое (dernier métro de la ligne verte),1
Le travail consiste à ramasser le matériel dans le chantier et nettoyé,1
8h de travail + 1h de pause,1
2500 roubles,1
Tu connais mettre le travail grand frère 😂😂,2
Bonsoir à tous pour des raisons inconnues la compagnie de fret aérien camerounais réceptionnera les colis jeudi soir pour embarquer très tôt le vendredi matin. Alors toute personne qui sollicite acheter les kilos bien vouloir le faire avant jeudi matin,2
Merci bien.,2
Le ramassage de vos colis se fait à Douala 50 kg disponibles.,1
Fermé ❌❌,1
*ceux qui ont travaillé vendredi et samedi. Numéro de carte en inbox*,1
Bsr à toutes et à tous,1
Ceux qui ont besoin de dollar….faites moi sign,1
Il faudrait bien vérifier l'authenticité des billets,2
Normalement 😂😂,2
"6/24/24, 11:57 PM - ~ assambalucien was added",1
Merci pour l'ajout,2
S'il vous plaît la famille qui connait quelqu'un à l'université de Ariol,1
Salut les amis,1
Besoin de colocation,1
Juste Celui qui on peut rester et contribuer au loyer,1
🔥LIEN🔥 25/06,1
➖➖➖➖➖➖➖➖➖➖,1
📺 18h00 - France ⚡️ Pologne,1
📺 21h00 - Angleterre ⚡️ Slovénie,1
📺 03h00 - Chilie ⚡️ Argentine,1
➡️ t.me/huniliive328?livestream,1
➖➖➖➖➖➖➖➖➖➖,1
📺 18h00 - Pays-Bas ⚡️ Autriche,1
📺 21h00 - Danemark ⚡️ Serbie,1
➡️ t.me/huniliive329?livestream,1
Merci frère,2
Bonjour,1
Besoin d'enregistrement de Saint-Pétersbourg pour un étudiant s'il vous plaît.,1
Bjr à tous besoin de 4 personnes demain pour travailler au метро рыбацкое (dernier métro de la ligne verte),1
Le travail consiste à ramasser le matériel dans le chantier et nettoyé,1
8h de travail + 1h de pause,1
2500 roubles,1
"6/25/24, 3:07 PM - +44 7533 393962 joined using this group's invite link",1
+,1
@25779875606 1,1
+,1
@79213986212 2,1
Besoin d'une chambre à louer,1
Ou une cohabitation,1
Moins 1,1
+,1
@79955523397 4,1
Fermé ❌❌,1
Tu connais mettre fermé grand,1
Bsr 250000 xaf au Cameroun besoin du roubles taux Google.interessé ib,1
Bonjour à tous,1
Départ en vue 🇨🇲,1
Yaoundé/Dla — Moscou.,1
Date 08/07/2024,1
Ancien en 🇷🇺,1
Kilos 46 disponible,1
Intéressé ib,1
Besoin encore d'une 5eme personne *,1
"6/25/24, 7:12 PM - +237 6 56 64 63 65 changed their phone number to a new number. Tap to message or add the new number.",1
Hum!,1
Salut besoin d’un travail pour femme,1
"6/25/24, 9:24 PM - Rodriguez Peter removed ~ Joker ♥️♣️♠️♦️ Mr Mboa",1
"6/25/24, 10:20 PM - Rodriguez Peter added ~ Joker ♥️♣️♠️♦️ Mr Mboa",1
Vous ne Venez plus free boy ??,1
Bonsoir à tous. Besoin de  1 personne demain au метро Парнас ( dernier métro de la ligne bleue),1
Le travail consiste à charger les pièces métalliques et déchargé dans un autre endroit,1
8h de travail + 1h de pause,1
2800 roubles après le boulot,1
+,1
+,1
@79522768979 1,1
Fermé ❌,1
📢 rebonsoir à tous:,1
-Le premier voyage Douala-moscou départ jeudi matin  reste de kilos disponibles 20 kg,1
-deuxieme voyage Douala-moscou départ vendredi 9 h nombre de kilos disponibles 10kg,1
Merci bien et bonne soirée à tous.,2
Bsr y’a t’il quelqu’un qui quitte Bryans pour saint petersbourg c’est jours si ?,1
Voyage Yaounde-Douala Moscou 1juillet 30kilo disponible,1
Yaounde-Douala-Tambov 10juillet 46kilo disponible,1
10juilletYaounde-Douala-Petersbourg 46kilo disponible,1
10juilletYaounde-Douala-Ekaterinbourg 46kilo disponible,1
10juilletYaounde-Douala-Briansk 46kilo disponible,1
10juillet Yaounde-Douala-Ninji Novgorod 46kilo disponible,1
Yaoundé 10juillet Douala-Moscou 46kilo disponible,1
Massa😄😄😄,1
Peter - Douala - Ydè🤝👌,1
On vous paye aussi en roubles dans le pays ci comme nous autres 🥹,1
Oui,1
😂😂😂,2
Le retour,1
Oui oui,1
Bsr,1
Bjr Bjr cherche une chambre autour de parnas ou provenchenya,1
Bonjour à tous,1
Départ en vue 🇨🇲,1
Yaoundé/Dla — Moscou.,1
Date 08/07/2024,1
Ancien en 🇷🇺,1
Kilos 23 disponible,1
Intéressé ib,1
"6/28/24, 4:11 PM - +221 77 776 65 64 joined using this group's invite link",1
🚨🚨🚨🚨🚨🚨🚨🚨🚨🚨,1
Bonsoir la famille,1
Pour tout ceux qui descendent au cameroun ces jours,1
"Il y’a le CFA en liquide disponible sur Moscou, *3,000,000FCFA*",1
Prêt pour échange contre roubles à un tôt raisonnable,1
Merci,2
Tu prends 360000 roubles?,1
400000 dernière prix,1
Ok c’est pas mon niveau,1
"Rebonsoir, toute personne désirant recevoir un colis de  destination suivante:",1
Douala-moscou,1
Document 1500 roubles,1
Vivres et autres 1000 roubles/kilos,1
Voyage prévu pour le 9 juillet Merci bien,2
🔥LIEN🔥 29/06,1
➖➖➖➖➖➖➖➖➖➖,1
📺 12h00 - Course F1,1
📺 16h00 - Qualifs F1 🏎️,1
📺 18h00 - Suisse ⚡️ Italie,1
📺 21h00 - Allemagne ⚡️ Danemark,1
📺 02h00 - Argentine ⚡️ Pérou,1
➡️ t.me/huniilive333?livestream,1
🏃🏃🏃,1
Qui a le cfa au Cameroun et veut le rouble,1
Taux google,1
Besoin du franc cfa taux Google,1
La prochaine fois je lis  ça je vais vous retirer 🤣🤣🤣🤣🤣🤣,2
Lien du match svp,1
Bjr 173000 xaf pays besoins du roubles ;taux Google,1
Interessé ib ;prière de ne pas perdre nôtre temps (uniquement taux Google),1
null,1
null,1
"Besoin d'une personne pour faire le change , je donne le rouble et je prends le cfa, taux google",1
Bonjour chers tous,1
Réception des documents encore possible,1
Départ Ydé/Dla — Moscou,1
Date 08/07/2024,1
Salut besoin d'une place pour fille,1
"Bonjour, s'il vous plaît.  Quelqu'un peut-il me dire les jours où l'ambassade du Cameroun est ouverte pour recevoir des gens.",1
"Tu es parti quand, on t'a chassé ? 🤔",1
🤟🏼,1
Warrrrr le répondant des camerounais 🤣🤣🤣🤣😂😂😂,2
Mardi à jeudi 9h30 -13h,1
Svp qui a le lien du match,1
Salut à tous besoin de 2 places libres,1
🤣🤣🤣,2
Si il y’a une personne qui a 2 places libres chez lui veille m’informer si vous plaît  c’est urgent,1
Bsr,1
Répondant 🤣🤣🤣😂😂,2
Bsr lien du match svp,1
🤣🤣🤣,2
Même le lien il y’a pas ???,1
Bonjour à tous besoin d'une place pour une fille,1
C'est combien,2
Pourquoi toujours noyade? 🥲,1
"Bonne question, à croire qu'on ne devrait plus se rapprocher des cours d'eau ici 🤔",1
Trop de morts par noyade parmi nous... C'est très suspect. En plus ça date pas d'aujourd'hui,1
Très très triste cette histoire de mort par noyade car ça fait déjà de trop.,0
Bonjour chers tous,1
Réception des documents encore possible,1
Départ Ydé/Dla — Moscou,1
Date 08/07/2024,1
"Si tu n'es pas initié, pourquoi aller dans l'eau ? Nagez chez vous au village, vous n'allez jamais vous noyer.",1
Bonjour à tous,1
S'il vous plaît ajoutez ce numéro dans le groupe,1
+7963246-99-60,1
Merci <This message was edited>,2
"7/3/24, 11:01 AM - +7 963 246-99-60 joined using this group's invite link",1
"Dire que je suis le champion des randonnées, ça me fait deja peur.",1
Salut,1
J’ai besoin de 60.000 CFA en côte D’ivoire.,1
Je donne le rouble.,1
Intéressé inbox,1
Bonjour à tous.tous ceux qui ont besoin d'un travail  constant ( manutention),1
"2/2 , 5/2 , 3/1 , 6/1",1
Faites moi signe en inbox pour tout les détails,1
J'ai besoin encore de 3 personnes ( de jour et de nuit ),1
3000 roubles,1
Salut la famille besoin d’une place celui qui a une place me fait signe svp,1
Svp l'adresse d'un kostel,1
"7/3/24, 3:19 PM - Ассонфк Даниел joined using this group's invite link",1
"Bonsoir à tous , s’il vous je veux l’adresse d’un Auberge moins cher dans la ville de saint petersboug",1
🚨🚨,1
"Si quelqu’un connais , qu’il m’aide svp !",1
Bonsoir à tous. Besoin de 6 personnes pour le nettoyage d'un bâtiment.,1
Метро большевиков ( ligne orange),1
De 9h à 18h avec une heure de pause incluse,1
2700 roubles après que le travail soit fini,1
+,1
+,1
@79998364633 1,1
@79910077803 2,1
+,1
+,1
+,1
+,1
@79013995360 3,1
@79522768979 4,1
+,1
+,1
@23782688686 5,1
@237690776676 6,1
Fermé ❌❌,1
Bonsoir la famille.,1
Y-a-t-il quelqu'un qui part à Douala ou Yaoundé ces jours ci?,1
J'ai un document à faire envoyer svp.,1
null,1
Qui fait Les cartes de visite!???,1
I do !,1
"7/4/24, 6:49 PM - +7 900 306-36-88 joined using this group's invite link",1
🔥LIEN🔥 05/07,1
➖➖➖➖➖➖➖➖➖➖,1
📺 18h00 - Espagne ⚡️ Allemagne,1
📺 21h00 - Portugal ⚡️ France,1
➡️ t.me/hunilivee340?livestream,1
Bonjour à tous.tous ceux qui ont besoin d'un travail  constant ( manutention),1
"2/2 , 5/2 , 3/1 , 6/1",1
Faites moi signe en inbox pour tout les détails,1
J'ai besoin encore de 2 personnes ( de jour et de nuit ),1
3000 roubles,1
null,1
Bro le lien du match,1
🔥LIEN🔥 06/07,1
➖➖➖➖➖➖➖➖➖➖,1
📺 18h00 - Angleterre ⚡️ Suisse,1
📺 21h00 - Pays-Bas ⚡️ Turquie,1
➡️ t.me/hunnilive341?livestream,1
➖➖➖➖➖➖➖➖➖➖,1
📺 12h30 - Essais Libres 3 🏎️,1
📺 16h00 - Qualifs F1 🏎️,1
➡️ t.me/hunnilive342?livestream,1
5000 roubles à un taux arrangeable Bénin,1
"7/7/24, 3:10 PM - +7 995 551-66-19 joined using this group's invite link",1
La mèche ou la femme ???,1
Moi je vois slmt les griffes de la panthère !!!,1
La mèche,1
Ok,1
Tu peux trouver sur ozone sur WD bery oubien dans la boutique,2
Ah dans la vie il faut être précis. C'est a la femme j'ai pensé en premier après lecture,1
😂😂😂😂 walaye c'est fort.. Vous la quoi??,2
Ah toi aussi. Tu as oublié que l'on est en sevrage il y a longtemps. Et nos sens sont aiguisé 🤣🤣🤣🤣🤣,2
Les détails sont très importants 😂😂😂,2
*Female hairdresser needed.*,1
You can inbox if interested 👌🏿,1
"Hello good morning everyone,please a room needed urgently and very ready to move in.please if there's dm me.thanks",1
Bonjours!  quelqu'un a Numero d'un хостел ou общежитии ?,1
Marathon des voyages la semaine prochaine,1
1.8juillet Moscou -Yaounde 46kilo,1
2-11 juillet Moscou -Douala-Yaounde 60kilo,1
3-7juillet Douala-Moscou 46kilo,1
4.10Juillet Yaounde-Douala-Russie 400kilo,1
5-11 juillet Yaounde-Douala-Moscou,1
92kilo,1
Ah on dirait que la Russie c'est pour les camerounais 🤣🤣🤣,2
13 juillet Moscou -Douala-Yaounde 26kilo disponible,1
Bnjr à tous. Demain besoin de 10 personnes pour faire le nettoyage à l'extérieur des ordures( le bâtiment veut être livré.,1
8h de travail  + 1h de pause,1
Метро проспект ветеранов,1
2700 roubles juste après le boulot,1
+,1
+,1
null,1
null,1
"😹🤣Il faut te prendre au sérieux mbombo, comme mon chaud grand @79045526457  dit souvent.",2
@79013995360 1,1
@23782688686 2,1
😂😂😂 exactement le 10 en majuscules,2
Svp je vais perdre le fil,1
+,1
+,1
null,1
@79522768979 3,1
D'accord l'enfant de maman Odette ❤️ depuis la sanaga maritime 🫡🙌,1
Moins 5 personnes *,1
Bonjour à tous,1
Besoin urgemment de 3 places pour filles.,1
Pas nécessaire d’être au même lieu.,1
Merci,2
Humm doyen,1
Doyen c’est qui comme ça ?🤣,2
Toi,1
+,1
@201115024967 4,1
+,1
@79522367189 5,1
+,1
@79998364633 6,1
+,1
@79632469960 7,1
Moins 3 personnes * <This message was edited>,1
+,1
@79857924332 8,1
Moins 2*,1
"7/9/24, 1:35 PM - +244 933 409 328 joined using this group's invite link",1
+,1
@79213986212 9,1
+,1
Fermé ❌❌❌,1
*8h00 sans retard au метро проспект ветеранов*,1
*Sortie дачный проспект*,1
*Паспорт собой*,1
"Le ministre du travail,💪 l'enfant de maman Odette❤️ depuis la haute sanaga 🫡🙌",1
Région du centre 😁,1
L'homme qui a mis l'eau dans canne à sucre,1
Est ce que je m'appelle Voula alors💁🏽‍♂️,1
😂,2
Parmi le boss il y a des boss,1
😂🤣,2
🤦🏽‍♂️,1
"7/9/24, 7:41 PM - +7 985 787-53-04 joined using this group's invite link",1
Besoin d'un colis à ydé,1
Bonsoir à tous,1
bsr lien du match svp,1
Bonsoir à tous qui as un place libre chez lui,1
Je cherche une chambre,1
C’est urgent,1
🔥NOUVEAU LIEN🔥 09/07,1
➖➖➖➖➖➖➖➖➖➖,1
📺 21h00 - Espagne ⚡️ France,1
➡️ t.me/huunilive344?livestream,1
*une personne pour remplacer le numéro 5* <This message was edited>,1
Moi,1
Je t'ai déjà ajouté mais il manque encore une personne *,1
Salut les gars,1
S il vous plaît,1
Un lien du match,1
Merci,2
Bjr à tous. Encore 1 personne,1
2700 roubles après le boulot,1
"Je suis là meilleur joueur de, tous les temps",1
"7/10/24, 8:08 AM - +7 992 164-35-15 joined using this group's invite link",1
Bjr la grande famille de peter,1
"7/10/24, 8:49 AM - +7 913 114-86-54 joined using this group's invite link",1
Salut 👋,1
Bnjr à tous. Demain besoin de 2 personnes pour faire le nettoyage à l'extérieur des ordures( le bâtiment veut être livré),1
Pour 6 jours,1
8h de travail  + 1h de pause,1
Метро проспект ветеранов,1
2800 roubles juste après le boulot,1
+,1
+,1
@79013995360 1,1
+,1
@79213986212 2,1
Fermé ❌❌❌,1
Bnjr à tous. Demain besoin de 10 personnes pour faire le nettoyage à l'extérieur des ordures( le bâtiment doit être livré,1
8h de travail  + 1h de pause,1
Метро проспект ветеранов,1
2800 roubles juste après le boulot,1
+,1
@79857924156 1,1
@79019770315 2,1
Bonjour à tous,1
Il y’a t-il un coiffeur ici ?,1
bjr qui part au Cameroun ses jour,1
+,1
+,1
@79111070126 4,1
"7/10/24, 11:26 AM - +7 904 637-02-58 joined using this group's invite link",1
+,1
Moins 6 personnes *,1
@79046370258 5,1
-,1
"7/10/24, 12:37 PM - +7 994 427-18-60 joined using this group's invite link",1
+,1
@79944271860 6,1
+,1
@25761204034 7,1
Bonjour qui connaît une méthode pour recevoir un colis depuis France vers la Russie?,1
Moins 3,1
+,1
@79910077803 8,1
Moins 2,1
Numéro de carte*,1
lien du match svp,1
Lien du match svp,1
🔥 LIEN🔥 10/07,1
➖➖➖➖➖➖➖➖➖➖,1
📺 21h00 - Pays-Bas ⚡️ Angleterre,1
➡️ t.me/hunillive345?livestream,1
les gras vous êtes où ?,1
Besoin d’un coiffeur !!,1
Bonjour à tous,1
"7/11/24, 11:33 AM - +7 926 636-99-59 joined using this group's invite link",1
🛫🛫🛫🛫🛫🚨🚨🚨🚨🚨🚨🚨🔉🔉🔉🔉,1
🔘départ prévu Le 17 juillet 2024,1
🟢Yaoundé🇨🇲 »»moscou🇷🇺,1
80 kg disponibles,1
🛫 envoyé vos documents 📑  et téléphone ☎️.          En tout sécurité,1
Contact +79964752890  ou +79963065594 Écrivez sur WhatsApp,1
"7/11/24, 4:01 PM - +242 06 681 2421 joined using this group's invite link",1
Eiiiih.... 🤦🏻‍♂️🤣🤣🤣... There're so many of these freaks in the streets 🤦🏻‍♂️,2
Bnjr à tous. Demain besoin de 2 personnes pour faire le nettoyage,1
Pour 5 jours,1
8h de travail  + 1h de pause,1
Метро проспект ветеранов,1
2800 roubles juste après le boulot,1
+,1
@79046370258 1,1
J'ai confiance là-bas 18h56 18h56 c'est action réaction tu ne voulais mm pas savoir si c'est le work ou pas 🤣🤣,2
🤣🤣🤣🤣💘,2
Fermé,1
J’ai une fille qui veux du travaille d’urgence svp,1
Salut,1
Urgent quelqu’un qui quitte ydé pour Moscou ou pour spb,1
"7/12/24, 3:42 PM - +7 999 025-40-57 joined using this group's invite link",1
Les nerfs 😂,2
null,1
null,1
null,1
null,1
"Roubles disponibles besoin du cfa, taux google uniquement",1
Présent,1
Bjr stp ne publie plus le passeport des gens ici stp,1
Bnsr à tous. Demain besoin  de 4 personnes pour transporter le papier carton au метро балтийская (ligne rouge),1
8h de travail + 1h de pause,1
2700 roubles,1
+,1
@22966698577 1,1
Moins 2,1
Moins 1 personne,1
+,1
@25779875606 4,1
Fermé ❌❌❌,1
Снт экология,1
Let's meet 😉,1
Bjr à tous. 550.000 fcfa au continent. Besoin du roubles (taux Google),1
"Roubles disponibles besoin du cfa, taux google uniquement",1
Slt bro,1
Bnsr à tous. Demain besoin de 2 personnes pour faire le nettoyage,1
8h de travail  + 1h de pause,1
Метро проспект ветеранов,1
2800 roubles juste après le boulot <This message was edited>,1
Combien,2
+,1
@79921942011 1,1
Bnsr à tous. Demain besoin  de 6 personnes pour transporter le papier carton au метро балтийская (ligne rouge),1
8h de travail + 1h de pause,1
2700 roubles,1
Boss Éric Mandala,1
+,1
+,1
@79921942011 1,1
@79042171712 2,1
L’homme qui avale le roubles 😊😊😊,1
"7/14/24, 7:35 PM - +7 904 553-87-50 joined using this group's invite link",1
+,1
+,1
@79117655135 3,1
@79045538750 4,1
Moins 2,1
🛫🛫🛫🛫🛫🚨🚨🚨🚨🚨🚨🚨🔉🔉🔉🔉,1
🔘départ prévu Le 17 juillet 2024,1
🟢Yaoundé🇨🇲 »»moscou🇷🇺,1
80 kg disponibles,1
🛫 envoyé vos documents 📑  et téléphone ☎️.          En tout sécurité,1
Contact +79964752890  ou +79963065594 Écrivez sur WhatsApp,1
bsr lien du match svp,1
Сc le lien pour la finale svp,1
Programme Dimanche 14/07,1
📺 21h00 - Espagne ⚡️ Angleterre,1
📺 02h00 - Argentine ⚡️ Colombie,1
🔽🔽🔽🔽🔽🔽🔽🔽🔽🔽,1
t.me/huniilive346?livestream,1
➖➖➖➖➖➖➖➖➖➖,1
PRONOSTICS ⚽️🎾🏀,1
🔽🔽🔽🔽🔽🔽🔽🔽🔽🔽🔽🔽,1
Merci,2
Tu peux regarder dans матч тв прямой эфир,1
Ok d’accord,1
Le lien du match,1
Svp,1
Salut à tous,1
Je suis à la recherche d’une chambre à une personne non loin du métro.,1
"Svp celui qui en connaît, prière de me faire signe d’ici la fin de ce mois 🙏🙏. <This message was edited>",1
Bjr à tous! Roubles disponible besoin du CFA au Bled.intersessée ib,1
Bjr 150000 xaf disponible au pays besoin du roubles taux Google. Intéressé ib,1
Bnsr à tous. Demain besoin de 2 personnes pour faire le nettoyage,1
8h de travail  + 1h de pause,1
Метро проспект ветеранов,1
3000 roubles juste après le boulot,1
+,1
@79042171712 1,1
+,1
@79213986212 2,1
Fermé ❌❌❌,1
8ч. 00 ☝️,1
Demain besoin de 4 personnes au metro дыбенко (ligne orange).le travail consiste à nettoyer les ordures,1
8h de travail + 1h de pause,1
2800 roubles après le boulot <This message was edited>,1
null,1
+,1
+,1
@79522768979 1,1
"Bonsoir , besoin d’envoyer 10 mille au pays",1
+,1
@79117655135 2,1
Bonjour à tous! Roubles disponible besoin du CFA au Bled.interessée ib,1
Bnsr à tous. Demain besoin de 2 personnes pour faire le nettoyage,1
8h de travail  + 1h de pause,1
Метро проспект ветеранов,1
3000 roubles juste après le boulot,1
🛫🛫🛫🛫🛫🚨🚨🚨🚨🚨🚨🚨🔉🔉🔉🔉,1
🔘départ prévu demain Le 17 juillet 2024,1
🟢*Yaoundé-Douala 🇨🇲 »»moscou*🇷🇺,1
80 kg disponibles,1
🛫 envoyé vos documents 📑  et téléphone ☎️.          En tout sécurité,1
Nb: anciens en Russie,1
Contact +79964752890  ou +79963065594 Écrivez sur WhatsApp,1
Fermé ❌❌,1
Demain besoin de 3 personnes au metro дыбенко (ligne orange).le travail consiste à nettoyer les ordures,1
8h de travail + 1h de pause,1
2800 roubles après le boulot,1
+,1
"7/16/24, 3:17 PM - Rodriguez Peter removed ~ ~K@RI$M@~",1
Message INFINITY SERVICES on WhatsApp. https://wa.me/message/Y6Z67KOQOKWJO1,1
+,1
@79255633758 2,1
null,1
Bonjour ;,1
300000 xaf disponible au Cameroun besoin du roubles ; taux Google interessé ib . Inutile de m’écrire si c’est pas le taux Google,1
Merci,2
Moins 1 personne *,1
Qui a besoin du franc cfa taux Google,1
Tu as combien ?,2
100000 franc,1
J’ai dire taux Google je veux pas les talks,1
🤔,1
"Salut les gars, s'il vous plait, j'ai un besoin urgent d'une chambre ou d'un espace, veuillez me contacter s'il y en a.Saint Petersburg",1
"Hello guys, please, I urgently need a room or a space, please contact me if there is any.Saint Petersburg",1
+,1
@79632469960 3,1
Moins 1,1
@79998478152 4,1
Moins une personne *,1
Mon président,1
Bonsoir c'est toujours disponible?,1
@224621452206 5,1
Une 3eme personne pour проспект ветеранов,1
3000 рублей après le boulot,1
Bonsoir,1
Besoin d’un coiffeur,1
1500₽,1
2000₽ pour toi,1
Eke sa tête est que comment ???,1
Je coiffe avec tous les produits mon frère 🙌🏾🙌🏾,1
"7/17/24, 1:34 AM - +7 911 009-85-66 changed to +7 900 639-08-27",1
"7/17/24, 4:35 AM - +224 628 85 92 39 joined using this group's invite link",1
Les produits que tu utilises empêchent les cheveux de pousser à nouveau ? 🤔,1
Abec abec père 🤣🤣🤣🤣🤲,2
la haine à outrance 🤣,2
Je suis dépassé🤣🤣🤣🤣,2
Voyage pour le 29 juillet,1
Saint petersbourg - Moscou - Yaoundé,1
10kg disponibles,1
Bonjour à tous! Roubles disponible besoin du CFA au bled.,1
Bnjr à tous. Demain besoin de 2 personnes pour faire le nettoyage,1
8h de travail  + 1h de pause,1
Метро проспект ветеранов,1
3000 roubles juste après le boulot,1
Moins une personne *,1
+,1
@79534729423 2,1
Fermé ❌❌❌,1
Bonjour !,1
Qui va au Cameroun ces jours ci !,1
null,1
Bonjour à tous.tous ceux qui ont besoin d'un travail  constant ( manutention),1
"2/2 , 5/2 , 3/1 , 6/1",1
Faites moi signe en inbox pour tout les détails,1
J'ai besoin encore de 3 personnes ( de jour et de nuit ),1
3000 roubles,1
"Bonjour à tous,",1
besoin d'un endroit où loger cette nuit le temps de chercher un appartement urgent svp,1
@79253312877 vient gérer ça,1
Demain besoin de 4 personnes au metro дыбенко (ligne orange).le travail consiste à déplacer le matériel,1
8h de travail + 1h de pause,1
3000 roubles après le boulot <This message was edited>,1
@224621452206 1 2,1
@79255633758 3,1
Moins 1,1
+,1
Encore 1 personne *,1
"7/17/24, 4:18 PM - +7 925 559-93-53 joined using this group's invite link",1
+,1
@79111070126 4,1
Merci à tous le concerné qui venait d'une autre ville à pu trouver où loger,2
Roubles disponible besoin du CFA au bled.interessé ib.NB : je ne gère pas le taux Google juste par simple arrangement.,1
Bonjour à tous.tous ceux qui ont besoin d'un travail  constant ( manutention),1
"2/2 , 5/2 , 3/1 , 6/1",1
Faites moi signe en inbox pour tout les détails,1
J'ai besoin encore de 3 personnes ( de jour et de nuit ),1
3000 roubles,1
Demain besoin de 6 personnes au metro дыбенко (ligne orange).le travail consiste à déplacer le matériel,1
8h de travail + 1h de pause,1
3000 roubles après le boulot,1
+ Rick <This message was edited>,1
@79890366189 1,1
null,1
+,1
@237674939838 2,1
+,1
@22966698577 3,1
+,1
@79255633758 4,1
Moins 2 personnes*,1
+,1
@79921942011 5,1
Moins 1,1
+,1
@79266369959 6,1
Fermé ❌❌❌,1
"7/19/24, 12:02 AM - +7 953 154-98-21 joined using this group's invite link",1
Bonjour 500000 xaf disponible au pays besoin du roubles; taux Googles,1
S’abstenir de ne pas perdre notre temps d’autres propositions.merci,2
J'ai confiance,1
Bnjr à tous. Demain besoin de 2 personnes pour faire le nettoyage,1
8h de travail  + 1h de pause,1
Метро проспект ветеранов,1
3000 roubles juste après le boulot,1
+ Rick,1
+ИЛЬБУДО,1
@79890366189 1,1
@79531549821 2,1
Fermé ❌❌❌,1
Demain besoin de 4 personnes au metro дыбенко (ligne orange).le travail consiste à déplacer le matériel,1
8h de travail + 1h de pause,1
3000 roubles après le boulot,1
+,1
+,1
@237674939838 1,1
@79255633758 2,1
+,1
"Métro numéro 41 , c'est dans quelle ville ? Et met la pointure",1
+,1
@22966698577 3,1
Metro number 41 ???? 👀,1
N°41 c'est la pointure,1
Il a écrit qu'il livre dans ton métro et la pointure N°41 il faut réfléchir un peu nhr <This message was edited>,1
Ah ok je vois déjà ☺️,1
C’est ton « il faut réfléchir un peu non » qui me retient ici,1
"Merci de m’avoir éclairé le message, mais au delà de ça c’est bon ma sœur <This message was edited>",2
Dsl si tu as pris mal,1
"Non y’a rien, ici on est tous des mêmes personnes, donc tu es excusé.",1
@79963538810 4,1
Fermé ❌❌❌,1
1xbet a son service de support technique qui travaille 24/24heures😇😇,1
"C’est pas faut,mais je suis un agent certifie de 1xbet pour ton information ℹ️",1
Dis alors à 1xbet de t'ouvrir un bureau ici,1
"Je ne suis pas le propriétaire de l’entreprise,je dis bien,je suis un agent.",2
Si tu as un problème contact moi c’est tout.,0
C’est n’es pas 1xbet qui m’a envoyé ici.,1
ET pourquoi tu fais sa publicité dans les groupes ?,1
C’est n’es pas aujourd’hui que j’ai commencé à publier dans ce groupe.,1
Y’a beaucoup de personnes ici qui se déplace pour venir me trouver chez moi pour réglé leur problème de 1xbet.,0
D’ailleurs c’est bon je ne faire plus de débat sur ce sujet avec toi car tu n’es pas concerné.,1
-100000 xaf,1
-100.000fr champion,1
Tu veux le xaf?,1
Oui,1
Tu as bien lu taux Google uniquement,2
Parce que je te connais et tu envoies l’argent avant et on donne le rouble,1
Sisi,1
Tout le monde connaît Rodriguez ici tu envoies le rouble chez lui et je te donne le xaf au pays et lui il me donne mon argent quand ta transaction est faites,1
Besoin de 2 personnes pour décharger le matériel au метро Парнас,1
8h de travail  + 1h de pause,1
3000 roubles après le travail,1
@79939764595 1,1
Moins 1,1
++,1
@79915597394 2,1
Fermé ❌❌❌,1
Salue le groupe,1
Est ce possible d'envoyer de l'argent au Bénin au taux Google ???,1
Inbox,1
⛔ *MÊME LE QUARTIER PEUT TÉMOIGNER !!!* 🏡,1
"👌🏼 *Parce que le temps⏱ compte et l’urgence est signalée, parce que vos 🪪💳 données bancaires et votre 👥 confidentialité sont ce que vous avez de plus précieux : POURQUOI ✍🏽 REMPLIR UNE PAPERASSE⌨️📇📱 EN LIGNE AVEC VOS DONNÉES 💳🪪 PERSONNELLES ET ATTENDRE ⏱️😴!!?*",1
*Envoyez* de l'argent 💸 de la *Russie 🇷🇺* vers la *zone CEMAC 🇨🇲🇬🇶🇬🇦🇨🇬🇹🇩🇨🇫* à *la vitesse du son 🎶 et en toute confidentialité👥 en un seul message📲* 🚀💼.,1
💻 *Sites web*: https://7g-services.com/ 🌐,1
📲 *Contact*: https://wa.me/message/RXYGHGVG7NFSJ1 ☎️,1
"💛 *Pour vos transactions sans commission, utilisez Tinkof💛, lien pour commander vos cartes Tinkof💛, livraison gratuite à domicile* ✉️🏠 :",1
Qui viendra de Moscow les jours si? Bonsoir à tous,1
"Bonjour à tous, y a-t-il un coiffeur dans le groupe ?",1
"Oui oui c'est mon grand, on l'appel pasto il coiffe très bien.",2
Met juste son numéro,1
Son nom n'est pas important !!,1
Demain besoin de 3 personnes au metro дыбенко (ligne orange).le travail consiste à déplacer le matériel,1
8h de travail + 1h de pause,1
3000 roubles après le boulot,1
Il est dans le groupe écrit seulement pasto il vas te répondre.,1
+,1
+,1
+,1
+,1
+,1
+,1
@79963538810 1,1
@79890366189 2,1
@237674939838 3,1
Fermé ❌❌❌,1
Demain besoin de 2 personnes pour faire le nettoyage,1
8h de travail  + 1h de pause,1
Метро проспект ветеранов,1
3000 roubles juste après le boulot <This message was edited>,1
+,1
+,1
@79531549821 1,1
@25779875606 2,1
Fermé ❌❌❌,1
Salut,1
14 mil p au Bénin taux arrangeable,1
😀😀😀,1
600000fcfa disponible au pays. Besoin du rouble au taux Google,1
Bonjour à tous 👋,1
Quel pays,1
Cameroun,1
???,1
Qui a besoin du cfa m’écrire taux Google,1
bsr à tout !! stp nani Ib dès que tu reçois le message,1
null,1
"7/22/24, 3:57 PM - risbomarc415 joined using this group's invite link",1
Bonjour à tous.tous ceux qui ont besoin d'un travail  constant ( manutention),1
"2/2 , 5/2 , 3/1 , 6/1",1
Faites moi signe en inbox pour tout les détails,1
J'ai besoin encore de 3 personnes ( de jour et de nuit ),1
3000 roubles,1
Demain besoin de 3 personnes au metro дыбенко (ligne orange).le travail consiste à déplacer le matériel,1
8h de travail + 1h de pause,1
3000 roubles après le boulot,1
+,1
+,1
Mm les go sont sur ça 🙌🏾🙌🏾,1
@79255633758 1,1
@79921982896 2,1
😅,1
Le koki qui n’a pas l’huile c’est le pistache 😅😅😅,1
Le Koki a cuire un côté 😂😂,2
Svp excusez nous,1
Arrêtez de distraire les gens,1
C'est pas une femme,1
+,1
@79998364633 3,1
Fermé ❌❌❌,1
🤷🏽‍♂️🤷🏽‍♂️🤷🏽‍♂️🤷🏽‍♂️🤷🏽‍♂️,1
Bsr j'aimerais savoir si il ya quelq'un qui fait ds la soudure ici j'ai petit qui es soudeur de profession qui veut le travail. Il a déjà une expérience,1
"7/22/24, 10:15 PM - +7 993 183-66-57 joined using this group's invite link",1
Bonjour  la famille 46 kilo disponible  saint petersbourg-Moscou-Douala-Yaoundé.  départ de  saint petersbourg le 24  juillet 2024,1
"Hello family 46 kilo available saint petersburg-Moscow-Douala-Yaoundé.  departure from saint Petersburg on July 24, 2024",1
46 kilo encore disponibles  pour le retour le 21 août  2024 même  itinéraire yaoundé- douala - moscou- saint pétersbourg.,1
"46 kilos still available for the return on August 21, 2024 same route yaoundé- douala - moscow- saint petersburg.",1
Bonjour chers tous 👋,1
Nous allons bien je l’espère ??,2
Besoin d’un garçon propre et posé pour une collocation dans un appartement,1
Pour plus d’informations ib,1
😂😂 propre comment nor ? 😂😂,2
Et posé 😂😂😂,2
Tu me cherches hein 😅😂😂😂,2
Tu es déjà back?,1
Appel moi stp,1
Oui,1
Ok,1
Demain besoin de 3 personnes au metro дыбенко (ligne orange).le travail consiste à déplacer le matériel,1
8h de travail + 1h de pause,1
3000 roubles après le boulot,1
+,1
+,1
+,1
@79255633758 1,1
+,1
@79921942011 2,1
@79632469960 3,1
Fermé ❌❌❌,1
+,1
null,1
Besoin de 2 personnes demain pour travailler au метро Московская.,1
Démontage,1
8h de travail + 1h de pause,1
3000 рублей après le boulot,1
Fermé ❌❌,1
Une personne encore,1
D'actualité. Une personne encore,1
"Bonjour, besoin d'une place svp. Merci.",2
Bonjour 3000000f au Congo 🇨🇬 besoin du rouble,1
Boss,1
Bonjour; Il y’a t il quelqu’un qui a une place dans un appartement pour un mois ?,1
Déjà pris,1
Machine à sous🤣,2
Je fais comme toi,1
Demain besoin de 3 personnes au metro дыбенко (ligne orange).le travail consiste à faire le nettoyage du chantier,1
8h de travail + 1h de pause,1
2800 roubles après le boulot,1
+,1
@22966698577 1,1
+,1
@79919132627 2,1
Moins 1,1
Fermé ❌❌❌,1
"7/24/24, 11:02 PM - +7 951 832-12-50 joined using this group's invite link",1
Bjr à tous. Encore une personne,1
Demain besoin de 4 personnes au metro дыбенко (ligne orange).le travail consiste à faire le nettoyage du chantier,1
8h de travail + 1h de pause,1
2800 roubles après le boulot,1
+,1
@79890366189 1,1
+,1
@22966698577 2,1
"Hello family 46 kilo available-Moscow-Douala-Yaoundé.  departure from saint Petersburg on July 24, 2024 tomorrow",1
Bonjour  la famille 46 kilo disponible  Moscou-Douala-Yaoundé.  départ de  saint petersbourg le 24  juillet 2024 demain,1
Le 24 juillet demain ???,1
Moins 2 personnes,1
null,1
null,1
* désolé le 24 j’ai quitté saint petersbourg pour Moscou et demain le 26 je quitte Moscou pour Douala au Cameroun 🛑🛑,1
🛑26  juillet 🛑,1
"Tu devais nous dire au par avant, demain c’est déjà trop tard pour nous qui sommes à Peter",1
Moins 1,1
"7/25/24, 8:29 PM - +7 911 139-11-15 joined using this group's invite link",1
+,1
@79998364633 3,1
Cfa disponible 1millions 85000mille cfa besoin du rouble,1
"7/25/24, 10:21 PM - +216 52 072 357 joined using this group's invite link",1
C'est le franc guinéen ?,1
😂,2
C'est  le cfa non 😅😁🤣,2
🤷🏽‍♂️🗣️🦻🏾🙆🏽‍♂️,1
Cfa kamer 😂😂😂😂😂,2
+,1
+,1
+,1
@79522764428 stp arrête le dérangement,1
Je sais que l'Europe stresse beaucoup,1
Essaie de gérer aussi là-bas à fritland de grâce,1
+,1
"7/26/24, 2:06 PM - +7 952 265-70-84 joined using this group's invite link",1
J’ai le cfa besoin du rouble taux Google,1
Demain besoin de 2 personnes au metro дыбенко (ligne orange).le travail consiste à faire le nettoyage du chantier,1
8h de travail + 1h de pause,1
2800 roubles après le boulot,1
Bonjour! De quelle heure à quelle heure?,1
+,1
+,1
+,1
@79255633758 1,1
+,1
@79963538810 2,1
Fermé ❌❌❌,1
Besoin de 2 personnes demain pour le démontage,1
Метро лиговский проспект  ( ligne orange),1
8h de travail  + 1h de pause,1
2800 roubles,1
+,1
+,1
@79890366189 1,1
@79915597394 2,1
Fermé ❌❌❌,1
Besoin du rouble taux Google,1
Bonjour; Il y’a t il quelqu’un qui a une chambre dans un appartement pour un mois ? Ou une place,1
"7/27/24, 12:19 AM - +7 996 913-54-68 joined using this group's invite link",1
Besoin du rouble aux taux Google,1
Yo je veux un coiffeur,1
Demain besoin de 3 personnes au metro дыбенко (ligne orange).le travail consiste à faire le nettoyage du chantier,1
8h de travail + 1h de pause,1
2800 roubles après le boulot,1
Commande la carte tinkoff pour des transfert et retrait sans frais d'envoi ni de retrait voilà le lien commande on vient vous livre à domicile gratuitement 👉👉https://www.tbank.ru/baf/36nBhMhZ1os,1
Fermé ❌❌❌,1
"7/28/24, 10:45 PM - +7 988 095-44-98 joined using this group's invite link",1
Bsr les gars besoin d’une place dans une chambre pour garçon urgent . Celui qui en possède qu’il veille bien m’écrire Ib merci d’avance. <This message was edited>,2
"7/28/24, 10:52 PM - +7 989 704-68-91 joined using this group's invite link",1
null,1
Demain besoin de 2 personnes au metro лиговский проспект(ligne orange).le travail avec le compresseur,1
8h de travail + 1h de pause,1
3000 roubles après le boulot,1
+,1
+,1
+,1
@79523790838 1,1
@79857875304 2,1
Fermé ❌❌❌,1
15.000 rouble disponible. besoin du CFA Cameroun,1
Commande la carte tinkoff pour des transfert et retrait sans frais d'envoi ni de retrait voilà le lien commande on vient vous livre à domicile gratuitement 👉👉https://www.tbank.ru/baf/36nBhMhZ1os,1
Demain besoin de 4 personnes au metro дыбенко (ligne orange).le travail consiste à faire le nettoyage du chantier,1
8h de travail + 1h de pause,1
2800 roubles après le boulot,1
+,1
@79890366189 1,1
+,1
@25779875606 2,1
+,1
Fermé ❌❌❌,1
+,1
Besoin encore d'une personne *,1
+,1
@243819335634 5,1
Bonsoir à tous,1
Nous allons bien je l’espère ?,2
J’aimerai monter un groupe de musique Afro ici à Peter,1
Que tous qui savent jouer d’un instrument se signalent ib,1
Meme vocalement,1
Bonne soirée à tous et bonne semaine,1
Demain besoin de 4 personnes au metro лиговский проспект(ligne orange).le travail consiste à faire le nettoyage du béton sur le sol,1
8h de travail + 1h de pause,1
3000 roubles après le boulot,1
👍🏾,1
Bonsoir 100000 xaf au pays besoin du roubles.taux Google,1
Interessé ib,1
Quel pays,1
Cameroun,1
Moi c'est le Bénin,1
+,1
@79255633758 1,1
+,1
@21652072357 2,1
Moins 1,1
"7/29/24, 9:30 PM - +7 953 341-78-91 joined using this group's invite link",1
"7/29/24, 9:40 PM - +7 952 221-15-23 joined using this group's invite link",1
@79522211523 3,1
"7/29/24, 9:48 PM - +7 960 139-26-28 joined using this group's invite link",1
@79601392628 4,1
Fermé ❌❌❌,1
Pouvez-vous m'aider en signant cette pétition ?,1
"7/30/24, 8:18 AM - +7 919 883-82-41 joined using this group's invite link",1
"7/30/24, 8:43 AM - ~ Rach added МИГЕЛЬ КЕБУ",1
Salut à tous.,1
J’ai un ami qui a besoin d’un visa d’une université.,1
"Si quelqu’un en connaît, svp écrivez moi en inbox.",1
Merci et bonne journée à tous 🙏,2
Demain besoin de 5 personnes au metro лиговский проспект(ligne orange).le travail avec le perforateur (отбойный молоток),1
8h de travail + 1h de pause,1
3000 roubles après le boulot,1
null,1
null,1
"7/30/24, 10:16 AM - ~ Di_Uzi added ~ glamosclems11",1
+,1
@79857875304 1,1
+,1
@79919132627 2,1
+,1
Camake youssouf +,1
"7/30/24, 11:01 AM - +7 921 324-63-80 joined using this group's invite link",1
+,1
+,1
@79602647985 3,1
@79213246380 4,1
+,1
@79300036839 5,1
Fermé ❌❌❌,1
Bonjour 23 kilo *2= 46 kilo disponible jour de départ 22 août à l’aéroport de Douala . Itinéraire  du voyage : Yaoundé- douala - Moscou - saint Petersburg. Je suis un ancien en Russie 🇷🇺,1
"7/30/24, 2:01 PM - +7 960 139-26-28 joined using this group's invite link",1
100000 xaf au pays besoin du roubles.taux Google,1
Interessé ib,1
Qui a besoin du franc cfa,1
Quel pays?,1
Cameroun,1
Demain besoin de 3 personnes au metro дыбенко (ligne orange).le travail consiste à faire le nettoyage du chantier,1
8h de travail + 1h de pause,1
2800 roubles après le boulot,1
+,1
@79522657084 1,1
Moins 2,1
+,1
@79891154859 2,1
Moins 1,1
+,1
Fermé ❌❌❌,1
Demain besoin de 2 personnes au metro лиговский проспект(ligne orange).le travail consiste à faire le nettoyage du béton sur le sol,1
8h de travail + 1h de pause,1
3000 roubles après le boulot,1
+,1
@79533417891 1,1
Moins 1,1
+,1
@79893439608 2,1
Fermé ❌❌❌,1
null,1
+,1
Bonjour la famille j’ai 350mil au Cameroun besoin de rouble ici taux Google en ib on gère merci,2
"7/31/24, 1:05 PM - +7 933 934-55-02 was added",1
"7/31/24, 1:05 PM - ~ NGON A DANG Moustapha Lam left",1
"7/31/24, 10:10 PM - +245 955 573 266 was added",1
Demain besoin de 5 personnes au metro лиговский проспект(ligne orange).le travail avec le perforateur (отбойный молоток),1
8h de travail + 1h de pause,1
3000 roubles après le boulot,1
+,1
@79255633758 1,1
+++,1
+,1
"Cufadé, Carlos,Koly",1
CAVLAMINE,1
Paulo,1
Tudo bem com você?,1
null,1
null,1
+,1
@243819335634 2,1
+,1
+,1
++,1
@79522657084 3,1
@79522211523 4,1
+,1
null,1
@79601392628 5,1
Fermé ❌❌❌,1
Demain besoin de 2 personnes au metro дыбенко (ligne orange).le travail consiste à faire le nettoyage du chantier,1
8h de travail + 1h de pause,1
2800 roubles après le boulot,1
@79533417891 1,1
+,1
+,1
@79996220025 2,1
Fermé ❌❌❌,1
"7/31/24, 10:50 PM - +7 950 223-13-10 joined using this group's invite link",1
👍,1
Demain besoin de 6 personnes au metro дыбенко (ligne orange).le travail consiste à faire le nettoyage du chantier,1
8h de travail + 1h de pause,1
2800 roubles après le boulot,1
@79891154859 1,1
+,1
@2455573266 2,1
+,1
+,1
@25779875606 3,1
@79533417891 4,1
@79198838241 5,1
+,1
@79996220025 6,1
Fermé ❌❌❌,1
+,1
Demain besoin de 5 personnes au metro лиговский проспект(ligne orange).le travail avec le perforateur (отбойный молоток),1
8h de travail + 1h de pause,1
3000 roubles après le boulot,1
+,1
@21652072357 1,1
+,1
@79857875304 2,1
+,1
@79255633758 3,1
"8/1/24, 8:03 PM - +233 55 724 4892 joined using this group's invite link",1
"8/1/24, 8:05 PM - +7 904 337-42-56 joined using this group's invite link",1
Moins 2,1
@79919132627 4,1
Moins 1,1
+,1
@79998478152 5,1
Fermé ❌❌❌,1
"8/1/24, 9:18 PM - +7 962 677-72-83 joined using this group's invite link",1
"8/2/24, 10:17 AM - +7 991 290-05-89 joined using this group's invite link",1
"8/2/24, 10:17 AM - +245 969 265 224 joined using this group's invite link",1
"8/2/24, 10:44 AM - ~ tiago djedjo was added",1
"8/2/24, 10:44 AM - ~ tiago djedjo left",1
"8/2/24, 11:26 AM - Arielle T joined using this group's invite link",1
"Bonjour, besoin d’une place dans un appartement 🚨🚨",1
Urgemment,1
"8/2/24, 1:05 PM - +245 955 884 621 joined using this group's invite link",1
Hello family,1
Is there any job vacancy for a lady here ?,1
Besoin d’une place dans un appartement pour une durée de 3/4 jours 🚨,1
Bonjour 23 kilo *2= 46 kilo disponible jour de départ 22 août à l’aéroport de Douala . Itinéraire  du voyage : Yaoundé- douala - Moscou - saint Petersburg. Je suis un ancien en Russie 🇷🇺,1
46 kilos still available for the return on August 22 . 2024 same route yaoundé- douala - moscow- saint petersburg.,1
Chargé,1
Homme ou femme ?,1
Homme,1
Combien ?,2
Demain besoin de 4 personnes au metro лиговский проспект(ligne orange).le travail avec le perforateur (отбойный молоток),1
8h de travail + 1h de pause,1
3000 roubles après le boulot,1
+,1
+,1
+,1
+,1
@79910018658 1,1
@79213246380 2,1
@243819335634 3,1
+,1
@79522211523 4,1
Fermé ❌❌❌,1
"8/2/24, 6:36 PM - +223 98 67 06 49 joined using this group's invite link",1
"8/2/24, 6:38 PM - +245 969 265 224 joined using this group's invite link",1
null,1
"8/2/24, 7:01 PM - +7 996 499-67-10 joined using this group's invite link",1
"8/2/24, 7:03 PM - +245 955 435 049 joined using this group's invite link",1
+  merci,2
Besoin encore d'une personne,1
3000 roubles,1
+,1
@79857875304 5,1
Fermé ❌❌❌,1
+,1
+,1
"8/2/24, 11:33 PM - +7 999 227-33-82 joined using this group's invite link",1
"8/3/24, 9:51 PM - +7 981 201-91-35 joined using this group's invite link",1
Bonsoir j'ai un ami qui cherche une chambre à louer ou colocation d'urgence,1
Contacter moi en Inbox,1
"8/4/24, 4:15 PM - +7 996 276-45-58 joined using this group's invite link",1
Demain besoin de 2 personnes au metro,1
дыбенко (ligne orange).le travail consiste à faire le nettoyage du chantier,1
8h de travail + 1h de pause,1
2800 roubles après le boulot,1
+,1
+,1
+,1
@79890366189 1,1
@79919132627 2,1
Fermé ❌❌❌,1
Demain besoin de 4 personnes au metro лиговский проспект(ligne orange).le travail avec le perforateur (отбойный молоток),1
8h de travail + 1h de pause,1
3000 roubles après le boulot,1
+,1
+,1
+,1
+,1
+,1
+,1
@21652072357 1,1
@22398670649 2,1
@79502231310 3,1
Fermé ❌❌❌ <This message was edited>,1
+,1
Bsr svp qui a une place ds un appartement. Un soldat est dans le souci,1
Une connaissance a besoin d'une place,1
Moi je connais un Hostel  il vas louer la chambre es confortable 800roubles pas jour,1
null,1
Приветствуем Вас! 🤝,1
"Хостел ""В Питере жить""",1
"Пожалуй, лучший хостел в Питере!",1
Теперь смело звоните,1
+79095777212,1
"или пишите нам, если возникнут вопросы 🤗",1
Наш адрес:,1
"Ⓜ️ Площадь Мужества, проспект Непокоренных, дом 6, корпус 1.",1
Наша страница на Яндексе 👇,1
C'est dimanche ayons la crainte de Dieu. <This message was edited>,1
"8/4/24, 8:55 PM - +7 977 932-83-85 joined using this group's invite link",1
"8/4/24, 10:32 PM - +237 6 82 11 13 65 joined using this group's invite link",1
Domi,1
O9,1
Parce que la crainte de Dieu est maintenant résumé à un jour ???,1
"8/5/24, 10:56 AM - +7 953 174-11-25 joined using this group's invite link",1
Nous voulons 300 persones pour Dubaï visa de travail.,1
Nature du travail : cleanner,1
Genre : homme/femme,1
Salaire : 1000 dirham,1
Logé : oui,1
Visa et billet 1250000 milles,1
Durée procédure 10 Jours,1
"8/5/24, 11:27 AM - +7 995 230-10-93 joined using this group's invite link",1
Hum 🤔 affaire de Dubaï là devient de l'esclavage une fois sur place hein il y a même des menaces de mort etc j'espère que pour vous est sécurisé lol,1
Demain besoin de 3 personnes au metro,1
дыбенко (ligne orange).le travail consiste à faire le nettoyage du chantier,1
8h de travail + 1h de pause,1
2800 roubles après le boulot,1
+,1
+,1
+,1
"🆘 *Chers compatriotes,*🆘",1
"C'est avec une *profonde tristesse* 😢 et un *cœur lourd* ❤️ que je vous écris aujourd'hui pour vous annoncer le *décès tragique de notre frère Joël*, survenu hier à la suite d'un *AVC foudroyant*⚡. Il a été *victime d'une montée de sang dans la tête* et après avoir passé *trois jours à l’hôpital* 🏥, *privé de soins adéquats*, en raison de son *Sa situation irrégulière en Russie 🇷🇺 absence d’assurance maladie*. Joël était arrivé en Russie avec un *visa touristique*🛂, une situation qui, malheureusement, a gravement compromis sa recherche de soins nécessaires. *Ce drame, tragique et évitable*, met en lumière les *dangers* 🚨 découlant des choix d'*immigration illégale*.",0
"Je tiens à faire appel à vous tous qui songez à utiliser des *visas touristiques* 🌍 pour faire venir des personnes susceptibles de *ne jamais retourner* dans leur pays. Il est *grand temps*⏳ de se poser les bonnes questions et de prendre conscience des *dangers encourus* par ces pratiques. Vous êtes sans ignorer que les *nouvelles lois en Russie* 🇷🇺 votez à *Douma* récemment rendent leur intégration presque *impossible*. De plus, celles et ceux qui se trouvent dans une *situation irrégulière* se voient *refuser l’accès* à des *soins de santé fondamentaux* 🚑 en raison de l'absence d'assurance appropriée.",1
"Il serait peut-être plus judicieux et plus *Humain* de s’orienter vers des *invitations étudiantes , d’affaires ou privées* 📚. Contrairement aux *visas touristiques*, qui ont des *dates d'expiration très courtes* 📅 et dont le renouvellement est *impossible* !!!, ces alternatives offrent la possibilité d’un *séjour prolongé*. Elles permettent également une *vraie intégration* dans la société russe, que ce soit par le biais de *diplômes*🎓, de *mariages* 💍, de la *naissance d’enfants* 👶, ou de l’accès à des *opportunités professionnelles*💼. Après tout, ces démarches peuvent être renouvelées et donner une chance réelle à ceux qui souhaitent *s’établir ici*.",1
"De plus, je déclare *solennellement la guerre*⚔️ à ceux qui continuent de solliciter des *visas touristiques* 🛂 pour des fins d'*immigration clandestine* 🚫. Les conséquences de ces actes ne sont plus négligeables et portent atteinte à l'*image de notre communauté camerounaise🇨🇲* 🌍 en Russie 🇷🇺 . Nous devons *agir* 💪 et protéger notre *identité collective*🇨🇲🤝.",1
Nous allons nous pencher *sérieusement* 🔍 sur les pratiques d’*incitations touristiques* et examiner les *intentions* réelles de ceux qui *vendent le rêve* à leur compatriote 🇨🇲avec des invitations Touristiques . Nous nous engageons à les dénoncer devant les *autorités compétentes* 🏛️. Ceux qui *enfreignent la loi* et qui sont les leader de l’immigration clandestine 📜 devront répondre de leurs actes.,1
"Je m'engage personnellement à écrire à l'*ambassade de Russie au Cameroun* 🇷🇺🇨🇲 pour exposer les *abus* liés aux *visas touristiques* accordés sans contrôle rigoureux. Nous savons tous que ces visas se négocient souvent pour une somme conséquente 💰, environ *500 000 CFA* , sans aucune vérification. Peut-être qu'en soulignant cette *réalité* et la *corruption sous-jacente* 🏦, nous pourrons amener à des *changements concrets* 🔄, ceux-là mêmes qui peuvent réduire ce *fléau* 🌪️.",1
"Je n’oublierai pas d’informer les *aéroports de Внуково* ✈️ du Shéma, par où entre de nombreux touristes via *Turkish Airlines* 🇹🇷, ainsi que *Домодедово* 🛬, en leur exposant ce schéma *llégal* rencontré avec les *visas touristiques*.",1
"*Vous savez à quel point je peux être nuisible et infatigable quand le vers d’eau a dépassé le vase , nous vous avons trop observé détruire des familles.*",1
Nous le savons tous trop bien : la *cupidité de certains* 💸 et leur amour incommensurable pour l'*argent* 💵 peuvent mettre en péril des *familles entières* 👨‍👩‍👧‍👦. Il est essentiel de *couper ces ailes*✂️ avant que nous atteignions l’*hécatombe* 💔.,2
"Ensemble, nous pouvons *changer les choses pour le mieux* 🌟. Soyons *responsables* 🛡️ et réfléchissons à nos actes. *La vie de nos frères et sœurs en dépend*💖.",1
Prenons soin les uns des autres et restons *unis* 🤗.,1
"*Respectueusement,*",1
*Bounga Kwagne Gaïus Rufus*,1
*Président dASECAM 🇨🇲* 🎓,1
+,1
+,1
+,1
@79533417891 1,1
@79602647985 2,1
@79890366189 3,1
Fermé ❌❌❌,1
null,1
Besoin du rouble taux Google,1
Demain besoin de 3 personnes au metro лиговский проспект(ligne orange).le travail avec le perforateur (отбойный молоток),1
8h de travail + 1h de pause,1
3000 roubles après le boulot,1
+,1
+,1
+,1
+,1
+,1
+,1
@79919132627 1,1
+,1
@79857875304 2,1
+,1
@21652072357 3,1
Fermé ❌❌❌,1
1250000 pour un travail de1000 dirhams?? N'importe   quoi,1
Créer vos groupes pour publier de tes absurdités ; je ne sais pas pourquoi le propriétaire du groupe vous laisse jouer le pis pion dans ce groupe,1
+,1
Bsr à tous besoin d'une place pour une fille,1
Urgent svp,1
Bonjour à tous 👋,1
Départ  demain,1
Douala Moscou,1
Uniquement les documents,1
Ib si intéressé,1
Demain besoin de 3 personnes au metro,1
дыбенко (ligne orange).le travail consiste à faire le nettoyage du chantier,1
8h de travail + 1h de pause,1
2800 roubles après le boulot,1
+,1
+,1
+,1
@79533417891 1,1
+,1
+,1
+,1
@79255633758 2,1
@79042171712 3,1
Fermé ❌❌❌,1
Demain besoin de 3 personnes au metro лиговский проспект(ligne orange).le travail avec le perforateur (отбойный молоток),1
8h de travail + 1h de pause,1
3000 roubles après le boulot,1
+,1
+,1
+,1
@79300036839 2,1
+,1
+,1
@79502231310 1,1
@79857875304 3,1
Fermé ❌❌❌,1
null,1
Arrête ça ici,1
Combien ?,2
C'est quel histoire ça?,1
Je veux vous supprimer si tu continues encore,1
bonsoir besoin d'une place pour garçon,1
+,1
"*Bonjour 20 USDT disponible ,besoin de roubles !!*",1
Demain besoin de 3 personnes au metro лиговский проспект(ligne orange).le travail avec le perforateur (отбойный молоток),1
8h de travail + 1h de pause,1
3000 roubles après le boulot,1
+,1
+,1
+,1
+,1
+,1
@79300036839 1,1
@79042171712 2,1
null,1
@79255633758 3,1
null,1
Fermé ❌❌,1
Bonjour à tous.tous ceux qui ont besoin d'un travail  constant ( manutention),1
"2/2 , 5/2 , 3/1 , 6/1",1
Faites moi signe en inbox pour tout les détails,1
J'ai besoin encore de 3 personnes ( de jour et de nuit ),1
3000 roubles,1
Voilà le travail. Tout les jours tu peux travailler 🤷🏽‍♂️,1
+,1
Envoyez moi vos documents en inbox.,1
"Salut, quelqu'un a-t-il une place dans un appartement pour un court séjour (1 semaine) ?",1
+,1
Demain besoin de 2 personnes au metro,1
дыбенко (ligne orange).le travail consiste à faire le nettoyage du chantier,1
8h de travail + 1h de pause,1
2800 roubles après le boulot,1
+,1
+,1
@79969135468 1,1
+,1
@79533417891 2,1
Fermé ❌❌,1
null,1
"33kg disponible itinéraire : Yaoundé-Douala -Moscou-SaintPétersbourg, départ prévu pour le 22 août 2024. Notez bien je reçois  également les documents. Je suis un ancien de Russie.",2
"8/8/24, 6:01 PM - +234 913 713 8777 joined using this group's invite link",1
null,1
Demain besoin de 20 personnes au metro балтийская ( ligne rouge)le travail a nettoyé les canalisations ( sortir la poubelle et le sable),1
8h de travail + 1h de pause,1
3000 roubles après le boulot <This message was edited>,1
+,1
@79919132627 1,1
+,1
@22398670649 2,1
null,1
+,1
@79213246380 3,1
+,1
@79857875304 4,1
@79255633758 5,1
@79533417891 6,1
+,1
+,1
@79969135468 7,1
@237658136753 8,1
"8/8/24, 8:24 PM - +7 977 390-18-45 joined using this group's invite link",1
+,1
+,1
@79773901845 9,1
@25779875606 10,1
"8/8/24, 8:34 PM - +7 985 693-92-62 joined using this group's invite link",1
+,1
+,1
@79522657084 11,1
+,1
@79856939262 12,1
@79601392628 13,1
Bsr qui a une place ds un appartement,1
J'ai un proche qui en a besoin,1
+,1
@79531741125 14,1
+,1
@79500182416 15,1
+,1
@79893439608 16,1
+,1
+,1
+,1
@79198838241 17,1
@79992273382 18,1
"8/8/24, 10:46 PM - +7 999 855-71-93 joined using this group's invite link",1
Sap,1
+,1
@79998557193 19,1
Qui a besoin du rouble ?,1
Moi j'ai besoin de 20 000rouples,1
Oui oui ib,1
Grande solde sur toutes nos marchandises appartir de ce matin grande réduction sur nos produits,1
📳📳📳📳,1
A10e.  32gb.35k,1
A42. 128gb. 85k,1
A21. 32gb. 50k,1
A32. 64gb. 60k,1
A32. 128gb. 75k,1
A54 128gb 90k,1
A13. 64gb. 60k,1
A14 64g. 60k,1
A21s. 64gb. 60k,1
A12. 32gb. 50k,1
A50. 64gb. 60k,1
A11. 32gb. 50k,1
A32. 128gb. 60k fissuré,1
A20. 32gb. 50k,1
A51. 128gb. 75k,1
A13. 32gb. 50k,1
A13 5G 64gb. 60k,1
A71 5G. 128gb. 75k,1
A70 128gb. 70k,1
A23 5G. 64gb. 60k,1
A03s. 32gb. 50k,1
S5 16gb. 30k,1
S20ultra 128gb 140k,1
S20ultra. 128gb 100k,1
Flip3 128gb.  140k,1
Flip3 256gb. 160k,1
Fold4 256gb. 370k,1
Flod4 512/12. 385k,1
Fold4. 1tera.  415k,1
🧘📬📬,1
Nous sommes situés à Douala/CMR akwa immeuble DMarket,1
WhatsApp :670 849-104,1
"Il y a des êtres qui nous touchent plus que d’autres, sans doute parce que, sans que nous le sachions nous-mêmes, ils portent en eux une partie de ce qui nous manque.",1
Excellente journée à à vous la time 🫂😘,2
"8/9/24, 9:25 AM - +358 46 5419226 joined using this group's invite link",1
"*J'ai 20 USDT ,besoin de roubles*",1
"Salut,",1
je cherche un place  disponible c urgent,1
Pour un garçon,1
Svp,1
"8/9/24, 6:26 PM - +7 952 289-83-11 was added",1
"8/9/24, 6:24 PM - +7 952 289-83-11 joined using this group's invite link",1
"Hello everyone,please a room is needed urgently.please contact me if there is a vacant",1
+79919115704,1
Bonsoir la famille je suis nouvelle,1
Bienvenue 🫡,2
Merci 🙏🏽,2
"33kg disponible itinéraire : Yaoundé-Douala -Moscou-SaintPétersbourg, départ prévu pour le 22 août 2024. Notez bien je reçois  également les documents. Je suis un ancien de Russie.",2
J'ai 1 Document a envoyer au pays. Qui descend?,1
Demain besoin de 3 personnes au metro лиговский проспект(ligne orange).le travail avec le perforateur (отбойный молоток),1
8h de travail + 1h de pause,1
3000 roubles après le boulot,1
+,1
+,1
+,1
+,1
@79300036839 1,1
@79893439608 2,1
@79998478152 3,1
+,1
Fermé ❌❌❌,1
Demain besoin de 2 personnes au metro дыбенко (ligne orange).le travail consiste à faire le nettoyage du chantier,1
8h de travail + 1h de pause,1
2800 roubles après le boulot <This message was edited>,1
+,1
+,1
@79632469960 1 <This message was edited>,1
+,1
@79255633758 2,1
Fermé ❌❌,1
"8/11/24, 8:45 PM - +7 988 596-86-82 joined using this group's invite link",1
bonsoir s'il vous plaît je voudrais savoir si j'ai enregistré mon passeport en ligne depuis le Cameroun combien d'argent dois-je payer à l'ambassade du Cameroun à Moscou,2
Bjr à tous besoin d’une collation,1
🤔,1
Bonjour 300000  xaf disponible au pays besoin du roubles,1
Taux Googles . Intéressé ib <This message was edited>,1
"8/12/24, 11:13 AM - +7 987 725-66-22 joined using this group's invite link",1
Bjr la team,1
Demain besoin de 2 personnes au metro дыбенко (ligne orange).le travail consiste à faire le nettoyage du chantier,1
8h de travail + 1h de pause,1
2800 roubles après le boulot,1
+,1
@79891154859 1,1
@79998478152 2,1
Fermé ❌❌❌,1
Demain besoin de 3 personnes au metro лиговский проспект(ligne orange).le travail avec le perforateur (отбойный молоток),1
8h de travail + 1h de pause,1
3000 roubles après le boulot,1
+,1
+,1
+,1
+,1
@79893439608 1,1
@79919132627 2,1
@79998557193 3,1
Fermé ❌❌❌,1
"8/12/24, 8:24 PM - +7 989 346-52-72 changed their phone number to a new number. Tap to message or add the new number.",1
Besoin encore d'une personne *,1
+,1
+,1
Bonjour à tous. Besoin de 6 personnes demain. Le travail consiste à enlever les déchets de bétons sur le sol.,1
Метро лиговский проспект,1
8h de travail + 1h de pause,1
2800 рублей  après le boulot,1
+,1
+,1
+,1
+,1
+,1
@243819335634 1,1
@79969135468 2,1
@22398670649 3,1
@25779875606 4,1
@79255633758 5,1
null,1
null,1
+,1
@21652072357 6,1
Fermé ❌❌❌,1
Demain besoin de 3 personnes au metro лиговский проспект(ligne orange).le travail avec le perforateur (отбойный молоток),1
8h de travail + 1h de pause,1
3000 roubles après le boulot,1
+,1
@79998557193 1,1
+,1
+,1
@79857875304 2,1
Moins 1,1
+,1
@79919132627 3,1
Fermé ❌❌❌,1
Demain besoin de 2 personnes au metro дыбенко (ligne orange).le travail consiste à faire le nettoyage du chantier,1
8h de travail + 1h de pause,1
2800 roubles après le boulot,1
@79891154859 1,1
+,1
@79533417891 2,1
Fermé ❌❌❌,1
Good morning😘😘,1
CD📀,1
How was your night,1
Bonjour à tous. Besoin de 6 personnes demain. Le travail consiste à enlever les déchets de bétons sur le sol.,1
Метро Волковская ( ligne violette ),1
8h de travail + 1h de pause,1
2800 рублей  après le boulot,1
+,1
+,1
+,1
+,1
+,1
+,1
+,1
@243819335634 1,1
@79255633758 2,1
@79969135468 3,1
@79776158138 4,1
@25779875606 5,1
@79919132627 6,1
Fermé ❌❌❌,1
Besoin encore d'une personne *,1
+,1
@79533417891 7,1
Fermé ❌❌,1
Hello everyone.,1
Traveling from Saint Petersburg/Moscow to Douala/Yaounde,1
20kg available.,1
Bonjour à tous.,1
Voyager de Saint-Pétersbourg / Moscou à Douala / Yaoundé,1
20 kg disponibles. contactez-moi.,1
Demain besoin de 2 personnes au metro дыбенко (ligne orange).le travail consiste à faire le nettoyage du chantier,1
8h de travail + 1h de pause,1
2800 roubles après le boulot,1
@79891154859 1,1
+,1
@79632469960 2,1
Fermé ❌❌❌,1
+,1
+,1
+,1
Demain besoin de 3 personnes au metro лиговский проспект(ligne orange).le travail avec le perforateur (отбойный молоток),1
8h de travail + 1h de pause,1
3000 roubles après le boulot,1
+,1
+,1
+,1
@21652072357 1,1
@79857875304 2,1
@79998557193 3,1
Fermé ❌❌❌,1
+,1
Besoin de 2 personnes. Метро Парнас,1
Chargé et déchargé le matériel,1
2800 roubles après le travail,1
Heure supplémentaire payée ou le travail peut finir après 6h de boulot <This message was edited>,1
+,1
@79522657084 1,1
null,1
Moins une personne *,1
+,1
@79893439608 2,1
Fermé ❌❌❌,1
Bonjour à tous.,1
Je voyage de Saint-Pétersbourg/Moscou à Douala,1
20 kg disponibles. Dates de voyage du 15 au 22 de Saint-Pétersbourg à Moscou... du 23 au 24 de Moscou à Douala,1
Envoyez-moi un message pour plus d'informations,1
Hello everyone.,1
Traveling from Saint Petersburg/Moscow to Douala/Yaounde,1
20kg available. Travel date 15th to 22nd st petersburg moscow....23rd to 24th moscow to douala,1
Dm me for more info,1
🔥 LIEN🔥 14/08,1
➖➖➖➖➖➖➖➖➖➖,1
📺 21h00 🇫🇷 - Real Madrid ⚡️ Atalanta,1
➡️ t.me/hunillive370?livestream,1
Valable mon. Coach,1
👊🏻,1
"8/14/24, 9:06 PM - +7 991 118-49-89 joined using this group's invite link",1
Besoin d'une personne *,1
Allô allô ⭕️⭕️⭕️,1
Bonsoir famille,1
Départ chaud chaud,1
Demain matin,1
Douala - Moscou,1
23 kilos disponibles,1
Ib si intéressé,1
"🛑Всем привет.  30 kilo disponible  itinéraire : Yaoundé-Douala -Moscou-SaintPétersbourg, départ prévu pour le 24août 2024. Nous  reçevons également les  documents 📄 📄. ancien de Russie.🛑",1
"8/15/24, 1:55 PM - +7 993 187-16-10 joined using this group's invite link",1
Bonjour à tous. Besoin de 7 personnes demain. Le travail consiste à enlever les déchets de bétons sur le sol.,1
Метро Волковская ( ligne violette ),1
8h de travail + 1h de pause,1
2800 рублей  après le boulot,1
+,1
+,1
@79533417891 1,1
@79255633758 2,1
@243819335634 3,1
+,1
@79214292048 4,1
+,1
Усман +,1
@79911184989 5,1
Moins 2,1
+,1
@79969135468 6,1
Moins 1,1
"8/15/24, 8:30 PM - +236 72 87 10 16 joined using this group's invite link",1
+,1
@79921942011 7,1
Fermé ❌❌❌,1
Demain besoin de 3 personnes au metro лиговский проспект(ligne orange).le travail avec le perforateur (отбойный молоток),1
8h de travail + 1h de pause,1
3000 roubles après le boulot,1
@21652072357,1
+,1
@21652072357 1,1
+,1
@79857875304 2,1
"8/15/24, 9:14 PM - +7 981 696-87-64 joined using this group's invite link",1
+,1
@79816968764 3,1
Fermé ❌❌❌,1
"8/15/24, 9:25 PM - +236 72 42 10 52 joined using this group's invite link",1
Ok,1
Bonjour à tous.,1
Je voyage de Saint-Pétersbourg/Moscou à Douala,1
20 kg disponibles. Dates de voyage du 15 au 22 de Saint-Pétersbourg à Moscou... du 23 au 24 de Moscou à Douala,1
Envoyez-moi un message pour plus d'informations,1
Hello everyone.,1
Traveling from Saint Petersburg/Moscow to Douala/Yaounde,1
20kg available. Travel date 15th to 22nd st petersburg moscow....23rd to 24th moscow to douala,1
Dm me for more info,1
Bonjour besoin d'une place ou chambre pour garçon svp,1
good morning need a place or room for a boy please,1
Bonjour 👋 j'ai suis dans le même besoin d'une place ou chambre pour garçon,1
"8/16/24, 9:42 AM - +236 72 90 58 18 joined using this group's invite link",1
Bonjour à tous.,1
Voyager de Saint-Pétersbourg / Moscou à Douala / Yaoundé,1
20 kg disponibles. contactez-moi.,1
null,1
Bonsoir à tous besoins des électriciens,1
"Écrit a @79632469960 , un electricien de pur souche.",1
"8/16/24, 4:24 PM - +7 999 000-46-67 joined using this group's invite link",1
Demain besoin de 2 personnes au metro дыбенко (ligne orange).le travail consiste à faire le nettoyage du chantier,1
8h de travail + 1h de pause,1
2800 roubles après le boulot,1
+,1
@79992273382 1,1
+,1
+,1
@79919132627 2,1
Fermé ❌❌❌,1
Bonjour à tous. Besoin de 7 personnes demain. Le travail consiste à enlever les déchets de bétons sur le sol.,1
Метро Волковская ( ligne violette ),1
8h de travail + 1h de pause,1
2800 рублей  après le boulot,1
+,1
@79255633758 1,1
+,1
@79990004667 2,1
@243819335634 3,1
@23672871016 4,1
+,1
@23672905818 5,1
Moins 2,1
Kossinda,1
+,1
@23672421052 6,1
Moins 1,1
null,1
@79969135468 7,1
Fermé ❌❌❌,1
Demain besoin de 3 personnes au metro лиговский проспект(ligne orange).le travail avec le perforateur (отбойный молоток),1
8h de travail + 1h de pause,1
3000 roubles après le boulot,1
+,1
+,1
@79111391115 +,1
+,1
@79300036839 1,1
@79857875304 2,1
@21652072357 3,1
Fermé ❌❌❌,1
Prix 🤔🤔,1
"Bonsoir besoin du cfa, roubles disponibles, taux google uniquement <This message was edited>",1
Salut les gars qui peut me donner le numéro de Roland thiadien ?,1
Bsr lien du groupe s il vous plaît,1
Bsr à tous 🖤 besoin d'une personne pour bosser Ce soir dans une boîte de nuit à petrogradskaya. De 00-05h 1500 roubles après le boulot.,1
Le boulot consiste à juste surveiller les clients,1
On,1
Merde 🤣🤣🤣🤣,2
Tu ris à gorge déployée pourquoi ?,1
Il y'a déjà trop de soutireur ds la boîte lla ou quoi?,1
J'ai mis l'annonce. Que celui qui est intéressé m'écrive pour plus d'informations. Le reste c'est juste du verbiage et ça ne m'intéresse pas du tout .,1
2500 je viens,1
🤣,2
C'est pas un débat champion. Ya rien à négocier. J'ai dis ce que j'avais à dire .,1
Tranquille ✅,1
Vous avez la rage ici dehors 👊,1
😂😂😂😂,2
Moins 1 personne,1
"8/16/24, 10:35 PM - +236 72 72 09 13 joined using this group's invite link",1
+,1
@23672720913 7,1
Bonsoir quelqu’un a le lien du match PSG où Manchester,1
http://t.me/dinosplay238?livestream,1
Merci,2
null,1
Bonjour à tous.,1
Voyager de Saint-Pétersbourg / Moscou à Douala / Yaoundé,1
20 kg disponibles. contactez-moi.,1
Abdoulaye est là???,1
Le burkinabè,1
Oui,1
🔥LIEN🔥 17/08,1
➖➖➖➖➖➖➖➖➖,1
📺 13h30 - Ipswich 🆚 Liverpool,1
📺 16h00 - Arsenal 🆚 Wolves,1
📺 18h30 - West Ham 🆚 Aston Villa,1
📺 21h30 - Valence 🆚 Barcelone,1
📺 02h00 - UFC 305 Carte Préliminaire 🥊,1
📺 04h00 - UFC 305 Carte Principal 🥊,1
➡️ t.me/ikzlive274?livestream,1
➖➖➖➖➖➖➖➖➖,1
📺 17h00 - Brest 🆚 Marseille,1
📺 19h00 - Reims 🆚 Lille,1
📺 21h00 - Monaco 🆚 Saint-Étienne,1
➡️ t.me/ikzlive275?livestream,1
"⚠️ Envoie un message chaque jour à @TV_IKZ, il te répondra directement avec les liens",1
Demain besoin de 10 personnes à балтийская ( ligne rouge),1
Le travail consiste à nettoyer les conduits,1
8h de temps + 1h de pause,1
3000 рублей <This message was edited>,1
+,1
+,1
🙄,1
30000руб???,1
+,1
Merde😂😂😂,2
On go norh,1
😂😂😂😂,2
@79857875304 1 <This message was edited>,1
@21652072357 2,1
@79998557193 3,1
@79533644655 Ce que tu écris c'est ça tu vas donner,1
🤣🤣🥰,2
+,1
@79998478152 4,1
Привет 2,1
++,1
+,1
🤣,2
"8/17/24, 5:46 PM - +233 59 660 5663 joined using this group's invite link",1
"8/17/24, 5:52 PM - +7 931 322-94-54 joined using this group's invite link",1
+,1
+,1
+,1
+,1
+,1
+,1
@79996684972 5,1
+,1
+,1
+,1
+,1
@237658136753 6,1
@22398670649 7,1
@23782688686 8,1
+,1
@79816968764 9,1
@79255633758 10,1
...,1
Fermé ❌❌❌,1
Même moi je mettais mon +😂😂😂😂😂,2
😂😂😂😂,2
"Bonsoir, besoin d'un espace pour dormir pour un séjour d'une semaine.si quelqu'un à une place disponible chez lui qu'il me trouve ib et on s'accorde",1
Bonsoir,1
Le lien du match barça,1
Bonjour à tous.,1
Je voyage de Saint-Pétersbourg/Moscou à Douala,1
20 kg disponibles. Dates de voyage du 15 au 22 de Saint-Pétersbourg à Moscou... du 23 au 24 de Moscou à Douala,1
Envoyez-moi un message pour plus d'informations,1
Hello everyone.,1
Traveling from Saint Petersburg/Moscow to Douala/Yaounde,1
"20kg available. Travel date 15th to 22nd st petersburg moscow....23rd to 24th moscow to douala ""cameroon""",1
Dm me for more info,1
🏃‍♂️🏃‍♂️🏃‍♂️🏃‍♂️,1
"8/18/24, 8:36 AM - +7 999 724-82-61 joined using this group's invite link",1
Besoin encore d'une personne.,1
+,1
@79013456101 6,1
Bonjour à tous.,1
Voyager de Saint-Pétersbourg / Moscou à Douala / Yaoundé,1
20 kg disponibles. contactez-moi.,1
😂😂😂😂😂,2
Moi pas comprendre... C'est quoi le souci au fait ??? Oubien vous avez tellement réussi que 1500 est devenu de la poussière ? Ah d'accord c'est cool alors. Moi j'y bosse chaque week-end et ça me dépanne énormément c'est pourquoi je cherchais quelqu'un pour me remplacer ce jour. Sur ce bon dimanche. Sois béni !,2
C'est ta dernière phrase qui est importante bon dimanche à toi aussi 😎😎,1
Pour le discours en haut la pardon <This message was edited>,1
"T'inquiètes j'ai suffisamment pris de l'âge pour faire discours avec mes frères africains. Je vous aime tellement... Seulement c'est pas cool de saboter son prochain. Ce que vous trouvez comme petit,  peut aider quelqu'un d'autre qui est dans le besoin .",1
C'est arrivé là bas ??? Age mdrrr ok 😀😀😀😀,1
Bonjour à tous. Besoin de 7 personnes demain. Le travail consiste à enlever les déchets de bétons sur le sol.,1
Метро Волковская ( ligne violette ),1
8h de travail + 1h de pause,1
2800 рублей  après le boulot,1
+,1
+,1
+,1
+,1
+,1
+,1
+,1
+,1
@79255633758 1,1
@79990004667 2,1
@23672720913 3,1
@23672871016 4,1
@23672905818 5,1
@79313229454 6,1
@23672421052 7,1
Fermé ❌❌❌,1
Demain besoin de 3 personnes au metro лиговский проспект(ligne orange).le travail avec le perforateur (отбойный молоток),1
8h de travail + 1h de pause,1
3000 roubles après le boulot,1
+,1
+,1
+,1
@79998557193 1,1
@21652072357 2,1
@79857875304 3,1
Fermé ❌❌❌,1
Demain besoin de 2 personnes au metro дыбенко (ligne orange).le travail consiste à faire le nettoyage du chantier,1
8h de travail + 1h de pause,1
2800 roubles après le boulot,1
+,1
@79992273382 1,1
+,1
@79533417891 2,1
Fermé ❌❌❌,1
"8/18/24, 2:12 PM - +236 74 02 36 88 joined using this group's invite link",1
Bonsoir,1
Le lien des matchs svp,1
Ouh,1
Là c'est qui ça ?,1
Ah qui sait,1
🤷🏾‍♂️🤷🏾‍♂️🤷🏾‍♂️,1
Svp,1
Le lien du match,1
600000 franc aux pays besoin du rouble aux taux Google,1
"8/19/24, 2:07 PM - +216 52 072 357 changed their phone number to a new number. Tap to message or add the new number.",1
"8/19/24, 2:59 PM - +7 981 209-04-05 joined using this group's invite link",1
Bonsoir à tous pour tous ceux désireux d'apprendre un travail technique dans le btp veuillez me ib)),1
Btp? 🤷🏾‍♂️,1
Bnsr à tous. Besoin de 10 personnes pour le nettoyage,1
8h de temps + 1h de pause,1
Метро ветеранов,1
3000 рублей,1
+,1
+,1
+,1
+,1
+,1
+,1
+,1
+,1
+,1
+,1
+,1
+,1
+,1
+,1
+,1
+,1
+,1
+,1
@25779875606 1 *chef de groupe*,1
+,1
+,1
@23782688686 2,1
@79602647985 3,1
@79531549821 4,1
@79919132627 5,1
@22398670649 6,1
@79533417891 7,1
@79936396115 8,1
+,1
@23672871016 9,1
@23672905818 10,1
*pour ceux qui ont été retenus arrivé au metro проспект ветеранов prenez la sortie дачныйпроспект* <This message was edited>,1
*Rendez-vous à 8h00 sans retard*,1
*паспорт собой*,1
Bonjour à tous. Besoin de 7 personnes demain. Le travail consiste à enlever les déchets de bétons sur le sol.,1
Метро Волковская ( ligne violette ),1
8h de travail + 1h de pause,1
2800 рублей  après le boulot,1
+,1
+,1
+,1
+,1
+,1
@79255633758 1 *chef de groupe*,1
@23672421052 2,1
+,1
@23672720913 3,1
+,1
@79812090405 4,1
@79963538810 5,1
@23674023688 6,1
@79816968764 7,1
Fermé ❌❌❌,1
Demain besoin de 3 personnes au metro лиговский проспект(ligne orange).le travail avec le perforateur (отбойный молоток),1
8h de travail + 1h de pause,1
3000 roubles après le boulot,1
+,1
+,1
@79857875304 1,1
+,1
@79998557193 2,1
+,1
@237658136753 3,1
Fermé ❌❌❌,1
Demain besoin de 2 personnes au metro дыбенко (ligne orange).le travail consiste à faire le nettoyage du chantier,1
8h de travail + 1h de pause,1
2800 roubles après le boulot,1
+,1
+,1
@79891154859 1,1
@79313229454 2,1
Fermé ❌❌❌,1
"🛑Всем привет.  30 kilo disponible  itinéraire : Yaoundé-Douala -Moscou-SaintPétersbourg, départ prévu pour le 24août 2024. Nous  reçevons également les  documents 📄 📄. ancien de Russie.🛑",1
Hello everyone.,1
Traveling from Saint Petersburg/Moscow to Douala/Yaounde,1
20kg available. Travel date 15th to 22nd st petersburg moscow....23rd to 24th moscow to douala,1
Dm me for more info,1
Qui a besoin du rouble on faire un bon taux,1
What did he do?,1
Il a perdu sa carte ?,0
"Hello everyone,please a room is needed urgently.any vacant please dm me",1
Besoin de 7 personnes demain. Le travail consiste à enlever les déchets de bétons sur le sol.,1
Метро Волковская ( ligne violette ),1
8h de travail + 1h de pause,1
2800 рублей  après le boulot,1
+,1
+,1
+,1
+,1
",+",1
+,1
+,1
+,1
+,1
@79255633758 1 *chef de groupe*,1
@243819335634 2,1
@79990004667 3,1
@23672421052 4,1
@23672720913 5,1
@79019770315 6,1
@23674023688 7,1
Fermé ❌❌❌,1
Demain besoin de 3 personnes au metro лиговский проспект(ligne orange).le travail avec le perforateur (отбойный молоток),1
8h de travail + 1h de pause,1
3000 roubles après le boulot,1
+++,1
+,1
+,1
+,1
null,1
++,1
"8/20/24, 7:29 PM - +236 72 74 46 53 joined using this group's invite link",1
+,1
+,1
"8/20/24, 7:32 PM - +236 72 93 36 80 joined using this group's invite link",1
@79936396115 1,1
@79816968764 2,1
+,1
+,1
@79857875304 3,1
Fermé ❌❌❌,1
Bsr s il te plaît le lien du groupe,1
"8/20/24, 7:57 PM - +7 917 577-06-26 joined using this group's invite link",1
Le lien du match svp,1
Bonjour la famille je cherche une chambre collocation pour frère,1
"Bonjour famille, svp quelqu'un peut me passer le numéro de l'ambassade de côté d'ivoire  ,",1
Bnsr à tous.Demain besoin de 9 personnes pour le nettoyage,1
8h de temps + 1h de pause,1
Метро ветеранов,1
3000 рублей <This message was edited>,1
null,1
+,1
+,1
+,1
+,1
null,1
+,1
+,1
@23672905818 1,1
+,1
@23672744653 2,1
+,1
+,1
+,1
@25779875606 3 *chef de groupe*,1
@23672871016 4,1
@79533417891 5,1
@23672720913 6,1
"8/21/24, 10:16 AM - +7 999 724-82-61 joined using this group's invite link",1
Moins 3 personnes *,1
+,1
@79921942011 7,1
+,1
@79998557193 8,1
+,1
+,1
@237658136753 9,1
Fermé ❌❌❌,1
Hello everyone.,1
Traveling from Saint Petersburg/Moscow to Douala/Yaounde,1
20kg available. Travel date 15th to 22nd st petersburg moscow....23rd to 24th moscow to douala,1
Dm me for more info,1
Bonjour à tous.,1
Voyager de Saint-Pétersbourg / Moscou à Douala / Yaoundé,1
20 kg disponibles. Date de voyage du 15 au 22 saint-pétersbourg moscou....23 au 24 moscou à douala,1
Me contacter pour plus d'informations,1
Besoin de 2 personnes demain pour le métro  девяткино. Le travail consiste à transporter les portes.  Le travail va prendre moins de 8h,1
2800 roubles après le boulot,1
1,1
+,1
@243819335634 1,1
Moins 1,1
+,1
Moins 1 personne,1
"Bsr la famille tous ceux qui ont besoin d’un carnet de vaccin pour les voyageurs yallo feever tout genre de vaccin me dou signe douala comme Yaoundé , même la carte biométrie",1
Fermé ❌❌❌,1
"8/21/24, 5:57 PM - +7 996 360-83-70 joined using this group's invite link",1
Besoin de 7 personnes demain. Le travail consiste à enlever les déchets de bétons sur le sol.,1
Метро Волковская ( ligne violette ),1
8h de travail + 1h de pause,1
2800 рублей  après le boulot,1
+,1
+,1
+,1
+,1
+,1
+,1
+,1
Repose toi encore,1
+,1
@79019770315 1,1
@79990004667 2,1
@23674023688 3,1
@23672421052 4,1
Le tranchant😂😂😂,2
@79255633758 5,1
"8/21/24, 6:51 PM - +245 955 573 266 joined using this group's invite link",1
Pv,1
😂😂,2
@79963608370 6,1
Moins 1 personne,1
😹🤣😭Dossier rejetté on ne discute pas avec le ministre de l'emploi 🫡🙌,2
Quand l’enfant est têtue ont ne lui jette pas !!,1
+,1
@2455573266 7,1
Fermé ❌❌❌,1
null,1
Demain besoin de 3 personnes au metro лиговский проспект(ligne orange).le travail avec le perforateur (отбойный молоток),1
8h de travail + 1h de pause,1
3000 roubles après le boulot,1
+,1
+,1
+,1
@79300036839 1,1
@79936396115 2,1
@79816968764 3,1
+,1
+,1
+,1
"8/21/24, 7:26 PM - +236 74 11 11 81 joined using this group's invite link",1
Une personne pour remplacer le numéro 8. Проспект ветеранов,1
+,1
+,1
+,1
",+",1
+,1
@79531549821 8,1
Fermé ❌❌❌,1
Une personne pour remplacer le numéro  2 метро волковская,1
+,1
+,1
Tu mets plus partout,1
@79313229454 2,1
+,1
+,1
Besoin de 5 personnes pour le métro балтийская,1
Nettoyage,1
2800 рублей  après le boulot,1
+,1
+,1
@79773901845 1,1
@79857875304 2,1
@79812090405 3,1
Moins 2,1
+,1
+,1
+,1
@79885968682 4,1
+,1
@237695559433 5,1
Fermé ❌❌,1
Une personne pour remplacer le numéro 1,1
Метро волковская,1
+,1
"8/21/24, 9:33 PM - +245 955 493 361 joined using this group's invite link",1
+,1
@2455493361 1,1
Fermé ❌,1
Besoin encore d'une personne *,1
"8/21/24, 11:23 PM - +227 88 15 99 68 joined using this group's invite link",1
+,1
@22788159968 1,1
Bnsr à tous.Demain besoin de 9 personnes pour le nettoyage,1
8h de temps + 1h de pause,1
Метро ветеранов,1
3000 рублей,1
+,1
+,1
+,1
+,1
+,1
+,1
+,1
+,1
+,1
+,1
+,1
+,1
+,1
+,1
Josué+,1
+,1
+,1
+,1
+,1
"8/22/24, 5:03 PM - +245 955 762 380 joined using this group's invite link",1
++,1
+👆🏾,1
@25779875606 1 *chef de groupe*,1
@79531549821 2,1
@79602647985 3,1
@79042171712 4,1
@79533417891 5,1
+,1
@23672871016 7,1
@79963608370 8,1
@79857875304 9,1
Fermé ❌❌❌,1
*Demain le bus se prend à 7h45*,1
pour les nouveaux prenez cet sortie,1
Regardez votre travail,1
Une personne pour remplacer le numéro 6,1
🤣🤣🤣🤣,2
piricour,1
+,1
+,1
+,1
+,1
@79919132627 6,1
Moi,1
+,1
null,1
Besoin de 7 personnes demain. Le travail consiste à enlever les déchets de bétons sur le sol.,1
Метро Волковская ( ligne violette ),1
8h de travail + 1h de pause,1
2800 рублей  après le boulot,1
+,1
+,1
+,1
+,1
+,1
+,1
+,1
+,1
@23672720913 1,1
+,1
@79255633758 2,1
@243819335634 3,1
@2455493361 4,1
@23672421052 5,1
+,1
@79812090405 6,1
@23672905818 7,1
Fermé ❌❌❌,1
Demain besoin de 3 personnes au metro лиговский проспект(ligne orange).le travail avec le perforateur (отбойный молоток),1
8h de travail + 1h de pause,1
3000 roubles après le boulot,1
+,1
+,1
+,1
+,1
+,1
@79936396115 1,1
+,1
@79816968764 2,1
@79998557193 3,1
Prend mon petit,1
Fermé ❌❌❌,1
🤦🏽‍♂️🤦🏽‍♂️🤦🏽‍♂️🤷🏽‍♂️,1
Titulaire indiscutable indomptable 😎,1
Ееh koya,1
"8/23/24, 2:44 PM - +7 980 912-59-18 joined using this group's invite link",1
Bonjour la famille,1
Je suis nouveau dans la ville,1
Je recherche un endroit où dormir pour quelques jours même en collocation. <This message was edited>,1
URGENT 🚨 S'il Vous plait,1
Demain besoin de 2 personnes au metro дыбенко (ligne orange).le travail consiste à faire le nettoyage du chantier,1
8h de travail + 1h de pause,1
2800 roubles après le boulot,1
+,1
+,1
+,1
+,1
@79992273382 1,1
@79255633758 2,1
Fermé ❌❌❌,1
Besoin de 7 personnes demain. Le travail consiste à enlever les déchets de bétons sur le sol.,1
Метро Волковская ( ligne violette ),1
8h de travail + 1h de pause,1
2800 рублей  après le boulot,1
+,1
+,1
+,1
+,1
+,1
+,1
+,1
+,1
@79533417891 1,1
@79042171712 2,1
@79531549821 3,1
@79919132627 4,1
@2455493361 5,1
@79602647985 6,1
@79963538810 7,1
Fermé ❌❌❌,1
Bonsoir à tous.tous ceux qui ont besoin d'un travail  constant ( manutention),1
"2/2 , 5/2 , 3/1 , 6/1",1
Faites moi signe en inbox pour tout les détails,1
J'ai besoin encore d'une brigade  de 10 personnes ( de jour et de nuit ),1
3000 roubles <This message was edited>,1
+,1
"8/23/24, 7:30 PM - +7 980 076-34-95 joined using this group's invite link",1
null,1
Yep,1
Aide-moi à voir le lien du match de Paris svp,1
Merci,2
Bonsoir à tous besoin du FCFA,1
De combien,2
On,1
Ib,1
Moi depuis je t'écris tu me snobe hein c'est bien,2
Tu as envoyer je ne t’ai pas send ?,1
Allons ib,1
Ok,1
"8/24/24, 2:09 AM - +7 995 593-13-17 joined using this group's invite link",1
Bjr à tous. Une personne pour remplacer le numéro 5,1
=,1
@243819335634 5,1
+,1
"8/24/24, 2:49 PM - +7 999 221-86-92 joined using this group's invite link",1
Pardon j ais besoin de 2 chambers apartment aide moi mes gars <This message was edited>,1
Besoin de 7 personnes demain. Le travail consiste à enlever les déchets de bétons sur le sol.,1
Метро Волковская ( ligne violette ),1
8h de travail + 1h de pause,1
2800 рублей  après le boulot,1
+,1
+,1
+,1
+,1
+,1
+,1
+,1
+,1
+,1
+,1
+,1
+,1
@79857875304 1 *chef de groupe*,1
+,1
+,1
+,1
@79531549821 2,1
@79042171712 3,1
@79602647985 5,1
@243819335634 4,1
@79255633758 6,1
@23672905818 7,1
+,1
Fermé ❌❌❌,1
*demain 9h30 au метро волковская*,1
*sans retard*,1
null,1
Une personne pour remplacer le numéro 3,1
+,1
+,1
@79936396115 3,1
Fermé ❌❌❌,1
J’ai le rouble de 200000,1
Demain besoin de 3 personnes au metro дыбенко (ligne orange).le travail consiste à faire le nettoyage du chantier,1
8h de travail + 1h de pause,1
2800 roubles après le boulot,1
+,1
+,1
+,1
+,1
@79891154859 1,1
@79533417891 2,1
Fermé ❌❌❌,1
Une personne pour remplacer le numéro 3,1
+,1
@79857875304 3,1
+,1
null,1
Besoin de 7 personnes demain. Le travail consiste à enlever les déchets de bétons sur le sol.,1
Метро Волковская ( ligne violette ),1
8h de travail + 1h de pause,1
2800 рублей  après le boulot,1
+,1
+,1
+,1
@23674023688 1,1
@23672421052 2,1
@79812090405 3,1
+,1
@79919132627 4,1
Moins 3,1
+,1
@79255633758 5,1
null,1
"8/26/24, 3:02 PM - +245 955 493 361 joined using this group's invite link",1
Привет,1
Slt la famille! Une chambre disponible.Interessée ib.,1
"Salut besoin d'une chambre pour femme, colocation ou studio, chambre salon tout est nécessaire",1
Pour combien de temps ???,2
Pour impe longtemps si possible,1
"8/26/24, 6:03 PM - +7 953 341-78-91 joined using this group's invite link",1
Besoin de 7 personnes demain. Le travail consiste à enlever les déchets de bétons sur le sol.,1
Метро Волковская ( ligne violette ),1
8h de travail + 1h de pause,1
2800 рублей  après le boulot,1
+,1
+,1
+,1
+,1
+,1
+,1
+,1
@79042171712 1,1
@79602647985 2,1
@79531549821 3,1
@79812090405 4,1
@23672905818 5,1
@23674023688 6,1
+,1
@79857875304 7,1
Fermé ❌❌❌,1
Demain besoin de 15 personnes au metro Обводный канал (ligne violette).le travail consiste à faire le nettoyage,1
8h de travail + 1h de pause,1
2800 roubles après le boulot <This message was edited>,1
+,1
@79213246380 1,1
+,1
@2455573266 2,1
+,1
@22398670649 3,1
+,1
@22788159968 4,1
@79857875304 5,1
+,1
@79936396115 6,1
+,1
@79885968682 7,1
Qui a besoin du rouble,1
"8/27/24, 9:35 AM - +221 77 602 10 44 joined using this group's invite link",1
Demain besoin de 15 personnes au metro Обводный канал (ligne violette).le travail consiste à faire le nettoyage,1
8h de travail + 1h de pause,1
2800 roubles après le boulot,1
+,1
@79990004667 1,1
+,1
@23672871016 2,1
+,1
@2455493361 3,1
+,1
@79857875304 4,1
+,1
@2455573266 5,1
+,1
@79602647985 6,1
+,1
@23672720913 7,1
+,1
@79936396115 8,1
"8/27/24, 5:49 PM - +245 955 385 955 was added",1
"8/27/24, 5:49 PM - ~ Ing T Erwane Youmsi left",1
+,1
@2455385955 9,1
@79255633758 10,1
+,1
@22788159968 11,1
+,1
@243819335634 12,1
Bonsoir la famille 600mil au Cameroun besoin de rouble ici taux Google on gère en ib,1
Salut qui a le lien du foot pour aujourd'hui ?,1
@201115024967 ?,1
Oui?,1
Le lien du match stp,1
🔥LIEN🔥 27/08,1
➖➖➖➖➖➖➖➖➖➖,1
📺 21h30 - Vallecano ⚡️ Barcelone,1
➡️ t.me/huniliive389?livestream,1
Merci 🙏,2
Ok,1
Merci beaucoup,2
Départ ✌️,1
Moscou Douala,1
Date le 29 août,1
23 kilos disponibles,1
Ib,1
null,1
"8/28/24, 7:46 AM - +7 985 042-70-94 joined using this group's invite link",1
Demain besoin de 15 personnes au metro Обводный канал (ligne violette).le travail consiste à faire le nettoyage,1
8h de travail + 1h de pause,1
2800 roubles après le boulot,1
+,1
@79042171712 1,1
500k au pays besoin du rouble au taux Google,1
C’est au taux Yahoo qu’on va te donner,1
Mon sure,1
null,1
"8/28/24, 3:41 PM - +227 90 09 86 43 joined using this group's invite link",1
+,1
@22790098643 2,1
+,1
@79936396115 3,1
+,1
+,1
@79531549821 4,1
@79602647985 5,1
+,1
@79919132627 6,1
+++,1
@79990004667 7,1
+,1
+,1
@22398670649 8,1
+,1
@243819335634 9,1
+,1
@79255633758 10,1
-,1
-,1
Ok,1
*Any mobile Baber in the house ?*,1
Demain besoin de 15 personnes au metro Обводный канал (ligne violette).le travail consiste à faire le nettoyage,1
8h de travail + 1h de pause,1
2800 roubles après le boulot,1
Fermé ❌❌❌,1
"Bonsoir,quelqu’un peut nous envoie-moi le lien des matchs",1
Svp,1
La maison blanche sait même que c'était l'argent de quoi k jsi mis là-bas?,1
Salut j'ai besoin du lien du match réal Madrid,1
lien du match svp bonsoir,1
"8/29/24, 11:43 PM - +7 958 167-41-27 joined using this group's invite link",1
LIEN DE MATCH:,1
🔥LIEN🔥 28/08,1
➖➖➖➖➖➖➖➖➖➖,1
✅ 15h45 - Tirage LDC,1
✅ 18h00 - Panathiakos 🆚 Lens,1
🔥🔥Telegram app :,1
t.me/dinosplay289?livestream,1
➖➖➖➖➖➖➖➖➖,1
✅ 19h30 - Las palmas 🆚 Real Madrid,1
🔥🔥Telegram app :,1
t.me/dinosplay290?livestream,1
🔥LIEN🔥 29/08,1
➖➖➖➖➖➖➖➖➖➖,1
✅ 19h30 - Las Palmas ⚡️ Real Madrid,1
➡️ t.me/huniliive391?livestream,1
"8/30/24, 12:01 PM - ~ L'entrepreneur Russe left",1
besoin de 10 personnes *aujourd'hui* au metro Обводный канал (ligne violette).le travail consiste à faire le nettoyage,1
2800 roubles après le boulot,1
Le travail finit à 19h <This message was edited>,1
Aujourd'hui ?,1
Déjà fermé ❌❌❌,1
Ah ok,1
Demain besoin de 4 personnes au metro Обводный канал (ligne violette).le travail consiste à faire le nettoyage,1
2800 roubles après le boulot,1
8h de travail  + 1h de pause <This message was edited>,1
Pour fini à quel heure?,1
C'est demain. À l'heure habituelle,1
Il y a avait errerur ici,1
Ouais j'ai vu,1
+,1
+,1
@79255633758 1,1
@243819335634 2,1
+,1
@79963538810 3,1
+,1
@79632469960 4,1
Fermé ❌❌❌,1
Un gar pour me remplacer ici  svp.... J'ai eu un empêchement,1
Besoin d'une personne pour demain *,1
+,1
@22966698577 4,1
Fermé ❌❌❌,1
Bonsoir,1
Le lien des matchs svp,1
Besoin de 4 personnes *Lundi* au *Метро Девяткино* travail consiste à faire le nettoyage,1
8h de temps + 1h de pause,1
3000 roubles,1
+,1
@79857875304 1,1
🆘🆘🆘 *Les inscriptions sur les listes électorales se terminent aujourd’hui à l’ambassade à 14h00*,1
Madame La chargé culturelle,1
bonjour liens des match svp,1
Bonjour le lien des matchs svp,1
"Bonsoir à tous, y a-t-il une personne qui vient en Russie (Saint-petersbourg) ces jours?",1
@201115024967 ?,1
Oui?,1
Le lien du match stp 🙏😁,1
🔥LIEN🔥 31/08,1
➖➖➖➖➖➖➖➖➖➖,1
📺 13h30 - Arsenal ⚡️ Brighton,1
📺 18h30 - West Ham ⚡️ Man. City,1
➡️ t.me/hunilivve394?livestream,1
➖➖➖➖➖➖➖➖➖➖,1
📺 17h00 - Brest ⚡️ Saint-Étienne,1
📺 19h00 - Montpellier ⚡️ Nantes,1
📺 21h00 - Toulouse ⚡️ OM,1
➡️ t.me/hunilivve395?livestream,1
➖➖➖➖➖➖➖➖➖➖,1
📺 12h30 - Essais Libres 3 🏎️,1
📺 17h00 - Qualifications 🏎️,1
➡️ t.me/hunilivve396?livestream,1
➖➖➖➖➖➖➖➖➖➖,1
📺 17h00 - Barcelone ⚡️ Valladolid,1
➡️ t.me/hunilivve397?livestream,1
Stp le lien du match 🙏🏻,1
Merci beaucoup 🙏,2
Merci,2
🤝,1
Demain besoin de 5 personnes au metro Обводный канал (ligne violette).le travail consiste à faire le nettoyage,1
3000 roubles après le boulot,1
8h de travail  + 1h de pause,1
+,1
@79042171712 1,1
+,1
@79936396115 2,1
@79857875304 3,1
+,1
@79255633758 4,1
+,1
@79963538810,1
Moins 3 personnes,1
Bonsoir,1
Le lien des matchs svp,1
"9/1/24, 4:45 PM - +7 915 371-83-16 joined using this group's invite link",1
null,1
Confidence 🤌🤝,1
Bonsoir svp le liens du match,1
"Bonsoir à tous, besoin de 7 personnes pour un travail constant et permanent dans les écoles primaires. Travail à l’intérieur allant de lundi à vendredi,  de 8h à 16h pour un paiement de 2100 roubles , 2 à 3 repas par jour , le travail consiste a faire la plonge / servir les enfants ( dépendants des écoles)",1
Métro беговая( 6 personnes) et Métro комендантский (1 personne) <This message was edited>,1
null,1
Demain besoin de 4 personnes au metro дыбенко (ligne orange).le travail consiste à faire le nettoyage du chantier,1
8h de travail + 1h de pause,1
3000 roubles après le boulot,1
+,1
@79992273382 1,1
+,1
@79857875304 2,1
@79891154859 3,1
+,1
+,1
@79963538810 4,1
Fermé ❌❌❌,1
Besoin de 4 personnes pour le travail de nettoyage demain à *Девяткино*,1
8h de temps + 1h de pause,1
3000 roubles après le boulot,1
Moins 2 personnes *,1
Fermé ❌❌,1
Demain besoin de 5 personnes au metro Обводный канал (ligne violette).le travail consiste à faire le nettoyage,1
3000 roubles après le boulot,1
8h de travail  + 1h de pause,1
@79255633758 1,1
"9/2/24, 9:07 PM - +7 953 349-21-18 joined using this group's invite link",1
"9/2/24, 9:08 PM - +223 62 73 23 66 joined using this group's invite link",1
Moins 3 personnes *,1
+,1
@79533492118 3,1
"9/2/24, 9:50 PM - Rodriguez Peter removed ~ Tonton Emma",1
Demain besoin de 10 personnes au metro Обводный канал (ligne violette).le travail consiste à faire le nettoyage,1
3000 roubles après le boulot,1
8h de travail  + 1h de pause,1
@79856939262 1,1
+,1
@237695559433 2,1
+,1
@79042171712 3,1
"9/3/24, 11:15 AM - Rodriguez Peter added ~ СЭМ",1
+,1
@79857875304 4,1
+,1
@79015825735 5,1
@79255633758 6,1
+,1
@79992273382 7,1
@79533492118 8,1
null,1
+237 6 72 76 03 80,1
C’est un nouveau il a besoin du travaille,1
Sa cour avec vous hein,1
"9/3/24, 9:27 PM - Rodriguez Peter removed ~ только Бог знает",1
"9/3/24, 9:29 PM - Rodriguez Peter removed ~ Moreldo",1
"9/3/24, 9:33 PM - Rodriguez Peter removed ~ Le fils du Soleil",1
"9/3/24, 9:33 PM - Rodriguez Peter removed ~ La Sorcière😈⚽️🌚🏃🏾‍♂️🏃🏾‍♂️",1
"9/3/24, 9:35 PM - Rodriguez Peter removed ~ Kylian 📍",1
"9/3/24, 9:35 PM - +237 6 72 76 03 80 joined using this group's invite link",1
+,1
@79153718316 9,1
+,1
@79916480756 10,1
"9/4/24, 8:55 AM - Rodriguez Peter added ~ La Sorcière😈⚽️🌚🏃🏾‍♂️🏃🏾‍♂️",1
Demain besoin de 15 personnes au metro Обводный канал (ligne violette).le travail consiste à faire le nettoyage,1
3000 roubles après le boulot,1
8h de travail  + 1h de pause,1
+,1
@79857875304 1,1
+,1
+,1
@79015825735 2,1
@79990004667 3,1
"9/4/24, 10:05 AM - +7 987 725-66-22 changed their phone number to a new number. Tap to message or add the new number.",1
@79153718316 4,1
"9/4/24, 1:09 PM - +91 80974 94481 joined using this group's invite link",1
+,1
@79916480756 5,1
+,1
@79856939262 6,1
@79533492118 7,1
@79936396115 8,1
+,1
+,1
@79255633758 9,1
null,1
@79992273382 10,1
null,1
Fermé ❌❌❌,1
Besoin de 4 personnes pour le travail de nettoyage demain à *Девяткино*,1
8h de temps + 1h de pause,1
3000 roubles après le boulot,1
Moins 2 personnes,1
+,1
@79944164615 3,1
Moins 1,1
null,1
+,1
@79019770315 4,1
+,1
"Bjr la famille, besoin d’une chambre pour fille, urgent 🙏🏾",1
Envoie la photo de la fille,1
Oui sa photo,1
Send la toff,1
Vas y,1
Bjr à tous.*Demain* besoin de 4 personnes à 3 minutes du métro *Политехническая* le travail consiste à faire le nettoyage. ( boulot facile et pas physique),1
8h de travail  + 1h de pause,1
*pendant 1 mois*,1
3000 roubles chaque jour après le boulot <This message was edited>,1
Laissez Aloga travailler pardon😂😂😂,2
Footballeur très dangereux,1
+,1
@79046370258 1,1
+,1
@79019770315 2,1
🤣🤣🤣🤣🤣,2
😂😂,2
+,1
@22966698577 3,1
+,1
+,1
+,1
@79992273382 5,1
"Besoin du rouble on gère à 6,8",1
Chaud chaud,1
+,1
@79255633758 6,1
±,1
@79522367189 7,1
@79856939262 8,1
Moins 2,1
-,1
@79042171712 9,1
@79916480756 10,1
Moins 1,1
Fermé ❌❌❌,1
Besoin encore d'une personne*,1
3000 roubles *,1
"9/5/24, 10:42 PM - ~ Steve was added",1
Fermé ❌❌❌,1
"Bonsoir, besoin du rouble 650k Fcfa <This message was edited>",1
"9/6/24, 10:32 AM - +7 996 790-21-63 was added",1
Demain besoin de 2 personnes au metro дыбенко (ligne orange).le travail consiste à faire le nettoyage du chantier,1
8h de travail + 1h de pause,1
3000 roubles après le boulot,1
+,1
+,1
+,1
+,1
@79198838241 1,1
+,1
@79963538810 2,1
Fermé ❌❌❌,1
Demain besoin de 10 personnes au metro Обводный канал (ligne violette).le travail consiste à faire le nettoyage,1
3000 roubles après le boulot,1
8h de travail  + 1h de pause,1
+,1
@79936396115 1,1
+,1
+,1
+,1
+,1
+,1
+,1
+,1
+,1
@79916480756 2,1
@79857875304 3,1
@79046370258 4,1
+,1
@79809125918 5,1
@22398670649 6,1
@79856939262 7,1
@79015825735 8,1
@79019770315 9,1
+,1
@79255633758 10,1
Fermé ❌❌❌,1
Besoin de 2 personnes pour le travail de nettoyage demain à *Девяткино*,1
8h de temps + 1h de pause,1
3000 roubles après le boulot,1
+,1
@79944373052 1,1
+,1
"9/6/24, 1:15 PM - +212 691-070967 joined using this group's invite link",1
@2455762380 2,1
Fermé ❌❌❌,1
👌,1
Demain besoin de 9 personnes au metro *Метро проспект ветеранов* (ligne rouge).le travail consiste à faire le nettoyage,1
3000 roubles après le boulot,1
8h de travail  + 1h de pause <This message was edited>,1
+,1
@79213246380 1,1
+,1
@79969135468 2,1
+,1
+,1
+,1
@79602647985 3,1
@2455493361 4,1
@79531549821 5,1
+,1
@79885968682 6,1
+,1
@22966698577 7,1
@79931871610 8,1
Moins une personne *,1
+,1
@79533492118 9,1
Fermé ❌❌❌,1
"9/7/24, 10:59 AM - +7 999 865-72-20 joined using this group's invite link",1
Bjr,1
Les ga quelq'1 connait le William si,1
🤣🤣🤣🤣🤣🤣🤣,2
Le koki a encore cuit a péter ? Qui a encore organisé qui ? 🤣🤣,2
Je sais que quand on poste comme ça c'est que la nage a fait son travail. Les hommes de l'eau la,1
Non ce mon Ami,1
J'ai perdu son numero,0
😂 et c'est ici que tu viens lui chercher ou demander?,2
🤣🤣🤣🤣 je Wanda,2
C’est le model dit nous la vérité 🤣🤣🤣🤣,2
Tu finira par dire la vérité quand sa aurai cuir d'un côté,1
"On n'affiche pas les gens comme xa, c'est mon ami un bon gar",1
Ok bro,1
Tranquil,1
"13 personnes dans un vol 😂😂😂😂😂😂, merde les partenaires de Éthiopia Airlines 😂😂😂😂😂😂",2
🤣🤣🤣🤣,2
Les archives de ce pays🤣🤣,2
Toute une histoire,1
Ouvrez une fois votre compagnie aérienne hein 😂😂😂😂😂😂😂😂,2
Et Cameroon Russie taux Google aussi ??,1
Bien vouloir lire la notice,2
Svp,1
"9/7/24, 12:40 PM - +224 660 00 65 45 joined using this group's invite link",1
"9/7/24, 1:11 PM - +224 621 29 63 36 joined using this group's invite link",1
Demain besoin de 9 personnes au metro *Метро проспект ветеранов* (ligne rouge).le travail consiste à faire le nettoyage,1
3000 roubles après le boulot,1
8h de travail  + 1h de pause,1
+,1
+,1
@79602647985 1,1
@79531549821 2,1
+,1
+,1
+,1
+,1
@79921896938 3,1
+,1
@2455493361 4,1
@224628859239 5,1
+,1
@79533492118 6,1
@79931871610 7,1
+,1
@79936396115 8,1
+,1
+,1
+,1
+,1
@79916480756 9,1
Fermé ❌❌❌,1
*Demain rassemblement à la sortie du métro face cberbank(arrêt bus) à 8h00 bien précise*,2
+,1
Demain besoin de 5 personnes au metro Обводный канал (ligne violette).le travail consiste à faire le nettoyage,1
3000 roubles après le boulot,1
8h de travail  + 1h de pause,1
+,1
+,1
+,1
+,1
+,1
+,1
+,1
+,1
+,1
+,1
@79046370258 1,1
@79255633758 2,1
+,1
@79998478152 3,1
+,1
@79019770315 4,1
+,1
@79856939262 5,1
Fermé ❌❌❌,1
*Rassemblement à 8h00 à la sortie du métro Обводный канал*,1
Une personne pour remplacer le numéro 9 à проспект ветеранов,1
3000 рублей,1
+,1
@25779875606 9,1
Fermé ❌❌❌,1
"Le lien du match svp , bonsoir",1
🔥 LIEN 🔥 07/09,1
➖➖➖➖➖➖➖➖➖,1
📺 18h00 - Irlande 🆚 Angleterre,1
📺 20h45 - Allemagne 🆚 Hongrie,1
📺 01h00 - UFC Fight Night 🥊,1
➡️ t.me/ikzlive334?livestream,1
➖➖➖➖➖➖➖➖➖,1
📺 18h00 - Cameroun 🆚 Zambie,1
➡️ t.me/ikzlive335?livestream,1
"⚠️ Envoie un message chaque jour à @TV_IKZ, il te répondra directement avec les liens",1
Bjr à tous Demain besoin de 9 personnes au metro *Метро проспект ветеранов* (ligne rouge).le travail consiste à faire le nettoyage,1
3000 roubles après le boulot,1
8h de travail  + 1h de pause,1
+,1
@79534729423 1,1
Sabane+,1
@25779875606 2,1
"Aujourd’hui,10 kilos dispo Moscou peter",1
Fermé ❌❌❌,1
Demain besoin de 10 personnes au metro Обводный канал (ligne violette).le travail consiste à faire le nettoyage,1
3000 roubles après le boulot,1
8h de travail  + 1h de pause,1
+,1
@79916480756 1,1
±,1
@79046370258 2,1
+,1
@79857875304 3,1
+,1
@79992273382 4,1
+,1
@79963538810 5,1
+,1
@79153718316 6,1
+,1
@79534729423 7,1
+,1
@79019770315 8,1
+,1
+,1
+,1
@79856939262 9,1
@237695559433 10,1
Fermé ❌❌❌,1
Bsr la famille ! Je suis à la recherche d'une chambre pour 2 personnes . De 15-20 000 roubles le mois.,1
M'écrive inbox au cas où vous avez des une où des propositions à me faire.,1
Merci !!!,2
"9/9/24, 4:53 AM - +7 963 313-96-69 changed their phone number to a new number. Tap to message or add the new number.",1
Si la veuve de ton pote t'ouvre les portes tu vas laisser ?,1
Bonne semaine à tous 🖤💪🏿💯,1
Demain besoin de 6 personnes au metro *балтийская* (ligne rouge).le travail consiste à faire le nettoyage,1
3000 roubles après le boulot,1
8h de travail  + 1h de pause <This message was edited>,1
+,1
+,1
+,1
+,1
+,1
@79046370258 1,1
+,1
+,1
+,1
@79857875304 2,1
Le travail c'est à балтийская,1
Pas à Обводный канал,1
+,1
Ok boss,1
@79916480756 3,1
Ok +,1
+,1
@237695559433 4,1
@79931871610 1,1
*S'il ya des maçons dans le groupe veuillez m'écrire en inbox.  J'ai du boulot pour vous*,1
@79963538810 5,1
@79015825735 6,1
Fermé ❌❌❌,1
Besoins  de 5 maçons pour un travail à long temps,1
+,1
+,1
Les filles aussi??,1
Si les filles ont la compétence ou est le problème,0
iPhone 11pro 64go niveau de 80% Face ID ne fonctionne pas a seulement 18000roubles,1
NB:Saint-Pétersbourg,1
Bsr besoin urgemment d'une chambre svp,1
Bonsoir a tous svp je voulais savoir comment faire pour recevoir un colis de Moscou pour Petersburg Une valise 21kg,1
Sdek ou Pochta ou blablacar,1
Merci,2
Salut besoin d'une chambre urgemment svp ib,1
Pour une fille ou un garçon,1
Pour les deux,1
Bjr à tous.*Demain* besoin de 2 personnes à 3 minutes du métro *Политехническая* le travail consiste à faire le nettoyage. ( boulot facile et pas physique),1
8h de travail  + 1h de pause,1
*pendant 1 mois*,1
3000 roubles chaque jour après le boulot,1
La langue est un atout,1
+,1
@79931871610 1,1
Moins 1,1
+,1
+,1
+,1
@2455493361 2,1
Fermé ❌❌❌,1
Salut besoin d'une chambre urgemment svp pour un garçon,1
Bonsoir la famille.svp Qui a les kg disponibles ?Douala_saint Pétersbourg. <This message was edited>,1
Demain besoin de 4 personnes au metro *балтийская* (ligne rouge).le travail consiste à faire le nettoyage,1
3000 roubles après le boulot,1
8h de travail  + 1h de pause,1
+,1
@79857875304 1,1
@237695559433 2,1
+,1
+,1
@79916480756 3,1
+,1
@79963538810 4,1
Fermé ❌❌❌,1
Lien du match ????,1
Bonsoir lien du match svp,1
Www.match.ofeletv.cd,1
"Bsr, Ca ne giv pas",1
Oui g c,1
Sa donne?,1
🔥LIEN🔥 10/09,1
➖➖➖➖➖➖➖➖➖➖,1
📺 18h00 - Libéria 🆚 Algérie,1
📺 20h45 - Pays-Bas 🆚 Allemagne,1
🔥🔥Telegram app :,1
t.me/dinosplay324?livestream,1
➖➖➖➖➖➖➖➖➖➖,1
📺 18h00 - Zimbabwe 🆚 Cameroun,1
📺 20h45 - Finlande 🆚 Angleterre,1
🔥🔥Telegram app :,1
t.me/dinosplay325?livestream,1
🔥LIEN🔥 10/09,1
➖➖➖➖➖➖➖➖➖➖,1
📺 18h00 - Libéria ⚡️ Algérie,1
📺 20h45 - Pays-Bas ⚡️ Allemagne,1
➡️ t.me/huniilive413?livestream,1
➖➖➖➖➖➖➖➖➖➖,1
📺 18h00 - Zimbabwe ⚡️ Cameroun,1
➡️ t.me/huniilive414?livestream,1
"9/10/24, 9:33 PM - +7 977 721-19-16 joined using this group's invite link",1
null,1
Salut à tous.,1
Y'a t-il qlqun ici à Saint-Pétersbourg qui a la nationalité Russe et une voiture ?,1
Inbox me,1
"Le tour ci, tu as élevé le niveau",1
Besoin de 2 personnes pour le travail de nettoyage demain à *Девяткино*,1
8h de temps + 1h de pause,1
3000 roubles après le boulot,1
+,1
+,1
@79015141681 1,1
@2455493361 2,1
Fermé ❌❌❌,1
follow me my tiktok,1
you will enjoy till your death 🙂🙏,1
Bjr à tous.*Demain* besoin de 2 personnes à 3 minutes du métro *Политехническая* le travail consiste à faire le nettoyage. ( boulot facile et pas physique),1
8h de travail  + 1h de pause,1
*pendant 1 mois*,1
3000 roubles chaque jour après le boulot,1
La langue est un atout,1
@79931871610 1,1
+,1
@79857875304 2,1
Fermé ❌❌❌,1
Apprenez la langue c'est important 😎,1
🤣🤣🤣,2
Besoin de 2 personnes pour le travail de nettoyage demain à *Девяткино*,1
8h de temps + 1h de pause,1
3000 roubles après le boulot,1
@79015141681 1,1
Moins 1,1
+,1
+,1
+,1
@79046370258 2,1
Fermé ❌❌❌,1
Bonjour 500000 fcfa au pays (Cameroun ) besoin du roubles; taux Google,1
Interessé ib,1
Aux taux wifi,1
"Bonjour la famille, j'ai 220$ , besoin de roubles",1
Qui peut m'aider,1
Nb: billet de 20$,1
Bonsoir à tous besoin d'une personne qui quitte Cameroun pour Saint petersborg à partir du 14 pour transporter un document. Ib si vous avez un voyageur.,1
Demain besoin de 9 personnes au metro *Метро проспект ветеранов* (ligne rouge).le travail consiste à faire le nettoyage,1
3000 roubles après le boulot,1
8h de travail  + 1h de pause,1
+,1
+,1
+,1
+,1
+,1
@79916480756 1 chef de groupe,1
+,1
@79936396115 2,1
@79300036839 3,1
@243819335634 4,1
@79777211916 5,1
+,1
@79998657220 6,1
@79042959329 7,1
Moins 2,1
+,1
@79255633758 8,1
Moins 1,1
400000 fca,1
+,1
@79153718316 9,1
Fermé ❌❌❌,1
Bjr à tous. Demain besoin de 9 personnes au metro *Метро проспект ветеранов* (ligne rouge).le travail consiste à faire le nettoyage,1
3000 roubles après le boulot,1
8h de travail  + 1h de pause,1
+,1
530k au Cameroun besoin du Rouble,1
+,1
+,1
+,1
Besoin du lien du groupe svp,1
Michaël Banyamu +,1
+,1
@79921896938 1,1
@79936396115 2,1
@79042959329 3,1
@243819335634 4,1
@79777211916 5,1
"9/13/24, 9:43 AM - +237 6 54 74 65 36 joined using this group's invite link",1
@23672504424 6,1
+,1
@79255633758 7,1
Moins 2 personnes *,1
+,1
Moins 1,1
"9/13/24, 10:15 AM - +7 952 264-01-83 joined using this group's invite link",1
+,1
"1,million au pays besin du roubl",1
@79213246380 9,1
Fermé ❌❌❌,1
Russie-Cameroun,1
*Taux Google*,1
Cameroun-Russie,1
*Taux Indomptables*,1
Il y a t’il quelqu’un qui est sur Saint Petersburg et part sur Moscou ce Week-ends j’ai un ordinateur à remettre à quelqu’un avisé moi s’il y a quelqu’un .,1
"Уважаемые граждане, для вашего сведения:",1
*Предупреждение о безопасности:*,1
"Просим вас быть в курсе того, что существует группа людей, которая ходит по квартирам, выдавая себя за сотрудников внутренних дел. Они имеют при себе документы и бланки с символикой Министерства внутренних дел и утверждают, что им необходимо проверить наличие действительных удостоверений личности у всех жильцов и снять биометрию в преддверии предстоящей ""переписи населения"". Выглядят презентабельно. Могут носить форму МВД.",1
"Они высказывают намерение сделать вашу фотографию/снять отпечаток пальца ""в рамках какой-то схемы"". При себе имеют ноутбук, биометрическое устройство и список жильцов. Они показывают этот список и просят предоставить всю эту информацию.",1
"Напоминаем, что никаких подобных иннициатив со стороны Правительства не существует. Никаких биометрических данных просьба не предоставлять! Дверь не открывать! В дом не пускать!! Могут совершать кражи и мошенничества!",1
Не предоставляйте никакой информации без официальных процедур в учреждениях органов  власти. Будьте бдительными!,1
"Отправьте это сообщение всем в вашем сообществе. Пожалуйста, сообщите своим семьям и друзьям.",1
"Chers citoyens, pour votre information :",1
*Avertissement de sécurité :*,1
Nous vous demandons d'être conscients qu'il existe un groupe de personnes qui se promènent dans les appartements en se faisant passer pour des agents des affaires internes.  Ils portent des documents et des formulaires portant l'insigne du ministère de l'Intérieur et affirment qu'ils doivent vérifier la présence de cartes d'identité valides de tous les résidents et prendre des données biométriques avant le prochain « recensement de la population ».  Ils ont l'air présentables.  Ils peuvent porter l'uniforme du ministère de l'Intérieur.,1
"Ils expriment leur intention de prendre votre photo/empreinte digitale « dans le cadre d'un projet ».  Ils portent un ordinateur portable, un dispositif biométrique et une liste des résidents.  Ils montrent cette liste et demandent toutes ces informations.",1
Nous vous rappelons qu'il n'existe pas d'initiatives de ce type de la part du Gouvernement.  Merci de ne fournir aucune donnée biométrique !  N'ouvrez pas la porte !  Interdit d'entrer dans la maison !!  Peut commettre des vols et des fraudes !,2
Ne fournissez aucune information sans procédures formelles auprès des agences gouvernementales.  Soyez vigilant !,1
"Envoyez ce message à tous les membres de votre communauté.  S'il vous plaît, parlez-en à vos familles et amis.",1
Besoin encore d'une personne pour demain,1
*Метро проспект ветеранов*,1
3000 руб,1
+,1
@2455493361 8,1
Fermé ❌❌❌,1
Besoin de 2 personnes pour le travail de nettoyage demain à *Девяткино*,1
8h de temps + 1h de pause,1
3000 roubles après le boulot,1
@79015141681 1,1
Moins 1 personne,1
+,1
@79042171712 2,1
Fermé ❌❌❌,1
Y’a plus travail ?? J’ai raté les annonces🥹🥹🥺 <This message was edited>,1
🤣🤣🤣🤣🤣🤣🤣🤣,2
😂😂😂 même pas facile,2
Je te rembourse ton argent demain grand désolé 🤣🤲🏾,2
Hahaha 🤣🤣🤣🤣🤣,2
Il a fait jusqu'à mettre le numéro de téléphone hein 😂🤣🤣,2
😂😂😂😂😂🤣,2
Même pas facile d’être camerounais 🤣✅✅😅😅,2
J'attends,1
Sinon tu as bel et bien vu le numéro,2
😂😂😂😂,2
🤣🤣,2
🤣🤣🤣🤣,2
Bjr à tous. Demain besoin de 9 personnes au metro *Метро проспект ветеранов* (ligne rouge).le travail consiste à faire le nettoyage,1
3000 roubles après le boulot,1
8h de travail  + 1h de pause,1
+,1
+,1
+,1
+,1
+,1
+,1
@79916480756 1,1
@79042959329 2,1
@243819335634 3,1
@79153718316 4,1
+,1
@79921896938  +,1
@224628859239 5,1
+,1
+,1
+,1
@79857875304 6,1
@79042171712 7,1
@23672504424 8,1
@79921896938 9,1
Fermé ❌❌❌,1
C'est la dernière proposition là qui me plaît 😂😂😂😂,2
😂Bonjour grand 👋🏾👋🏾,2
Russie-Cameroun,1
*Taux Google*,1
Cameroun-Russie,1
*Taux Indomptables*,1
+,1
"9/14/24, 3:23 PM - +7 950 022-75-99 joined using this group's invite link",1
Bonsoir,1
Le lien des matchs svp,1
LIEN DE MATCH:,1
🔥LIEN🔥 14/09,1
➖➖➖➖➖➖➖➖➖➖,1
✅ 19h00 - Bournemouth ⚡️ Chelsea,1
➡️ t.me/hunilivee416?livestream,1
➖➖➖➖➖➖➖➖➖➖,1
✅ 19h00 - Real Sociedad ⚡️ Real Madrid,1
➡️ t.me/hunilivee417?livestream,1
➖➖➖➖➖➖➖➖➖➖,1
✅ 17h00 - Auxerre ⚡️ Monaco,1
✅ 19h00 - PSG ⚡️ Brest,1
➡️ t.me/hunilivee418?livestream,1
🔥LIEN🔥 14/09,1
➖➖➖➖➖➖➖➖➖➖,1
✅ 17h00 - Auxerre 🆚 Monaco,1
✅ 19h00 - PSG 🆚 Brest,1
🔥🔥Telegram app :,1
t.me/dinosplay328?livestream,1
➖➖➖➖➖➖➖➖➖➖,1
✅ 16h30 - aston villa 🆚 everton,1
✅ 19h00 - Bournemouth 🆚 Chelsea,1
🔥🔥Telegram app :,1
t.me/dinosplay329?livestream,1
➖➖➖➖➖➖➖➖,1
✅ 16h30 - Kiel 🆚 Bayern Munich,1
✅ 19h00 - real Sociedad 🆚 Real Madrid,1
🔥🔥Telegram app :,1
t.me/dinosplay330?livestream,1
Qui a le lien du match,1
"9/14/24, 11:12 PM - +233 50 020 2621 joined using this group's invite link",1
null,1
@79253312877 stp va dans les groupes pornos,1
Balancé ça,1
Moi j'ai envie de tourner les films porno je peux trouver ça aussi s'il vous plaît,1
Wandaful,1
Tu as le cœur,1
Tu as le réseau,1
Huuumm,1
Vient ib,1
Galaxy a 51 64 / 4 .,1
Carton 3 pochette.  6000 p,1
Intéresse ib,1
Et sans le carton et avec une pochette c'est combien ?,2
Ça me dépasse ce niveau 🤣🤣🤣🤣,2
Vous êtes inspiré comment même ? Ou c'est quel 🍺 vous prenez 🤣🤣🤣🤣🤣,2
Juste que je veux le téléphone mais pas les accessoires. Je fais quoi avec 3 pochettes,1
🤣🤣🤣🤣🤣,2
Je comprends,1
Bonsoir,1
Le lien des matchs svp,1
Camarade Salut. @79955931317 le lien du match stp.,1
OK,1
LIEN DE MATCH:,1
🔥LIEN🔥 15/09,1
➖➖➖➖➖➖➖➖➖➖,1
✅ 13h00 - GP F1 🏎️,1
✅ 16h15 - Gérone ⚡️ Barcelone,1
✅ 19h00 - Atl. Madrid ⚡️ Valence,1
⏩ t.me/hunilivve420?livestream,1
➖➖➖➖➖➖➖➖➖➖,1
✅ 13h00 - Tottenham ⚡️ Arsenal,1
✅ 15h00 - Nantes ⚡️ Reims,1
18 20h45 - Lens ⚡️ Lyon,1
⏩ t.me/hunilivve421?livestream,1
➖➖➖➖➖➖➖➖➖➖,1
📺 13h00 - Rennes ⚡️ Montpellier,1
📺 15h00 - Toulouse ⚡️ Le Havre,1
⏩ t.me/hunilivve422?livestream,1
🔥LIEN🔥 15/09,1
➖➖➖➖➖➖➖➖➖➖,1
✅ 13h00 - GP F1 🏎️,1
✅ 13h00 - Rennes 🆚 Montpellier,1
✅ 15h00 - Strasbourg 🆚 Angers,1
✅ 18h45 - Lens 🆚 Lyon,1
🔥🔥Telegram app :,1
t.me/dinosplay331?livestream,1
➖➖➖➖➖➖➖➖➖➖,1
✅ 13h00 - Tottenham 🆚 Arsenal,1
✅ 15h00 - Toulouse 🆚 Le Havre,1
🔥🔥Telegram app :,1
t.me/dinosplay332?livestream,1
➖➖➖➖➖➖➖➖,1
✅ 14h15 - Girona 🆚 Barcelone,1
🔥🔥Telegram app :,1
t.me/dinosplay333?livestream,1
Merci 🤝🏾,2
Besoin de 2 personnes pour le travail de nettoyage demain à *Девяткино*,1
8h de temps + 1h de pause,1
3000 roubles après le boulot,1
+,1
+,1
@79857875304 1,1
+,1
+,1
@79777211916 2,1
Fermé ❌❌❌,1
Bonsoir besoin d' une personne qui quitte le Cameroun à partir du 18 pour venir avec un document.,1
"9/15/24, 10:21 PM - +7 921 445-24-43 joined using this group's invite link",1
Un sac de son pour les amoureux 😂😂😂😂😂😂,2
Hum,1
Bjr à tous.*Demain* besoin de 4 personnes à 3 minutes du métro *Политехническая* le travail consiste à faire le nettoyage. ( boulot facile et pas physique),1
9h de travail  + 1h de pause,1
*pendant 1 mois*,1
3300 roubles chaque jour après le boulot,1
+,1
+,1
+,1
+,1
+,1
+,1
+,1
+,1
@79500203133 1 *chef de groupe*,1
@79857875304 2,1
@79916480756 3,1
@79777211916 4,1
Fermé ❌❌❌,1
Bonjour à tous.tous ceux qui ont besoin d'un travail  constant ( manutention),1
"2/2 , 5/2 , 3/1 , 6/1",1
Faites moi signe en inbox pour tout les détails,1
J'ai besoin encore de 3 personnes ( de jour et de nuit ),1
3000 roubles,1
*Красное белое*,1
Besoin d'une personne demain pour travailler au *метро площадь мужества*,1
Le travail consiste à déplacer les ordures d'un lieu à un autre,1
8h de temps + 1h de pause,1
3000 рублей,1
Les heures supplémentaires sont payées,1
+,1
@2455493361 1,1
Fermé ❌❌❌,1
Besoin de 2 personnes pour le travail de nettoyage demain à *Девяткино*,1
8h de temps + 1h de pause,1
3000 roubles après le boulot,1
+,1
+,1
@79963538810 1,1
Moins 1 personne *,1
+,1
@79500227599 2,1
Fermé ❌❌❌,1
Besoin d'une 5eme personne *,1
3300 рублей <This message was edited>,1
@79153718316 5,1
Voilà une blanche qui parle très bien une langue africaine. C'est bien,2
Paix à son âme,1
Et alors ?? Moi qui m'exprime  très bien en russe la ont en parle ?? 🤔,2
"Elle à apprise cette langue comme moi aussi j'ai apris le Russe , l'anglais,  ou même le français.",1
Cela n'a rien d'extraordinaire.  🧘🏾‍♂️🧘🏾‍♂️,1
Ou c'est Parce-qu'elle est blanche ??🤔,1
🤣🤣🤣🤣 c'est chaud,2
Bro chacun défend ce qui lui faire plaisir.,1
C'est pas un débat chef,1
Félicitations à toi si tu comprend la langue,1
C'est pas un débat,1
Bonne soirée à toi,1
Oui,1
null,1
null,1
null,1
null,1
Courage à la famille 🙏🏾.,1
Besoin de 2 personnes pour le travail de nettoyage demain à *Девяткино*,1
8h de temps + 1h de pause,1
3000 roubles après le boulot,1
+,1
+,1
@79019770315 1,1
+,1
+,1
@79042171712 2,1
Fermé ❌❌❌,1
Besoin d'une personne qui quitte le Cameroun 🇨🇲 pour la Russie 🇷🇺 . Colis 📦 3 kilos,1
Le 10 octobre,1
LIEN DE MATCH:,1
🔥LIEN🔥 17/09,1
➖➖➖➖➖➖➖➖➖➖,1
✅ 16h45 - Juventus ⚡️ PSV,1
✅ 19h00 - Milan ⚡️ Liverpool,1
➡️ t.me/huniliive423?livestream,1
➖➖➖➖➖➖➖➖➖➖,1
✅ 19h00 - Sporting ⚡️ Lille,1
➡️ t.me/huniliive424?livestream,1
➖➖➖➖➖➖➖➖➖➖,1
✅ 19h00 - Real Madrid ⚡️ Stuttgart,1
➡️ t.me/huniliive425?livestream,1
➖➖➖➖➖➖➖➖➖➖,1
✅ 19h00 - Bayern ⚡️ Zagreb,1
➡️ t.me/huniliive426?livestream,1
🔥LIEN🔥 17 /09,1
➖➖➖➖➖➖➖➖➖➖,1
✅ 16h45 - Juventus 🆚 psv,1
✅ 19h00 - Sporting 🆚 Lille,1
🔥🔥Telegram app :,1
t.me/dinosplay336?livestream,1
➖➖➖➖➖➖➖➖➖➖,1
✅ 16h45 - Young boy 🆚 aston villa,1
✅ 19h00 - Réal Madrid 🆚 Stuttgart,1
🔥🔥Telegram app :,1
t.me/dinosplay337?livestream,1
➖➖➖➖➖➖➖➖,1
✅ 19h00 - Ac Milan 🆚 Liverpool,1
🔥🔥Telegram app :,1
t.me/dinosplay338?livestream,1
➖➖➖➖➖➖➖➖➖,1
✅ 19h00 - Bayern 🆚 Zagreb,1
🔥🔥Telegram app :,1
t.me/dinosplay339?livestream,1
Besoin de 2 personnes demain pour travailler au *метро площадь мужества*,1
Le travail consiste à faire les tranchées pour les tuyaux,1
8h de temps + 1h de pause,1
3500 рублей,1
Les heures supplémentaires sont payées,1
+,1
@79891154859 1,1
Moins 1,1
+,1
@243819335634 2,1
Fermé ❌❌❌,1
Bonjour,1
Je cherche une place ( chambre) pour fille,1
PV svp,1
*ceux qui sont intéressés pour ce boulot 9h - 19h(3300 руб) peuvent envoyer leur passeport en inbox et après avoir obtenu leurs accès ils peuvent commencer* <This message was edited>,1
+,1
Toi tu travailles déjà là-bas 🤷🏽‍♂️,1
Beaucoup de viandes n'a jamais gâté la sauce 😄,1
+,1
+,1
Toi pareil j'ai déjà envoyé le tien tu commences demain 🤷🏽‍♂️,1
+,1
Je dis les nouveaux,1
bonsoir lien des matchs svp,1
"LIEN DE MATCH, [18/09/2024 14:10]",1
🔥LIEN🔥 18/09,1
➖➖➖➖➖➖➖➖➖➖,1
📺 21h00 - Man. City ⚡️ Inter,1
➡️ t.me/hunilivve429?livestream,1
➖➖➖➖➖➖➖➖➖➖,1
📺 21h00 - PSG ⚡️ Gérone,1
➡️ t.me/hunilivve430?livestream,1
"LIEN DE MATCH, [18/09/2024 14:11]",1
🔥LIEN🔥 17 /09,1
➖➖➖➖➖➖➖➖➖➖,1
📺 21h00 - Psg 🆚 gérone,1
🔥🔥Telegram app :,1
t.me/dinosplay340?livestream,1
➖➖➖➖➖➖➖➖,1
📺 21h00 - Man City 🆚 Inter Milan,1
🔥🔥Telegram app :,1
t.me/dinosplay341?livestream,1
➖➖➖➖➖➖➖➖➖,1
📺 21h00 - Dortmund 🆚 brugge,1
🔥🔥Telegram app :,1
t.me/dinosplay342?livestream,1
"LIEN DE MATCH, [18/09/2024 14:11]",1
MES ABONNES FAUT REJOINDRE LE CANAL BEIN SPORT,1
VOICI LE LIEN,1
SI LES LIENS DE MATCH ON DES PROBLÈMES OU BIEN LE CANAL SERA BLOQUÉ FAUT M ENVOIE DES MESSAGES LÀ-BAS,2
"9/19/24, 10:16 AM - +7 999 964-79-36 joined using this group's invite link",1
Besoin de 4 personnes pour le travail de nettoyage demain à *Девяткино*,1
8h de temps + 1h de pause,1
3000 roubles après le boulot,1
+,1
+,1
@79042959329 1,1
@243819335634 2,1
+,1
+,1
@79500227599 3,1
+,1
Fermé ❌❌❌,1
@2455493361 4,1
Bonsoir à tous,1
Visa travail pour la Pologne disponible,1
N B uniquement pour ceux qui sont à jours depuis la Russie …,1
Intéressé ib,1
Svp je ne veux pas les blagues dans mon ib,1
+,1
😀😀😀😀 tu aimes le désordre 😂,2
J'ai encore fait quoi doyen 😜😜😜,1
Eh Doyen 😂,2
🤣🤣,2
Je t’assure bro 😂😅,2
🤣🤣🤣,2
Tu n’as toi rien oh 😂😂😂,2
OK je retire mon +,1
C’est mieux pardon 😅,1
Ok,1
LIEN DE MATCH:,1
🔥LIEN🔥 17 /09,1
➖➖➖➖➖➖➖➖➖➖,1
📺 18h45 - Feyenoord 🆚 Bayer Leverkusen,1
📺 21h00 - Atl. Madrid 🆚 RB Leipzig,1
🔥🔥Telegram app :,1
t.me/dinosplay343?livestream,1
➖➖➖➖➖➖➖➖,1
📺 21h00 - Monaco 🆚 Barcelone,1
🔥🔥Telegram app :,1
t.me/dinosplay344?livestream,1
➖➖➖➖➖➖➖➖➖,1
📺 21h00 - Brest 🆚 Sturm Graz,1
🔥🔥Telegram app :,1
t.me/dinosplay345?livestream,1
🔥LIEN🔥 19/09,1
➖➖➖➖➖➖➖➖➖➖,1
📺 21h00 - Atalanta ⚡️ Arsenal,1
➡️ t.me/hunnilive431?livestream,1
➖➖➖➖➖➖➖➖➖➖,1
📺 21h00 - Monaco ⚡️ Barcelone,1
➡️ t.me/hunnilive432?livestream,1
Besoin encore d'une personne pour le *метро девяткино*,1
3000 рублей,1
+,1
@79255633758,1
Besoin encore de 2 personnes,1
+,1
+,1
Hello everyone 🙋‍♂️,1
Searching for a room or space for a girl 👌,1
Salut!! Administrateur y’a pas boulot demain ??,1
+,1
Toi tu est trop pressé dès,1
Tu met déjà un +😂🤦😂,2
Moi aussi j'attends le travail😞même si c'est nettoyage sous l'eau,1
Eeeh wéééé 🤣,2
Il faut vraiment du travail demain,1
Pour toi la c’est un autre niveau de chômage 🤣🤣🤣 <This message was edited>,2
🤣🤣🤣,2
Tu viens de franchir la barre du niveau le plus élevé 🤣🤣🤣🤣,2
Il faut qu'on réveille les administrateurs🤣🤣,2
Египет 🇪🇬,1
Voilà d'où les grands patrons se trouvent 😄,1
Ils sont partis se reposer 😂😂,2
Donc...🤷🏽‍♂️🤷🏽‍♂️🤷🏽‍♂️,1
Tu n es pas avec eux ? 😂😂😂,2
J'ai le niveau ?🤷🏽‍♂️🤷🏽‍♂️🤷🏽‍♂️,1
😂😂😂😂😂😂,2
Grand patron 😂🙌🙌,2
Heee🙃,1
Besoin de 4 personnes pour le travail de nettoyage demain à *Девяткино*,1
8h de temps + 1h de pause,1
3000 roubles après le boulot,1
+,1
+,1
+,1
+,1
+,1
+,1
+,1
+,1
Can she live with a boy?,1
@79936396115 1,1
@79602647985 2,1
@79019770315 3,1
+,1
@243819335634  4,1
Fermé ❌❌❌,1
Salut à tous j’ai besoin d’une chambre pour fille svp!,1
Elle est jolie??,1
J'ai un grand appart de deux chambres et je vis seul,1
Vas te cacher 🫥,1
Bjr besoin d'une chambre urgent svp. 🙏🙏,1
Bonsoir,1
Besoin de quelqu’un qui quitte le Cameroun pour la russie ( saint Petersbourg) svp 🙏🏾,1
hello every one am a boy looking for a room to rent thanks Godbless🖤❗❗❕❗❗❕❕❕❕❕❕❕❕❕❕❕❕❕❕❕❕,1
"9/22/24, 9:06 PM - Rodriguez Peter removed ~ Роберто",1
"9/22/24, 9:06 PM - Rodriguez Peter removed ~ Rbt Tinkoof",1
"9/22/24, 9:14 PM - Rodriguez Peter removed ~ James😶‍🌫️",1
"9/22/24, 9:21 PM - Rodriguez Peter removed ~ Le GPS 237",1
"9/22/24, 9:29 PM - Rodriguez Peter removed ~ Le Grand",1
"9/22/24, 10:48 PM - Rodriguez Peter added ~ Le Grand",1
null,1
Le ministre il ya remaniement au ministère ? 😂😂😂😂😂,2
Mince les temps si ya plus boulot monsieur le ministre,0
null,1
"Bonjour mes frères, quelqu'un ici peut-il aider avec le traitement des visas ? pour ceux qui souhaitent prolonger leur visa ici en Russie.",1
Bjr à tous.*Demain* besoin de 6 personnes à 3 minutes du métro *Политехническая* le travail consiste à faire le nettoyage. ( boulot facile et pas physique),1
9h de travail  + 1h de pause,1
*pendant 1 mois*,1
3300 roubles chaque jour après le boulot,1
@79857875304 1,1
+,1
@237695559433 2,1
@79893439608 3,1
+,1
@79522367189 4,1
+,1
null,1
Trompé,1
"9/23/24, 4:59 PM - Rodriguez Peter removed ~ Poki Toki",1
@79885968682 5,1
+,1
Besoin de 2 personnes pour le travail de nettoyage demain à *Девяткино*,1
8h de temps + 1h de pause,1
3000 roubles après le boulot,1
@79042171712 1,1
Moins 1,1
+,1
@79250734011 2,1
2,1
+,1
3300 pour faire le nettoyage  🫶🫶🫶,1
On a même plus la force,1
Triste...,0
+,1
"9/24/24, 7:20 AM - Rodriguez Peter added ~ James😶‍🌫️",1
"9/24/24, 7:21 AM - Rodriguez Peter added ~ Le GPS 237",1
"Hi guys, anyone travelling from Cameroon this week? I've a document 🤝",1
"Salut les gars, quelqu'un voyage du Cameroun cette semaine? J'ai un document🤝",1
Bonsoir à tous,1
"Pour tout achat de billet d'avion, mon ib est climatisé avec réduction pour rentrée scolaire",1
Demain matin 6 personne travail des garzon et des fleurs 9h-18h avec une heure de pose 3000r,1
+,1
@79500227599 1,1
+,1
+,1
@79857875304 2,1
@79963538810 3,1
+,1
@79153718316 4,1
"9/24/24, 9:02 PM - +7 960 269-12-28 joined using this group's invite link",1
Loua Alfred +,1
@79602691228 5,1
Akilane +,1
"9/24/24, 9:12 PM - +7 977 305-15-83 joined using this group's invite link",1
+,1
@79773051583 6,1
Fermé ❌❌❌❌,1
🤦‍♀️  c est chaud 2000 p ou 2000 € ),1
500k au pays besoin du rouble taux Google,1
Besoin de 2 personnes pour le travail de nettoyage demain à *Девяткино*,1
8h de temps + 1h de pause,1
3000 roubles après le boulot,1
+,1
+,1
@2455493361 1,1
@2455762380 2,1
Fermé ❌❌❌,1
"9/25/24, 2:30 PM - +7 996 798-09-58 joined using this group's invite link",1
Bonsoir la famille,1
"9/25/24, 8:51 PM - +7 952 380-46-71 joined using this group's invite link",1
Salut à tous quelqu’un a le lien du macth,1
?,1
Besoin app de paris sportif .,1
"9/26/24, 7:49 AM - EricTchoupe joined using this group's invite link",1
Фонбет,1
Merci,2
"9/26/24, 11:32 AM - +245 955 493 361 joined using this group's invite link",1
Bjr à tous. Demain besoin de 5 personnes au metro *Метро проспект ветеранов* (ligne rouge).le travail consiste à faire le nettoyage,1
3000 roubles après le boulot,1
8h de travail  + 1h de pause,1
+,1
@2455493361 1,1
"9/26/24, 2:44 PM - +7 999 569-58-36 joined using this group's invite link",1
+,1
+,1
Alfred loua +,1
+,1
@79857875304 2 chef de groupe,1
@79602691228 3,1
@79963538810 4,1
Moins 1,1
Besoin d’un coiffeur svp 🙏🏾,1
@79995695836 5,1
Fermé ❌❌❌,1
Présent,1
Présent,1
+,1
Hummm 😂😂😂😂😂,2
Escrocs comment?,1
Asali nini,1
Il est Cameroun 🇨🇲,1
Nn 1 -la personne  qui est sur cette photo a laissé la Russia IL y a deux ans,1
Trop de faux compte ici avec photos des gens,1
Il s'appelle обенсон д,1
Ça c'est passé quand?,1
Tu es son avocat  ???,1
Ça a quelle sens ta question? ❓,1
Je ne sais pas,1
laisser le gar parler nous somme en Russie et la personne sur la photo j'ai dis que le reconnais,1
Besoin encore d'une personne pour travailler à Ветеранов,1
3000 рублей,1
Fermé ❌❌❌,1
"G rien compris, fait le voice stp",1
Bjr à tous. Demain besoin de 4 personnes au metro *Метро проспект ветеранов* (ligne rouge).le travail consiste à faire le nettoyage,1
3000 roubles après le boulot,1
8h de travail  + 1h de pause,1
+,1
+,1
+ kabs,1
+,1
+,1
@79857875304 1,1
@79921896938 2,1
@79153718316 3,1
@2455493361 4,1
Fermé ❌❌❌,1
+,1
"200.000 au cmr, besoin du rouble",1
Taux google,1
+,1
Bonsoir départ du Cameroun -saint petersbourg le 10 octobre ; 15 kg disponible . Interessé intéressé ib,1
Merci,2
Le killo,1
Salut puis-je avoir le lien du match,1
"Depuis quand tu es intéressé à regarder le foot, un simple téléspectateur des matchs de Barça",1
Gaar,1
C'est combien le kilo ?,2
Stp,1
🔥NEW LIEN🔥 28/09,1
➖➖➖➖➖➖➖➖➖➖,1
📺 21h00 - Osasuna 🆚 FC Barcelone,1
🔥🔥Telegram app :,1
t.me/tivilive63?livestream,1
➖➖➖➖➖➖➖➖➖➖,1
📺 21h00 -  Monaco 🆚 Montpellier,1
🔥🔥Telegram app :,1
t.me/tivilive61?livestream,1
➖➖➖➖➖➖➖➖➖➖,1
📺 16h00 - Chelsea 🆚 Brighton,1
📺 20h00 - UFC PARIS 🥊,1
🔥🔥Telegram app :,1
t.me/tivilive62?livestream,1
📺 Tivizeer Iptv : https://tivizeer.com,1
Bjr à tous.*Demain* besoin de 6 personnes à 3 minutes du métro *Политехническая* le travail consiste à faire le nettoyage. ( boulot facile et pas physique),1
8h de travail  + 1h de pause,1
*pendant 1 mois*,1
3200 roubles chaque jour après le boulot,1
+,1
+,1
+,1
@79153718316 1,1
+,1
@79857875304 2,1
null,1
null,1
@79255633758 3,1
@79523804671 4,1
+,1
@79967902163 5,1
+,1
@79019770315 6,1
Fermé ❌❌❌,1
d'accord d'accord sous réserve où car s'ou,1
+,1
Départ cameroun-Russie  10.10.2024,1
Kilos disponibles 800rub/k,1
Documents 1000rub/doc,1
+7 994 419-93-82,1
Demain matin 3 personne travail des garzon et des fleurs 9h-18h avec une heure de pose 3000r,1
Moins 2,1
+,1
@79856939262 2,1
+,1
@79255633758 3,1
Plan pour traiter un sujet Java  qui lit les données sur une base des données Sql et qui valide les champs de l’entité par les annotations et réflexions: architecture trois tiers,1
Salut,1
Je cherche une chambre libre,1
Pour une seule personne,1
600 mil aux pays. Besoin du roubles,1
Cameroun,1
Tu connais le taux yahoo!! Bro,1
Explique,1
Actuellement personne ne gagne a envoyant de l'argent au pays a cause du taux donc le mieux pour toi c'est d'aller changer chez ceux qui change l'argent,1
Ok merci,2
De rien,1
Greetings to you all a place available for guy,1
Une place pour garçon disponible dans une chambre pour 2 intéressé  ib ( métro Grazhdansky prospekt ),1
"10/1/24, 11:00 AM - +7 991 002-43-84 joined using this group's invite link",1
+7 999 842-84-06,1
Quelqu'un pour le faire entrer dans le groupe svp,1
Bjr à tous. Demain besoin de 4 personnes au metro *Метро проспект ветеранов* (ligne rouge).le travail consiste à faire le nettoyage,1
3000 roubles après le boulot,1
8h de travail  + 1h de pause,1
+,1
Je suis partant,1
+,1
+,1
"10/1/24, 4:25 PM - +7 999 842-84-06 joined using this group's invite link",1
"Bonsoir la famille,",1
@2455493361 1,1
Besoin de 2 places dans un appartement pour homme si c’est disponible nous sommes intéressés immédiatement. Merci 🙏,2
@2455762380 2,1
Bonsoir à tous.,1
Besoin d’un appartement à Moscou pour le vendredi au samedi,1
Si quelqu’un gère les appartements inbox,1
@79910024384 3,1
Moins 1,1
Tu veux pour un court séjour ?,1
@79857875304 4,1
Fermé ❌❌❌,1
Besoin de 2 personnes pour le travail de nettoyage demain à *Девяткино*,1
8h de temps + 1h de pause,1
3000 roubles après le boulot,1
@79015141681 1,1
Moins 1,1
+,1
@79500227599 2,1
Fermé ❌❌❌,1
Lien du match svp,1
🙏,1
Le sianure 😄,1
"Oui tout le maire ,mes respect les plus distingués",1
null,1
"10/1/24, 8:59 PM - +233 53 689 7796 joined using this group's invite link",1
Svp le lien pour le match,1
Pour paris stp,1
C’est le mur jaune qui fait du bon travail actuellement avec Adeyemi😂,2
🔥LIEN🔥 01/10,1
➖➖➖➖➖➖➖➖➖➖,1
📺 18h45 - RB Salzbourg 🆚 Brest,1
📺 21h00 - Arsenal 🆚 PSG,1
🔥🔥Telegram app :,1
💢 𝐓𝐎𝐃𝐀𝐘'𝐒 𝐌𝐀𝐓𝐂𝐇𝐄𝐒 💢,1
⚽️ RB Salzburg vs Brest,1
👉https://tinyurl.com/29ncvewr,1
👉https://bd-streams.blogspot.com/p/viet.html?id=4205557,1
⚽️ Stuttgart vs Sparta,1
👉https://tinyurl.com/2dbcvm5m,1
👉https://bd-streams.blogspot.com/p/viet.html?id=4205582,1
⚽️ Arsenal vs PSG,1
👉https://tinyurl.com/27a75vf9,1
👉https://bd-streams.blogspot.com/p/viet.html?id=4205450,1
⚽️ Barcelona vs Young Boys,1
👉https://tinyurl.com/23bgb9oa,1
👉https://bd-streams.blogspot.com/p/viet.html?id=4205467,1
⚽️ Dortmund vs Celtic,1
👉https://tinyurl.com/24smyzya,1
👉https://bd-streams.blogspot.com/p/viet.html?id=4205505,1
⚽️ Leverkusen vs AC Milan,1
👉https://tinyurl.com/29db3r2j,1
👉https://bd-streams.blogspot.com/p/viet.html?id=4205468,1
⚽️ Inter vs Crvena,1
👉https://tinyurl.com/29ncvewr,1
👉https://bd-streams.blogspot.com/p/viet.html?id=4205517,1
⚽️ PSV vs Sporting,1
👉https://tinyurl.com/2yxblmn6,1
👉https://bd-streams.blogspot.com/p/viet.html?id=4205547,1
⚽️ Man City vs Bratislava,1
👉https://tinyurl.com/2bva572z,1
👉https://bd-streams.blogspot.com/p/viet.html?id=4205566,1
Bjr à tous besoin encore d'une personne pour *Девяткино*,1
3000 рублей,1
Fermé ❌❌❌,1
"10/2/24, 10:50 AM - +237 6 97 20 57 07 joined using this group's invite link",1
Bjr  180000 xaf disponible au kmer .,1
Besoin du roubles ; s’abstenir de ne pas perdre son temps et le mien .,1
Uniquement taux Google,1
Interessé ib,1
Besoin de 2 personnes pour le travail de nettoyage demain à *Девяткино*,1
8h de temps + 1h de pause,1
3000 roubles après le boulot,1
+,1
+,1
+,1
@2455493361 1,1
+,1
@237697205707 2,1
Fermé ❌❌❌,1
Besoin encore d'une personne *,1
3000 рублей,1
+,1
@79777211916 3,1
Fermé ❌❌❌,1
Bonsoir la famille. Besoin d’une place dans un appartement ou un hostel. Si quelqu’un en connaît veillez me faire signe. Merci,2
C’est pour une fille ??,1
Un homme 🙏,1
🤔🤔🤔🤔🇨🇲🇨🇲,1
🔥LIEN🔥 02/10,1
➖➖➖➖➖➖➖➖➖➖,1
📺 18h45 - Shakhtar 🆚 Atalanta,1
📺 21h00 - Aston Villa 🆚 Bayern Munich,1
🔥🔥Telegram app :,1
t.me/tivilive85?livestream,1
➖➖➖➖➖➖➖➖➖➖,1
📺 21h00 -  Lille 🆚 Real Madrid,1
🔥🔥Telegram app :,1
t.me/tivilive86?livestream,1
➖➖➖➖➖➖➖➖➖➖,1
📺 21h00 - Multiplex Ldc ⚽️,1
🔥🔥Telegram app :,1
t.me/tivilive87?livestream,1
📺 Tivizeer Iptv : https://tivizeer.com,1
💢 𝐓𝐎𝐃𝐀𝐘'𝐒 𝐌𝐀𝐓𝐂𝐇𝐄𝐒 💢,1
⚽️ Girona vs Feyenoord,1
👉https://tinyurl.com/27a75vf9,1
👉https://bd-streams.blogspot.com/p/viet.html?id=4205513,1
⚽️ FC Shaktar vs Atalanta,1
👉https://tinyurl.com/29ncvewr,1
👉https://bd-streams.blogspot.com/p/viet.html?id=4205560,1
⚽️ Aston villa vs Bayern,1
👉https://tinyurl.com/2bva572z,1
👉https://bd-streams.blogspot.com/p/viet.html?id=4205452,1
⚽️ Benfica vs Atl Madrid,1
👉https://tinyurl.com/2xpduva7,1
👉https://bd-streams.blogspot.com/p/viet.html?id=4205476,1
⚽️ Dinamo Zagreb vs Monaco,1
👉https://bd-streams.blogspot.com/p/viet.html?id=4205503,1
⚽️ Lille vs Real Madrid,1
👉https://tinyurl.com/29db3r2j,1
👉https://bd-streams.blogspot.com/p/viet.html?id=4205526,1
⚽️ Liverpool vs Bologna,1
👉https://tinyurl.com/24smyzya,1
👉https://bd-streams.blogspot.com/p/viet.html?id=4205529,1
⚽️ RB Leipzig vs Juventus,1
👉https://tinyurl.com/23bgb9oa,1
👉https://bd-streams.blogspot.com/p/viet.html?id=4205549,1
⚽️ Strum Graz vs Club Bugge,1
👉https://bd-streams.blogspot.com/p/viet.html?id=4205577,1
🚩 Share & Support,1
"10/3/24, 1:29 PM - +7 966 845-06-26 changed their phone number to a new number. Tap to message or add the new number.",1
Bsr 720000 xaf disponible au pays besoin du roubles ; uniquement taux Google.,1
Interessé ib,1
Attention au */métro parnas/*❌❌❌contrôle de police renforcer.,1
C'est vrai j'en ai croisé. Ils ont un cargo garé à la sortie du métro.,1
"10/4/24, 9:37 PM - +224 627 48 08 09 joined using this group's invite link",1
Bonjour le groupe je suis nouveau,1
Mes frère je suis nouveau dans ce pays svp aider moi a trouvé une place   je suis a st peterg,1
Ou es ta part de contribution,1
J'ai pas compris svp,1
Bsr 650000 xaf disponible au pays besoin du roubles ; uniquement taux Google.,1
Interessé ib,1
"Bjr les amis, besoin d'une chambre pour 2 personnes.",1
"Bonjour les gars, veuillez aimer, vous abonner et cliquer sur la cloche de notification je viens de créer ma chaîne youtube merci pour votre soutien🙏🏽👏👏",2
"Hello guys, please like, subscribe and click on the notification bell I just created my youtube channel thank you for your support",1
"10/5/24, 6:44 PM - +237 6 90 57 97 90 joined using this group's invite link",1
"Bonsoir la famille.  Je suis Louis, je suis nouvellement arrivée à Petersbourg. Je suis à la recherche d'un logement (parnas ou shushary si possible). J'aimerais pouvoir compter sur votre aide. Merci d'avance",2
Les amis qui a le lien du match du Real Madrid?,1
LIEN DE MATCH:,1
🔥LIEN 05/10🔥,1
➖➖➖➖➖➖➖➖,1
📺 19h00 - Real Madrid 🆚 Villarreal,1
t.me/ikzlive381?livestream,1
➖➖➖➖➖➖➖➖➖,1
📺 19h00 - Rennes 🆚 Monaco,1
t.me/ikzlive382?livestream,1
🔥LIEN 05/10🔥,1
➖➖➖➖➖➖➖➖➖️,1
📺 21h00 - Real Madrid 🆚️ Villareal,1
t.me/realmadridvillareal,1
t.me/bannousg110?livestream,1
➖➖➖➖➖➖➖➖➖,1
📺 17h00 - Auxerre 🆚 St-Etienne,1
📺 19h00 - Lille 🆚 Toulouse,1
📺 21h00 - Rennes 🆚 Monaco,1
t.me/ikzlive382?livestream,1
➖➖➖➖➖➖➖➖➖,1
📺 17h15 - Al Nassr 🆚 Al Oruba,1
Merci,2
Bsr 550000 xaf disponible au pays besoin du roubles ; uniquement taux Google.,1
Interessé ib,1
Joyeux anniversaire papa ministre 🎂🎂🎂🎂beaucoup de bonheur bro 🥳🥳🥳🥳🎂🎂🎂🎂,1
Merci le grand maître 🙏🏽🙏🏽🙏🏽🙏🏽🙏🏽🙏🏽🙏🏽,2
Heureux jour de naissance à toi le continent 🥳🥳🥳🫶тебе поздравляю,1
"Удачи,  денег побольше 😎😎",1
Спасибо бро,1
"Joyeux anniversaire à toi frère, que Dieu continue toujours de te bénir. Sois fier de toi 🙏🙏🙏🙏",1
Merci 🙏🏽,2
"Joueuse anniversaire boss. Tout mes veux de succès, de bonheur et surtout de richesse.",1
joyeux anniversaire champion pluie de bénédiction dans ta vie 🥳🥳🥳🇨🇲🇨🇲🇨🇲,1
Merci frérot,2
Merci frérot,2
🛫🛫🛫🛫🛫🚨🚨🚨🚨🚨🚨🚨🔉🔉🔉🔉,1
🔘départ prévu Le 22 octobre 2024,1
🟢 MOSCOU 🇷🇺—->> DOUALA —- YAOUNDE 🇨🇲,1
46kg disponibles,1
🛫 envoyé vos documents 📑  et téléphone ☎️.          En tout sécurité,1
Contact +79964752890  ou +79963065594 Écrivez sur WhatsApp,1
Les liens du match,1
@79533644655...🥳,1
"Oukouuu mon peupa'a ministre(du travail🛠️💸💰, de la joie😊✨, de la sécurité sociale🔐, papa n'a Killian...)",1
Je te souhaite une excellente fête d'anniversaire ✊🏾✌️...  Continue seulement à être comme tu es mon sûr.👌🏾✅,2
"Mon sûr grand que le passé des années écoulées ne te laisse que des cicatrices de bons souvenirs, pendant que ton futur te hisse au sommet de ton bonheur 👊🏾🤝",1
Merci mon petit  @79632469960,2
Bonjour à tous besoin d'une place pour garçon... 🙏🏾🙏🏾🙏🏾,1
Bonjour la famille svp besoin de quelqu'un qui peut me faire un montage vidéo d'un match qui a déjà été  filmer et j'ai juste besoin du montage de mes actions svp,1
Bjr bjr la famille et excellent mercredi à toutes et à tous ☺️☺️☺️,2
C’est exactement en cette période que la fable de *la cigale et la fourmi *a été écrite 😀😀,1
Bjr particulier à Éric Mandaka,1
Môgô qui transforme rouble en dollars 💵 US,1
Y’a pas l’homme pour toi,1
Après toi c’est la Finlande ☺️☺️☺️☺️,1
L’homme qui en hiver il a chaud et en été froid 😅😅😅,1
Tellement lahan est trop meme les saisons se confondent,1
Le seul dinosaure 🦕 encore vivant,1
Toujours combattu mais jamais battu et abattu,1
null,1
null,1
null,1
null,1
null,1
null,1
null,1
182000 xaf disponible au pays besoin du roubles; taux Google uniquement intéressé ib,1
Quel pays,1
Cameroun,1
Moi c'est le Bénin,1
"10/9/24, 7:37 PM - +224 621 29 63 36 changed to +7 996 363-29-20",1
"10/9/24, 9:31 PM - +7 996 979-55-15 joined using this group's invite link",1
C'est plutôt la présentatrice qui nous intéresse beaucoup plus 😏😁,1
😁toujours 🤭,1
Eustache qui fait l'électronique à лети. J'ai besoin de lui d'urgence possible.,1
"Bonsoir , lien du match svp",1
Bonsoir à tous,1
Kilos disponibles,1
Douala - Moscou,1
Date le 15/10/2024,1
Ib,1
200000 aux pays Cameroun besoin du roubles toux Google,1
Bonsoir à tous,1
Kilos disponibles,1
Douala - Moscou,1
Date le 15/10/2024,1
Ib,1
Qui est proche Dunayskaya et peu travailler au Scholla maintenant ????,1
"10/11/24, 10:09 AM - +7 995 830-48-03 joined using this group's invite link",1
"10/11/24, 1:17 PM - +236 72 10 21 15 joined using this group's invite link",1
Lien du match svp,1
Journée 11 Octobre ⚽️⚽️⚽️,1
18h00 : Cameroun vs Kenya,1
20h45: Bosnie vs Allemagne,1
21h00 : Côte d’Ivoire vs Sierra Leone,1
Tous les mises à jour sont disponibles sur ce canal: https://t.me/s3pokjhgrdfgbhjj,1
📱Twitter: https://x.com/bannoutoday,1
📱Twitter: https://x.com/bannoutoday,1
*Départ*,1
Abidjan  - Moscou  30 octobre 2024,1
Pour tout besoins d'expéditions veuillez me contacter.,1
Bagage,1
1kg  -----> 10.000fcfa,1
Documents,1
1000 ₽,1
🚨🚨🚨Dernier délai de dépôt 27 octobre 🚨🚨🚨,1
Bonsoir qui peut envoyer l’argent vers la Côte d’Ivoire 🇨🇮,1
Roubles disponible !,1
c'est combien,2
Moi combien ?,2
J'envoie pa wave,1
Bonsoir svp besoin d'une chambre meublée à louer mensuellement,1
Dans un appartement en collocation ou pas,1
Bonsoir départ Douala Moscou le 23 et 23 Kilo disponible après la personne arrive a Petersbourg intéressé ib,1
null,1
❌,1
🥰 Bonjour et sois béni dans le nom de Jésus,1
🙏🙏🙏 disponible sur nos différentes chaînes 🙏🙏🙏 TU ES SOUVERAIN JÉSUS 🥰🥰🥰👌 https://youtube.com/watch?v=pSmeiJVjNXk&feature=share,1
Bonsoir famille merci de soutenir dans cette démarche du royaume 🙏,2
🙏,1
"Bonjour à tous, bonjour. Si vous êtes sérieux pour obtenir un appartement, écrivez-moi, réunissons-nous et partageons des chambres séparées et le paiement. Merci à tous.🇷🇺🇷🇺🇷🇺🇷🇺🇷🇺🇷🇺🇷🇺🇷🇺🇷🇺🖤🖤🖤🖤🖤🖤🖤🖤🖤🖤🖤🖤🖤🖤🖤 <This message was edited>",2
Oui-Oui je suis intéressé,1
Toi tu m'as insulté dernièrement.donc tu parles même français!,1
Okk,1
Comme vos claviers Vous donnent le pouvoir,1
Bonjour famille,1
Svp qui a un contact à Oufa ??,1
IB,1
Bjr à tous.*Demain* besoin de 2 personnes à 3 minutes du métro *Политехническая* le travail consiste à faire le nettoyage. ( boulot facile et pas physique),1
8h de travail  + 1h de pause,1
3200 roubles chaque jour après le boulot,1
Moins 1 personne *,1
+,1
@243819335634 2,1
Fermé ❌❌❌,1
"Bonsoir, svp j ai 100000f au Cameroun besoin de roubles ici taux Google",1
bonjour besoin de l'enregistrement de Peter,1
Lien du match svp,1
Journée 13 Octobre ⚽️⚽️⚽️,1
15h00: Kenya vs Cameroun,1
18h00: Togo vs Algérie,1
20h45 : France vs Belgique,1
20h45 : Allemagne vs Pays-Bas,1
Tous les mises à jour sont disponibles sur ce canal: https://t.me/s3pokjhgrdfgbhjj,1
📱Twitter: https://x.com/bannoutoday,1
📱Twitter: https://x.com/bannoutoday,1
le lien ne fonctionne pas,1
Active le map,1
Heure de russie c quelle heure?,1
C'est déjà en train de jouer actuellement,1
Bonsoir a tous svp j'aimerais savoir comment es que on interroge pour vois son crédit de communication pour ceux qui ont aussi une sim yota pck j'ai un problème depuis ce matin je me fais recharger du crédit de communication mai ma connexion ne passe tjr pa je sais pas pourquoi ?,0
Il faut télécharger d'abord l'application Yota!,1
Ok,1
Les partenaires de Éthiopia Airlines là voilà ça 🙄.,1
Mon frère vraiment merci j'ai pu régler le problème vraiment merci,2
"10/14/24, 11:28 PM - +7 991 005-47-49 joined using this group's invite link",1
Bonjour à tous,1
Départ aujourd’hui,1
Douala Moscou,1
10 kilos disponibles,1
Ib,1
Oui je le connais,1
C'est grand K,1
*Départ*,1
Abidjan  - Moscou  30 octobre 2024,1
Pour tout besoins d'expéditions veuillez me contacter.,1
Bagage,1
1kg  -----> 10.000fcfa,1
Documents,1
1000 ₽,1
🚨🚨🚨Dernier délai de dépôt 27 octobre 🚨🚨🚨,1
Salut à tous ..svp comment vérifier le solde internet de d'appel avec la sim Télé 2,1
Ainsi que yota,1
😁😁😁😁😁😁,1
Telecharge l'application,1
Quelle application svo,1
Donnez moi le nom de l'application,1
Télé 2,1
Ok,1
Merci,2
Ok merci,2
Bsr les gars quelqu’un a le lien du match de Côte d’Ivoire ?,1
Bjr à tous.*Demain* besoin de 1 personne à 3 minutes du métro *Политехническая* le travail consiste à faire le nettoyage. ( boulot facile et pas physique),1
8h de travail  + 1h de pause,1
3200 roubles chaque jour après le boulot,1
Fermé ❌❌❌,1
Salut dans  l’ensemble je veux le lien pour le match de La Guinée vs Éthiopie <This message was edited>,1
3-0,1
La Guinée gagne et le doublé de Guirassy . <This message was edited>,1
Merci beaucoup mon frère,2
"10/16/24, 11:33 AM - +237 6 57 50 08 04 joined using this group's invite link",1
Bonjour famille,1
Désolé pour le dérangement mais j'ai un souci. L'année passée je vivais a saint Petersburg chez un de mes amis qui s'appelle Mike ngassa que je n'arrive plus a joindre aujourd'hui part téléphone depuis que je suis rentré au pays.,1
Il ya mes documents important que j'avais laissé chez lui avant de quitter la maison où il vivait mais aujourd'hui tout les numéros que j'appelle avec sois sa ne passe pas soit il ne décroche pas où on renvoie l'appel,1
Je pense comme ça il a mangé ton argent,1
Svp qui connaît bien Mike ngassa.,2
Je veux juste qu'il envoie mes choses a mon ami il viendra me donner sa au Cameroun,1
Svp 🙏🏼 les gar ceux qui lui connaît,1
Vous connaissez comment au Cameroun c'est difficile de refaire un document comme diplôme,1
Tagué moi Mike ngassa svp,1
Merci,2
Il n'est plus en russe! Il doit avoir un autre numéro plutard. C'est ce que je sais sur ses dernières nouvelles. Il faut patienter(((,1
Douala-russie,1
NB: nombre de places LIMITÉ!,1
C’est possible d’avoir une coiffure homme normale(sans tresser les cheveux )svp?,1
Besoin de 1 personne pour le travail de nettoyage demain à *Девяткино*,1
8h de temps + 1h de pause,1
3000 roubles après le boulot,1
"10/17/24, 5:26 PM - Rodriguez Peter added ~ оливер клж",1
"10/17/24, 5:27 PM - Rodriguez Peter added ~ Prince Elinio 🥀🤤",1
+,1
@79015825735 1,1
Fermé ❌❌❌,1
"10/18/24, 12:32 AM - +7 981 703-31-09 joined using this group's invite link",1
Bjr à tous.*Demain* besoin de 3 personnes *Политехническая* le travail consiste à faire le nettoyage. ( boulot facile et pas physique),1
8h de travail  + 1h de pause,1
3200 roubles chaque jour après le boulot,1
*moins 1 personne*,1
+,1
+,1
+,1
@79969135468 3,1
Fermé ❌❌❌,1
Besoin de 2 personnes pour le travail de nettoyage demain à *Девяткино*,1
8h de temps + 1h de pause,1
3000 roubles après le boulot,1
+,1
+,1
@79531549821 1,1
@79602647985 2,1
Fermé ❌❌❌,1
Bjr à tous.*Demain* besoin de 3 personnes *Политехническая* le travail consiste à faire le nettoyage. ( boulot facile et pas physique),1
8h de travail  + 1h de pause,1
3200 roubles chaque jour après le boulot,1
Besoin encore d'une personne *,1
+,1
@79921896938 4,1
Fermé ❌❌❌,1
Les gars ligne du combat svp,1
Pardon le lien du combat de ngannou,1
Besoin de 125mil f CFA au Cameroun,1
Je donne le rouble,1
Ib <This message was edited>,1
@201115024967 le lien syp,1
Journée 19 Octobre ⚽️⚽️⚽️,1
Créer un nouveau compte sur 1XBET  avec le Code Promo hacké BANNOU et bénéficier d’un bonus allant jusqu’à 300$ sur votre premier dépôt. https://shorturl.at/TnJTU,1
13h30: Tottenham vs Westham,1
16h00: Man Utd vs Brentford,1
18h30: Bournemouth vs Arsenal,1
19h00: Saint-Etienne vs Lens,1
21h00: PSG vs Strasbourg,1
18h30: Bayern Munich vs Stuttgart,1
21h00: Celta Vigo vs Real Madrid,1
PFL Ngannou vs Ferreira,1
Ce canal contient tous les programmes et est rapidement mise à jour: https://t.me/+SdxoOAGEXfNkMmEx,1
📱Twitter: https://x.com/bannoutoday,1
📱Twitter: https://x.com/bannoutoday,1
🙄,1
KO first round,1
Trop fort ✌️,1
Le lion indomptable est de retour 😀😀😀,1
Le Cameroun de nouveau au toit du monde 😎😎,1
Besoin de 2 personnes pour le travail de nettoyage demain à *Девяткино*,1
8h de temps + 1h de pause,1
3000 roubles après le boulot,1
*moins une personne*,1
Bjr 150000 xaf au pays besoin du roubles .,1
Taux Google uniquement; intéressé ib,1
Merci,2
"10/20/24, 3:56 PM - +223 71 89 54 87 joined using this group's invite link",1
bonsoir bonsoir la famille svp besoin d'une place pour homme urgent svp,1
+,1
@79893468821 2,1
Fermé ❌❌❌,1
re bonsoir ici j'ai 800000fcfa au pays et je veut les roubles taux google ib,1
🚶‍♂️🚶‍♂️🚶‍♂️🚶‍♂️,1
quoi?,1
L’argent est bien hein 😂😁,2
"10/20/24, 8:13 PM - +236 72 09 61 77 joined using this group's invite link",1
merci pour le service,2
Qui es à Moscou et qui viens à saint petersbourg c’est jours si svp j’ai mon colis là-bas,1
Le match du BARCA sera diffusé sur https://t.me/bannouback1?livestream,1
"Salut les gars, veuillez aimer, vous abonner et cliquer sur la cloche de notification je viens de créer ma chaîne youtube merci pour votre soutien🙏🏽👏👏",2
"Hello guys, please like, subscribe and click on the notification bell I just created my youtube channel thank you for your support🙏🏽👏👏",1
Bjr à tous.*Demain* besoin de 4 personnes *Политехническая* le travail consiste à faire le nettoyage. ( boulot facile et pas physique),1
8h de travail  + 1h de pause,1
3200 roubles chaque jour après le boulot,1
*travail constant*,1
Moins 1 personne,1
+,1
"10/21/24, 3:35 PM - Rodriguez Peter added ~ Fernand Rodolphe SEGLONOU",1
@79992273382 4,1
Fermé ❌❌❌,1
"10/21/24, 4:12 PM - +7 951 650-49-70 joined using this group's invite link",1
100000 CFA disponible au Cameroun besoin du rouble au tôt Google si possible,1
Besoin 1.2million au Cameroun ib si disponible,1
Rouble disposable,1
Saint Petersburg - Moscow voyage prévu pour demain à 23h kilo disponible. Je reçois également les documents,1
Bjr à tous.*Demain* besoin de 4 personnes *Политехническая* le travail consiste à faire le nettoyage. ( boulot facile et pas physique),1
8h de travail  + 1h de pause,1
3200 roubles chaque jour après le boulot,1
*travail constant*,1
Besoin encore d'une personne,1
+,1
+,1
@79198838241 5,1
Fermé ❌,1
I need 200k in camer I have rubles if the is anyone massage me,1
"Bro don't worry! Just contact ""Mr. Flash"" and you'll be satisfied. I'm a witness that is why I'm sending you to him!",1
Besoin de 2 personnes pour le travail de nettoyage demain au метро *большевиков*,1
8h de temps + 1h de pause,1
3000 roubles après le boulot,1
+,1
@79958304803 1,1
Moins 1,1
"Rouble disponible besoin 1,5million fcfa au Cameroun 🇨🇲 j’attends ib",1
+,1
@233536897796 2,1
Fermé ❌❌❌,1
Ça renforce les liens familiaux 🙌😂😂,2
"Constant, disponible le week-end ?",1
Après ils vont se partager la nourriture .....,1
"10/22/24, 10:01 PM - Rodriguez Peter added +7 991 014-71-90",1
Lien du match svp,1
🔥LIEN🔥 22/10,1
➖➖➖➖➖➖➖➖➖➖,1
📺 18h45 - Monaco 🆚 Belgrade,1
📺 21h00 - PSG 🆚 PSV,1
🔥🔥Telegram app :,1
t.me/tivilive112?livestream,1
➖➖➖➖➖➖➖➖➖➖,1
📺 21h00 - Real Madrid 🆚 Dortmund,1
🔥🔥Telegram app :,1
t.me/tivilive113?livestream,1
➖➖➖➖➖➖➖➖➖➖,1
📺 18h45 - AC Milan 🆚 Club Bruges,1
📺 21h00 - Juventus 🆚 Stuttgart,1
🔥🔥Telegram app :,1
t.me/tivilive114?livestream,1
➖➖➖➖➖➖➖➖➖➖,1
📺 21h00 - Arsenal 🆚 Shakhtar,1
🔥🔥Telegram app :,1
t.me/tivilive115?livestream,1
"10/23/24, 5:23 PM - Rodriguez Peter added +7 981 126-74-86",1
Besoin de 2 personnes pour le travail de nettoyage demain au метро *Парнас*,1
8h de temps + 1h de pause,1
3000 roubles après le boulot,1
Fermé ❌❌❌,1
+,1
Svp lien des matchs,1
bonsoir bonsoir ici j'ai un  million au cameroun besoin du  roubles taux google,1
Lien du match svp,1
Le lien,1
Kora TV sur Google,1
Pour suivre les matchs,1
Barcelone vs Bayern,1
Man City  vs Sparta Prague,1
Atletico Madrid vs Lille,1
Liverpool vs Leipzig,1
bonjour bonjour,1
500000f au pays besoin du roubles taux google,1
Combien,2
Bjr,1
null,1
Ib,1
Pris quelque part,1
C’est intéressant 😊,1
null,1
bonsoir bonsoir ici,1
j'ai toujours le franc cfa au pays besoin du roubles taux google,1
même deux Millions,1
Mola tu a déjà vendu le terrain là 😜,1
🤣🤣🤣🤣,2
J'ai confiance les gars au Cameroun on les titres foncier de 1850 dans les poches,1
🤣🤣🤣,2
Même les zones marécageuses 5 ans après ils vont venir te dire qu'ils ont les titres foncier,1
🤣🤣🤣,2
🤔🤔🤔🤔🤔,1
🇨🇲🇨🇲🇨🇲🇨🇲,1
Bonsoir à tous svp besoin de quelqu’un qui quitte le Cameroun pour la Russie ces jours ci 🙏!!,1
25000F disponible je veux le rouble 🤲,1
Où,1
Cameroun,1
Ferme,1
Bsr 250000 xaf  au Cameroun;,1
Besoin du roubles; taux Google uniquement. Interessé ib merci,2
"10/25/24, 5:21 PM - +223 91 35 24 00 joined using this group's invite link",1
bonsoir bonsoir la famille je une université ici a saratov qui est a 85000 roubles,1
procédure passeport et la moitié de la scolarité,1
"Besoin de 90.000 au Cameroun, j'ai le rouble",1
oui oui j'ai,1
Bonsoir J’ai un document au Cameroun plus précisément à Yaoundé besoin d’une personne qui viens en Russie ces jours,1
bonjour bonjour besoin du roubles j'ai un million cinq cents mille au pays 🇨🇲🇨🇲,1
Bsr 150000 xaf  au Cameroun;,1
Besoin du roubles; taux Google uniquement. Interessé ib merci,2
"Pourquoi vous n'échangez pas via @79670757733  alors qu'il fait des posts ici toutes les heures ?  Tout le monde ici à besoin du rouble , du fcfa et etc... et il y'a une personne qui publie tout le temps pour vous proposer ses services. Je veux bien comprendre c'est quoi le truc ?",2
mon frère si ça ne nous s'arranger pas on fait comment chacun de nous est libre d'écrit  et de trouver son avantage,1
Est-ce que vous utilisez le taux de Google pour vos échanges ? Car ça qu’ils cherchent.,1
Y'a il une grande différence entre le taux Google et le taux qu'il ou elle vous propose ?,1
Je penses que non. Le plus important ici à mon avis est de vérifier la crédibilité de vos échanges. Qui le fait? Quel est sa notoriété ? Parce que la plupart du temps vous le feriez  avec des personnes que vous ne maîtrisez pas et ça peut virer à l'arnaque à cause de 100 ou de 500 roubles de différence.,1
"Du moins comme vous avez dit, chacun cherche son avantage. Je voulais juste savoir. Bonne journée",1
Quel est votre taux d’échange principal ? Comme ça on soit déjà au courant.,1
Je ne fais pas dans l'exchange. J'essaie juste de comprendre.,1
🙏🏻,1
null,1
📺 21h00 - Real Madrid 🆚 FC Barcelone,1
🔥🔥Telegram app :,1
t.me/tivilive129?livestream,1
Bonjour à tous,1
Départ,1
Yaoundé - Moscou,1
Kilos dispo 23,1
Date mardi 29/10,1
Ib pour plus d’infos,1
Bjr à tous. Beesoin de 4 personnes pour le travail de nettoyage demain au метро *Девяткино*,1
8h de temps + 1h de pause,1
3200 roubles après le boulot <This message was edited>,1
+,1
@shabani 1,1
+,1
🔥LIEN🔥 27/10,1
➖➖➖➖➖➖➖➖➖➖,1
📺 15h00 - Chelsea 🆚 Newcastle,1
📺 17h30 - Arsenal 🆚 Liverpool,1
🔥🔥Telegram app :,1
t.me/tivilive131?livestream,1
➖➖➖➖➖➖➖➖➖➖,1
📺 15h00 -  Lyon 🆚 Auxerre,1
📺 21h00 -  Nice 🆚 Monaco,1
🔥🔥Telegram app :,1
t.me/tivilive132?livestream,1
➖➖➖➖➖➖➖➖➖➖,1
📺 20h45 - OM 🆚 PSG,1
🔥🔥Telegram app :,1
t.me/tivilive133?livestream,1
Un incapable comme ça 😤😤😤,1
Идите спать,1
Почему ты так злой,1
@79015141681 2,1
Moins 2,1
Moins 1 personne,1
@79062465805 4,1
Fermé ❌❌❌,1
Une place disponible.interessée ib,1
"10/28/24, 2:07 AM - +7 981 126-74-86 changed to +7 952 246-74-91",1
Bjr à tous. Besoin de 4 personnes pour le travail de nettoyage aujourd'hui au метро *Девяткино*,1
8h de temps + 1h de pause,1
3200 roubles après le boulot <This message was edited>,1
Encore une personne *,1
+,1
"10/28/24, 6:28 AM - +7 996 447-81-53 joined using this group's invite link",1
Bonjour à tous,1
Départ,1
Yaoundé - Moscou,1
Kilos dispo 23,1
Demain mardi 29/10,1
Ib pour plus d’infos,1
Réception des documents,1
Une place disponible,1
interessée ib,1
"Deux hommes font comment pour dormir sur un lit ,encore un lit de 2 place😂😂😂",2
Besoin de 4 personnes pour le travail de nettoyage demain au метро *ПРОСПЕКТ БОЛЬШЕВИКОВ*,1
8h de temps + 1h de pause,1
3200 roubles après le boulot,1
Moins 3*,1
+,1
@79995695836 1,1
@79198838241 2,1
Moins 1 personne,1
+,1
@79779328385 4,1
Fermé ❌❌❌,1
"10/28/24, 9:32 PM - +7 952 245-43-38 joined using this group's invite link",1
Lien pour le ballon d'or svp,1
🌍 Liens MyFoot ⚽️,1
➖➖➖➖➖➖➖➖,1
📺 20h45 - Cérémonie Ballon d'or,1
🖥️ Telegram App 🇫🇷,1
➡️ t.me/hunilive030,1
➡️ t.me/+Q-w5IeNIa7U1OWQ8,1
➡️ t.me/+6FYujDd1zN4zMWUx,1
➖➖➖➖➖➖➖➖,1
Besoin de 2 personnes pour le travail de nettoyage demain à *Девяткино*,1
8h de temps + 1h de pause,1
3200 roubles après le boulot,1
+,1
+,1
Bonjour à tous,1
Départ,1
Yaoundé - Moscou,1
Kilos dispo 15,1
Aujourd’hui mardi 29/10 à 22 heures,1
Ib pour plus d’infos,1
Réception des documents,1
@79015141681 1,1
Moins 1*,1
"10/29/24, 12:38 PM - +223 73 05 40 15 joined using this group's invite link",1
Fermé ❌❌❌,1
"10/29/24, 3:20 PM - +7 999 705-67-53 joined using this group's invite link",1
"Salutations, il y a un espace pour une fille, une personne intéressée devrait contacter !!",1
"Greetings, there’s a space for a girl interested person should contact me!!",1
"10/29/24, 8:52 PM - +7 991 002-45-74 joined using this group's invite link",1
Besoin de 3 personnes pour le travail de nettoyage demain au метро *ПРОСПЕКТ БОЛЬШЕВИКОВ*,1
8h de temps + 1h de pause,1
3200 roubles après le boulot,1
+,1
+,1
@22373054015 1,1
Moins 2,1
"10/30/24, 3:30 PM - +223 67 94 18 46 joined using this group's invite link",1
+,1
@22367941846 2,1
Moins 1 personne *,1
"10/30/24, 3:41 PM - +223 78 45 90 28 joined using this group's invite link",1
bonsoir bonsoir la famille j'attends toujours les documents pour mon université 85000roubles,1
+,1
@79967980958 3,1
Fermé ❌❌❌,1
les 85000 roubles c'est pour la scolarité de l'année de langue,1
Bjr à tous.*Demain* besoin de 2 personnes *Политехническая* le travail consiste à faire le nettoyage. ( boulot facile et pas physique),1
8h de travail  + 1h de pause,1
3200 roubles chaque jour après le boulot,1
*travail constant*,1
@79153718316 1,1
Moins 1,1
+,1
@23672102115 2,1
Fermé ❌❌,1
Besoin encore d'une personne *,1
Salut à tous. Recherche d'un dj urgemment. Intéressé inbox,1
C'est toi notre dj de la 3ème mi-temps 😜😜😜,1
Tu es le meilleur dj de ta génération mon doyen,1
😂,2
Pardon soyons sérieux,1
Il veut le dj et c’est sérieux,1
"mon gars, est-ce que tu as déjà assistant à l'animation de mon doyen",1
C'est la magie du feu,1
Je cherche un autre dj😊,1
OK ça marche,1
"10/31/24, 8:42 AM - +7 904 856-25-49 joined using this group's invite link",1
Besoin de 4 personnes pour le travail de déplacement du matériel demain au метро *ПРОСПЕКТ БОЛЬШЕВИКОВ*,1
8h de temps + 1h de pause,1
3200 roubles après le boulot,1
"10/31/24, 9:28 AM - +237 6 71 33 66 61 joined using this group's invite link",1
"10/31/24, 10:01 AM - +237 6 71 33 66 61 joined using this group's invite link",1
null,1
+,1
@79995695836 1,1
null,1
null,1
"10/31/24, 1:32 PM - +224 624 90 22 61 changed their phone number to a new number. Tap to message or add the new number.",1
Moins 2 personnes pour demain *,1
"10/31/24, 4:09 PM - +223 78 42 01 14 joined using this group's invite link",1
@237671336661 2,1
Bonjour à tous,1
Besoin de 2 personnes pour le transport du matériel demain à *Девяткино*,1
8h de temps + 1h de pause,1
3000 roubles après le boulot <This message was edited>,1
+,1
+,1
@79165489632 1,1
@79919132627 2,1
Fermé ❌❌❌,1
Bonjour 200000 xaf disponible au Cameroun ; besoin du roubles.,1
s’abstenir de faire d’autres propositions suis intéressé uniquement par le taux Google.,1
Intéressé ib merci <This message was edited>,2
Bon courage,1
Rouble disponible je calcule a 6.5 si tu n'est pas intéressé ne m'écris pas,1
Bonjour! Qui veut envoyer l'argent au pays ?,1
Besoin du rouble,1
J’ai le franc,1
Taux Google,1
!! Si tu est prêt écrit moi,1
Les gars bientôt ça va finir,2
J'attends,1
Fermé ❤️❤️,1
Génie 🧞‍♂️,1
How? Tu es deja à péter ?,1
"11/1/24, 6:40 PM - +7 965 168-89-91 joined using this group's invite link",1
Ok,1
"Besoin des roubles, j’ai les dollars américains, taux Google.",1
"11/2/24, 1:15 AM - +223 63 62 71 00 joined using this group's invite link",1
"11/2/24, 9:17 AM - +7 996 363-26-12 joined using this group's invite link",1
Bonjour à tous svp je suis à la recherche d'une chambre Merci,2
Bjr lien des matchs svp,1
🍃🍃Journée 2 Novembre,1
📱Twitter: https://x.com/bannoutoday,1
13h30: Newcastle vs Arsenal,1
16h00: Liverpool vs Brighton,1
16h00: Bournemouth vs Man City,1
17h00:  PSG vs Lens,1
15h30: Bayern vs Union Berlin,1
19h00: Brest vs Nice,1
21h00: Saint-Etienne vs Strasbourg,1
Ce lien est dispo 30 min avant le début pour éviter le ban. Ou m’écrire  sur Twitter pour l’avoir maintenant.,1
📱Twitter: https://x.com/bannoutoday,1
Ce canal contient tous les programmes et est rapidement mise à jour: https://t.me/+SdxoOAGEXfNkMmEx,1
12k rouble disponible je veux 80000F au Cameroun tu est prêt tu m'écris,1
Pardon ne m'écrivais pas pour discuter 🤲🤲,1
Fermé !!,1
Thank,1
8000 rouble disponible je veux 55000 frc <This message was edited>,1
null,1
"*70,000rouble* disponible je veux  *460,000fcfa* au Merci",2
Chacun à son taux Google dans sa tête...,1
"11/2/24, 5:57 PM - +7 991 005-31-29 joined using this group's invite link",1
Good evening here,1
Ils veulent juste se faire voir,1
Franc congolais ou bien ?,2
"11/2/24, 11:33 PM - +242 06 446 9866 joined using this group's invite link",1
tarif,1
1k ₽,1
Bonsoir à tous besoin de quelqu’un qui quitte Moscou pour Peter,1
"11/3/24, 8:17 PM - +223 62 83 47 16 joined using this group's invite link",1
"11/4/24, 10:15 AM - +7 980 970-17-39 joined using this group's invite link",1
Salut la fanill,1
Salut les gars… je suis à la recherche d’une chambre,1
Besoin de 2 personnes pour le transport du matériel demain à *Девяткино*,1
8h de temps + 1h de pause,1
3000 roubles après le boulot,1
+,1
@79015141681 1,1
Fermé ❌❌❌,1
Besoin encore d'une personne pour demain.,1
3000 рублей,1
Fermé ❌❌❌,1
Qui peut me déposer 25000 au pays ( Cameroun) roubles disponible ici taux Google,1
Viviane est dehors,1
Je veux 56500 au Cameroun,1
J'ai le rouble minimum 6.35 pour calculer,1
Salut la famille svp où est situer le laboratoire prima à Yaoundé où on faire les test de vih ?,1
Tape sur Google,1
Bjr à tous. 350.000 fcfa au cameroun.  Besoin du roubles,1
Prend le taxi tu dis rue ceper laboratoire prima,1
😂😂😂😂,2
c'est a la descente de la délégation de la suréte nationale,1
800k au pays besoin du rouble taux Google,1
Ib,1
Taux Google,1
Google n’a plus de taux ici mon gar garde ton argent,1
Ok garde ton rouble 😂😂,2
Quant sa vas arriver a 7 tu change,1
Vos publicités là je vais devoir tout supprimé ça ici,1
Boss t'inquiète je vais gérer impeut sur ça,1
Allez changer vos choses là loin,1
Si vous faites maintenant dans les transferts,1
Venez officiellement,1
Et on avance,1
C’est mieux 😅😅😅,1
Je veux le dollars,1
Toi seulement on va t’envoyer en Ukraine 😂😂,2
J’y vais dans quelques mois soit posé,1
😳😳,1
Génie 🧞‍♂️ 😂,2
Besoin de 6 personnes pour le nettoyage et petites tâches demain à *Девяткино*,1
8h de temps + 1h de pause,1
3000 roubles après le boulot <This message was edited>,1
Moins 5 personnes *,1
"11/5/24, 12:52 PM - +7 991 013-91-25 joined using this group's invite link",1
+,1
@79910139125 2,1
+,1
@79657716231 3,1
+,1
@23672102115 4,1
@79015141681 5,1
Moins 3 personnes,1
+,1
@79651688991 6,1
Moins 2 personnes,1
+,1
@79967902163 7,1
Moins 1 personne,1
"11/5/24, 2:33 PM - +7 991 007-09-38 joined using this group's invite link",1
+,1
@79910070938 8,1
Fermé ❌❌❌,1
200k au pays besoin du Roubles,1
Le lien des matchs svp,1
🔥LIEN🔥 05/11,1
➖➖➖➖➖➖➖➖➖➖,1
📺 21h00 - Lille 🆚 Juventus,1
🔥🔥Telegram app :,1
t.me/tivilive152?livestream,1
➖➖➖➖➖➖➖➖➖➖,1
📺 21h00 -  Real Madrid 🆚 AC Milan,1
🔥🔥Telegram app :,1
t.me/tivilive153?livestream,1
➖➖➖➖➖➖➖➖➖➖,1
📺 21h00 - Liverpool 🆚 Leverkusen,1
🔥🔥Telegram app :,1
t.me/tivilive154?livestream,1
➖➖➖➖➖➖➖➖➖➖,1
📺 21h00 - Multiplex LDC,1
🔥🔥Telegram app :,1
t.me/tivilive155?livestream,1
Le lien des élections de USA svp! 🙏🏽🙏🏽🙏🏽,1
31500 roubles je veux 215000f cfa au Cameroun ib <This message was edited>,1
Ça signifie quoi?,1
Je connais ce tanzanien,1
Oki il a perdu  ses fotos au métro avtovo donc dites lui d’aller récupérer sa la bas c’est tout,0
Ok,1
Bonjour à tous. J'AI 8000 ROUBLES. JE VEUX 55000CFA AU PAYS. CAMEROUN,1
Moi j'ai 16.000p je veux 109.000CFA en République de Guinée!,1
Available/disponible,1
🔥LIEN LDC🔥 06/11,1
➖➖➖➖➖➖➖➖➖➖,1
📺 21h00 - PSG 🆚 Atlé Madrid,1
🔥🔥Telegram app :,1
t.me/tivilive156?livestream,1
➖➖➖➖➖➖➖➖➖➖,1
📺 18h45 -  Shakhtar 🆚 Young Boys,1
📺 21h00 -  Inter Milan 🆚 Arsenal,1
🔥🔥Telegram app :,1
t.me/tivilive157?livestream,1
➖➖➖➖➖➖➖➖➖➖,1
📺 21h00 - Belgrade 🆚 FC Barcelone,1
🔥🔥Telegram app :,1
t.me/tivilive158?livestream,1
➖➖➖➖➖➖➖➖➖➖,1
📺 18h45 - Bruges 🆚 Aston Villa,1
📺 21h00 - Prague 🆚 Brest,1
🔥🔥Telegram app :,1
t.me/tivilive159?livestream,1
Bonjour a tous j'ai 3900 rouble je veux 25000F au Cameroun,1
20k,1
Besoin de 4 personnes pour le nettoyage et petites tâches demain à *Девяткино*,1
8h de temps + 1h de pause,1
3000 roubles après le boulot,1
Moins 3 personnes *,1
Fermé,1
Déjà fermés!,1
+,1
@79015141681 2,1
@79651688991 3,1
@22373054015 4,1
+Diakité,1
@22378459028 5,1
Fermé ❌❌❌,1
Bsr svp besoin de 30000fcfa au Cameroun 🇨🇲 j’ai 4500roubles,1
4600r,1
🤔,1
null,1
Bsr 600000 xaf disponible au pays besoin du roubles. Uniquement taux Google intéresser ib,1
900k aux pays uniquement Google 😎,1
La courbe monte en puissance sur Google 🤣🤣🤣🤣,2
Je vous attends 🤣🤣🤣🤣,2
Donald Trump,1
Le BTC  a 75000 dollars Trump a fait fort 🎉🎉,1
😰 minceu,0
Infinity est le plus riche les temps si,1
Il est préférable pour tout les traders de vendre 70% de leurs actifs et de maintenir leur position avec les 30% restant 🧏🧏🚶🚶,1
La crypto peut rendre fou vrai😅,1
Ça peut aussi te rendre très riche 😅😅,1
On dit la même chose 🤣🤣🤣🤣,2
Mais vraiment c'est le cardio,1
Allons ib Rodrigue va retirer quelqu’un du groupe çi🤣🤣🤣🤣🤣,2
Avec quoi,1
Bonsoir à tous svp je suis à la recherche d'une chambre NB: je suis quelqu'un de très propre et aussi côté factures 20/10 merci bonne soirée à tous,2
Il y'a les ninjas dehors faire le ménage quelq'un va te dire dans son pays c'est interdit que les hommes lave le sol 🤣🤣🤣,2
La précision en vaut la peine OOOhhhh,1
Salut famille . Besoin d'un  traducteur qualifier de langue Russe en Français.  Ici a Saint Petersbourg. Svp merci 🙏🏾,2
Ib,1
Demain besoin de 6 personnes au metro Обводный канал (ligne violette).le travail consiste à faire le nettoyage,1
32х0 roubles après le boulot,1
8h de travail  + 1h de pause,1
+,1
32×0 = 0 rouble 🙂,1
3200 roubles,1
@79910024384 1,1
J’ai également remarqué 😂🤣. Mais je lui fais confiance ✅,2
+,1
+,1
@79992273382 2,1
@79969795515 3,1
Moins 3,1
@79153718316 4,1
Moins 2,1
@79300036839 5,1
Moins 1 personne,1
null,1
null,1
@79520961732 les contentieux svp gérez ça en inbox.,1
830000 xaf disponible au pays besoin de roubles; taux Google uniquement merci.,2
Interessé ib,1
Mais ou sont passés les 32 roubles qui étaient laba?,1
Moins 2 personnes *,1
🔥LIEN🔥 07/11,1
➖➖➖➖➖➖➖➖➖➖,1
📺 18h45 - Nice 🆚 Twente,1
📺 21h00 - Hoffenheim 🆚 Lyon,1
🔥🔥Telegram app :,1
t.me/tivilive160?livestream,1
➖➖➖➖➖➖➖➖➖➖,1
📺 18h45 -  Galatasaray 🆚 Tottenham,1
📺 21h00 -  Man United 🆚 PAOK,1
🔥🔥Telegram app :,1
t.me/tivilive161?livestream,1
➖➖➖➖➖➖➖➖➖➖,1
📺 21h00 - Multiplex Ligue Europa,1
🔥🔥Telegram app :,1
t.me/tivilive162?livestream,1
+,1
@79250734011 6,1
"11/7/24, 7:20 PM - Димитри Дасси 🫡 joined using this group's invite link",1
aucun vol pour Petersbourg ????,1
Moins 1 personne pour demain,1
Une place disponible dans une chambre ( garçon ) contactez- moi si vous êtes intéressé.,1
De l’excellence à la médiocrité 🙌😑😑 <This message was edited>,1
Salut,1
Je cherche une place pour un frère,1
C vraiment urgent,1
830000 xaf disponible au pays besoin de roubles; taux Google uniquement merci.,2
Interessé ib,1
J'ai 25000F au Cameroun je veux le rouble 🤲 <This message was edited>,1
Bonjour à tous,1
Place disponible pour femmes,1
Métro: Девяткино,1
+7(968) 793-83-55,1
...,1
Traduit voir bro 🤲🏿😂😂,2
C'est déjà écrit en anglais français 😂,2
✈️ 🚁 🛫  ✈️  🛫✈️,1
*DÉPART* Saint-Pétersbourg ➡️ Abidjan,1
*RÉCEPTION* des colis jusqu'au 02.12,1
02 DÉCEMBRE,1
♨️  Enveloppe 1000p,1
♨️  1kg 1000p,1
Buvons de l'eau tiède pour renforcer notre santé ☺️,1
✈️ 🚁 🛫  ✈️✈️ 🚁   🛫,1
Demain besoin de 5 personnes au metro Обводный канал (ligne violette).le travail consiste à faire le nettoyage,1
3000 roubles après le boulot,1
8h de travail  + 1h de pause <This message was edited>,1
+,1
+,1
+,1
+,1
+,1
@79992273382 1,1
+,1
+,1
+,1
+++,1
+,1
@79969795515 2,1
+,1
++++++++++,1
+,1
+,1
@22962842281 3,1
+,1
@79939588124 4,1
@25779875606 5,1
Fermé ❌❌❌,1
"11/8/24, 8:37 PM - +7 968 595-72-70 joined using this group's invite link",1
ola,1
Bonjour à tous j'ai mon colis au Cameroun. ( Moscou ou mm péter) Ib 🙏🏾🙏🏾,1
null,1
"Bonjour j’espère vous allez bien?  c’est un frère camerounais, ajouté-le s’il vous plaît ce monsieur. Il vient d’arriver y’a pas longtemps il a du mal à se trouver un travail.",2
"11/9/24, 1:27 PM - +7 953 360-55-83 joined using this group's invite link",1
Bonjour 155000 xaf  disponible au pays besoin du rouble; taux Google uniquement.,1
Interessé ib,1
Merci,2
Bonsoir,1
Le lien des matchs svp,1
🔥LIEN🔥 09/11,1
➖➖➖➖➖➖➖➖➖➖,1
📺 14h00 - Real Madrid 🆚 Osasuna,1
📺 16h00 - Multiplex PL,1
📺 18h30 - Brighton 🆚 Man City,1
📺 21h00 - Liverpool 🆚 Aston Villa,1
📺 01h00 - UFC Fight Night,1
🔥🔥Telegram app :,1
t.me/tivilive165?livestream,1
➖➖➖➖➖➖➖➖➖➖,1
📺 17h00 -  Strasbourg 🆚 Monaco,1
📺 19h00 -  Lens 🆚 Nantes,1
🔥🔥Telegram app :,1
t.me/tivilive166?livestream,1
➖➖➖➖➖➖➖➖➖➖,1
📺 21h00 - Angers 🆚 PSG,1
🔥🔥Telegram app :,1
Merci beaucoup,2
Bonsoir besoin de 66000fcfa au pays j’ai 10.000rbles,1
❌❌❌,1
Besoin de 402000frs au pays j'ai 60800rouble. Bonjour et bon dimanche.,1
Demain besoin de 5 personnes au metro Обводный канал (ligne violette).le travail consiste à faire le nettoyage,1
3000 roubles après le boulot,1
8h de travail  + 1h de pause,1
@79992273382 1,1
+,1
@79969795515 2,1
+,1
@79916480756 3,1
+,1
+,1
+,1
+,1
@79958304803 4,1
@22378459028 5,1
Fermé ❌❌❌,1
"11/10/24, 1:53 PM - +7 977 371-96-80 joined using this group's invite link",1
"11/10/24, 1:55 PM - +237 6 59 57 33 69 joined using this group's invite link",1
Bjr 122500 disponible au pays besoin du roubles taux Google uniquement; intéressé ib et merci <This message was edited>,2
🔥LIEN🔥 10/11,1
➖➖➖➖➖➖➖➖➖➖,1
📺 15h00 - Nice  🆚 Lille,1
📺 17h00 - Montpellier 🆚 Brest,1
📺 20h45 - Lyon  🆚 Saint-Étienne,1
🔥🔥Telegram app :,1
t.me/tivilive168?livestream,1
➖➖➖➖➖➖➖➖➖➖,1
📺 15h00 -  Man United  🆚 Leicester,1
📺 17h30 -  Chelsea 🆚 Arsenal,1
📺 21h00 -  Real Sociedad 🆚 FC Barcelone,1
🔥🔥Telegram app :,1
t.me/tivilive169?livestream,1
"11/10/24, 7:40 PM - +233 24 029 6139 joined using this group's invite link",1
Good evening boss my name is Eric am new here and am looking for a job,1
"11/10/24, 8:39 PM - +7 951 643-76-40 joined using this group's invite link",1
am also looking for a room,1
Une maison pour deux garçons à 20 minute de métro veteranov,1
20000 rouble avec l’eau et la lumière sans caution 20 minute du métro veteranov,1
Adresse : улица пионерстроя 29,1
Follow me on my YouTube https://youtube.com/shorts/tE6OHkIBd9A?si=77gR-xsJQExOu_RK,1
please i like it,1
35000F au Cameroun besoin de 5500 rouble,1
Merci 🤲🤲,2
"11/11/24, 11:52 AM - +7 951 643-35-37 joined using this group's invite link",1
Besoin de 4 personnes pour le nettoyage et petites tâches demain à *Девяткино*,1
8h de temps + 1h de pause,1
3000 roubles après le boulot,1
@79015141681 1,1
Moins 3 personnes *,1
+,1
@79939588124 2,1
+,1
@79773719680 3,1
Moins 1 personne,1
+,1
@79995695836 4,1
Fermé ❌❌❌,1
null,1
Прости это было обшивку. 🙏🏾,1
"150k au camer, besoin du rouble , taux google",1
Demain besoin de 5 personnes au metro Обводный канал (ligne violette).le travail consiste à faire le nettoyage,1
3000 roubles après le boulot,1
8h de travail  + 1h de pause,1
@79992273382 1,1
+,1
@79969795515 2,1
@79916480756 3,1
@79300036839 4,1
+,1
@79939588124 5,1
Fermé ❌❌❌,1
"11/11/24, 7:34 PM - +7 991 883-34-01 joined using this group's invite link",1
Besoin encore d'une personne **,1
+,1
@79995695836 6,1
Fermé ❌❌❌,1
how much  for a day,1
"11/11/24, 8:44 PM - +237 6 58 47 92 24 joined using this group's invite link",1
Bonjour 550000 xaf disponible au Cameroun besoin du roubles taux Google uniquement; merci,2
Interessé ib,1
"Slt besoin d'une chambre à Murino,devyatkino,Ozerki",1
Bonjour la famille,1
Besoin de quelqu'un qui par au Cameroun cette semaine j'ai un document à envoyer,1
Besoin de 2 personnes pour le nettoyage et petites tâches demain à *Девяткино*,1
8h de temps + 1h de pause,1
3000 roubles après le boulot,1
+,1
Ib,1
@79165489632 1,1
@79015141681 2,1
Fermé ❌❌❌,1
"11/12/24, 12:45 PM - +229 66 62 52 48 joined using this group's invite link",1
"150k au camer, besoin du rouble , taux google",1
"11/12/24, 2:44 PM - +237 6 57 95 10 94 joined using this group's invite link",1
Besoin de 4 personnes pour le nettoyage et petites tâches demain à *Девяткино*,1
8h de temps + 1h de pause,1
3000 roubles après le boulot,1
+,1
null,1
Moins 3,1
+,1
+,1
Moins 2 personnes,1
+,1
@79939588124 3,1
Moins 1 personne,1
+,1
@22378459028 4,1
Moins 1 personne,1
+,1
@22373054015 5,1
Fermé ❌❌❌,1
250000 xaf disponible au pays besoin du roubles taux Google uniquement ; merci,2
Interessé ib,1
"11/12/24, 9:10 PM - +7 953 341-78-91 joined using this group's invite link",1
"11/13/24, 11:33 AM - +7 999 169-05-06 joined using this group's invite link",1
Bonsoir  la mifa besoins  please du lien des matchs d'aujourd'hui <This message was edited>,1
Tu vas attendre après le match pour vérifier ton ticket))) pour éviter Toi-même tu sais (((,1
Bien possible  mon grd 1Gnor  car ces le catch avant tout qui gère le  monde 😇😁 dnc please slmn besoin du lien actu 🙏🙏 il ya un gros pari 😀😃,2
Je sais que  mon ticket 🎫  va win non t'inquiètes 👌 okay,1
Okay))) je vais vous trouvez d'abord un médecin chef généraliste pour vous gérer pendant et après le match (((,1
Okay  c'est validé en plus je t'invite qlq part après  le  match,1
Le lien du match du cameroun s'il vous plaît,1
Merci 🙏 beaucoup mon grand nous avons déjà gagner))),2
Entez juste pas de lien,1
Vous descendez vous verrez le match,1
Lacets bein sport,1
http://cdn.livetv817.me/webplayer2.php?t=alieztv&c=226416&lang=en&eid=240664545&lid=2524593&ci=3427&si=1,1
Ce lien ci ne répond pas ( ça  ne s'ouvre pas) please un autre  svp🙏🙏,1
Stade vide🥴🙄,1
"Salut, y'a-t-il quelqu'un ou un proche qui quitte Douala pour peter ces jours ci?",1
"Bonsoir la famille, svp que l'administrateur mette celui ci dans le groupe c'est un nouveau..Voici son numéro",1
+221 776 23 40 43,1
"11/13/24, 11:17 PM - +221 77 623 40 43 joined using this group's invite link",1
Oui,1
Ib,1
Ib,1
"У меня есть документ, который я хочу отправить в Камерун, какие туристические агентства работают в данный момент.",1
J'ai un document que je veux envoyer au Cameroun quels sont les agences de voyage qui travaille en ce moment.,1
"11/14/24, 10:07 AM - +7 991 575-99-43 joined using this group's invite link",1
Bonjour à tous. Je veux 20500cfa au pays. Je donne 3000 roubles ici.,1
Bonjour!!! Attends attend quel pays?,1
Cameroun.,1
Ahahah...))) moi j'ai 6000p et j'ai besoin 41.000CFA au Zimbabwe 🇿🇼(((,1
Fermé))),1
Le meilleur artiste Africain et mon meilleur au monde 🌍 (((Longue-Longue...(((officiel!!!,1
🔥LIEN🔥 14/11,1
➖➖➖➖➖➖➖➖➖➖,1
📺 14h00 - Guinée 🆚 Algérie,1
📺 17h00 - Madagascar 🆚 Tunisie,1
📺 20h00 - Burkina Faso 🆚 Sénégal,1
🔥🔥Telegram app :,1
t.me/tivilive173?livestream,1
➖➖➖➖➖➖➖➖➖➖,1
📺 20h45 -  France 🆚 Israël,1
🔥🔥Telegram app :,1
t.me/tivilive174?livestream,1
➖➖➖➖➖➖➖➖➖➖,1
📺 20h45 - Belgique 🆚 Italie,1
🔥🔥Telegram app :,1
t.me/tivilive175?livestream,1
20h45✅😎. Merci 🙏,2
Bonsoir la famille départ Douala saint pertesbourg le 21 donc 15  kilo disponible intéressé ib et ceux qui ont des trucs a yde peuvent réagit,1
🫡,1
null,1
"11/14/24, 9:11 PM - +237 6 52 51 85 95 joined using this group's invite link",1
Le lien est déjà expiré boss,1
Attend d,1
C'est un problème technique,0
"Slt besoin d'une place entre  Prosvescheniya,devyakino,et Murino",1
"Hum tu vas, te retrouver à veteranov comme les blagues bro 😅 <This message was edited>",1
"11/15/24, 12:56 AM - risbomarc415 changed their phone number to a new number. Tap to message or add the new number.",1
Bonjour à tous. Besoin de 41000cfa au Cameroun. Je donne 6000 roubles...,1
"Ça n'a aucun problème, la télévision est en bonne état.",0
Changez mm le rouble du Grand maître nor. On veut acheter le 42 pouce. On a besoin du rouble.,1
Besoin de 2 personnes pour le nettoyage et petites tâches demain à *Девяткино*,1
8h de temps + 1h de pause,1
3000 roubles après le boulot,1
+,1
+,1
+,1
@79015141681 1,1
Moins 1 personne,1
+,1
@22378459028 2,1
Fermé ❌❌❌,1
"11/15/24, 3:54 PM - +236 75 05 70 94 joined using this group's invite link",1
"11/15/24, 4:24 PM - +235 60 86 85 51 joined using this group's invite link",1
"11/15/24, 4:24 PM - +235 60 20 14 75 joined using this group's invite link",1
Здравствуйте,1
"11/15/24, 4:40 PM - +221 76 415 97 48 joined using this group's invite link",1
Départ le 21 Douala saint pertesbourg intéressé ib,1
Prêt,1
Je suis prêt,1
8 killo,1
Ib,1
San soucis ib,1
🔥LIEN🔥 15/11,1
➖➖➖➖➖➖➖➖➖➖,1
📺 17h00 - Zambie 🆚 Côte d'Ivoire,1
📺 20h45 - Portugal 🆚 Pologne,1
🔥🔥Telegram app :,1
t.me/tivilive176?livestream,1
➖➖➖➖➖➖➖➖➖➖,1
📺 17h00 -  Mozambique 🆚 Mali,1
📺 20h00 -  Gabon 🆚 Maroc,1
🔥🔥Telegram app :,1
t.me/tivilive177?livestream,1
🔥LIEN🔥 16/11,1
➖➖➖➖➖➖➖➖➖➖,1
📺 02h00 -  Mike Tyson 🆚 Jake Paul 🥊,1
🔥🔥Telegram app :,1
t.me/tivilive178?livestream,1
Besoin du cfa 100mille rouble disponible,1
Bjr besoin de 200000fcfa au Cameroun 🇨🇲 j’ai 30000r,1
Besoin de 6 personnes pour le nettoyage et petites tâches demain à *Девяткино*,1
8h de temps + 1h de pause,1
3000 roubles après le boulot,1
+,1
+,1
+,1
+,1
+,1
null,1
Bien vouloir ajouter ce petit il est nouveau,2
❌❌❌,1
+,1
++,1
+,1
+,1
+,1
+,1
"11/16/24, 11:51 AM - +7 915 468-19-37 joined using this group's invite link",1
@22378459028 1,1
@79015141681 2,1
@79967902163 3,1
@79779328385 4,1
@79773719680 5,1
@23560868551 6,1
Fermé ❌❌❌,1
Demain besoin de 7 personnes au metro Обводный канал (ligne violette).le travail consiste à faire le nettoyage,1
3000 roubles après le boulot,1
8h de travail  + 1h de pause,1
@79939588124 1,1
+,1
+,1
+,1
+,1
+,1
+,1
+,1
@79919132627 2,1
+,1
@79921896938 3,1
@22966698577 4,1
@23560201475 5,1
@79969135468 6,1
@237658479224 7,1
Fermé ❌❌❌,1
+,1
Bonsoir à tous,1
svp besoin d'une place pour garçon,1
Bonsoir à tous svp besoin d'une place pour garçon.,1
"11/17/24, 8:43 AM - Rodriguez Peter removed ~ Esdras",1
"11/17/24, 8:45 AM - Rodriguez Peter removed ~ Manager Des Boys💦",1
"Slt besoin d'une place entre Ozerki,Prosvescheniya,Murino,Devyakino",1
+,1
Sorcellerie le dimanche,1
"11/18/24, 10:36 AM - ~ Brassens was added",1
"11/18/24, 10:36 AM - +7 994 417-01-41 joined using this group's invite link",1
"11/18/24, 12:01 PM - +7 995 230-50-99 joined using this group's invite link",1
Bonsoir la famille,1
Quelqu'un sait où on peut faire l’enregistrement ? <This message was edited>,1
Viens ib,1
30mille rouble disponible besoin du cfa,1
100 mille fcfa besoin 15400₽  roubles,1
Iiiihhhhhhh,1
😏🤣🤣🤣,2
❌❌❌,1
Bonsoir 270000 xaf  disponible au pays besoin du roubles; taux Google uniquement.,1
Merci intéressé ib <This message was edited>,2
Demain besoin de 3 personnes au metro большевиков (ligne orange).le travail consiste à faire le nettoyage,1
3000 roubles après le boulot,1
8h de travail  + 1h de pause,1
+,1
+,1
+,1
@79779328385 1,1
@79995695836 2,1
@79952305099 3,1
Fermé ❌❌❌,1
Bsr 90mil au pays besoin du Roubles,1
Reste 56000xaf besoin du roubles taux Google uniquement; intéressé in merci <This message was edited>,2
bonsoir bonsoir la famille j'ai besoin d'une place pour homme pour deux semaines svp,1
j'arrive mercredi soir,1
"11/18/24, 10:22 PM - +237 6 57 95 10 94 changed their phone number to a new number. Tap to message or add the new number.",1
Bonjour famille 110 FCFA au Cameroun besoin du Roubles taux Google svp,1
110mil pdn,1
Fermer,1
"11/19/24, 9:06 AM - +7 991 863-74-49 joined using this group's invite link",1
Reste 56000xaf besoin du roubles taux Google uniquement; intéressé in merci,2
bonjour bonjour besoin urgent d'une place pour homme dès demain soir svp,1
Lien du match svp,1
Bonsoir à tous,1
Moi aussi j'attends,1
Vous pouvez suivre le match via l'application 1xbet,1
🎨*Journée 19 Novembre*,1
🎱1xbet: Créé un nouveau compte sur 1xbet avec le code promo hacké BANNOU et obtiens un bonus allant jusqu’à 300$ sur ton premier dépôt,1
Inscription ici 👉🏼  https://shorturl.at/TnJTU,1
14h00: Cameroun vs Zimbabwe,1
17h00: Côte d’ivoire vs Tchad,1
20h00: Sénégal vs Burundi,1
17h00: Mali vs Eswatini,1
01h45: Brésil vs Uruguay,1
17h00: Tanzanie vs Guinée,1
20h45: Hongrie vs Allemagne (Multiplex),1
01h00: Argentine vs Pérou,1
_Ce canal contient tous les programmes et est rapidement mise à jour:_ *https://t.me/+hUhZFiAbYVQxZTQx*,1
"_Si toutes les chaînes sont supprimées, tu vas trouver le nouveau lien dans la bio ici dans les prochaines minutes_",1
*https://x.com/bannoutoday*,1
Yo,1
On mène au score 2/0🥲🤣,2
Le lien bro stp,1
Voici ça frère,1
Demain besoin de 3 personnes au metro большевиков (ligne orange).le travail consiste à faire le nettoyage,1
3000 roubles après le boulot,1
8h de travail  + 1h de pause,1
+,1
+,1
@79198838241 1,1
"11/19/24, 5:29 PM - +223 98 81 59 02 joined using this group's invite link",1
+,1
"11/19/24, 5:36 PM - +237 6 91 79 37 13 joined using this group's invite link",1
+,1
"11/19/24, 5:49 PM - +237 6 98 58 13 60 joined using this group's invite link",1
@237691793713 2,1
Affirmatif,1
@22398815902 3,1
Fermé ❌❌❌,1
"Bonsoir, s'il vous plaît il faut régulièrement actualiser les publications concernant le travail parce qu'il y'a constamment les nouveaux qui intègre le groupe.",1
Merci,2
👍🏽👍🏽👍🏽,1
"11/19/24, 7:56 PM - +7 995 552-12-24 joined using this group's invite link",1
how much is the price,1
"11/19/24, 8:16 PM - +237 6 73 49 15 62 joined using this group's invite link",1
Bsr .ya til un étudiant  .de madagascar dans se groupe?,1
Bonsoir à tous 3700 roubles disponibles besoin de 25000 au pays Cameroun 🇨🇲,1
"11/20/24, 7:07 PM - +221 77 190 51 17 joined using this group's invite link",1
"11/20/24, 10:44 PM - +7 994 416-17-79 joined using this group's invite link",1
"11/20/24, 10:49 PM - +223 75 47 44 48 joined using this group's invite link",1
"11/21/24, 10:22 AM - +7 982 611-62-85 joined using this group's invite link",1
Besoin de 3 personnes pour le nettoyage et petites tâches demain à *Девяткино*,1
8h de temps + 1h de pause,1
3000 roubles après le boulot,1
+,1
+,1
+,1
@25779875606 1,1
@79918833401 2,1
+,1
Fermé ❌❌❌,1
Good evening am having 45k rub I need 300k in camer,1
Boss Éric Mandala 👐🏿👐🏿👐🏿👐🏿,1
😌😌,1
Après Gazprom en Russie c’est toi 🤗🤗🤗,1
Bonjour 56000 xaf disponible au pays besoin du roubles taux Google uniquement.,1
interessé ib,1
Merci,2
105000f  au Cameroun besoin du Roubles taux Google,1
"Bonsoir, 45000FCFa disponible au Mali besoin la valeur ici. Urgemment",1
Inbox,1
"11/21/24, 6:05 PM - +7 953 164-41-17 joined using this group's invite link",1
"11/21/24, 6:05 PM - +223 71 26 32 40 joined using this group's invite link",1
"11/21/24, 6:06 PM - +7 994 410-13-53 joined using this group's invite link",1
"11/21/24, 6:08 PM - +7 991 003-65-94 joined using this group's invite link",1
"11/21/24, 6:13 PM - +7 994 410-59-17 joined using this group's invite link",1
"11/21/24, 6:39 PM - +7 994 410-29-79 joined using this group's invite link",1
Besoin de 2 personnes demain au metro *Обводный канал* pour monter les portes au 2eme étage,1
8h de travail  + 1h de pause,1
3500 roubles,1
+,1
+,1
@23560868551 1,1
@23560201475 2,1
Fermé ❌❌❌,1
"11/21/24, 6:52 PM - +7 951 682-04-41 joined using this group's invite link",1
Bonsoir à tous,1
Besoin de quelqu’un qui monte sur Moscou svp,1
Merci,2
"11/21/24, 8:03 PM - +7 994 416-08-55 joined using this group's invite link",1
null,1
Bjr 105000 mil au pays besoin du Roubles taux Google svp,1
"J'ai 69000 décats, j'ai besoin de 450000 fcfa dans le pays, une personne intéressée devrait me contacter s'il vous plaît 🙏 !!",1
I have 69000 rubbles i need 450000 fcfa in the country interested person should contact me please,1
Bonjour 300000 xaf disponible au pays besoin du roubles taux Google uniquement; intéressé ib.,1
merci,2
"11/22/24, 2:25 PM - +7 901 374-77-08 joined using this group's invite link",1
"11/22/24, 5:17 PM - +223 75 61 34 95 joined using this group's invite link",1
Besoin du travail pour fille ce week-end svp.,1
C'est pas facile 😅,1
Bonjour 300000 xaf disponible au pays besoin du roubles taux Google uniquement; intéressé ib.,1
merci,2
le changement est encore trop loin.,1
Il faut développer 😂,2
Salut la famille 👪))) j'ai 10.000 roubles et j'ai besoin 65.000CFA/ XAF aux Congo(((,1
Fermer))),1
Salut family.  Svp on peut trouver le maillot des lions 🦁 🇨🇲ou?,1
5000p,1
??,1
🤣🤣🤣,2
5000p c'est  pourquoi?,1
C'est pour le maillot des lion,1
🔥 LIVE 24/11 🔥,1
➖➖➖➖➖➖➖➖➖➖,1
📺 15h00 - Lille 🆚 Rennes,1
📺 17h00 - Auxerre 🆚 Angers,1
📺 20h45 - Nice 🆚 Strasbourg,1
➡️ https://t.me/hunilive772?livestream,1
➖➖➖➖➖➖➖➖➖➖,1
📺 15h00 - Southampton 🆚 Liverpool,1
📺 17h30 - Ipswich 🆚 Manchester Utd,1
➡️ https://t.me/hunilive773?livestream,1
➖➖➖➖➖➖➖➖➖➖,1
📺 17h00 - Nantes 🆚 Le Havre,1
➡️ https://t.me/hunilive774?livestream,1
➖➖➖➖➖➖➖➖➖➖,1
📺 18h30 - Leganes 🆚 Real Madrid,1
Real madrid,1
"11/24/24, 9:13 PM - +7 968 866-88-15 joined using this group's invite link",1
"11/24/24, 11:55 PM - KAMEROON joined using this group's invite link",1
"11/25/24, 9:06 AM - +237 6 91 79 37 13 changed their phone number to a new number. Tap to message or add the new number.",1
👌🏾😅,1
"?? C'est le ""coba""où quoi ?",1
Je suis moi même un client,1
"Mets le prix ici frangin! Vous et vos affaires des ib, après ce seront les pleurs.",1
Le monstre,1
75000,1
Besoin de 40000 fcfa au pays avec les frais je donne le rouble,1
War mon sure,1
Fermé ❌❌❌,1
share to your friends🤗🤗,1
Combien,2
Ib,1
50000 dispo besoin du rouble taux Google ou on peut s’arranger,1
2615000 xaf  disponible au pays besoin du roubles taux Google uniquement; intéressé ib les vendeurs de confitures s’abstenir de m’écrire pour faire des propositions sur chose ( uniquement taux Google) merci,2
Mince boss donne moi aussi le réseau pour avoir le do norhh🤲🤲,0
Achète le coucous tu vends 🫂,1
Mince j'achète seulement ça en contenaire ??,0
Tu peux  faire ton champ ici et tu récoltes après nor,1
Ok merci du conseil,2
🙏🏽,1
Départ prévu le 29 novembre rien que la document,1
Départ de saint petersbourg pour le Cameroun ou l’inverse ?,1
🛑J’ai un document que je dois envoyer au pays.🛑,1
"11/25/24, 11:46 PM - +7 995 551-77-45 changed their phone number to a new number. Tap to message or add the new number.",1
"11/26/24, 10:02 AM - +233 20 311 5949 joined using this group's invite link",1
Le prix stp,1
2615000 xaf  disponible au pays besoin du roubles taux Google uniquement; intéressé ib les vendeurs de confitures s’abstenir de m’écrire pour faire des propositions sur autre chose ( uniquement taux Google) merci,2
Le rouble a toujours été faible en hiver,1
Please if there is anyone with good rate dm me I need 600k,1
Hum ok oh,1
Franc,1
Rate of 6.04 I can give you,1
Besoin d’un travaille pour fille🙏🏿,1
Besoin d’une chambre pour deux fille et le travaille pour les deux filles,1
Donner au moins leurs qualification!!!,1
Je ne comprend pas,1
Qu'est-ce que le filles peuvent faire,1
?,1
chanter au micro,1
Travailler leurs argent 💰,1
"Merde que que Dieu nous protège ,",1
🤣🤣🤣🤣🤣,2
toi tu as même quelle problème 🤔🤔🤔,0
500k au pays besoin du rouble taux Google,1
😂😂😂,2
Besoin de 3 personnes pour le travail de déplacement du matériel demain au метро *ПРОСПЕКТ БОЛЬШЕВИКОВ*,1
8h de temps + 1h de pause,1
3000 roubles après le boulot <This message was edited>,1
Massa,1
"11/26/24, 4:33 PM - Rodriguez Peter pinned a message",1
A cette allure vraiment… bientôt 1r=1frcfa,2
😂😂,2
Vous allez work mm chose au pays là,1
null,1
🤣,2
On n’a pas peur,1
Ok 👍,1
null,1
null,1
What happen really 😞,1
Moins 2 personnes *,1
+,1
@237695559433 1,1
Bsr 35 mil au Cameroon besoin du Rouble taux Google SVP,1
Some People are coming to this group to hack people's numbers be careful on who will call you on phone and tell you that the group has a meeting that you should send him code in your scerm,1
Is true,1
Il y’a les gens ici qui viens escroquer,1
Faites très attentions,1
+,1
@79857875304 2,1
*Encore 2 personnes**,1
🔥LIEN LDC🔥,1
➖➖➖➖➖➖➖➖➖➖,1
Programme Samedi 26/11,1
📺 18h45 - Sparta 🆚 Atlé. Madrid,1
📺 21h00 -  FC Barcelone 🆚 Brest,1
🔥🔥Telegram App:,1
t.me/tivilive207?livestream,1
➖➖➖➖➖➖➖➖➖➖,1
📺 21h00 - Bayern 🆚 PSG,1
🔥🔥Telegram App:,1
t.me/tivilive208?livestream,1
➖➖➖➖➖➖➖➖➖➖,1
📺 18h45 - Slovan 🆚 AC Milan,1
📺 21h00 - Man. City 🆚 Feyenoord,1
🔥🔥Telegram App:,1
t.me/tivilive209?livestream,1
➖➖➖➖➖➖➖➖➖➖,1
📺 21h00 - Multiplex LDC,1
🔥🔥Telegram App:,1
t.me/tivilive210?livestream,1
+,1
@79958304803 3,1
+,1
Ce n’est pas pas la joie,1
Salut à tous. J'AI 3500 roubles et je veux 23000cfa au Cameroun.,1
Un très bon camerounais ✨,1
Sa fais son job comme toi nooor chef,1
Bonsoir à tous… 420$ besoin du rouble…,1
Intéressé IB,1
😂😂😂😂,2
😂😂,2
65000f besoin du rouble,1
Besoin de 3 personnes pour le travail de déplacement du matériel demain au метро *ПРОСПЕКТ БОЛЬШЕВИКОВ*,1
8h de temps + 1h de pause,1
3000 roubles après le boulot,1
+,1
+,1
+,1
@237695559433 1,1
@79967980958 2,1
Moins 1,1
+,1
+,1
@79516437640 3,1
Fermé ❌❌❌,1
Bsr les gars,1
Comme Barcelone ne joue il y’a pas le lien svp,1
🤣🤣🤣,2
Fermé ❌❌❌❌,1
Envoyez le lien on veut voir notre défaite nor ou bien vous avez encore les séquelles ?? Ou bien,2
t.me/tivilive211?livestream,1
null,1
Merciii,2
Sa ne donne pas <This message was edited>,1
Y'a pas défaite oublie ça,1
"11/27/24, 9:11 PM - Rodriguez Peter removed ~ Эммануэль",1
Regardez gratuitement,1
🔥LIEN🔥 28/11,1
➖➖➖➖➖➖➖➖➖➖,1
📺 22h00 - Liverpool 🆚 Real Madrid,1
🔥🔥 Lien des Match 👇:,1
📺 22h00 - Bologne 🆚 Lille,1
🔥🔥 Lien des Match 👇:,1
📺 22h00 - Aston Villa 🆚  Juventus,1
🔥🔥 Lien Des Matchs👇:,1
📺 22h00 - Monaco 🆚  Benfica,1
🔥🔥 Lien du Match👇:,1
📺 22h00 - Celtic 🆚  Club Brugge,1
🔥🔥 Lien du Match👇:,1
⚠️ Canal Secours 👉 : https://t.me/+lxiuCNDqW2o3ZDU0,1
"11/27/24, 9:27 PM - Rodriguez Peter added ~ Эммануэль",1
"11/27/24, 9:28 PM - +221 78 287 67 40 joined using this group's invite link",1
Besoin encore d'une personne pour travailler à большевиков,1
3000 рублей <This message was edited>,1
+,1
@79198838241 4,1
Fermé ❌❌❌,1
🏆🏆🏆Journée 27 Novembre,1
18h45: Étoile rouge vs Stuttgart,1
21h00: Bologne vs Lille,1
18h45: Sturm Graz vs Gérone,1
21h00: Liverpool vs Réal Madrid,1
21h00: Monaco vs Benfica,1
21h00: Aston Villa vs Juventus,1
Pour les camerounais,1
please can you write it in English,1
Se sont des histoires.,1
Au contraire c’est totalement vrai. Il s’agit de la loi de finances 2024 du Cameroun. Le délai avait juste été repoussé pour décembre en vu de la sous information des contribuables et du peuple concernant cette loi de finances.,1
Cette loi existe dépuis très longtemps et actuellement il n'est pas encore temps de l'appliquer au Cameroun.,1
Il y'a de cela 3 ans ils sont venus maison par maison nous informer d'une autre loi de finances qui est entrée en vigueur et qui consistait à payer un montant par mois sur le foncier. Cette histoire  n'a jamais inquiété quelqu'un et personne n'a jamais payé. Ils ont compris et il y'a eu sursaut dessus.,1
Je t'informe qu'il y'a déjà eu plusieurs lois de financement qui ont connues des sursauts.,1
Donc tout ça c'est de l'agitation parce que les caisses sont vides.,1
C'est vrai !,1
null,1
"11/28/24, 11:43 AM - +7 952 241-75-33 joined using this group's invite link",1
Besoin de 3 personnes pour le travail de déplacement du matériel demain au метро *ПРОСПЕКТ БОЛЬШЕВИКОВ*,1
8h de temps + 1h de pause,1
3000 roubles après le boulot,1
+,1
+,1
+,1
+,1
@237695559433 1,1
"11/28/24, 6:57 PM - Rodriguez Peter removed ~ Fuji Macho",1
@79958304803 3,1
Fermé ❌❌❌,1
null,1
Moins 1 personne,1
3000 рублей,1
+,1
+,1
@79918833401 4,1
Fermé ❌❌❌,1
"11/28/24, 8:12 PM - +237 6 73 49 15 62 changed to +7 995 551-77-45",1
+,1
Bjr à tous. 350.000 fcfa au cameroun besoin du roubles.,1
Bonjour 2000000 xaf disponible au pays besoin du roubles taux Google uniquement ; intéressé ib .,1
Merci,2
+,1
"11/29/24, 3:40 PM - +221 76 604 50 80 joined using this group's invite link",1
Bjr à tous. 55000 fcfa au cameroun besoin du roubles. Taux Google,1
Fermé ❌❌❌,1
👀,1
Besoin d'une chambre non loin du métro urgent,1
Bjr à tous. 55000 fcfa au cameroun besoin du roubles. Taux Google,1
Bonsoir,1
1000000 xaf au pays besoin du roubles taux Google uniquement;intéressé ib .,1
Merci,2
😂😂🙌🙌 yess,2
Dizosssss donne moi aussi le couloir noir 🤲🤲🥺,1
Couloir gauche à côté de sadovaya 🫂,1
Tu es prêt à enterrer un bœuf vivant ?,1
Merci boss demain je part la bas,2
Euilllll 😐😐 je vais prendre l'argent où pour acheter le boeuf,1
Ou un albinos,1
On peut te prêter,1
😂😂😂😂😂😂,2
😂,2
Pardon ne frustre plus les gens 😂😂😂,2
On ne doit pas dire la vérité,1
Non non ça va je veux pû l'argent 🙆🙆,1
😂,2
Le plus facile c’est partir en Ukraine combattre et on te donne ton chèque au calme,1
Non non je ne peux pas courir,1
Tu vas t’asseoir dans le char,1
😂😂😂😂😂😂,2
On ne fait pas le marathon là-bas,1
Suis dépasser 😂😂,2
Et je tire seulement on me paye ??,1
Pas et tu verras,1
Et ça c’est important tu intègre l’armée tu deviens lourd sans toucher un fusil,1
Et chaque mois tu as ton salaire mais et étant en Ukraine,1
Là-bas tu peux juste décider d’être cuisto😂,2
Merci frère je m'en vais la bas comme ça,2
Ok bro en revanant à Peter garde nous seulement le malboro <This message was edited>,1
Dans l'autre monde hein?😀😀.. parce que c'est éventuellement dans le cercueil qu'il va manger l'argent de l'armée là étant au front 😀,1
Nous sa famille de peter on va manger l’argent 😎,1
Dizosssss attendez donc je peux mourir la bas 🙆🙆,1
Bro n'écoute pas le type là hein? Je veux te voire en vie 😀,1
Il a des idées machiavélique 🙆‍♂️,1
Et tu veux que je meurent pauvres norhhh je pars dormir en réfléchissant à cette bonne proposition,1
J’ai dit quelques choses du genre ?,1
"Bonsoir s'il vous plait, une place pour un homme est nécessaire de toute urgence à Saint-Pétersbourg",1
"Good evening please, a place for a man is urgently needed in St. Petersburg",1
"WARRR PAPAHHHH🙌🙌🙌🙌🎄🎄🎄🎄🎄🎄🎄🎄🎄🎄🎄🎁🎁🎁🎁🎁🎁🎁🎁🎁🎁🎁! The end of the year is almost here!!! A golden opportunity for you to take advantage of the sale of African products, especially from Cameroon. Don't miss this chance! It's a chance to reconnect with the flavors of home, your village. So don't delay, place your orders because quantities are limited.",1
Warrr papahhhh! Bientôt la fin d’année!!! L’occasion en or pour toi de profiter de la vente des produits africains et en particulier du Cameroun . Ne rate pas cette occasion oui !! L’occasion de renouer avec les saveurs de chez nous de chez toi Ô VILLAGE . Alors ne traîne plus le pas passe tes commandes car les quantités sont limitées.,2
Saint-Petersbourg,1
C'est la prédication du mois ?,1
Bjr à tous. 55000 fcfa au cameroun besoin du roubles. Taux Google,1
Bonjour mes chers frères,1
Je demande comment acheter de la connexion avec suberbank ?,1
"12/1/24, 3:45 PM - +233 20 311 5949 joined using this group's invite link",1
Hi 👋 guys we sell raw African products and cooked African meals,1
PRODUCTS              PRICES,1
Eru/okok.                  300r,1
Water leaf.                300r,1
Écrevisses/crayfish.  200r,1
-ndolè/bitter leaf.       300r,1
"-huile rouge/ red oil (0,5L) 600r/(1’5L) 1800r",1
-poisson séché/ dried fish  500r /600r/700r,1
-poivre blanc /white pepper 200r,1
-poivre noir / black pepper 150r,1
-rondelles /washer     150r,1
-pépé/pepe.            150r,1
épices en sachet /epices in sachet.              100r,1
-piment / pepper 🌶️.     100r,1
-pistache /egusi.           200r,1
-cube crevettes /maggi crayfish.         50r,1
-kelen kelen /okra leaves.     300r,1
-secret (melange des épices)/kitchen glory spices.        100r,1
"-caramel d’arachide(0,5L)/peanut caramel .   500r",1
"-croquettes (0,5L) 500r",1
NB: les croquettes et caramels se font sur commande,1
Numéro à contacter : 📞+7 (991) 002-45-74 /+7 (991) 002-45-78/+7 (904) 856-25-49,1
📍saint -Petersburg station metro 🚈 черная речка 📍,1
null,1
"12/1/24, 10:08 PM - +221 77 118 99 33 joined using this group's invite link",1
Bonsoir la famille,1
Besoin d'une place pour un homme,1
C'est urgent,1
🥹,1
Bonjour j’ai un document que j’aimerais envoyer au pays svp,1
Bonjour patron. Un emploi est disponible maintenant,1
Bonjour! Départ 🛫 Saint  Petersbourg au pays))) ⁉️🇷🇺🇬🇳🇧🇪🇧🇯🇬🇭🇬🇼🇬🇾🇮🇪🇲🇱🇳🇬❕❕❕,1
Bonjour j’ai un document que j’aimerais envoyer au pays svp( Cameroun 🇨🇲🇨🇲),1
Pour faire quoi alors,1
Désolé une place disponible dans une chambre pour un garçon intéressé ib,1
???,1
null,1
Lydia.vcf (file attached),1
ajoutez là svp,1
"12/2/24, 8:36 PM - Rodriguez Peter removed ~ .",1
"12/2/24, 8:40 PM - Rodriguez Peter removed ~ immigration Russie",1
"12/2/24, 8:44 PM - +7 953 147-70-93 joined using this group's invite link",1
+,1
Tu prends à combien ?,2
"Je baisoi, mas j'ai 32.500xof",1
Mais on calcule pour 32000 . 500 si tu veux biensûr,2
Ok,1
Hi 👋 guys we sell raw African products and cooked African meals,1
PRODUCTS              PRICES,1
Eru/okok.                  300r,1
Water leaf.                300r,1
Écrevisses/crayfish.  200r,1
-ndolè/bitter leaf.       300r,1
"-huile rouge/ red oil (0,5L) 600r/(1’5L) 1800r",1
-poisson séché/ dried fish  500r /600r/700r,1
-poivre blanc /white pepper 200r,1
-poivre noir / black pepper 150r,1
-rondelles /washer     150r,1
-pépé/pepe.            150r,1
épices en sachet /epices in sachet.              100r,1
-piment / pepper 🌶️.     100r,1
-pistache /egusi.           200r,1
-cube crevettes /maggi crayfish.         50r,1
-kelen kelen /okra leaves.     300r,1
-secret (melange des épices)/kitchen glory spices.        100r,1
"-caramel d’arachide(0,5L)/peanut caramel .   500r",1
"-croquettes (0,5L) 500r",1
NB: les croquettes et caramels se font sur commande,1
📍saint -Petersburg station metro 🚈 черная речка 📍,1
+7 (991) 002-45-74,1
10.000P disponible tu déposes 60.000 frs 🇨🇲,1
"12/3/24, 12:32 PM - +228 98 52 84 08 joined using this group's invite link",1
Sauce d’arachide avec poissons fumés 🔥je prépare ce que je vends,1
Ariche sauce with smoked fish🔥 I prepare what I sell,1
Fermée ❌❌❌,1
"12/3/24, 3:40 PM - +7 991 015-22-98 joined using this group's invite link",1
Hi 👋 guys we sell raw African products and cooked African meals,1
PRODUCTS              PRICES,1
Eru/okok.                  300r,1
Water leaf.                300r,1
Écrevisses/crayfish.  200r,1
-ndolè/bitter leaf.       300r,1
"-huile rouge/ red oil (0,5L) 600r/(1’5L) 1800r",1
-poisson séché/ dried fish  500r /600r/700r,1
-poivre blanc /white pepper 200r,1
-poivre noir / black pepper 150r,1
-rondelles /washer     150r,1
-pépé/pepe.            150r,1
épices en sachet /epices in sachet.              100r,1
-piment / pepper 🌶️.     100r,1
-pistache /egusi.           200r,1
-cube crevettes /maggi crayfish.         50r,1
-kelen kelen /okra leaves.     300r,1
-secret (melange des épices)/kitchen glory spices.        100r,1
"-caramel d’arachide(0,5L)/peanut caramel .   500r",1
"-croquettes (0,5L) 500r",1
NB: les croquettes et caramels se font sur commande,1
📍saint -Petersburg station metro 🚈 черная речка 📍,1
+7 (991) 002-45-74,1
Intéressant bro,1
Il n’y a que des épices de qualité pour faire une soupe de qualité 🔥.    There are only quality spices to make a quality soup🔥,1
Окей! T'inquiéte nous avons compris ton message))),1
🤣🤣🤣🤣🤣,2
C'est le lingala🤣🤣🤣,2
Svp le lien du match,1
"12/4/24, 11:20 PM - +7 929 965-92-10 joined using this group's invite link",1
🔥LIEN🔥 04/12,1
➖➖➖➖➖➖➖➖➖➖,1
📺 21h30 - Newcastle 🆚 Liverpool,1
🔥🔥 Lien des Match 👇:,1
📺 21h30 - Athletic 🆚 Real Madrid,1
🔥🔥 Lien du Match 👇:,1
📺 21h30 - Southampton 🆚 Chelsea,1
🔥🔥 Lien des Match 👇:,1
📺 22h15- Arsenal 🆚  Man United,1
🔥🔥 Lien Des Matchs👇:,1
📺 21h30- Man City 🆚  Nottingham,1
🔥🔥 Lien du Match👇:,1
⚠️ Canal Secours 👉 : https://t.me/+gVsoCsLCruMyNzY0,1
10.000P disponible tu déposes 60.000 frs 🇨🇲,1
"Bonjour à tous, j'ai 6000 roubles et je veux 40.000cfa au Cameroun.",1
Всем привет))). J'ai 20.000roubles et j'ai besoin de 105.000cfA au Botswana 🇧🇼,1
Fermer))) Merci 🙏 la famille (((,2
Bonjour à tous 500.000 fcfa  au 🇨🇲 besoin du rouble,1
Fermé,1
600000fcfa besoin du rouble,1
100.000fcfa disponible au Congo Brazzaville.,1
Besoin du rouble intéressé inbox,1
20.000p tu déposes 130.000frs🇨🇲,1
20.000p tu déposes 130.000frs🇨🇲,1
Fermé ❌❌❌❌,1
Do you have receipt?,1
Yes,1
👍,1
👍,1
Bjr à tous. 200.000 fcfa au cameroun.  Besoin du roubles,1
30k P.,1
28kP,1
Fermé ❌❌❌,1
Salut 300k au Cameroun taux google,1
500k au pays besoin du rouble taux Google,1
Bonjour à tous 100k au pays besoin du rouble taux google,1
Yessoo 🫣🫣🫣,1
14k P,1
Entre dans google tu changes nr 😏🤣,2
Donc ton google c'est 14k,1
😆😆😆😆,2
Go voir infinity ou 7G tu reviens bro🤣🤣,2
Qui fixe même le taux google la?,1
7G 🤣🤣🤣🤣🤣,2
Que taux google 😆😆😆😆,2
Je suis moi mm dépasser.,1
75k P.,1
Fermer,1
Fermé ❌❌❌❌,1
"23 kilos disponible, départ le 17 décembre (Moscou) arrivée 18 décembre à (Douala)",1
Documents :1000 руб,1
1 kilo : 600 руб,1
Besoin de 4 personnes pour le travail de déplacement du matériel demain au метро *ПРОСПЕКТ БОЛЬШЕВИКОВ*,1
8h de temps + 1h de pause,1
3000 roubles après le boulot,1
*le travail c'est lundi*,1
+,1
+,1
@79958304803 1,1
++,1
+,1
Fermé ❌❌❌,1
50000 fcfa au cameroun besoin du roubles,1
Tu veux combien ?,2
C’est l’avocat ?,1
"12/6/24, 8:30 PM - +221 78 450 42 79 joined using this group's invite link",1
Bsr la famille ! j'ai Besoin d'une chambre. Pour 1 où 2 personnes.,1
Ib,1
Une chambre pour deux personne,1
Hi 👋 guys we sell raw African products and cooked African meals,1
PRODUCTS              PRICES,1
Eru/okok.                  300r,1
Water leaf.                300r,1
Écrevisses/crayfish.  200r,1
-ndolè/bitter leaf.       300r,1
"-huile rouge/ red oil (0,5L) 600r/(1’5L) 1800r",1
-poisson séché/ dried fish  500r /600r/700r,1
-poivre blanc /white pepper 200r,1
-poivre noir / black pepper 150r,1
-rondelles /washer     150r,1
-pépé/pepe.            150r,1
épices en sachet /epices in sachet.              100r,1
-piment / pepper 🌶️.     100r,1
-pistache /egusi.           200r,1
-cube crevettes /maggi crayfish.         50r,1
-kelen kelen /okra leaves.     300r,1
-secret (melange des épices)/kitchen glory spices.        100r,1
"-caramel d’arachide(0,5L)/peanut caramel .  300r",1
"-croquettes (0,5L) 300r",1
Nous vous proposons aussi des menus Camerounais tels que :,1
-eru + fufu,1
-ndolé+fufu/ riz parfumé,1
-sauce d’arachide +riz parfumé,1
-tripes de bœuf +riz parfumé,1
-rôti de porc +riz parfumé,1
-poulet Dg,1
-pommes pilées,1
-poulet mayo+ frites de pommes,1
-beignets haricots,1
-poulet yassa +riz parfumé,1
👉🏽 NOS SERVICES SUPPLÉMENTAIRES,1
"🔆 services traiteurs pour les cérémonies telles que : anniversaire, mariage ,réunion et rassemblement entre ami(es) .",1
NB:les menus sont proposés chaque début de semaine et disponible les dimanches sur commande.,1
📍saint -Petersburg station metro 🚈 черная речка 📍,1
+7 (991) 002-45-74,1
Une chambre pour 3 personne,1
Adresse: Муринская дорога 25,1
Kevatira dispo,1
Hi 👋 guys we sell raw African products and cooked African meals,1
PRODUCTS              PRICES,1
Eru/okok.                  300r,1
Water leaf.                300r,1
Écrevisses/crayfish.  200r,1
-ndolè/bitter leaf.       300r,1
"-huile rouge/ red oil (0,5L) 600r/(1’5L) 1800r",1
-poisson séché/ dried fish  500r /600r/700r,1
-poivre blanc /white pepper 200r,1
-poivre noir / black pepper 150r,1
-rondelles /washer     150r,1
-pépé/pepe.            150r,1
épices en sachet /epices in sachet.              100r,1
-piment / pepper 🌶️.     100r,1
-pistache /egusi.           200r,1
-cube crevettes /maggi crayfish.         50r,1
-kelen kelen /okra leaves.     300r,1
-secret (melange des épices)/kitchen glory spices.        100r,1
"-caramel d’arachide(0,5L)/peanut caramel .  300r",1
"-croquettes (0,5L) 300r",1
Nous vous proposons aussi des menus Camerounais tels que :,1
-eru + fufu,1
-ndolé+fufu/ riz parfumé,1
-sauce d’arachide +riz parfumé,1
-tripes de bœuf +riz parfumé,1
-rôti de porc +riz parfumé,1
-poulet Dg,1
-pommes pilées,1
-poulet mayo+ frites de pommes,1
-beignets haricots,1
-poulet yassa +riz parfumé,1
👉🏽 NOS SERVICES SUPPLÉMENTAIRES,1
"🔆 services traiteurs pour les cérémonies telles que : anniversaire, mariage ,réunion et rassemblement entre ami(es) .",1
NB:les menus sont proposés chaque début de semaine et disponible les dimanches sur commande.,1
📍saint -Petersburg station metro 🚈 черная речка 📍,1
+7 (991) 002-45-74,1
bonjour bonjour chambre disponible pour deux personnes fille où garçon ib,1
null,1
Traduisez s'il vous plaît,1
C'est payante <This message was edited>,1
C'est quoi le problème?,0
null,1
null,1
"12/7/24, 7:05 PM - +218 91-8313036 joined using this group's invite link",1
You need something better than this bro 🤣🤣... Good luck anyways🙌🏾 😏,2
Bro bigup saana courage again all ayes on you,1
🔥NEW LIEN🔥,1
➖➖➖➖➖➖➖➖➖➖➖,1
Programme Samedi  07/12,1
📺 18h30 - Man United 🆚 Nottingham,1
🔥🔥Telegram App:,1
t.me/tivilive237?livestream,1
➖➖➖➖➖➖➖➖➖➖➖,1
📺 21h00 - Gérone 🆚 Real Madrid,1
🔥🔥Telegram App:,1
t.me/tivilive238?livestream,1
➖➖➖➖➖➖➖➖➖➖➖,1
📺 19h00 - Nice 🆚 Le Havre,1
📺 21h00 - Angers🆚 Lyon,1
🔥🔥Telegram App:,1
t.me/tivilive240?livestream,1
Hi 👋 guys we sell raw African products and cooked African meals,1
PRODUCTS              PRICES,1
Eru/okok.                  300r,1
Water leaf.                300r,1
Écrevisses/crayfish.  200r,1
-ndolè/bitter leaf.       300r,1
"-huile rouge/ red oil (0,5L) 600r/(1’5L) 1800r",1
-poisson séché/ dried fish  500r /600r/700r,1
-poivre blanc /white pepper 200r,1
-poivre noir / black pepper 150r,1
-rondelles /washer     150r,1
-pépé/pepe.            150r,1
épices en sachet /epices in sachet.              100r,1
-piment / pepper 🌶️.     100r,1
-pistache /egusi.           200r,1
-cube crevettes /maggi crayfish.         50r,1
-kelen kelen /okra leaves.     300r,1
-secret (melange des épices)/kitchen glory spices.        100r,1
"-caramel d’arachide(0,5L)/peanut caramel .  300r",1
"-croquettes (0,5L) 300r",1
Nous vous proposons aussi des menus Camerounais tels que :,1
-eru + fufu,1
-ndolé+fufu/ riz parfumé,1
-sauce d’arachide +riz parfumé,1
-tripes de bœuf +riz parfumé,1
-rôti de porc +riz parfumé,1
-poulet Dg,1
-pommes pilées,1
-poulet mayo+ frites de pommes,1
-beignets haricots,1
-poulet yassa +riz parfumé,1
👉🏽 NOS SERVICES SUPPLÉMENTAIRES,1
"🔆 services traiteurs pour les cérémonies telles que : anniversaire, mariage ,réunion et rassemblement entre ami(es) .",1
NB:les menus sont proposés chaque début de semaine et disponible les dimanches sur commande.,1
📍saint -Petersburg station metro 🚈 черная речка 📍,1
+7 (991) 002-45-74,1
5.000p tu déposes 35.000frs 🇨🇲.,1
Besoin de 4 personnes pour le travail de déplacement du matériel demain au метро *ПРОСПЕКТ БОЛЬШЕВИКОВ*,1
8h de temps + 1h de pause,1
3000 roubles après le boulot,1
+,1
+,1
@79958304803 1,1
@79967980958 2,1
+,1
@79522417533 3,1
+,1
@79015141681 4,1
Fermé ❌❌❌,1
+,1
please the location,1
today no any work?,1
"12/8/24, 1:17 PM - +237 6 74 37 51 70 joined using this group's invite link",1
"12/8/24, 7:11 PM - ~ Forestier added ~ Дон_карлос ♟️",1
"12/8/24, 7:20 PM - +237 6 72 18 91 78 joined using this group's invite link",1
hi brothers am looking a work for a Lady,1
For your girl friend ?,1
yes,1
"12/8/24, 10:21 PM - +7 909 946-68-22 joined using this group's invite link",1
problem?,1
"12/8/24, 10:49 PM - Rodriguez Peter added ~ Alpha Toubab Kamano",1
"12/8/24, 11:28 PM - +237 6 94 28 49 81 joined using this group's invite link",1
Bonsoir,1
Bonjour à tous,1
3700 roubles disponibles besoin de 25000 fcfa au Cameroun,1
"12/9/24, 11:14 AM - +7 999 535-36-14 joined using this group's invite link",1
Hi 👋 guys we sell raw African products and cooked African meals,1
PRODUCTS              PRICES,1
Eru/okok.                  300r,1
Water leaf.                300r,1
Écrevisses/crayfish.  200r,1
-ndolè/bitter leaf.       300r,1
"-huile rouge/ red oil (0,5L) 600r/(1’5L) 1800r",1
-poisson séché/ dried fish  500r /600r/700r,1
-poivre blanc /white pepper 200r,1
-poivre noir / black pepper 150r,1
-rondelles /washer     150r,1
-pépé/pepe.            150r,1
épices en sachet /epices in sachet.              100r,1
-piment / pepper 🌶️.     100r,1
-pistache /egusi.           200r,1
-cube crevettes /maggi crayfish.         50r,1
-kelen kelen /okra leaves.     300r,1
-secret (melange des épices)/kitchen glory spices.        100r,1
"-caramel d’arachide(0,5L)/peanut caramel .  300r",1
"-croquettes (0,5L) 300r",1
Nous vous proposons aussi des menus Camerounais tels que :,1
-eru + fufu,1
-ndolé+fufu/ riz parfumé,1
-sauce d’arachide +riz parfumé,1
-tripes de bœuf +riz parfumé,1
-rôti de porc +riz parfumé,1
-poulet Dg,1
-pommes pilées,1
-poulet mayo+ frites de pommes,1
-beignets haricots,1
-poulet yassa +riz parfumé,1
👉🏽 NOS SERVICES SUPPLÉMENTAIRES,1
"🔆 services traiteurs pour les cérémonies telles que : anniversaire, mariage ,réunion et rassemblement entre ami(es) .",1
NB:les menus sont proposés chaque début de semaine et disponible les dimanches sur commande.,1
📍saint -Petersburg station metro 🚈 черная речка 📍,1
+7 (991) 002-45-74,1
"Bonjour à tous , s’il vous plaît qui connais quelqu’un qui vie dans la ville de Kirov ?",1
Je souhaiterais que la personne me rende un service là-bas.,1
Les universités sont déjà saturées,1
"Salut à tous, 3000 roubles et j'ai besoin de 20.000cfa au pays.",1
3180.33,1
Bonsoir,1
400000  xaf au pays besoin du roubles taux Google uniquement;intéressé ib .,1
Merci <This message was edited>,2
Oh 😟🤭,1
"Salut))) je suis intéressé, tu peux envoyer au pays? Par Crash-money a Antananarivo?",1
"Bro pour moi c'est au Cameroun 🤲🏿😂😂, et je donne ici en rouble.",2
"Анн, окей 👌",1
"12/9/24, 5:11 PM - +7 909 946-65-35 joined using this group's invite link",1
can she speak russia,1
50 000xaf au pays besoin de roubles taux Google intéressés ib <This message was edited>,1
7500!,1
"12/9/24, 7:21 PM - +245 955 493 361 joined using this group's invite link",1
"12/9/24, 11:14 PM - +237 6 95 46 12 68 joined using this group's invite link",1
"12/10/24, 1:02 AM - +7 952 265-63-26 changed to +7 999 204-17-64",1
null,1
"12/10/24, 10:21 AM - +245 955 762 380 joined using this group's invite link",1
Bonsoir,1
400000  xaf au pays besoin du roubles taux Google uniquement;intéressé ib .,1
Merci,2
80.000 xfa besoin de rouble taux Google,1
Intéressé ib <This message was edited>,1
близко к метро Панас ...и метро Девиткино и метро Профессина ....,1
"Нет необходимости в оплате услуг агента, оформлении или комиссии... все улажено .. если вы хотите жить один, это 32 доллара в месяц, если вдвоем - 16 долларов в месяц .. все работает, включая телевизор и лифт... <This message was edited>",1
please how much is the rent,1
please i like it,1
Пишу меня,1
"Besoin d’une fille pour travail dans un restaurant. Paye 3500 la journée. Horaires: 11h du matin- 11h du soir.   Pour plus amples informations, ib.",1
Besoin de 4 personnes pour le travail de nettoyage demain au метро *ПРОСПЕКТ БОЛЬШЕВИКОВ*,1
8h de temps + 1h de pause,1
3000 roubles après le boulot <This message was edited>,1
+,1
+,1
+,1
@79958304803 1,1
+,1
Svp qui a un bon coin où je peux trouver un téléphone neuf scellé de préférence iphone avec un bon prix 🤲🤲,1
@79967980958 2,1
+,1
@79995353614 3,1
@79339345502 4,1
Fermé ❌❌❌,1
Hi 👋 guys we sell raw African products and cooked African meals,1
PRODUCTS              PRICES,1
Eru/okok.                  300r,1
Water leaf.                300r,1
Écrevisses/crayfish.  200r,1
-ndolè/bitter leaf.       300r,1
"-huile rouge/ red oil (0,5L) 600r/(1’5L) 1800r",1
-poisson séché/ dried fish  500r /600r/700r,1
-poivre blanc /white pepper 200r,1
-poivre noir / black pepper 150r,1
-rondelles /washer     150r,1
-pépé/pepe.            150r,1
épices en sachet /epices in sachet.              100r,1
-piment / pepper 🌶️.     100r,1
-pistache /egusi.           200r,1
-cube crevettes /maggi crayfish.         50r,1
-kelen kelen /okra leaves.     300r,1
-secret (melange des épices)/kitchen glory spices.        100r,1
"-caramel d’arachide(0,5L)/peanut caramel .  300r",1
"-croquettes (0,5L) 300r",1
Nous vous proposons aussi des menus Camerounais tels que :,1
-eru + fufu,1
-ndolé+fufu/ riz parfumé,1
-sauce d’arachide +riz parfumé,1
-tripes de bœuf +riz parfumé,1
-rôti de porc +riz parfumé,1
-poulet Dg,1
-pommes pilées,1
-poulet mayo+ frites de pommes,1
-beignets haricots,1
-poulet yassa +riz parfumé,1
👉🏽 NOS SERVICES SUPPLÉMENTAIRES,1
"🔆 services traiteurs pour les cérémonies telles que : anniversaire, mariage ,réunion et rassemblement entre ami(es) .",1
NB:les menus sont proposés chaque début de semaine et disponible les dimanches sur commande.,1
📍saint -Petersburg station metro 🚈 черная речка 📍,1
+7 (991) 002-45-74,1
Bonsoir à tous,1
Besoin d’une chambre pour 2semaine du 26 décembre au 08 janvier 2025.,1
Faites moi signe en inbox si vous en connaissez.,1
Merci d’avance,2
Tu as 20.000 roubles,1
Lien du match svp,1
Envoie la photo de la chambre,1
Je suis pas à la maison,1
"Une fois à la maison, tu me files les toff en inbox",1
Merci d’avance,2
Merci,2
Un instant. Ce lien est expiré. Je t’envoie un autre,1
Ok,1
🔥LIEN LDC🔥,1
➖➖➖➖➖➖➖➖➖➖➖,1
Programme Mardi 10/12,1
📺 18h45 - Gérone 🆚 Liverpool,1
📺 21h00 - Brest 🆚 PSV,1
🔥🔥Telegram App:,1
t.me/tivilive247?livestream,1
➖➖➖➖➖➖➖➖➖➖➖,1
📺 21h00 - RB Salzbourg 🆚 PSG,1
🔥🔥Telegram App:,1
t.me/tivilive248?livestream,1
➖➖➖➖➖➖➖➖➖➖➖,1
📺 21h00 - Atalanta 🆚 Real Madrid,1
🔥🔥Telegram App:,1
t.me/tivilive249?livestream,1
➖➖➖➖➖➖➖➖➖➖➖,1
📺 21h00 - Multiplex LDC,1
🔥🔥Telegram App:,1
t.me/tivilive250?livestream,1
Iptv : https://tivizeer.com,1
Merci,2
Just like that,1
"maison disponible pour deux personnes pendant  mois ... pas de commission pas d'autres factures à payer il suffit de payer 15k roubles par personne pour deux personnes seulement .... filles ou garçons .. mais tu dois être propre, très calme et tu dois avoir un travail.... proche du marché et proche d'ozon ....",1
house available for two people for  months ... no commission no other bills to pay just pay 15k rubles each person for two people only .... girls or boys .. but you hve to be neat very quiet and you have to have a job....  close to the market and close to ozon .... <This message was edited>,1
"Нет необходимости в оплате услуг агента, оформлении или комиссии... все улажено .. если вы хотите жить один, это 32 доллара в месяц, если вдвоем - 16 долларов в месяц .. все работает, включая телевизор и лифт...",1
близко к метро Панас ...и метро Девиткино и метро Профессина ....,1
Le moi c'est combien,2
Bonjour .besoin d'integrer un groupe a Ekaterinburg,1
Bonjour besoin d'une place pour garçon svp,1
Quel genre de groupe ? J'ai les liens tlgrm,1
Bonsoir a tous,1
Besoin d'intégrer les groupes de travail a tcheboksari,1
"12/11/24, 7:25 PM - +237 6 91 67 23 17 joined using this group's invite link",1
🔥LIEN LDC🔥,1
➖➖➖➖➖➖➖➖➖➖➖,1
Programme Mercredi 11/12,1
📺 18h45 - Lille 🆚 Sturm Graz,1
📺 21h00 - Juventus 🆚 Man City,1
🔥🔥Telegram App:,1
t.me/tivilive251?livestream,1
➖➖➖➖➖➖➖➖➖➖➖,1
📺 18h45 - Atlé Madrid 🆚 Slovan,1
📺 21h00 - Arsenal 🆚 Monaco,1
🔥🔥Telegram App:,1
t.me/tivilive252?livestream,1
➖➖➖➖➖➖➖➖➖➖➖,1
📺 21h00 - Dortmund 🆚 Barcelone,1
🔥🔥Telegram App:,1
t.me/tivilive253?livestream,1
➖➖➖➖➖➖➖➖➖➖➖,1
📺 21h00 - Multiplex LDC,1
🔥🔥Telegram App:,1
t.me/tivilive254?livestream,1
Iptv : https://tivizeer.com,1
Merci,2
Une place disponible pour homme.. intéressé ib pour plus de détails,1
"maison disponible pour deux personnes pendant  mois ... pas de commission pas d'autres factures à payer il suffit de payer 15k roubles par personne pour deux personnes seulement .... filles ou garçons .. mais tu dois être propre, très calme et tu dois avoir un travail.... proche du marché et proche d'ozon ....",1
house available for two people for  months ... no commission no other bills to pay just pay 15k rubles each person for two people only .... girls or boys .. but you hve to be neat very quiet and you have to have a job....  close to the market and close to ozon ....,1
"Нет необходимости в оплате услуг агента, оформлении или комиссии... все улажено .. если вы хотите жить один, это 32 доллара в месяц, если вдвоем - 16 долларов в месяц .. все работает, включая телевизор и лифт...",1
близко к метро Панас ...и метро Девиткино и метро Профессина ....,1
am interested,1
send a message,1
for how many years,1
when can we meet,1
send message to the number bro .... send a private message...,1
null,1
null,1
null,1
null,1
null,1
null,1
null,1
null,1
null,1
null,1
null,1
null,1
"après le premier mois, les autres mois, vous payez 14k roubles...",1
🔥LIEN 🔥,1
➖➖➖➖➖➖➖➖➖➖➖,1
Programme Jeudi 12/12,1
📺 18h45 - Saint-Gilloise 🆚 Nice,1
📺 21h00 - Glasgow 🆚 Tottenham,1
🔥🔥Telegram App:,1
t.me/tivilive255?livestream,1
➖➖➖➖➖➖➖➖➖➖➖,1
📺 18h45 - Pilsen 🆚 Man United,1
📺 21h00 - Lyon 🆚 Francfort,1
🔥🔥Telegram App:,1
t.me/tivilive256?livestream,1
"12/13/24, 2:02 PM - +237 6 51 84 01 91 joined using this group's invite link",1
Bsr ici,1
Bonsoir svp je peut avoir le contact du président  des étudiants  a tambov?,1
Camerounais,1
Bonsoir à tous j'ai le FCFA au pays bien que ce ne soit pas beaucoup besoin du rouble. Merci,2
Tu as combien,2
Moi je veux le FCFA,1
C'est déjà géré,1
Combien veux-tu ?,2
Je 40 k,1
Bonsoir besoin d'un appartement pour 2 à Saint Petersbourg près d'ozon budget serré,1
Besoin de 200k f cfa au Cameroun,1
Bnsr à tous. J'ai besoin de 50000 fcfa au pays,1
Je donne le rouble,1
Oui salut! Au pays au Gabon 🇬🇦 C'est possible (((,1
100000 frc disponible au Cameroun,1
Je veux quelq'un qui prend tout,1
Fermé ❌❌❌,1
Tu veux 15k rouble,1
70000 mille rouble je veux 450000 au Cameroun,1
Hi 👋 guys we sell raw African products and cooked African meals,1
PRODUCTS              PRICES,1
Eru/okok.                  300r,1
Water leaf.                300r,1
Écrevisses/crayfish.  200r,1
-ndolè/bitter leaf.       300r,1
"-huile rouge/ red oil (0,5L) 600r/(1’5L) 1800r",1
-poisson séché/ dried fish  500r /600r/700r,1
-poivre blanc /white pepper 200r,1
-poivre noir / black pepper 150r,1
-rondelles /washer     150r,1
-pépé/pepe.            150r,1
épices en sachet /epices in sachet.              100r,1
-piment / pepper 🌶️.     100r,1
-pistache /egusi.           200r,1
-cube crevettes /maggi crayfish.         50r,1
-kelen kelen /okra leaves.     300r,1
-secret (melange des épices)/kitchen glory spices.        100r,1
"-caramel d’arachide(0,5L)/peanut caramel .  300r",1
"-croquettes (0,5L) 300r",1
Nous vous proposons aussi des menus Camerounais tels que :,1
-eru + fufu,1
-ndolé+fufu/ riz parfumé,1
-sauce d’arachide +riz parfumé,1
-tripes de bœuf +riz parfumé,1
-rôti de porc +riz parfumé,1
-poulet Dg,1
-pommes pilées,1
-poulet mayo+ frites de pommes,1
-beignets haricots,1
-poulet yassa +riz parfumé,1
👉🏽 NOS SERVICES SUPPLÉMENTAIRES,1
"🔆 services traiteurs pour les cérémonies telles que : anniversaire, mariage ,réunion et rassemblement entre ami(es) .",1
NB:les menus sont proposés chaque début de semaine et disponible les dimanches sur commande.,1
📍saint -Petersburg station metro 🚈 черная речка 📍,1
+7 (991) 002-45-74,1
Bonjour .besoin de quelqu'un  a krasnodar,1
Pkw fait,1
100000  xaf au pays besoin du roubles taux googles; intéressé ib. merci,2
🔥LIEN🔥 14/12,1
➖➖➖➖➖➖➖➖➖➖,1
📺 18h00 - Marseille 🆚 Lille,1
📺 20h00 - Auxerre 🆚 Lens,1
📺 22h00 - Reims 🆚 Monaco,1
🔥🔥 Lien des Match 👇:,1
📺 18h00 - Marseille 🆚 Lille ( Stream 2 ),1
📺 20h00 - Auxerre 🆚 Lens ( Stream 2 ),1
📺 22h00 - Reims 🆚 Monaco ( Stream 2 ),1
🔥🔥 Lien du Match 👇:,1
📺 17h00 - Liverpool 🆚 Fulham,1
📺 18h30 - Rayo 🆚 Real Madrid,1
🔥🔥 Lien des Match 👇:,1
📺 17h00 - Arsenal 🆚 Everton,1
📺 19h30 - Nottingham 🆚  Aston Villa,1
🔥🔥 Lien Des Matchs👇:,1
📺 17h00 - Newcastle 🆚 Leicester,1
🔥🔥 Lien du Match👇:,1
⚠️ Canal Secours 👉 : https://t.me/+qAQadwIJm6ZiMzY0,1
"12/14/24, 8:59 PM - +224 625 33 55 09 joined using this group's invite link",1
Ok,1
Bonsoir à tous,1
10000roubles disponibles besoin de 65000 au pays Cameroun 🇨🇲,1
🔥NEW LIEN🔥,1
➖➖➖➖➖➖➖➖➖➖➖,1
Programme Samedi 14/12,1
📺 21h00 - Vallecano 🆚 Real Madrid,1
🔥🔥Telegram App:,1
t.me/tivilive260?livestream,1
➖➖➖➖➖➖➖➖➖➖➖,1
📺 21h00 - Reims 🆚 Monaco,1
🔥🔥Telegram App:,1
t.me/tivilive261?livestream,1
Bonsoir à tous,1
10000roubles disponibles besoin de 65000 au pays Cameroun 🇨🇲,1
Bonjour à tous. J'AI 8000 ROUBLES et je veux 53000cfa au Cameroun.,1
Good morning I have 20000 rubles for 124000 France CAF,1
200k au pays besoin du rouble taux Google,1
"12/15/24, 2:28 PM - +237 6 95 79 06 97 joined using this group's invite link",1
"Bjnr a tous, 15000p disponible, besoin des xaf, Cameroun🇨🇲. Thanks !",1
"12/15/24, 3:06 PM - +237 70275376 joined using this group's invite link",1
Bonjour bonjour,1
"Je me prénomme Brice (fille) suis ala recherche d'un logement dans la ville,",1
Budget moyen svp 🤲🏿🤲🏿 (10mil ruble) svp <This message was edited>,1
Merci d'avance,2
🔥NEW LIEN🔥,1
➖➖➖➖➖➖➖➖➖➖➖,1
Programme Dimanche 15/12,1
📺 17h00 - Rennes 🆚 Angers,1
📺 21h00 - PSG 🆚 Lyon,1
🔥🔥Telegram App:,1
t.me/tivilive266?livestream,1
➖➖➖➖➖➖➖➖➖➖➖,1
📺 17h30 - Man City 🆚 Man United,1
📺 20h00 - Chelsea 🆚 Brentford,1
🔥🔥Telegram App:,1
t.me/tivilive267?livestream,1
➖➖➖➖➖➖➖➖➖➖➖,1
📺 21h00 - FC Barcelone 🆚 Leganés,1
🔥🔥Telegram App:,1
t.me/tivilive268?livestream,1
"12/15/24, 9:23 PM - +237 6 88 57 07 11 joined using this group's invite link",1
🛫🚁🛫✈️🛫✈️,1
23 kg disponible,1
_*Possibilité 1*_,1
Départ,1
Saint-Pétersbourg ➡️ Abidjan,1
*_Possibilité 2_*,1
Départ Moscou ➡️ Abidjan,1
*Réception* des colis jusqu'au 22.12,1
*22 DÉCEMBRE*,1
*23kg*,1
Buvons de l'eau tiède pour renforcer notre santé ☺️,1
✈️🛫 ✈️ 🛫✈️,1
what about Ghana,1
"12/15/24, 10:34 PM - +7 910 246-32-55 joined using this group's invite link",1
Tu fais escale au Cameroun ?,1
Bnsr. Demain besoin de 5 personnes au metro Политехническая ( près du métro) le travail consiste à faire le nettoyage.,1
8h de travail  + 1h de pause,1
3000 рублей,1
+,1
@2455762380 1,1
+,1
Hassan makay +,1
@23560201475 +,1
@23560868551 2,1
@23560201475 3,1
Moins 2 personnes*,1
+,1
+,1
@79958304803 4,1
+,1
@79102463255 5,1
Fermé ❌❌❌,1
"12/16/24, 7:11 PM - +7 999 537-07-56 joined using this group's invite link",1
"12/16/24, 7:36 PM - +7 950 038-27-45 joined using this group's invite link",1
Besoin encore d'une personne *,1
+,1
"12/16/24, 9:21 PM - Soyons Seulement Fort 👑 joined using this group's invite link",1
Salut 16000p disponible besoin de 100000 fCFA,1
"12/16/24, 10:45 PM - +7 999 112-91-07 joined using this group's invite link",1
Hello tout le monde,1
Yess,1
"Pour l'instant non, frère.",1
🫡,1
"12/17/24, 1:44 AM - +7 952 265-38-86 joined using this group's invite link",1
"12/17/24, 4:47 AM - +237 6 75 64 56 27 joined using this group's invite link",1
"12/17/24, 7:30 AM - +7 953 376-16-84 joined using this group's invite link",1
Bom dia famílias,1
"12/17/24, 9:48 AM - +237 6 96 92 78 95 joined using this group's invite link",1
"12/17/24, 10:03 AM - +7 980 051-42-69 joined using this group's invite link",1
Bnjr. Demain besoin de 5 personnes au metro Политехническая ( près du métro) le travail consiste à faire le nettoyage.,1
8h de travail  + 1h de pause,1
3000 рублей,1
@79102463255 1,1
@79967980958 2,1
@2455762380 3,1
Moins 2,1
+,1
+,1
+,1
+,1
Bonjour à tous place disponible pour fille dans la zone de bugry,1
Prix stp ?,1
+,1
"Bonjour à tous , quelqu’un a dit un contact qui réside dans la ville de mitchourinsk? C’est unpeu urgent svp",1
@79856939262 4,1
+,1
"12/17/24, 3:39 PM - +7 980 051-42-73 joined using this group's invite link",1
@79995695836 5,1
Fermé ❌❌❌,1
Besoin d'un appartement pour 4,1
Студия,1
Besoin encore de 2 personnes au *метро гражданский проспект* le travail consiste à vider la poubelle et déplacé le matériel,1
8h de travail + 1h de pause,1
3000 roubles après le boulot,1
+,1
+,1
@2455493361 1,1
@79657716231 2,1
Fermé ❌❌❌,1
Salut 16000p disponible besoin de 100000 fCFA,1
"12/17/24, 5:23 PM - +7 953 371-15-43 joined using this group's invite link",1
Bonsoir à tous,1
11700 roubles disponibles besoin de 75000 fcfa au Cameroun 🇨🇲,1
12000,1
Ferme,1
Besoin encore d'une personne *,1
3000 рублей,1
Bonsoir 16000p disponible besoin de 100000 fCFA,1
Vous faites vos taux la où même ??,1
"Tu imagines ta part et tu proposes, on ne sait jamais 🤷🏾‍♂️",1
🤣🤣🤣🤣🥃🥃🥃🥃,2
"12/18/24, 1:04 AM - +237 6 95 84 46 36 joined using this group's invite link",1
Bonjour à tous,1
12500 roubles disponibles besoin de 80000 fcfa au Cameroun 🇨🇲,1
"12/18/24, 10:38 AM - +237 6 96 74 71 77 joined using this group's invite link",1
"12/18/24, 10:41 AM - +237 6 51 09 04 13 joined using this group's invite link",1
Bonsoir 16000p disponible besoin de 100000 fCFA,1
Bnjr. Demain besoin de 5 personnes au metro Политехническая ( près du métro) le travail consiste à faire le nettoyage.,1
8h de travail  + 1h de pause,1
3000 рублей,1
@79856939262 1,1
610000. Af disponible au pays besoin du roubles taux googles uniquement. Interessé ib . Merci <This message was edited>,2
35000 mille rouble disponible besoin de 220 mille au Cameroun,1
Besoin d'un logement pour 2,1
Bonsoir 16000 roubles disponible besoin de 100000 fCFA au Cameroun 🇨🇲,1
Ferme,1
Bonsoir 350.000cfa au Cameroun besoin du rouble taux Google …,1
Les scammers svp 🙌,1
🙌🏾🙌🏾,1
Même pour changer l'argent faut les remèdes ici,1
"12/19/24, 5:54 AM - +7 961 765-96-08 joined using this group's invite link",1
Bonjour Est-ce qu'il ya quelqu'un qui devrait sortir pour renouveler la carte migration pour refaire la carte verte?,1
610000. Af disponible au pays besoin du roubles taux googles uniquement. Interessé ib . Merci,2
Hi 👋 guys we sell raw African products and cooked African meals,1
PRODUCTS              PRICES,1
Eru/okok.                  300r,1
Water leaf.                300r,1
Écrevisses/crayfish.  200r,1
-ndolè/bitter leaf.       300r,1
"-huile rouge/ red oil (0,5L) 600r/(1’5L) 1800r",1
-poisson séché/ dried fish  500r /600r/700r,1
-poivre blanc /white pepper 200r,1
-poivre noir / black pepper 150r,1
-rondelles /washer     150r,1
-pépé/pepe.            150r,1
épices en sachet /epices in sachet.              100r,1
-piment / pepper 🌶️.     100r,1
-pistache /egusi.           200r,1
-cube crevettes /maggi crayfish.         50r,1
-kelen kelen /okra leaves.     300r,1
-secret (melange des épices)/kitchen glory spices.        100r,1
"-caramel d’arachide(0,5L)/peanut caramel .  300r",1
"-croquettes (0,5L) 300r",1
Nous vous proposons aussi des menus Camerounais tels que :,1
-eru + fufu,1
-ndolé+fufu/ riz parfumé,1
-sauce d’arachide +riz parfumé,1
-tripes de bœuf +riz parfumé,1
-rôti de porc +riz parfumé,1
-poulet Dg,1
-pommes pilées,1
-poulet mayo+ frites de pommes,1
-beignets haricots,1
-poulet yassa +riz parfumé,1
👉🏽 NOS SERVICES SUPPLÉMENTAIRES,1
"🔆 services traiteurs pour les cérémonies telles que : anniversaire, mariage ,réunion et rassemblement entre ami(es) .",1
NB:les menus sont proposés chaque début de semaine et disponible les dimanches sur commande.,1
📍saint -Petersburg station metro 🚈 черная речка 📍,1
+7 (991) 002-45-74,1
10kilograme Cameroun. Départ Douala jeudi,1
10 kg disponible à Douala  départ jeudi,1
Bonsoir 16000 roubles disponible besoin de 100000 fcfa au Cameroun 🇨🇲,1
Demain besoin de 7 personnes au metro Политехническая ( près du métro) le travail consiste à faire le nettoyage.,1
8h de travail  + 1h de pause,1
3200 рублей <This message was edited>,1
+,1
@79967980958 1,1
"12/19/24, 6:10 PM - +237 6 73 27 28 13 joined using this group's invite link",1
Bsr,1
+,1
+,1
+,1
@79531549821 2,1
@79602647985 3,1
Moins 1 personne *,1
"12/19/24, 7:43 PM - Rodriguez Peter added ~ Serge",1
"12/19/24, 9:47 PM - +7 919 204-29-30 joined using this group's invite link",1
"12/19/24, 9:50 PM - +7 927 996-61-20 joined using this group's invite link",1
"12/19/24, 9:53 PM - +7 999 755-13-67 joined using this group's invite link",1
+,1
@25779875606 4,1
Fermé ❌❌❌,1
Bonjour à tous j'ai 50000fcfa besoin du roubles,1
"Bonjour les frères, j'ai besoin de 51000frs au Cameroun, j'ai 8000 roubles",1
Good morning brothers i need 51000frs in Cameroon I have 8000ruble,1
👋🏽,1
500000. Af disponible au pays besoin du roubles taux googles uniquement. Interessé ib . Merci,2
Demain besoin de 4 personnes au metro Политехническая ( près du métro) le travail consiste à faire le nettoyage.,1
8h de travail  + 1h de pause,1
3000 рублей,1
+,1
+,1
+,1
@79967980958 1,1
Bonjour chers frères! Je cherche quelqu'un qui doit se rendre à Moscou durant cette semaine pourque je puisse lui donner mon argent(100dollars) qui a été rejeté ici faute de tache pour que les membres du SNABE ramènent en Guinée cher mon grand frère.,0
@22373054015 2,1
+,1
@79856939262 3,1
@79154681937 4,1
Fermé ❌❌❌,1
+,1
+,1
You deleted this message,1
Besoin encore de 2 personnes pour demain,1
+,1
+,1
@23672102115 5,1
@79944170141 6,1
Fermé ❌❌❌,1
+,1
"12/20/24, 3:39 PM - +223 75 61 34 95 changed their phone number to a new number. Tap to message or add the new number.",1
"12/20/24, 4:58 PM - +221 78 100 16 00 joined using this group's invite link",1
Besoin de 70000 fcfa au cameroun je donne le rouble,1
Bonsoir à tous 51500fcfa disponible besoin du rouble. Taux Google 🙏🏾,1
Viens prendre 8000p,1
null,1
null,1
null,1
Qu’est-Ce qu’il y a avec la photo ? Svp !,1
Bonsoir j'ai 15000roubles je besoin du CFA  au taux googles.svp ib,1
Bonsoir à tous j’ai 5 personne on détresse qui cherche un appartement pour ce soir,1
4500р J’ai besoin de 30000fcfa au Congo,1
Bonjour 15000p disponible besoin de 100000 fCFA,1
Bonjour ! 4500p disponible besoin de 30.000fcfa au Congo Brazzaville <This message was edited>,1
Bjr. Besoin de 2 personnes encore pour travailler à Политехническая,1
null,1
Bonjour ! 4500p disponible besoin de 30.000fcfa au Congo Brazzaville,1
"Bonjour frères, j'ai besoin de 250000frs au Cameroun, j'ai 38000roubles <This message was edited>",1
"12/21/24, 1:10 PM - +233 20 019 1854 joined using this group's invite link",1
😂😂🙌🙌🙌,2
Quel taux ?,1
ib,1
"Salut , Jai 8000 roubles et j'ai besoin de 51000cfa au Cameroun.",1
"12/21/24, 2:35 PM - +245 955 388 563 joined using this group's invite link",1
"Bonsoir à tous, 100000fcfa besoin du roubles",1
*taux Google*,1
Merd le groupe ci il y'a maintenant plus de banquier eh papa papapa. Merd Rodrigue tes employés ont déjà le genre d'argent la toi mm tu penses que qui va encore go au chantier 😅😅😅😅,1
Les gars nous frustre avec les chiffres massah 🤣,2
😅😅😅 l'herbe la ressemble à une herbe très compliqué. Mon gar c'est mieux sans la video Massa 😅😅,1
C'est quoi ça réellement?,1
Supprimer le document svp. C'est une erreur,1
Le lien du combat de Tyson Fury c'est disponible svp?,1
Bonjour tous et toutes 100000 XAF DISPONIBLE au CAMEROUN besoin de 16000p,1
ABEC les  scammer je comprends que c'est Noël mais évité mon post,1
15500p,1
Pas bon boss,1
Fermé❌❌,1
"Bonjour frères, j'ai besoin de 200000frs au Cameroun, j'ai 31000roubles",1
Vous allez payer les taxes avec vos échanges là,1
Je prends bien l'élan pour vous,2
Confiance,1
Vos messages seront bannis. Vous venez donner des sommes sans sens aux gens ici,1
Si quelqu'un ne veut pas gérer le taux Google,1
Ouvrez les agences,1
Donc un message de transfert d'argent ici je supprime,1
Le prochain je te retire du groupe,1
Un bon entendeur s'aligne,1
Sur ce bon dimanche à tous,1
"Ahiiii , si chacun trouve son compte où est le problème😂😂😂😂😂",2
Mettez en statut. C'est plus mieux. Les banquiers vont y faire un tour,1
Vraiment,1
Allez créer les groupes de transfert,1
Comme vous faites là,1
Bonjour à tous Rodrigue je penses que ce groupe est mis sur pied pour aider la communauté africaine,1
"12/22/24, 12:48 PM - Rodriguez Peter removed Winners",1
Organisez vos transferts là-bas,1
Bonjour ! J'ai besoin d'une place. Urgent aidé moi,1
Waaah mes frères ci vraiment😅😅😅😅,1
Bonne Année à vous 🥵😎,1
Bonjour,1
Pour combien de temps ? <This message was edited>,2
Pour 2 moi,1
Possible ?,1
"Quand le rouble était à 12 , 200.000 frs c'était 16.000p et on recevait tranquil.",1
Aujourd'hui vous voulez le double. On donne même 30.000p vous refusez. Que ooh c'est petit.  Sur quelle base c'est petit ? Je ne sais pas.,1
Attendons la remontada.,1
L'autre dit taux Google uniquement.  Vous avez les actions en bourse norr,1
je comprend pkoi paul Biya ne comprend pas le jeneusse,1
Oui,1
Inbox,1
Lien du match svp,1
Match de United svp,1
Lien du match du Réal svp,1
🔥 LIVE FOOT🔥,1
➖➖➖➖➖➖➖➖➖➖,1
📺 14h45 - Saint-Etienne 🆚 Marseille,1
📺 21h0 - Lens 🆚 PSG,1
➖➖➖➖➖➖➖➖➖➖,1
📺 14h45 - Saint-Jean 🆚 Monaco,1
📺 17h30 - Tottenham🆚 Liverpool,1
➖➖➖➖➖➖➖➖➖➖,1
📺 15h00 - Manchester Utd 🆚 Bournemouth,1
➖➖➖➖➖➖➖➖➖➖,1
📺 16h15 - Real Madrid 🆚 FC Séville,1
Merci,2
"Salut recherche d'une place dans un appartement pour un ami , urgent ❗",1
Besoin de 3 place dans un appartement pour homme durée 2 semaine <This message was edited>,1
null,1
"12/22/24, 10:07 PM - ~ Rach added +7 996 767-56-55",1
Soyez le petit papa Noël 🎅 de vos enfants en les rendant *CHIC ET CHOC*  .,1
"*MINI_COOPER* est là pour t’aider à le faire , alors contactez le +7(932)005-26-98 et rendez le rêve de vos enfants réalité.",1
*BEAUTY IS YOUR MINI_COOPER*💇🏽‍♀️💇🏽,1
Ville: Saint Petersburg,1
Bonjour!,1
J'ai besoin d'une place,1
null,1
On a dit quoi ici hier ?,1
J étais pas en classe hier bro 😀,1
null,1
Comme ça nous on gère nos offres de travail ici tranquille,1
Demain besoin de 4 personnes.le travail consiste à charger et à décharger le matériel dans un entrepôt au *Метро балтийская*,1
8h de travail  + 1h de pause,1
3000 рублей,1
+,1
@79967980958 1,1
+,1
+,1
@2455493361 2,1
@79685957270 3,1
+,1
@79165489632 4,1
Fermé ❌❌❌,1
"12/23/24, 10:04 PM - +224 621 85 55 62 joined using this group's invite link",1
Good evening brother am looking for apartment,1
"12/24/24, 11:39 AM - +7 911 016-17-00 joined using this group's invite link",1
Oi,1
Bonjour . J'ai besoin d'une place .,1
"12/24/24, 12:38 PM - +7 991 290-05-54 joined using this group's invite link",1
Nous sommes avec des gens qui sont pas avec nous🙆🏽‍♂️🙊🤷🏽‍♂️🗣️🦻🏾 Ont n'est mal barrée))),1
Demain besoin de 2 personnes.le travail consiste à charger et à décharger le matériel dans un entrepôt au *Метро балтийская*,1
8h de travail  + 1h de pause,1
3000 рублей,1
+,1
+,1
@2455493361 1,1
@79685957270 2,1
Fermé ❌❌❌,1
Bonsoir la famille,1
Besoin d'une place urgemment svp,1
☝🏿,1
🤷‍♂️🤷‍♂️,1
"12/24/24, 8:49 PM - +7 933 934-55-02 changed their phone number to a new number. Tap to message or add the new number.",1
!? ?,1
Slt la team joyeux Noël à vous,1
Besoin du cfa au Cameroun,1
J'ai 10mille roubles,1
Le prix exactement svp intéressant,1
Demain besoin de 4 personnes.le travail consiste à faire le nettoyage *Метро Обводный канал*,1
8h de travail  + 1h de pause,1
3000 рублей,1
+,1
+,1
+,1
+,1
+,1
+,1
+,1
+,1
@79967980958 1,1
@79685957270 2,1
@79919132627 3,1
@79154681937 4,1
Fermé ❌❌❌,1
🎄✨ Joyeux Noël de la part de 7G SERVICE ! 🎁🌍 Merci pour votre confiance. Que cette saison festive soit remplie de joie et de prospérité ! ✨💖,2
💻 *Site web*: https://7g-services.com/ 🌐,1
📲 *Contact*: https://wa.me/message/RXYGHGVG7NFSJ1 ☎️,1
Bonjour la famille !,1
Besoin de 20 000fcfa au Cameroun 🇨🇲. Je donne le rouble ici. Taux de Google.,1
Уже не актуально! Спасибо,1
Besoin encore d'une personne *,1
+,1
+,1
Fermé ❌❌❌,1
Good evening brothers and sister one person is looking for work please we need help,1
"12/25/24, 11:37 PM - +237 6 73 09 87 06 joined using this group's invite link",1
"Bonsoir tout le monde. 504k fcfa disponible au Cameroun, besoin du rouble.",1
Taux Google,1
Place disponible pour un garçon. Appartement non loin de parnas.,1
@79013493900,1
85000 au pays besoin du rouble,1
Salut frère !c'est en Somaliland?,1
Combien ?,2
"-Мини-студия с двуспальной кроватью (свой душ и туалет)📍 Адрес: Санкт-Петербург, Лиговский проспект, д. 79",1
🚇 Метро: Площадь восстания - 5 мин. пешком; Лиговский проспект - 5 мин. пешком.,1
"Предоставляем плиту/мультиварку. Холодильник, стиральная машина, чайник в общем доступе.",1
💰Условия:,1
Цена: 21999 за мини-студию поменьше,1
24999 за мини-студию побольше,1
"+4000 КУ (в эту сумму входят все КУ, вода, электричество и интернет)",1
Залог: 1 месяц,1
✅ Преимущества:,1
-Без комиссии,1
-Метро в шаговой доступности,1
-Бесплатный Wi-Fi,1
-Парковка,1
-Детская площадка,1
-Безопасность: видеонаблюдение в общем коридоре,1
"-Вся инфраструктура: аптеки, магазины и кафе, школа и детский сад, торговые центры",1
-Хороший район и приличные соседи,1
"-Мини-студия с двуспальной кроватью (свой душ и туалет)📍 Адрес: Санкт-Петербург, ул. Серпуховская, д. 25",1
"🚇 Метро: Технологический институт - 5 мин. пешком, Пушкинская – 12 мин. пешком.",1
"Предоставляем плиту/мультиварку. Холодильник, стиральная машина, чайник в общем доступе.",1
💰Условия:,1
Цена: 21999 за мини-студию поменьше,1
24999 за мини-студию побольше,1
"+4000 КУ (в эту сумму входят все КУ, вода, электричество и интернет)",1
Залог: 1 месяц,1
✅ Преимущества:,1
-Без комиссии,1
-Метро в шаговой доступности,1
-Бесплатный Wi-Fi,1
-Парковка,1
-Детская площадка,1
"-Вся инфраструктура: аптеки, магазины и кафе, школа и детский сад, торговые центры",1
-Хороший район и приличные соседи,1
"Bonsoir tout le monde. 500k fcfa disponible au Cameroun, besoin du rouble.",1
Taux Google,1
Bjr à tous. 1 frère a besoin du lien pour regarder les matchs du boxing day. Si possible envoyez les liens svp,1
🔥LIEN FOOT 🔥,1
➖➖➖➖➖➖➖➖➖,1
📺 13h30 - Man City 🆚 Everton,1
📺 16h00 - Chelsea 🆚 Fulham,1
📺 18h30 - Wolves 🆚 Man United,1
📺 21h00 - Liverpool 🆚 Leicester,1
➡️ t.me/ikztv43?livestream,1
➖➖➖➖➖➖➖➖➖,1
📺 16h00 - Nottingham 🆚 Tottenham,1
➡️ t.me/ikztv44?livestream,1
➖➖➖➖➖➖➖➖➖,1
📺 16h00 - Newcastle 🆚 Aston Villa,1
➡️ t.me/ikztv45?livestream,1
Lien pour le réal Madrid svp,1
Merci @79963632612,2
"12/26/24, 3:27 PM - +245 969 265 224 joined using this group's invite link",1
Привет,1
"12/26/24, 3:50 PM - +7 911 085-73-07 joined using this group's invite link",1
Bsr à tous. J'ai cent mil au pays besoin du rouble taux Google,1
Demain besoin de 4 personnes.le travail consiste à faire le nettoyage *Метро Обводный канал*,1
8h de travail  + 1h de pause,1
3000 рублей,1
+,1
+,1
+,1
+,1
@2459265224 1,1
+,1
@79773901845 2 <This message was edited>,1
@79685957270 3,1
@79964490034 4,1
Fermé ❌❌❌,1
Quelqu’un a le lien du match de la Maison Blanche là bas les gars svp?,1
"12/26/24, 8:03 PM - +7 965 784-64-45 joined using this group's invite link",1
"12/26/24, 9:39 PM - +7 996 687-22-85 joined using this group's invite link",1
"12/26/24, 10:22 PM - +7 996 365-92-54 joined using this group's invite link",1
Real ne joue pas aujourd’hui.,1
Désolé man j’ai confondu,1
"12/27/24, 1:03 AM - +7 999 213-37-76 joined using this group's invite link",1
null,1
Salut,1
"Besoin d’une place pour un homme, pour une durée de 2 semaines",1
"Bonjour tout le monde , 500k fcfa disponible au Cameroun, besoin du rouble , taux Google.",1
"12/27/24, 2:05 PM - +237 6 74 06 38 33 joined using this group's invite link",1
null,1
Hi 👋 guys we sell raw African products and cooked African meals,1
PRODUCTS              PRICES,1
Eru/okok.                  300r,1
Water leaf.                300r,1
Écrevisses/crayfish.  200r,1
-ndolè/bitter leaf.       300r,1
"-huile rouge/ red oil (0,5L) 600r/(1’5L) 1800r",1
-poisson séché/ dried fish  500r /600r/700r,1
-poivre blanc /white pepper 200r,1
-poivre noir / black pepper 150r,1
-rondelles /washer     150r,1
-pépé/pepe.            150r,1
épices en sachet /epices in sachet.              100r,1
-piment / pepper 🌶️.     100r,1
-pistache /egusi.           200r,1
-cube crevettes /maggi crayfish.         50r,1
-kelen kelen /okra leaves.     300r,1
-secret (melange des épices)/kitchen glory spices.        100r,1
"-caramel d’arachide(0,5L)/peanut caramel .  300r",1
"-croquettes (0,5L) 300r",1
Nous vous proposons aussi des menus Camerounais tels que :,1
-eru + fufu,1
-ndolé+fufu/ riz parfumé,1
-sauce d’arachide +riz parfumé,1
-tripes de bœuf +riz parfumé,1
-rôti de porc +riz parfumé,1
-poulet Dg,1
-pommes pilées,1
-poulet mayo+ frites de pommes,1
-beignets haricots,1
-poulet yassa +riz parfumé,1
👉🏽 NOS SERVICES SUPPLÉMENTAIRES,1
"🔆 services traiteurs pour les cérémonies telles que : anniversaire, mariage ,réunion et rassemblement entre ami(es) .",1
NB:les menus sont proposés chaque début de semaine et disponible les dimanches sur commande.,1
📍saint -Petersburg station metro 🚈 черная речка 📍,1
+7 (991) 002-45-74,1
330 mil o Cameroun,1
Besoins du rouble,1
"12/27/24, 4:32 PM - +245 956 616 687 joined using this group's invite link",1
"12/27/24, 4:37 PM - +7 906 272-04-42 joined using this group's invite link",1
"12/27/24, 4:38 PM - +7 905 284-01-22 joined using this group's invite link",1
"12/27/24, 4:39 PM - +245 966 198 856 joined using this group's invite link",1
"12/27/24, 4:43 PM - +7 961 810-45-39 joined using this group's invite link",1
"12/27/24, 4:46 PM - +7 904 559-28-17 joined using this group's invite link",1
"12/27/24, 5:01 PM - +245 955 284 197 joined using this group's invite link",1
"12/27/24, 5:08 PM - +245 955 244 925 joined using this group's invite link",1
*Good evening to you all.*,1
*Please in need of an apartment.*,1
"*If you have any idea, kindly let me know.*",1
🙏🏿🙏🏿🙏🏿🙏🏿🙏🏿🙏🏿,1
"12/27/24, 7:04 PM - +7 926 993-86-80 joined using this group's invite link",1
"12/27/24, 7:13 PM - +245 969 265 224 joined using this group's invite link",1
"12/27/24, 7:19 PM - +245 969 265 224 joined using this group's invite link",1
"12/27/24, 7:33 PM - +7 930 009-26-45 joined using this group's invite link",1
Bonsoir à vous svp j’ai 2000 roubles besoin du franc CFA taux Google,1
"12/27/24, 8:50 PM - +224 669 95 82 64 joined using this group's invite link",1
Fermer ❌❌❌,1
Toujours disponible ?,1
Bonsoir la famille,1
Besoin d'une place pour garçon urgemment svp,1
"Bonjour à tous, j'ai été admis à l'hôpital et j'ai été opéré par laparotomie. J'ai été renvoyé chez moi et je dois me rendre à l'hôpital demain. Je suis à la maison depuis presque un mois maintenant. S'il vous plaît, je dois payer mon loyer d'environ 10 000 $. S'il vous plaît, toute personne désireuse d'aider peut discuter en privé avec moi. Merci à tous",2
C’est 10.000₽ ou bien dollars ?,2
Soit c’est moi qui ne vois pas bien. 🙄,2
en roubles,1
null,1
null,1
null,1
😭,0
Laisse Dieu vous visite.,1
Hummm,1
Bonne guérison,1
Good morning brother and sisters we need to help our brother,1
combien de temps ??,2
*Toujours Disponible* Deux jeans 👖 nº34 disponible à академическая станция(гражданский проспект),1
*NB: tu n’ai pas prêt ne prends pas rendez-vous 📅 avec moi svp*,1
Pour quelqu’un 1.86 m sa peut l’aller ?,1
1mois,1
Man il faut mettre ça à la poubelle ; ça pas la brocante ici,1
🤣🤣🤣🤣🤣,2
C'est quoi nor djo tu attendais seulement qu'il envoie l'image là pour le décharger ?😁,1
🤣😜,2
Je Wanda sur lui,1
"Mon frère, tu as un problème avec moi? 😂😂😂",2
😀😀😀😀,1
Non juste que ce duvan n’est plus utilisable ; c’est perimé <This message was edited>,1
Je suis dépassé 😂😂😂😂,2
Périmé en bon état,1
😀😀 mais il pouvait trouver son client bro,1
Tu viens de saboter son marché 😀,1
Dis lui bro,1
🚨,1
Je peux le détacher et jeter à la мусорка et pour ça il me faut 3000roubl.,1
Trop de haineux dans monde,1
Les gars nous fatigue ici massah waarrr papaaah🤣🤣🤣🤣🤣🤣🤣🤣🤣🤣🤣,2
Trop de business man dans se bas monde 🤣🤣🤣🤣,2
"Mes frères, j’essaye juste d’aider nos frères qui dorment à terre",1
Va en brousse avec ça frère c’est quel aide ça?,1
Apparemment tout le monde ici est contre ma marchandise hein. Je Wanda sur vous hein,1
😃😃😃🤣🤣🤣🤣,2
Bouge avec. Ne  nous aider plus 🤣🤣🤣,2
😂,2
Trop de haineux ici,1
🤣🤣🤣,2
On vous regarde seulement vous allez tout vendre ici massah. Yes 🙌,1
Mon frère vous mm vs croyez que quoi quand quelqu'un vois les propositions d'échange d'argent à volonté ds le groupe comment il ne va pas sciencer pr prélever pour lui . Il a vu qu'il y'a trop de porteur ds ce groupe. Nor,1
Il veut sortir de la manka et chager de menu comme les autres.,1
Il a mm la chance il a le divan moi je vais vous proposer la barbe du bouc,1
🤣🤣,2
Je tiens à remercier chaleureusement toute la famille ici. Je peux voir que l'amour dans cette famille est formidable. Merci à tous ceux qui ont sympathisé avec ma situation et à tout le monde ici. Que Dieu nous bénisse tous. Merci à tous,2
"12/29/24, 12:28 PM - +7 910 176-87-50 joined using this group's invite link",1
"12/29/24, 1:40 PM - +7 952 265-70-84 joined using this group's invite link",1
Bonjour à tous,1
Besoin d'une place,1
null,1
"12/29/24, 3:33 PM - +234 705 119 0509 joined using this group's invite link",1
Merci 🤲 bien pour les informations 🙏,2
Pour tu 50k,1
??? 🤷🏾‍♂️,1
🙆🏽‍♂️🙊🤷🏽‍♂️🗣️🦻🏾,1
Roubles ?,1
FCFA,1
Hi 👋 guys we sell raw African products and cooked African meals,1
PRODUCTS              PRICES,1
Eru/okok.                  250r,1
Water leaf.                250r,1
Écrevisses/crayfish.  200r,1
-ndolè/bitter leaf.       250r,1
"-huile rouge/ red oil (0,5L) 550r/(1’5L) 1700r",1
-poisson séché/ dried fish  500r /600r,1
-poivre blanc /white pepper 150r,1
-poivre noir / black pepper 150r,1
-rondelles /washer     100r,1
-pépé/pepe.            100r,1
épices en sachet /epices in sachet.              100r,1
-piment / pepper 🌶️.     100r,1
-pistache /egusi.           150r,1
-cube crevettes /maggi crayfish.         45r,1
-kelen kelen /okra leaves.     200r,1
-secret (melange des épices)/kitchen glory spices.        100r,1
"-caramel d’arachide(0,5L)/peanut caramel .  250r",1
"-croquettes (0,5L) 300r",1
NB: Nos sont désormais en promotion  jusqu’au 15 janvier,1
📍saint -Petersburg station metro 🚈 черная речка 📍,1
+7 (991) 002-45-74,1
Bonne année à tous/ Happy new year to all🎊🎉🥳,1
Сколько стоит?,1
null,1
Poids disponible Moscou Bamako pour le 10janvier,1
50 000p,1
"12/29/24, 11:22 PM - +7 999 215-71-13 joined using this group's invite link",1
null,1
*Svp qui quitte ou quittera Moscou pour Saint-Pétersbourg durant ces deux semaines?*🙏🙏,1
Salut à tous,1
Qui est pasto le coiffeur ?,1
boss good evening am looking for a work,1
Me too,1
Bonsoir,1
Le lien du match Man United svp,1
⚡️ PROGRAMME DU SOIR ⚡️,1
➖➖➖➖➖➖➖➖➖➖➖,1
⚽️ PREMIER LEAGUE 🏴󠁧󠁢󠁥󠁮󠁧󠁿,1
« BOXING DAY »,1
20H45 - IPSWICH 🆚 CHELSEA,1
1. t.me/ikztv49?livestream,1
2. t.me/bannousg530?livestream,1
3. t.me/+kdHsCMnCLlhmMjM0?livestream,1
4. t.me/+eOvea2IPvqxiMmU5,1
20H45 - ASTON VILLA 🆚 BRIGHTON,1
1. t.me/bannousg531?livestream,1
2. t.me/+tRkgAhpeIB9kZGZk?livestream,1
3. t.me/+Sh7qBPmV1GM4MDIx,1
21H00 - MAN. UNITED 🆚 NEWCASTLE,1
1. t.me/ikztv50?livestream,1
2. t.me/bannousg532?livestream,1
3.,1
4.,1
➖➖➖➖➖➖➖➖➖➖➖,1
LES MATCHS PAS AFFICHÉ NE SONT PAS DISPO DONC ÉVITEZ DE DEMANDEZ MERCI.,2
➖➖➖➖➖➖➖➖➖➖➖,1
Merci beaucoup,2
Bonsoir 105000fcfa besoin du rouble taux Google 🚨🚨,1
Google ne fonctionne pas depuis gar😅,1
Taux yandex,1
Hahaha 🤣🤣🤣,2
Les connaisseurs lap seulement hein 😅,1
Mais le taux Google est bon nor??,1
Mon Google ne fonctionne plus depuis,1
Tu travailles à Google ?😄,1
50k ₽ pour ça?? Ne me fait pas rire. Il y a quoi en rire,1
Bonsoir.J'ai 5laptop  moins cher que je veux vendre à titre de promotion dont leur propriété est impéccable.Les intéressés venir inbox pour montrer les photos et des prix,1
Oui,1
"12/31/24, 4:44 AM - +223 83 66 66 58 joined using this group's invite link",1
‼️Президент подписал амнистию для нелегальных мигрантов в России.,1
http://publication.pravo.gov.ru/document/0001202412300002,1
C'est le Décret Présidentiel signé ce jour 30/12/2024 par le Président de la Fédération de Russie.,1
Il s'agit d'un Décret Présidentiel qui donne aux Étrangers se trouvant en situation d'illégalité sur le territoire de la Fédération de Russie un délai de 4 mois ( du 1 janvier 2025 au 30 avril 2025) pour quitter le territoire de la Fédération de Russie ou régulariser leur situation d'illégalité.,1
"Dans ce Décret Présidentiel signé ce jour 30/12/2024, il est aussi indiqué ce qui suit :",1
✅Un Étranger qui est en situation d'illégalité sur le territoire de la Fédération de Russie et qui ne voudrait pas retourner dans son pays d'origine par DÉPORTATION peut signer le contrat de service militaire pour 12 mois avec le Ministère Russe de Défense.,1
"Après 12 mois de service militaire, il obtiendra le Passeport Russe et AUTRES avantages.",1
"Cordialement,",1
Raoul Moussa.,1
Que Dieu nous garde🙌😭🤣😅,2
C'est une opportunité c'est opportunité🤧🤧,1
Bjr famille,1
100 k xaf besoin du rouble svp taux Google,1
Au Cameroun biensûr,2
Bonne chance à toi mon frère,1
"Mais pourquoi rigolez-vous alors, n’est-ce bien ? <This message was edited>",2
Besoin de 40000 fc disponible au pays,1
Vous pouvez bien signer mais votre place sera à l'Ukraine,2
J'ai le rouble,1
200k besoin  du roubles,1
À PROPOS DU DÉCRET PRÉSIDENTIEL DU 30/12/2024,1
🚨Quelle est la Raison JURIDIQUE que vous avez ... vous permettant de postuler pour votre régularisation sur le territoire de la Fédération de Russie ❓,1
⚖️Vous êtes marié à une femme Russe ❓,1
⚖️Vous êtes mariée à un homme Russe ❓,1
⚖️Vous avez un enfant Citoyen Russe ❓,1
⚖️Vous êtes Titulaire d'un Diplôme Russe ❓,1
⚖️Vous êtes Titulaire d'un Titre Russe d'Asile Temporaire légal s'expirant❓,1
"⏩ Si vous êtes Citoyen Étranger en situation d'illégalité sur le territoire de la Fédération de Russie et vous n'êtes pas dans ces situations citées dans ce texte, il faut d'abord réfléchir comment être dans une de ces situations citées avant de parler de la possibilité de votre régularisation sur le territoire de la Fédération de Russie.",1
‼️Президент подписал амнистию для нелегальных мигрантов в России.,1
"С 1 января 2025 года по 30 апреля 2025 всем, нелегально находящимся на территории Российской Федерации иностранным гражданам и лицам без гражданства дано право урегулировать свое правовое положение в Российской Федерации без депортации.",1
http://publication.pravo.gov.ru/document/0001202412300002,1
C'est le Décret Présidentiel signé ce jour 30/12/2024 par le Président de la Fédération de Russie.,1
Il s'agit d'un Décret Présidentiel qui donne aux Étrangers se trouvant en situation d'illégalité sur le territoire de la Fédération de Russie un délai de 4 mois ( du 1 janvier 2025 au 30 avril 2025) pour quitter le territoire de la Fédération de Russie ou régulariser leur situation d'illégalité.,1
"Dans ce Décret Présidentiel signé ce jour 30/12/2024, il est aussi indiqué ce qui suit :",1
✅Un Étranger qui est en situation d'illégalité sur le territoire de la Fédération de Russie et qui ne voudrait pas retourner dans son pays d'origine par DÉPORTATION peut signer le contrat de service militaire pour 12 mois avec le Ministère Russe de Défense.,1
"Après 12 mois de service militaire, il obtiendra le Passeport Russe et AUTRES avantages.",1
✅Le Citoyen Étranger se trouvant sur le territoire de la Fédération de Russie qui a le droit d'obtenir un Titre Russe de Séjour peut se rendre au Service d'immigration Russe pour obtenir des informations nécessaires permettant sa Régularisation.,1
"Cordialement,",1
Raoul Moussa.,1
Bonne année à tous,1
Que Dieu facilite nos vœux 🙏🏽🙏🏽🙏🏽🙏🏽,1
🙏🏿💪,1
Merci mr le ministre,2
Bonne année👍,1
👍🏾,1
🙏,1
Au revoir  2024❤️❤️❤️❤️🙏 bienvenue 2025...❤️🥰🥳🥳🥳🙏😊💰💸💵😍😍💰🤞💪💪💪☀️🌻☀️☀️☀️🌟⭐☀️☀️🌸🌺🪷🌹🌷💐  2024 s'enva avec ce qui doit  s'en aller mais rien ne se perd ici bas tout se transforme...et les enfants de Dieu ne perdent jamais car Dieu ne perd jamais. Il gagne toujours . Il Fend la mer en deux déplace les montagnes change l'eau en vin multiplie peu de poissons en des milliers et de milliers de paniers de poissons oui Dieu est Bon Puissant et merveilleux...tout comme toi si tu en fait le Choix.BIENVENUE 2025☀️❤️☀️ c'est une magnifique année  pleine  d'Amour car l'amour c'est Dieu  pleine de lumière divine et de  présence divine... 🙏🙏🙏 pleine de Gloire de Victoire de Succès de Réussite de Triomphe 💪💪💪💪😍 de Santé  de Paix de Joie de Foi...de Vie D'Authenticité d'Abondance infini et de Prospérité divine ...de Sagesse d' Intelligence divine de Maturité  de Lucidité de Vérité de Sérénité... de pure Beauté divine... de Magie de Miracles de Bénédictions et de Grâces infinis... bonne et heureuse année 2025,2
Bonne année à tous,1
Luis la fait quoi ici parmi nous?,1
Bonne et heureuse année l famille Peter je peux avoir attieker avec qui ??,1
Bonne et heureuse année famille svp besoin d'huile rouge svp🙏🏻🙏🏻,1
"1/1/25, 7:42 PM - +7 966 826-08-87 joined using this group's invite link",1
Meilleurs voeux 2025,1
Bonsoir il y'a 150 mil au pays besoin du *rouble taux Google* <This message was edited>,1
Wer Pasto 😅🤣,2
"1/2/25, 5:53 AM - +7 991 002-43-84 changed their phone number to a new number. Tap to message or add the new number.",1
"Bjr et bonne année à tous,svp besoins d'une place dans un appart ib svp",1
"1/2/25, 12:53 PM - +237 6 95 02 47 41 changed their phone number to a new number. Tap to message or add the new number.",1
"Une place disponible pour fille, non loin du métro новочеркасская (ligne orange) .",1
Intéressé ib,1
"le mois de Janvier à 5 semaines. vous croyez que si on ne travaille pas, on va manger quoi.  la janviose va tuer klk'un.",1
pardon envoyez les offres.,1
Hi 👋 guys we sell raw African products and cooked African meals,1
PRODUCTS              PRICES,1
Eru/okok.                  250r,1
Water leaf.                250r,1
Écrevisses/crayfish.  200r,1
-ndolè/bitter leaf.       250r,1
"-huile rouge/ red oil (0,5L) 550r/(1’5L) 1700r",1
-poisson séché/ dried fish  500r /600r,1
-poivre blanc /white pepper 150r,1
-poivre noir / black pepper 150r,1
-rondelles /washer     100r,1
-pépé/pepe.            100r,1
épices en sachet /epices in sachet.              100r,1
-piment / pepper 🌶️.     100r,1
-pistache /egusi.           150r,1
-cube crevettes /maggi crayfish.         45r,1
-kelen kelen /okra leaves.     200r,1
-secret (melange des épices)/kitchen glory spices.        100r,1
"-caramel d’arachide(0,5L)/peanut caramel .  250r",1
"-croquettes (0,5L) 300r",1
NB: Nos sont désormais en promotion  jusqu’au 15 janvier,1
📍saint -Petersburg station metro 🚈 черная речка 📍,1
+7 (991) 002-45-74,1
Bonne année à tous/ Happy new year to all🎊🎉🥳,1
Besoins de 6k au Cameroun,1
Y’a pas attieker dedans quoi ?,1
+,1
"Bsr et bonne fin de semaine à tous,svp besoins d'une place dans un appart ib svp",1
"1/3/25, 3:40 PM - Rodriguez Peter added ~ Que l'Éternel Veille 🙏",1
600mille frs cfa disponible au Cameroun besoin du rouble taux de Google Nb: la transaction se fait sur l'orange money 🤑,1
Moscou- Yaoundé,1
23kg disponibles,1
Lien du match svp,1
Lien du match svp 🙏🏾,1
Lien du match svp,1
⚡️ PROGRAMME DU SOIR ⚡️,1
➖➖➖➖➖➖➖➖➖➖➖,1
⚽️ LIGUE 1  🇫🇷,1
21H00 - NICE 🆚 RENNES,1
1. t.me/+ibM_MRVrQsIwZjYx,1
2. t.me/hunilive302?livestream,1
➖➖➖➖➖➖➖➖➖➖➖,1
⚽️ LA LIGA 🇪🇸,1
21H00 - VALENCE 🆚 REAL MADRID,1
1. t.me/+uMZ901BJ7Gk2NTFh,1
2. t.me/hunilive301?livestream,1
3. t.me/+Q_a73Uu5pDBkOWM0,1
4. t.me/+gVxHZ_juzxc2NWRk,1
5. t.me/Berrnabeunews?livestream,1
➖➖➖➖➖➖➖➖➖➖➖,1
⚽️ SUPERCOUPE 🇮🇹,2
20H00 - JUVENTUS 🆚 MILAN,1
1. t.me/bannousg541?livestream,1
2. t.me/hunilive300?livestream,1
3. t.me/premierlegeue30?livestream,1
4. t.me/+3tsJ7dyhD2QxMWVh,1
5. t.me/+9ZdAMLULijRhMjI0,1
➖➖➖➖➖➖➖➖➖➖➖,1
LES MATCHS PAS AFFICHÉ NE SONT PAS DISPO DONC ÉVITEZ DE DEMANDEZ MERCI.,2
➖➖➖➖➖➖➖➖➖➖➖,1
👻 BENZO3KS 👻,1
23kg disponibles Petersbourg - yde 9 janvier,1
"Bonsoir à tous, 300.000 fcfa au Cameroun, besoin du rouble.",1
Taux Google,1
Bonjour la famille,1
J'ai besoin urgemment d'une chambre,1
Bonjour besoin d'un photographe ib,1
"I,m live now",1
null,1
"230.000 fcfa disponible au Cameroun, besoin du rouble taux Google.",1
Vous prenez même l'argent là où ?,1
Vous ne dormez pas 😂😂😂😂⁉️⁉️,2
Massah,1
Tu connais taux yahoo bro 😐😐,1
"150.000 fcfa disponible au Cameroun, besoin du rouble taux Google.",1
.....,1
"1/5/25, 2:28 PM - +7 911 149-52-92 joined using this group's invite link",1
null,1
null,1
"1/5/25, 3:53 PM - +33 7 53 67 82 53 joined using this group's invite link",1
"Bonjour la famille, j'espère que tout le monde va bien ici",2
null,1
Bsr la famille besoin d'une place dans un appart svp ib,1
Bonjour les gars s’il vous plaît n’oubliez pas les liens des matchs c’est ça qui nous détend unpeu,1
Bonsoir.,1
Vérité absolue !,1
"Vous avez remarqué ici en Russie l'augmentation des prix des transport métro, bus , etc...",1
Svp on peut avoir les liens du match ?,1
"BannouBallondor, [5/01/2025 à 16:49]",1
🎆🎇Bonne année 2025🎆🎇,1
🇫🇷🏴󠁧󠁢󠁥󠁮󠁧󠁿Journée 5 Janvier,1
🚀 1Xbet : Créez un nouveau compte sur 1xbet avec le code promo BANNOU et obtenez jusqu’à 300$ sur votre premier dépôt.,1
Clique ici 👉🏼 https://shorturl.at/TnJTU,1
15h00: Rc Lens vs Toulouse,1
16h30: PSG vs Monaco,1
21h00: Marseille vs Le Havre,1
15h00: Fulham vs Ipswich,1
17h30: Liverpool vs Man Utd,1
Merci,2
Mon Dieu,1
"De nos jours aucun sénégalais ne devrait penser à quitter le Sénégal pour immigration  , C'est de l'ignorance absolue, le Sénégal actuel est mieux que la France et a un avenir radieux que la plupart des pays européens, si la gouvernance continue ainsi dans 10 -20 ans plutard , le Sénégal peut se classer dans les 20-30  pays propères au monde , pourquoi se faire abattre dans la brousse pour but aller en Europe 🤦‍♀️😭",0
Mon frère souhaite lui un bon rétablissement c'est tout l'Afrique est différent de l'Europe.Ce n'est pas un débat nous connais les réalités.wassalamou,1
23 kg disponible 09/12/2025,1
"Moscow>>douala , prix de rien (( ib)) pour infos",1
Est-ce qu'il y a quelqu'un au Cameroun qui vient à Saint-Pétersbourg? J’ai un colis svp <This message was edited>,1
C'est quelle genre de question ça massa😂😅,2
"Bonsoir et bonne année 2025. Il y a une monnaie électronique appelée Pi qui fait bouger la toile actuellement, c’est la plus élevée  sur le marché *1pi = 28 450Fcfa* vous pouvez vérifier.",1
"Obtenir les pis n’est pas difficile, tu as juste besoin d’une minute par jour et d’une connexion internet.",1
On a compris c'est l'essentiel 😂😂😂,2
"J’ai un groupe WhatsApp pour les instructions, j’ai pas l’autorisation de l’administrateur pour envoyer le lien du groupe ici. Donc ib",1
C'est philosophique,1
Pourquoi tu ne dors pas 😁,1
À bon,1
La Russie nous fait oublier le français que nous avons appris depuis plus de 20ans 🤣🤣🤣🤣,2
Je respecte,1
Bonjour à tous! 50.000 roubles besoin de Fcfa au pays. Intéressé Inbox,1
Bjr xaf disponible au pays (kmer) besoin du roubles ;je suis intéressé par les  échanges de minimum 50000 xaf et +++++,1
Taux Google uniquement intéressé ib <This message was edited>,1
"1/6/25, 2:18 PM - +7 977 700-06-10 joined using this group's invite link",1
parfois je cherche les mot en français ça ne vient pas. c l'anglais qui sort.,1
"BannouBallondor, [6/01/2025 à 14:55]",1
🇮🇹🏴󠁧󠁢󠁥󠁮󠁧󠁿Journée,1
20h00: Inter Milan vs Ac Milan,1
21h00: Wolves vs Nottingham,1
19h00: Minera vs Real Madrid,1
Bonsoir à tous,1
Besoin de 20k au pays ( Cameroun),1
Intéressé ib,1
"1/6/25, 10:14 PM - +7 968 616-21-10 joined using this group's invite link",1
C'est une bonne chose,1
Bjr comment allez vous,1
Bonjour à tous! 1M besoin du Fcfa. Un peu d’urgence svp,1
Fermé 👍🏾,1
20000mille???,1
C’est bon fermé,1
null,1
Opportunités pr les jeunes étudiants. Pour plus d'informations je suis la.,1
"1/7/25, 9:07 PM - +237 6 97 32 02 44 joined using this group's invite link",1
Salut svp qui connaît une personne qui voyage ou voyagera du bénin à Saint-Pétersbourg ou en Russie dans les jours ou mois à venir.,1
S’il vous plaît qu’il m’écrit en privé <This message was edited>,1
"1/8/25, 4:43 PM - ~ Mélissa was added",1
"1/8/25, 4:21 PM - +7 909 994-06-25 joined using this group's invite link",1
"1/8/25, 6:23 PM - +7 996 966-23-76 joined using this group's invite link",1
null,1
Bsr svp lien du match du Grand BARCA,1
Ton lien ne marche plus?,1
Qu’est-ce qui est grand sur toi?,1
Non bro,1
🤣🤣🤣,2
Je t'envoi autre,1
Lire et relire le texe,1
Sur eux désolé,1
C est le Barça qui est grand pas moi,1
👍,1
Je sais veux dire sur le barça mais mon clavier anglais si vraiment ?,1
Dis le barça pas le grand barça,1
🤣,2
Exactement,1
@79602647985,1
"Parent ,tu dis quoi au juste ,tu veux dire que Barça est grand??",1
Jamais,1
Voilà les gars du réal sont déjà la,1
+1 sur ta bénédiction 🤣,2
Real forever🤣🤣,2
Après on vas entendre les pleurs 😭 dans tout le quartier 🏘️🤣,2
"🤣🤣🤣 ,mais dans mon coupon ,j'ai pris victoire de Barça🤣🤣🤣",2
Choqué,1
🤣,2
Tu encourages la vie à t’enseigner chaque jour boss?,1
Comment ça🙃,1
Lien du match Barcelone svp,1
Ah le ballon est rond mais le barça n’aura mm pas le nul,1
🤣🤣🤣Tu es méchant dè,2
null,1
"1/8/25, 11:28 PM - Rodriguez Peter removed ~ Júnior💙",1
"Bonjour,besoin de 80000cfa au bénin 🇧🇯 je donne le rouble.",1
NB:inbox,1
Toujours disponible,1
Bonjour besoin d'un boulot,1
Dans saint-pétersbourg,1
Moi aussi  c'est très grave,1
"La famille il y a t il quelqu'un qui fais des empruntes pour interet l, c est urgent",1
Inbox,1
Moi aussi je veux l'argent mon doyen,1
😅😅😅😅,1
Bonsoir la famille!,1
"Besoin d'un colocateur pour un appartement de 2 chambres. Pour plus d'information, écrivez en inbox svp",1
Svp je peux voir la vidéo de ça,1
Qui a le lien du match du réal s'il vous plaît,1
"BannouBallondor, [9/01/2025 à 16:38]",1
🇸🇦🇪🇸Journée 9 Janvier,1
🚀 1Xbet : Créez un nouveau compte sur 1xbet avec le code promo BANNOU et obtenez jusqu’à 300$ sur votre premier dépôt.,1
Clique ici 👉🏼 https://shorturl.at/TnJTU,1
🟡Ils vont carrément supprimer notre compte Télégram. On migre vers Twitter. Les liens sont disponibles dans notre bio Twitter https://x.com/bannoutoday,1
18h00: Al Nassr vs Al Okhdood,1
20h00: Real Madrid vs Majorque,1
Fermé,1
Bonsoir j'ai le CFA besoin du rouble,1
Quelle pays,1
Cameroun,1
Je suis à la recherche d'une c'est urgent,1
Une quoi ?,1
Svp je suis à la recherche d'une place c'est urgent,1
"1/10/25, 8:24 PM - +7 929 965-92-10 joined using this group's invite link",1
"Salut,le continent y’a pas de voyage prévu dans les jours à venir ?",1
Un colis disponible au Cameroun 🇨🇲,1
Pour m’envoyer à Peter.,1
"Combien de kilos,?",2
Viens en inbox,1
Kilo disponible à Moscou départ du Cameroun le 16/01,1
"Bonsoir,roubles disponible besoin du cfa?",1
Cameroun 🇨🇲,1
"Svp, quelqu'un peut envoyer le numéro de la loi on va lire pour qu'on soit rassuré sur tout ce que le monsieur dit ?",1
"Les lois russe changent chaque seconde, gars. Les maux de tête que tu veux voir",1
Toujours besoin de cfa au Cameroun 🇨🇲,1
Yo la famille,1
90000f besoin du rouble taux google,1
"1/11/25, 6:30 PM - ~ Di_Uzi added ~ Ямен Ндомен Марио",1
Hi 👋 guys we sell raw African products and cooked African meals,1
PRODUCTS              PRICES,1
Eru/okok.                  250r,1
Water leaf.                250r,1
Écrevisses/crayfish.  200r,1
-ndolè/bitter leaf.       250r,1
"-huile rouge/ red oil (0,5L) 550r/(1’5L) 1700r",1
-poisson séché/ dried fish  500r /600r,1
-poivre blanc /white pepper 150r,1
-poivre noir / black pepper 150r,1
-rondelles /washer     100r,1
-pépé/pepe.            100r,1
épices en sachet /epices in sachet.              100r,1
-piment / pepper 🌶️.     100r,1
-pistache /egusi.           150r,1
-cube crevettes /maggi crayfish.         45r,1
-kelen kelen /okra leaves.     200r,1
-secret (melange des épices)/kitchen glory spices.        100r,1
"-caramel d’arachide(0,5L)/peanut caramel .  250r",1
"-croquettes (0,5L) 300r",1
NB: Nos sont désormais en promotion  jusqu’au 15 janvier,1
📍saint -Petersburg station metro 🚈 черная речка 📍,1
+7 (991) 002-45-74,1
Bonne année à tous/ Happy new year to all🎊🎉🥳,1
"🇷🇺🇧🇾 Aujourd'hui, l'accord entre la Russie et la Biélorussie sur la reconnaissance mutuelle des visas, signé en juin 2020, est (enfin) entrée en vigueur !",1
"Désormais, si un étranger dispose d'un visa pour l'un des pays, il pourra visiter les deux ou transiter par l'un d'eux. Si par contre un citoyen d'un pays tiers est soumis à un régime d'exemption de visa en Biélorussie et à un régime de visa en Russie, ou vice versa, un visa sera toujours requis.",1
Moi qui attendait ça pour visiter Minsk sans visa 😁,1
🤣🤣,2
"1/12/25, 12:51 PM - ~ Di_Uzi added ~ Эрнест оливье",1
Bjr 100mil au Cameroun 🇨🇲 besoin du rouble taux Google,1
Bonsoir la famille svp envoyé nous lien du classico,1
"BannouBallondor, [12/01/2025 à 09:18]",1
🇫🇷🇩🇪Journée 12 Janvier,1
🚀 1Xbet : Créez un nouveau compte sur 1xbet avec le code promo BANNOU et obtenez jusqu’à 300$ sur votre premier dépôt.,1
Clique ici 👉🏼 https://shorturl.at/TnJTU,1
🟡Ils vont carrément supprimer notre compte Télégram. On migre vers Twitter. Les liens sont disponibles dans notre bio Twitter https://x.com/bannoutoday,1
15h00: Le Havre vs Lens,1
15h00: Venice vs Inter Milan,1
16h00: Atletico vs Osasuna,1
20h45: PSG vs ASSE,1
16h00: Arsenal vs Man UTD,1
20h00: Real Madrid vs Barcelone,1
Merci beaucoup bro c'est gentil,2
Je t’en prie frangin. Je ne saurai me moquer de Barcelone seul tout à l’heure 😭😭💔🤣🤣😅🤣,2
On verra bien 😎,2
Besoin du personne ce soir pour faire le nettoyage à l'intérieur avec la machine.,1
3000 roubles.,1
Метро гражданский проспект,1
5 minutes du métro,1
"1/12/25, 7:26 PM - ~ Di_Uzi added ~ William",1
+,1
Fermé ❌❌❌,1
Lien du match svp,1
👆👆👆👆👆,1
Глаза у тебя???,1
Lien du match svp,1
Ah ah,1
🌍 Liens MyFoot ⚽️,1
➖➖➖➖➖➖➖➖,1
📺 19h00 - Real Madrid 🆚️ Barcelone,1
➡️ t.me/dinosstream31?livestream,1
➡️ t.me/ikztv77?livestream,1
➖➖➖➖➖➖➖➖️,1
📺 19h45 - Paris SG 🆚️ ASSE,1
➡️ t.me/dinosstream32?livestream,1
➡️ t.me/ikztv78?livestream,1
"BannouBallondor, [12/01/2025 à 09:18]",1
🇫🇷🇩🇪Journée 12 Janvier,1
🚀 1Xbet : Créez un nouveau compte sur 1xbet avec le code promo BANNOU et obtenez jusqu’à 300$ sur votre premier dépôt.,1
Clique ici 👉🏼 https://shorturl.at/TnJTU,1
🟡Ils vont carrément supprimer notre compte Télégram. On migre vers Twitter. Les liens sont disponibles dans notre bio Twitter https://x.com/bannoutoday,1
15h00: Le Havre vs Lens,1
15h00: Venice vs Inter Milan,1
16h00: Atletico vs Osasuna,1
20h45: PSG vs ASSE,1
16h00: Arsenal vs Man UTD,1
20h00: Real Madrid vs Barcelone,1
Merci,2
Besoin d'une personne demain pour faire le nettoyage à l'intérieur,1
3000 roubles.,1
Метро академическая,1
+,1
@221782876740 1,1
Fermé ❌❌❌,1
"1/13/25, 12:30 AM - +221 76 542 39 56 joined using this group's invite link",1
"TU AS UN DEVOIR DE MODELISATION, CALCUL DE STRUCTURES, BREF SUR BIM, TU N'AS PAS LE TEMPS, EN PRIVEE ON REGLE A L'AMEABLE😇🥰😀😁😎😇😇😇😇😇",1
Place disponible pour un garçon.,1
Loyers : 5000,1
Caution : 7000,1
Besoin d'une personne demain pour faire le nettoyage à l'intérieur,1
3000 roubles.,1
Метро академическая,1
+,1
+,1
@79992273382 1,1
Fermé ❌❌❌,1
5000roubles disponibles besoin du fcfa,1
Quel pays,1
Fermé❌,1
Fermer boss 😂😂,2
Oki merci,2
"200.000frs disponible au Cameroun, besoin du roubles (taux google)",1
60000fcf au Bénin. J'ai besoin de rouble,1
1500000 frc au pays j'ai besoin du rouble,1
"SAINT PETER, MOSCOU🇷🇺-DOUALA🇨🇲",1
👉13.02.2025,1
✅23kilos disponibles,1
✅ Envoyez vos documents,1
Tel: +7 952 375 53 90,1
"À l'entrée (intérieur) du métro parnas il y au moins 7-8 gars de l'immigration qui font le contrôle actuellement. Si vous êtes en situation I , évitez le coin pour ces quelques minutes.",1
👍👍,1
🤝,1
Solidarité obligé hein🤣✅✅✅,2
On est pas chez nous ici au cas où tu l'ignorais oublier. Les autres peuples font la même chose. Alors pas s'entraider entre nous noirs ?,1
Je n'ai pas dit le contraire hein,1
C'est même une très bonne idée,1
Je sais,1
450k  au pays Cameroun 🇨🇲 besoin du rouble taux,1
Salut besoin de deux places pour des garçons c'est urgent,1
Bsr svp lien du match,1
Bonsoir la famille!,1
"Besoin d'un colocateur pour un appartement de 2 chambres. Pour plus d'information, écrivez en inbox svp.",1
À 15min du métro гражданский. Le bus te laisse devant le bâtiment,1
🔥LIEN🔥,1
➖➖➖➖➖➖➖➖➖,1
📺 20h00 - Bourgoin 🆚 Lyon,1
📺 23h00 - Espaly 🆚 PSG,1
➡️ t.me/ikztv85?livestream,1
➖➖➖➖➖➖➖➖➖,1
📺 20h30 - Multiplex CDF🇫🇷,1
➡️ t.me/ikztv86?livestream,1
➖➖➖➖➖➖➖➖➖,1
📺 23h00 - Arsenal 🆚 Tottenham,1
➡️ t.me/ikztv87?livestream,1
➖➖➖➖➖➖➖➖➖,1
📺 23h00 - Barcelone 🆚 Real Betis,1
➡️ t.me/ikztv88?livestream,1
Douala Peter 23killlo ou 32killo en un un sac une fois,1
Le 22 janvier,1
🏴󠁧󠁢󠁥󠁮󠁧󠁿🇫🇷🇪🇸Journée 15 Janvier,1
🚀 1Xbet : Créez un nouveau compte sur 1xbet avec le code promo BANNOU et obtenez jusqu’à 300$ sur votre premier dépôt.,1
Clique ici 👉🏼 https://shorturl.at/TnJTU,1
🟡Ils vont carrément supprimer notre compte Télégram. On migre vers Twitter. Les liens sont disponibles dans notre bio Twitter https://x.com/bannoutoday,1
18h00: Bourgoin vs Lyon (30em minute ),1
21h00: Espaly vs PSG,1
18h30: Brest vs Nantes,1
20h30: Newcastle vs Wolverhampton,1
21h00:  Arsenal vs Tottenham,1
21h00: Barcelone vs Betis,1
"""С 5 февраля текущего года на базе информационного центра Министерства внутренних дел [РФ] заработает реестр иностранных граждан, незаконно находящихся на территории России. Этот реестр будет открыт для работодателей, всех частных предпринимателей, граждан Российской Федерации, которые имеют намерение заключить трудовое соглашение с иностранным гражданином. Они будут иметь возможность зайти в эту базу посредством интернета - это будет открытая база - и проверить, законно ли находится иностранный гражданин на территории Российской Федерации, и только после этого законом предоставляется право работодателю заключать с ним трудовое соглашение"", - сообщил первый замминистра внутренних дел России Александр Горовой.",1
"Горовой отметил, что нелегалам на территории РФ станут недоступными ряд государственных услуг, включая заключение и расторжение брака, банковские услуги, управление и регистрация транспорта, покупка авиа- и жд-билетов. По его словам, это приведет ""к осветлению нахождения иностранных граждан на территории нашей страны"".",1
"Первый замглавы МВД России отметил, что технически портал с реестром нелегалов уже готов к запуску, на данный момент правоохранители ведут работы по его наполнению. ""Туда [на портал] могут зайти все органы власти и перепроверить любого гражданина. Он будет ежесуточно обновляться, и мы надеемся на этот ресурс"", - подчеркнул он.",1
"Bonjour à tous, 550.000 fcfa disponible au Cameroun, besoin du roubles ( Taux Google)",1
Bsr 20mil au pays besoin du rouble taux Google,1
Cameroun 🇨🇲,1
Сooбщeниe oт ΜВД:,1
"Увaжaeмыe грaждaнe, для вaшeгo cвeдeния:",1
Прeдупрeждeниe o бeзoпacнocти:,1
"Прocим вac быть в курce тoгo, чтo cущecтвуeт группa людeй, кoтoрaя хoдит пo квaртирaм, выдaвaя ceбя зa coтрудникoв внутрeнних дeл. Они имeют при ceбe дoкумeнты и блaнки c cимвoликoй Μиниcтeрcтвa внутрeнних дeл и утвeрждaют, чтo им нeoбхoдимo прoвeрить нaличиe дeйcтвитeльных удocтoвeрeний личнocти у вceх жильцoв и cнять биoмeтрию в прeддвeрии прeдcтoящeй ""пeрeпиcи нaceлeния"". Выглядят прeзeнтaбeльнo. Μoгут нocить фoрму ΜВД.",1
"Они выcкaзывaют нaмeрeниe cдeлaть вaшу фoтoгрaфию/cнять oтпeчaтoк пaльцa ""в рaмкaх кaкoй-тo cхeмы"". При ceбe имeют нoутбук, биoмeтричecкoe уcтрoйcтвo и cпиcoк жильцoв. Они пoкaзывaют этoт cпиcoк и прocят прeдocтaвить вcю эту инфoрмaцию.",1
"Ηaпoминaeм, чтo никaких пoдoбных иннициaтив co cтoрoны Прaвитeльcтвa нe cущecтвуeт. Ηикaких биoмeтричecких дaнных прocьбa нe прeдocтaвлять! Двeрь нe oткрывaть! В дoм нe пуcкaть!! Μoгут coвeршaть крaжи и мoшeнничecтвa!",1
Ηe прeдocтaвляйтe никaкoй инфoрмaции бeз oфициaльных прoцeдур в учрeждeниях oргaнoв  влacти. Будьтe бдитeльными!,1
"Отпрaвьтe этo cooбщeниe вceм в вaшeм cooбщecтвe. Пoжaлуйcтa, cooбщитe cвoим ceмьям и друзьям. Прeдупрeдитe cвoих пoжилых рoдитeлeй и знaкoмых.",1
🔥LIEN 16/01🔥,1
➖➖➖➖➖➖➖➖➖,1
📺 20h00 - Manchester Utd🆚 Southampton,1
➖➖➖➖➖➖➖➖➖➖,1
📺 20h30 - Real Madrid 🆚 Celta Vigo,1
FERMÉ 🔒,1
Je n'ai pas reçu ma part.,1
Sberbank,1
+79517284756 <This message was edited>,1
Envoyez ma part,1
Gaaar,1
Envoyé la part de @79533644655 également,1
😄,1
"Bonsoir,  750000fcfa au Cameroun besoin du roubles svp",1
900mil en cfa besoin de rouble,1
1000000 besoin du rouble,1
C devenu une histoire de quoi,1
Vous vous êtes entendus ?,1
Choqué 🤣,2
Vraiment j ss dépassé Juska l autre di 1bat😂😂🤧🤧🤧 <This message was edited>,2
🙌🏽,1
Allez créer votre groupe des transferts.,1
Les gars svp j’ai vraiment besoin,1
C alors de notre faute si tu na personne pour t transférer?,0
C’est de notre faute si tu as beaucoup d’argent ?,0
Rodriguez est la je ne connais personne tu donne l’argent à Rodriguez on faire la transaction 😂😂😂,2
null,1
Lien du match svp,1
🔥LIEN 16/01🔥,1
➖➖➖➖➖➖➖➖➖,1
📺 20h00 - Manchester Utd🆚 Southampton,1
➖➖➖➖➖➖➖➖➖➖,1
📺 20h30 - Real Madrid 🆚 Celta Vigo,1
👍,1
Bonjour la famille dans la vie si tu veux être ignorant tu le sauras,1
Voici pourquoi les policiers était a Tyopliy Stan,1
Les cheveux noirs faisaient de faux documents de migration et autres cachet,1
Besoin de 50000 fcfa au cameroun je donne le rouble <This message was edited>,1
Touadera c'est un dictateur nègre de salon au servicede la francafrique. Il n'a jamais lutté pour l'intérêt des peuples centrafricains . Bref on espère qu'il va reprendre conscience,1
Fermé ❌❌❌,1
😳😳😳 Espérons vraiment !!,1
"1/17/25, 9:13 PM - +7 904 637-81-23 joined using this group's invite link",1
12killo Douala Moscou Bryan’s Petersburg 22janvier,1
"1/18/25, 9:16 AM - ~ Forestier added +7 951 655-49-50",1
Bonjour,1
Qui peut avoir 3place a Moscou actuellement,1
"1/18/25, 11:44 AM - +7 996 972-05-89 joined using this group's invite link",1
Bonjour a tous mes frères africain,1
10killo douala piter je veux 9000 rouble équivalent en franc cfa le 22javier ancien voyageur,1
Bonjour,1
"100k fcfa au Cameroun, besoin du rouble Taux Google",1
La des informations de l'occident,1
La Russie propose si tu veux tu rejoins l'armée,1
"Partout dans les rues il ya des panneaux publicitaires pour le contrat de l'armée,",1
Les média français euuuuh pardon 🤭,1
"Pour être honnête, ce sont eux nos frères qui ont voulus être dans le front, malgré les conséquences qui s’en suivent, par ce que la même en suivant, c’est bien clair et ce n’est pas argumenté du tout. Ils acceptent de faire des cuisines au front, qu’est ce que cela veut dire ? Faire des cuisines et autres ? Soyons nous même précis et clair, par ce que la Russie n’a pas le droit de faire ramener des africains et les envoyer au front hors de leur gré. Soit ils ont été trompés par leur propre frères, qui les ont menti, soit ils ont été attiré par la somme proposée. Donc soyons honnête nous qui sommes ici envers nos frères qui sont au pays, par ce que c’est eux nos frères. Et si c’est bénéfique comme certains le font à leurs frères, pourquoi donc n’est pas rejoindre le front vous qui êtes ici ? <This message was edited>",2
"Les médias français aiment trop faire des commentaires, quand il y a quelque chose. Et nous c’est après les conséquences qu’on les soutiennent, c’est pas du tout clair cette affaire.",1
"Si c’est comme le disent les médias français, pourquoi on a pas vu un jour un africain forcé d’aller rejoindre le front ?",1
C’est des n’importe quoi ils racontent en fait.,1
Je ne peux pas compter les camarades qui ont déserté et payer eux même leurs billets d'avions pour signer le contrat ici et cela continue par vague.,1
"Et encore après les conséquences, ils disent qu’ils ont été trompés ou forcés",1
Nous on vie ici en Russie,1
Tu as vu où on fait le recrutement forcé,1
Eux les français à l'époque quand les nazis les tué comme des fourmis ils étaient partis en Afrique pour prendre nos aïeux qui avaient fait la propagande pour ça .,1
France  fuck you,1
Si aujourd'hui l'africain se retrouve à des telle situation,1
C'est eux qui nous on enmener à ce stade,1
Avec autant des richesses que nous avons,1
Ils ont manipulé nos présidents,1
"Pour leur intérêt, volé nos richesses , divisé les peuples, massacré nos ancêtres,mutilé ,",1
Après il vient parler de l'aide,1
Chers africains réveillons nous,1
Quand ils volaient en Afrique ils avaient invité la Russie ?,1
Si aujourd'hui à L'Est du Congo 🇨🇩ya la guerre qui a fait plus des morts que celle de l'Ukraine pourquoi on en parle pas ?,1
Ce genre d'information ne faut même pas publier ça parceque ça donne la colère,1
Bien sûr que oui évidemment bro,2
Bonsoir svp lien du match de Barcelone,1
13h30: Newcastle vs Bournemouth,1
16h00: Brentford vs Liverpool,1
18h30: Arsenal vs Aston Villa,1
17h00: Lens vs PSG,1
19h00: Rennes vs Brest,1
21h05: Lyon vs Toulouse,1
21h00: Getafe vs Barcelone,1
15h30: Bayern vs Wolfsburg,1
Partager le lien du canal à max,1
📞Contacte pub: @flopman1,1
"1/19/25, 1:14 PM - +237 6 94 28 49 81 changed their phone number to a new number. Tap to message or add the new number.",1
bonsoir lien des match svp,1
"Bannousg542, [19/01/2025 à 15:20]",1
🇫🇷🏴󠁧󠁢󠁥󠁮󠁧󠁿🇮🇹Journée 19 Janvier,1
🚀 1Xbet : Créez un nouveau compte sur 1xbet avec le code promo BANNOU et obtenez jusqu’à 300$ sur votre premier dépôt.,1
Clique ici 👉🏼 https://shorturl.at/TnJTU,1
🟡Ils vont carrément supprimer notre compte Télégram. On migre vers Twitter. Les liens sont disponibles dans notre bio Twitter https://x.com/bannoutoday,1
15h00: Everton vs Tottenham,1
15h00: Man UTD vs Brighton,1
17h30: Ipswich vs Man City,1
16h15: Real Madrid vs Las Palmas,1
20h45: Inter Milan vs Empoli,1
20h45: Marseille vs Strasbourg,1
🔥19/01🔥,1
📺 15h00 - Man UTD 🆚 Brighton,1
📺 17h30 - Ipswich 🆚 Man city,1
📺 15h00 - Asse 🆚 Nantes,1
📺 17h05 - Angers 🆚 Auxerre,1
📺 20h45 - OM 🆚 Strasbourg,1
📺 16h15 - Real Madrid 🆚 las Palmas,1
📺 18h30 - Osasuna 🆚 Vallecano,1
📺 21h00 - Valance 🆚 Real sociedad,1
8killo disponible douala Peter,1
22janvier,1
Hala madrid 😎😎😎,1
C’est uniquement chez moi qu’il n’y a pas de son ou bien ?💔🤧,2
Même chez moi père,1
Ok j’arrête de pleurer 😭,0
Tu n’ignores rien,1
8 killo dispo Douala Moscou Petersbour,1
null,1
Kak boubou,1
"1/20/25, 4:51 PM - +7 952 214-57-24 joined using this group's invite link",1
Salut à tous et à toutes.,1
Départ prévu ce 28 Janvier.,1
Douala-Moscou,1
Moscou-Saint Petersbourg.,1
26kg disponibles.,1
1000rb/ kg,1
Nous prenons les enveloppes et les petits colis.,1
Intéressés ib.,1
I get faith,1
Besoin d’une chambre dans un appartement pour deux fille,1
"1/20/25, 8:05 PM - +7 901 321-80-05 joined using this group's invite link",1
"1/20/25, 9:18 PM - +7 910 013-08-73 joined using this group's invite link",1
Bnsr à tous.  Besoin d'une personne pour travailler dans une pâtisserie. *travail constant*,1
Intéressés ib,1
Je suis intéressé,1
Bjr 65000 disponible au pays besoins du roubles taux Google uniquement ; interessé ib merci,2
Fermé ❌❌❌,1
Slt grand 🙌,1
Bsr liens des matchs svp,1
🔥LIEN LDC 🔥,1
➖➖➖➖➖➖➖➖➖➖,1
📺 17h45 - Monaco 🆚 aston villa,1
📺 20h00 - Liverpool 🆚 Lille,1
➡️ t.me/dinosstream64?livestream,1
t.me/ikztv107?livestream,1
➖➖➖➖➖➖➖➖➖➖,1
📺 17h45 - atalanta 🆚 Sturm Graz,1
📺 20h00 - Atlético Madrid 🆚 Leverkusen,1
➡️ t.me/dinosstream65?livestream,1
t.me/ikztv108?livestream,1
➖➖➖➖➖➖➖➖➖➖,1
📺 20h00 - Benfica 🆚 Barcelone,1
➡️ t.me/dinosstream66?livestream,1
t.me/ikztv109?livestream,1
➖➖➖➖➖➖➖➖➖➖,1
📺 20h00 - MULTIPLEX LDC ⚽️,1
➡️ t.me/dinosstream67?livestream,1
t.me/ikztv110?livestream,1
"1/21/25, 10:41 PM - +7 910 464-86-30 joined using this group's invite link",1
Bsr 65000 xaf disponible au pas besoin du rouble taux Google ; intéressé ib,1
Merci,2
"Bonjour! Il faut bien écrire ✍ l'annonce, je suis intéressé au Gabon 🇬🇦.",2
"1/22/25, 1:09 PM - +258 84 542 9013 joined using this group's invite link",1
Bsr 265000 xaf disponible au pas besoin du rouble taux Google ; intéressé ib,1
Merci,2
65000fcfa au Cameroun besoin de 10100 rouble,1
9500,1
😂😂,2
Hj,1
"Soyez unpeu sérieux dans vos réponses. Ce n’est pas un jeu !! Sa famille s’inquiète, si quelqu’un n’a rien à dire de grâce qu’il s’abstient d’écrire des âneries.",1
Salot😁,1
Vraiment c’est pas sérieux,1
le lien dès matchs please,1
🔥LIEN🔥,1
➖➖➖➖➖➖➖➖,1
📺 18h45 - Shakhtar 🆚 Brest,1
📺 21h00 - Real Madrid 🆚 Salzburg,1
➡️ t.me/ikztv111?livestream,1
➖➖➖➖➖➖➖➖,1
📺 18h45 - Leipzig 🆚 Sporting,1
📺 21h00 - Multiplex Champions Ligue,1
➡️ t.me/ikztv112?livestream,1
➖➖➖➖➖➖➖➖,1
📺 21h00 - PSG 🆚 Man City,1
➡️ t.me/ikztv113?livestream,1
Merci bro,2
"BannouBallondor, [22/01/2025 à 15:13]",1
🇪🇺Journée 22 Janvier,1
🚀 1Xbet : Créez un nouveau compte sur 1xbet avec le code promo BANNOU et obtenez jusqu’à 300$ sur votre premier dépôt.,1
Clique ici 👉🏼 https://shorturl.at/TnJTU,1
🟡Ils vont carrément supprimer notre compte Télégram. On migre vers Twitter. Les liens sont disponibles dans notre bio Twitter https://x.com/bannoutoday,1
18h45: Leipzig vs Sporting,1
21h00: PSG vs Man City,1
18h45: Shaktar vs Brest,1
21h00:  Real Madrid vs Salzbourg,1
21h00:  AC Milan vs Girone,1
21h00: Arsenal vs Dynamo Zagreb,1
Doyen,1
🏃🏾‍♂️🏃🏾‍♂️🏃🏾‍♂️🏃🏾‍♂️🏃🏾‍♂️🏃🏾‍♂️,1
La sorcière vas y dormir,1
J'espere qu'il est en sécurité que le bon Dieu soit au contrôle,1
"1/23/25, 12:29 AM - ~ Di_Uzi added ~ Ça Ira",1
Bonjour la famille je veux 75 000 au Cameroun j'ai le rouple.,1
Gerons,1
Viens on gere,1
Ok,1
Bonsoir Besoin de 70.000p en gère face à face  l’argent est au Congo Brazzaville,1
Bonjour,1
C'est face à face là qui me fatigue 😁😁😁😁,1
Hahahaha vraiment bro 😂😂😂,2
Hummm c'est déjà arrivé au face to face ehh ashh ça cuit tu finis avec les points 🫡🫡,1
👆🏾,1
Terminé 👍👍😂😂,2
Toujours dispo?,1
Paix à son âme,1
Que lui est-il arrivé ?,1
!,1
C'est quel jargon ça ? 🤷🏾‍♂️,1
Il a peur de vous🤣🤣🤣,2
Je ne comprends bien,2
Bonsoir a tous j'ai 13 000 rp je veux le franc au Cameroun,1
Je te donne 8k,1
Tu fais ça comment ?,1
Toujours,1
Taux Google,1
Il est décédé en Espagne et ils cherchent qui le connaît et partagent donc sa photo.,1
Mais ils ont déjà trouvé sa famille.,1
C'est quel patois ? C'est langue?,1
"Oui, c'est une langue maternelle parlée en Guinée-Bissau.",1
Est-ce que c'est un groupe de Guinée-Bissau ici?,1
il semble que ce soit le cas.,1
null,1
"Je pense 💭 que ce groupe appartient aux Africains de Peter! Chaque pays a un groupe de sa communauté, mais ici tous les pays Africains sont au moins représentés dans la famille de Peter)))",1
Bonsoir studio libre vers dyviakino m’intéresse me ib,1
Blocke une fois,1
"447,867franc cfa au pays besoin du rouble",1
Besoin d'une chambre pour 4 juste pour 3 jours,1
Si vous avez Ib,1
Urgent u,1
null,1
Urgent svp,1
Family urgent même une nuit,1
🤝,1
17killo Douala Moscou peter,1
Dimanche,1
Скоро,1
il n'y a pas le manyanga dans ta liste là ?,1
"BannouBallondor, [25/01/2025 à 08:52]",1
🇫🇷🏴󠁧󠁢󠁥󠁮󠁧󠁿🇪🇸Journée 25 Janvier,1
🚀 1Xbet : Créez un nouveau compte sur 1xbet avec le code promo BANNOU et obtenez jusqu’à 300$ sur votre premier dépôt.,1
Clique ici 👉🏼 https://shorturl.at/TnJTU,1
🟡Ils vont carrément supprimer notre compte Télégram. On migre vers Twitter. Les liens sont disponibles dans notre bio Twitter https://x.com/bannoutoday,1
17h00: Monaco vs Rennes,1
16h00:  Liverpool vs Ipswich,1
16h00: Wolves vs Arsenal,1
18h30: Man City vs Chelsea,1
16h15: Atlético vs Villarreal,1
19h00: Strasbourg vs Lille,1
21h00: PSG vs Reims,1
21h00: Valladolid vs Real Madrid,1
Bonsoir les s’il te plaît les liens si ne diffuse pas possible d’avoir ce qui donne,1
Les bons ne sont pas encore dispo attend,1
Ok merci,2
Chaud chaud j'ai 1500 rouble je veux 10k au Cameroun le Djambo m'appelle 😓😓,1
❌❌,1
🔥LIEN🔥,1
➖➖➖➖➖➖➖➖➖➖,1
📺 16h00 - Monaco 🆚 Rennes,1
📺 18h00 - Strasbourg 🆚 Lille,1
📺 20h05 - PSG 🆚 Reims,1
➡️ https://t.me/hunilive459?livestream,1
➡️ t.me/dinosstream77?livestream,1
➖➖➖➖➖➖➖➖➖➖,1
📺 15h00 - Wolves 🆚 arsenal,1
📺 17h30 - Man city 🆚 Chelsea,1
📺 20h00 - Velladolid 🆚 Réal Madrid,1
➡️ https://t.me/hunilive460?livestream,1
➡️ t.me/dinosstream78?livestream,1
➖➖➖➖➖➖➖➖➖➖,1
📺 15h00 - Liverpool 🆚 ipswich,1
➡️ https://t.me/hunilive462?livestream,1
➡️ t.me/dinosstream79?livestream,1
Suis-je toujours le seul à ne pas avoir le son du reportage?😑,1
Oui,1
Bonsoir je cherche une chambre a saint Petersbourg,1
"1/26/25, 8:42 PM - ~ Di_Uzi added ~ mmasse336",1
Svp lien,1
"Bannousg542, [26/01/2025 à 16:56]",1
🇫🇷🏴󠁧󠁢󠁥󠁮󠁧󠁿🇪🇸Journée 26 Janvier,1
🚀 1Xbet : Créez un nouveau compte sur 1xbet avec le code promo BANNOU et obtenez jusqu’à 300$ sur votre premier dépôt.,1
Clique ici 👉🏼 https://shorturl.at/TnJTU,1
🟡Ils vont carrément supprimer notre compte Télégram. On migre vers Twitter. Les liens sont disponibles dans notre bio Twitter https://x.com/bannoutoday,1
15h00: Le Havre vs Brest,1
17h15:  Nantes vs Lyon,1
15h00: Tottenham vs Leicester,1
17h30: Aston Villa vs Westham,1
15h00: Crystal Palace vs Brentford,1
20h00: Fulham vs Man Utd,1
21h00: Barcelone vs Valence,1
100franc cfa besoin du rouble,1
100000 franc aux besoin du rouble taux Google,1
"Saint Petersbourg-Douala , Yaoundé",1
23kg,1
21 février,1
Le president actuellement a vastania  dans toute la zone le Reseau ne passe pas,1
"1/27/25, 9:12 PM - +237 6 90 92 32 28 joined using this group's invite link",1
"V. Poutine, le 23 janvier :",1
"«D'après mon ordre, un bureau de projet spécial sous la direction du Ministère de l'intérieur est en train d'être mis en place sur la base de l'Agence pour les initiatives stratégiques. Sa mission est d'apporter une assistance complète aux citoyens étrangers qui se déplacent dans notre pays, de les aider à s'installer, à trouver un emploi et à éduquer leurs enfants.»",1
Traduction intégrale du discours :,1
"Bonjour famille, qui aimerait envoyer de l'argent au pays?",1
null,1
Bonjour à tous,1
Besoin d’une place pour hommes.,1
Merci,2
Liens des matchs svp 🥹🤲,1
Bonsoir la famille svp j'ai un  document a récupérer au  Cameroun svp es qu'il y a quelqu'un qui voyage ici Cameroun - Moscou,1
C’est demain,1
Tout les match de C1 vont se jouer demain <This message was edited>,1
Ah merci,2
Bonsoir à mes gens svp besoin d’acheter les kilos,1
Yaoundé- Saint-Pétersbourg,1
"1/28/25, 11:02 PM - +7 993 971-49-67 joined using this group's invite link",1
Bonjour a tous besoin d'un coiffeur entre Leninski métro et Abtovo,1
Bonjour s'il y'a quelqu'un qui souhaite échanger au frais Google je suis dispo.,1
J'ai des cefa XOF,1
Bonjour à tous,1
Besoin d’une place pour hommes.,1
Merci,2
NB: maison et non travail,1
Bonjour à tous Besoin d’une place pour fille svp🙏,1
500k au pays besoin du rouble taux Google intéresser écrivez à Rodriguez et on fait l transaction,1
Il faut utiliser CASTER,1
bonsoir lien des matchs svp,1
C’est ça ici,1
🔥LIEN LDC 🔥,1
➖➖➖➖➖➖➖➖➖➖,1
📺 21h00 - PSG 🆚 Stuttgart,1
➡️ t.me/dinosstream92?livestream,1
➖➖➖➖➖➖➖➖➖➖,1
📺 21h00 - Brest 🆚 Réal Madrid,1
➡️ t.me/dinosstream93?livestream,1
➖➖➖➖➖➖➖➖➖➖,1
📺 21h00 - Inter Milan 🆚 Monaco,1
➡️ t.me/dinosstream94?livestream,1
➖➖➖➖➖➖➖➖➖➖➖,1
📺 21h00 - Lille 🆚 feyenoord,1
➡️ t.me/dinosstream95?livestream,1
➖➖➖➖➖➖➖➖➖➖➖,1
📺 21h00 - Barcelone 🆚 atalanta,1
➡️ t.me/dinosstream96?livestream,1
➖➖➖➖➖➖➖➖➖➖➖,1
📺 21h00 - Man City 🆚 Bruges,1
➡️ t.me/dinosstream97?livestream,1
➖➖➖➖➖➖➖➖➖➖➖,1
📺 21h00 - Multiplex LDC ⚽️,1
➡️ t.me/dinosstream98?livestream,1
💡 POUR NE PAS NOUS PERDRE ABONNEZ-VOUS : https://x.com/dinossleretour?s=21,1
📺 Notre Discord : CLIQUE ICI 👈 tuto bug son expliquez la bas,1
📺 IPTV : https://smarter-iptv.fr,1
"1/30/25, 11:35 AM - +237 6 54 56 13 72 changed their phone number to a new number. Tap to message or add the new number.",1
"Attends voir, tu vends sa?",1
"Le logiciel est avec moi, à installer  ou à vendre en setup  ça depend de tes moyens 🤷‍♂️ <This message was edited>",1
Aahh je vois,1
Merci,2
Intéressé ib,1
Метро комендантский проспект,1
Bonsoir à tous 100k au Cameroun besoin du rouble taux Google,1
‼️ ATTENTION ‼️,1
"Des personnes désireuses de représenter la Fédération Internationale du Karaté all-style ( *FIKAS* ) et la Ligue Internationale du Self-defense ""SUNAO"" dans son pays, peuvent contacter le numéro : +7(952) 241 75 33 pour plus d'informations.",1
Le représentant officiel a pour objectifs:,1
- Vulgariser le karaté all-style et le self-defense SUNAO  dans son pays.,1
- Fait participer l'équipe Nationale de son pays au championnat du monde et au Festival International chaque année .,1
"Chers clients,",1
"Nous tenons à vous informer qu'en raison de signalements malveillants et motivés par la jalousie, notre compte WhatsApp direct a été temporairement bloqué pour une durée de 48 heures. Nous faisons tout notre possible pour résoudre cette situation dans les plus brefs délais.",1
"En attendant, nous vous encourageons à nous contacter via notre second numéro WhatsApp, avec lequel vous conversez actuellement, au +7 900 359-80-82. Vous pouvez également nous joindre sur Telegram au numéro +7 9670757733. Voici le lien direct pour accéder à notre canal Telegram : https://t.me/Teams7Gservices.",1
Nous vous remercions pour votre compréhension et votre soutien continu. Nous restons à votre disposition et nous sommes impatients de vous aider.,2
Bounga Kwagne Gaius,1
Le Responsable,1
Ib,1
10400 rouble besoin de 70k au Cameroun maintenant <This message was edited>,1
❌❌,1
Tu as fini ?,1
Tu voulais aussi ??,1
"*Svp, qui voyage Douala/Yaoundé - Saint Pétersbourg dans les jours avenirs... ?*",1
Bonjour,1
Saint Petersburg-Douala- Yaoundé. Kg disponible,1
Le lien des matchs svp,1
🔥LIEN🔥,1
➖➖➖➖➖➖➖➖➖➖,1
📺 17h00 - Brest 🆚 PSG,1
📺 19h00 - Monaco 🆚 Auxerre,1
📺 21h05 - Lille 🆚 Asse,1
➡️ t.me/dinosstream107?livestream,1
➖➖➖➖➖➖➖➖➖➖,1
📺 13h30 - Nottingham 🆚 Brighton,1
📺 16h00 - Bournemouth 🆚 Liverpool,1
📺 18h30 - Atlético Madrid 🆚 Mallorca,1
📺 21h00 - Espanyol 🆚 Real Madrid,1
➡️ t.me/dinosstream108?livestream,1
➖➖➖➖➖➖➖➖➖➖,1
📺 15h00 - UFC Figth NIGTH 🥊,1
📺 18h00 - ADESANYA VS IMAVOV 🥊,1
➡️ t.me/dinosstream109?livestream,1
➖➖➖➖➖➖➖➖➖➖➖,1
📺 19h30 - Hexagone MMA 24 🥊,1
➡️ t.me/dinosstream110?livestream,1
💡 POUR NE PAS NOUS PERDRE ABONNEZ-VOUS : https://x.com/dinossleretour?s=21,1
📺 Notre Discord Discussion : Clique ici 👈,1
📺 IPTV : https://smarter-iptv.fr,1
Merci beaucoup,2
null,1
null,1
Bonsoir lien des matchs d’aujourd’hui svp,1
🔥LIEN🔥,1
➖➖➖➖➖➖➖➖➖➖,1
📺 15h00 - Toulouse 🆚 Nice,1
📺 17h15 - Rennes 🆚 strasbourg,1
📺 20h45 - OM 🆚 OL,1
➡️ t.me/dinosstream115?livestream,1
➖➖➖➖➖➖➖➖➖➖,1
📺 15h00 - Brentford 🆚 Tottenham,1
📺 17h15 - Reims 🆚 Nantes,1
➡️ t.me/dinosstream116?livestream,1
➖➖➖➖➖➖➖➖➖➖,1
📺 15h00 - Man UTD 🆚 Crystal palace,1
📺 17h30 - arsenal 🆚 Man City,1
➡️ t.me/dinosstream117?livestream,1
➖➖➖➖➖➖➖➖➖➖➖,1
📺 14h00 - Barca 🆚 alaves,1
📺 17h15 - Le havre 🆚 Angers,1
➡️ t.me/dinosstream118?livestream,1
💡 POUR NE PAS NOUS PERDRE ABONNEZ-VOUS : https://x.com/dinossleretour?s=21,1
📺 Notre Discord Discussion : Clique ici 👈,1
📺 IPTV : https://smarter-iptv.fr,1
Merci,2
Peter - Douala,1
Le 07,1
23killo s dispo,1
🌟  *Message Important à tous les membres du Quartier !*  🌟,1
"💔 Nous tenons à vous informer que vendredi dernier, notre compte WhatsApp 📲 direct a été temporairement bloqué ❌ en raison de plusieurs signalements malveillants📵, motivés par la jalousie et l'esprit endiablé.  😔C'est une nouvelle tactique qui est utilisée par certaines personnes👥 assoiffées par le contrôle total d'un marché financier🛗 qui consiste à signaler📵 en masse  un compte ou une publication d'un concurrent 🧑🏽‍💻 ou d'une personne qu'on ne veux pas voir évoluer🔒 et ainsi obtenir le blocage ❌ de son compte et ainsi le mettre hors jeux ( *+ de 50 signalement de compte WhatsApp 📲 minimum dans un temps réduit⏱ Son nécessaire* ).",1
"Mais comme on dit : *""J'aime ceux qui pour briller n'éteignent pas lumière des autres.""*  ✨",1
✅ *Nous sommes heureux de vous annoncer que le problème est désormais résolu🫶 et que nous sommes de nouveau pleinement 🤌opérationnels !*  🎉,0
✅📞 Vous pouvez nous contacter sur notre numéro officiel : *+7 967 075 77 33* . N’hésitez pas à écrire directement en utilisant ce lien : https://wa.me/message/RXYGHGVG7NFSJ1.,1
"🔍  _De plus, si quelqu'un parvient à nous fournir des informations sur l'individu 🗣 à l'origine de ces signalements, ou si une personne 👤 ayant participé à ce signalement souhaite se manifester dans l'anonymat, une récompense sera offerte._  💰",1
"*Nous ✍avons soumis une requête à Meta🔅 pour avoir  la liste📃 des personnes ayant participé à ce signalements🧨, si la requête est positive✅, nous n'hésiterons pas à afficher la liste 📃 des personnes impliquées🖤*",1
"*Nous restons🙏 déterminés à vous offrir un service de qualité✅, que même le QUARTIER TÉMOIGNERA TOUJOURS et ne laisserons pas les actes malveillants nous arrêter !*",1
"_Ensemble, continuons à briller !_  💪✨",1
🙏 *Merci pour votre soutien inconditionnel !* ❤️,2
"Cordialement,",1
*L'équipe 7G SERVICES*,1
Besoin de 2 personnes demain au métro комендантский проспект. Le travail consiste à faire le nettoyage et autres petites tâches.,1
8h de travail  + 1h de pause,1
3000 рублей,1
+,1
Fermé ❌❌❌,1
"2/3/25, 8:52 PM - Gaius Bounga Kwagne joined using this group's invite link",1
"Bonsoir à tous, 200000 FCFA au Cameroun besoin du roubles svp",1
❤️‍🔥,1
Bonjour à tous,1
Besoin d’une place pour hommes.,1
Merci,2
NB: maison,1
Bonsoir à tous Besoin d’une place pour fille svp🙏,1
Place disponible pour une fille,1
Le prix,1
Je laisse avec le câble à 2500r frère,1
Taille de l'écran,1
Bsr .23 kg a vendre douala -moscou,1
Quand boss,1
Le 15 février,1
Besoin d'un boulot,1
You deleted this message,1
You deleted this message,1
"Bonsoir famille  23 kilo disponible départ le 12 Saint Pétersbourg  Moscow , Moscou Douala  et Bafoussam 800rub  le  kilo",1
"2/5/25, 8:56 AM - +7 953 818-31-14 joined using this group's invite link",1
11000 rouble besoin de 75k au camer,1
Tu ne dis même pas *Taux Google tu veux toi 75k Bravo*,2
❌❌,1
Reste la Attend Bro,1
Je ne suis pas un bro abeck,1
Désolé,1
"Bonjour la famille, svp j'ai besoin du contact de celui qui donne les cours de russe à domicile urgemment 🙏",1
Moi même je donne les cours,1
null,1
"2/5/25, 6:29 PM - +7 999 993-44-06 joined using this group's invite link",1
23 kilos disponibles,1
Départ le 12février,1
➡️ Yaoundé ➡️Douala➡️Moscou,1
"Bonsoir, y a-t-il quelqu'un à Moscou qui compte rentre à Saint-Pétersbourg demain ?",1
Salut lien du match,1
🇫🇷🏴󠁧󠁢󠁥󠁮󠁧󠁿🇪🇸Journée 5 Février,1
"ON BOOST CE COMPTE TWITTER SVP, L’ancien compte a été supprimé",1
🚀 1Xbet : Créez un nouveau compte sur 1xbet avec le code promo BANNOU et obtenez jusqu’à 300$ sur votre premier dépôt.,1
Clique ici 👉🏼 https://shorturl.at/TnJTU,1
20h45: Strasbourg vs Angers,1
21h00: Newcastle vs Arsenal,1
21h00: Leganes vs Real Madrid,1
21h30: AC Milan vs Rome,1
En vrai,1
"Saint petersbourg, Mouscou -Douala , Yaoundé",1
25 février,1
Kilos disponible,1
Document aussi,1
"Salut, je recherche une place pour un garçon",1
Besoin de 7.5 kilos du Cameroun pour Moscou 🙏🙏,1
Besoin d'une place pour un garson dans une chambre au métro Parnas,1
Maintenant,1
Depart 15 février,1
Saint-Petersburg——Douala,1
23kilo disponible,1
IB,1
Confiance,1
"J’ai 3 sac de blé,ib🙈",1
On sent un ukrainien 😂,2
Départ le 12 Petersbourg Douala 23 kilo disponible,1
"Les amis, Moi Raoul Moussa je ne suis pas un omniprésent.",1
📍En français facile,1
*Je ne travaille pas partout*,1
J'ai écrit ici et ailleurs pour l'argent dans les Comptes Bancaires des Africains (Carte Bancaire) des Africains en situation d'illégalité sur le territoire de la Fédération de Russie.,1
💡 *Je réitère :*,1
👇🏽👇🏽,1
"📍Tu es en situation d'illégalité sur le territoire de la Fédération de Russie, ton argent dans ta carte bancaire c'est 10 000 roubles.",1
"💡Le plus , tu gardes l'argent de 2 mois de loyer mensuel et le mangé dans ta valise à clés 🗝️🔐",1
✅Le surplus directement au pays,1
🚨Si tu reçois un message de Ta Banque Russe disant que tu dois te rendre au MVD RUSSE ( МВД РФ по городу ....)  pour justifier de ton Compte Bancaire ....,1
"⚖️Si tu n'es pas situation légale sur le territoire de la Fédération de Russie ,",1
Ce chemin peut être sans retour à la maison,1
🦻🏽👌🏽,1
"Qui comprend, comprend.",1
Citation :,1
"*Celui-là qui ne comprend pas ici , comprendra ailleurs.*",1
"Cordialement,",1
Raoul Moussa.,1
Oké🤝👂🏾👂🏾🫶,1
Une place disponible celui qui est intéressé inbox,1
Bonsoir .douala-moscou 23kg a vendre,1
02 places disponibles pour hommes,1
Loyer 5 000 rp chacun,1
Caution : 5000 rp est payé une seule fois et est rembourse le jour de votre départ.,1
Commission :3000rp,1
La maison est a 8 minutes du métro dybenka <This message was edited>,1
OK,1
Besoin d’une chambre à ладожкауа,1
Lien du match svp,1
"BannouBallondor, [8/02/2025 à 07:32]",1
🇫🇷🏴󠁧󠁢󠁥󠁮󠁧󠁿🇩🇪🇪🇸Journée 8 Février,1
"L’ancien compte Twitter a été supprimé, pour ne pas perdre de trace veuillez vous abonner ici",1
🚀 🚀 1Xbet : Créez un nouveau compte sur 1xbet avec le code promo BANNOU et obtenez jusqu’à 300$ sur votre premier dépôt.,1
Clique ici 👉🏼 https://refpa4219945.top/L?tag=d_2185041m_1599c_&site=2185041&ad=1599&r=registration/,1
17h00: Nice vs Lens,1
19h00: Lille vs Le Havre,1
20h30: Asse vs Rennes,1
21h00: Real Madrid vs Atletico,1
15h30: Dortmund vs Stuttgart,1
16h00: Wigan vs Fulham,1
18h45: Birmingham vs Newcastle,1
21h00: Brighton vs Chelsea,1
Salut à tous,1
Besoin urgent d'une place pour garson dans une chambre métro Parnas,1
Метро гражданский проспект attention soyez prudent.,1
null,1
Bsr liens des matchs svp,1
🔥LIEN 09/02🔥,1
➖➖➖➖➖➖➖➖➖➖,1
📺 15h00 - Lyon 🆚 Reims,1
📺 17h15 - Strasbourg 🆚 Montpellier,1
📺 20h45 - Angers 🆚 Marseille,1
➡️ https://t.me/hunilive548?livestream,1
➖➖➖➖➖➖➖➖➖➖,1
📺 17h30 - RB. Leipzig 🆚 ST. Pauli,1
📺 21h00 - Séville 🆚 Barcelone,1
➡️ https://t.me/hunilive549?livestream,1
➖➖➖➖➖➖➖➖➖➖,1
"🔴📌 TUTO : Pour accéder aux prochains liens, voici la démarche à suivre ⤵️",1
💬 Envoie un DM à @dmhuni il te répondra directement avec les liens,1
⛔COLLAB/PUB : @hunisupporttv,1
"2/10/25, 12:10 PM - +237 6 90 92 32 28 changed their phone number to a new number. Tap to message or add the new number.",1
Slt à tous,1
400mil o pays besoin du rouble,1
Taux Google,1
Une place disponible dans studio pour deux,1
Good evening everyone: please add this our brother in the group,1
+79998723345,1
null,1
"2/11/25, 6:55 PM - +7 999 872-33-45 joined using this group's invite link",1
"2/11/25, 7:02 PM - +237 6 55 46 91 43 joined using this group's invite link",1
Bonsoir la famille,1
bsr lien des matchs svp,1
Les Liens des matchs nor svp,1
Vous supportez quel club ici svp merci 🥲?,2
Tous les clubs qui jouent aujourd'hui,1
Je parle de Réal vs City,1
🔥LIEN 11/02🔥,1
➖➖➖➖➖➖➖➖➖➖,1
📺 18h45 - Brest 🆚 PSG,1
📺 21h00 - Man City 🆚 Real madrid,1
➡️ https://t.me/hunilive555?livestream,1
Génie,1
Fou,1
PETERSBURG-MOSCOU————Douala.   20 kilos disponibles. Départ le 15- février. Intéressé IB,1
Bsr 50k au pays besoin du rouble,1
Google,1
Femer,1
Bonsoir la famille si vous plaît le lien du match,1
🇪🇺Journée 12 Février,1
"L’ancien compte Twitter a été supprimé, pour ne pas perdre de trace veuillez vous abonner ici",1
🚀 🚀 1Xbet : Créez un nouveau compte sur 1xbet avec le code promo BANNOU et obtenez jusqu’à 300$ sur votre premier dépôt.,1
Clique ici 👉🏼 https://refpa4219945.top/L?tag=d_2185041m_1599c_&site=2185041&ad=1599&r=registration/,1
18h45: Club Bruges vs Atlanta,1
21h00: Celtic vs Bayern Munich,1
21h00: Monaco vs Benfica,1
21h00: Feyenoord vs AC Milan,1
20h30: Everton vs Liverpool,1
La guerre c’est le plan 🇨🇲💔🤲😭,0
Ce n'est pas possible ça...,1
*Cameroun ➡️ Russie*,1
*_Yaoundé ➡️ Douala ➡️ Moscou*_,1
50 kilos disponibles Départ le 18 février,1
Intéressé *IB*,1
Slt la team besoin de 20 mille FCFA au pays,1
"Salut la famille, je veux 100k au pays, je donne le rouble",1
"Salut, vous votre pays c'est ou? Moi j'ai 125.000FCFA AU GABON 🇬🇦 ET J'AI BESOIN DU ROUBLES)))",1
Bonjour besoin de cfa,1
"Besoin de quelqu’un qui quitte le Cameroun pour la Russie ( saint Petersbourg, Moscou ) urgent svp 🚨🚨🚨",1
50kg disponible Douala -moscow départ le 18-02,1
Elle est juste une inconsciente tout simplement. C'est dure de le dire.,1
Téléphone iPhone 12  256Gb à vendre,1
Durée d’utilisation : 1annee 4mois .,1
Batterie : 80% .,1
Pas ouvert et pas de panne.,1
Garantie 3mois,1
Bon prix .,1
Intéressé inbox,1
Le prix,1
Inbox,1
"10.000p maintenant, tu dit quoi?",1
Achète du kfc avec,1
🤣🤣🤣🤣,2
Pourquoi tant de haine ?,1
C’est pas un débat.,1
"Si tu es intéressé, viens en inbox.",1
C’est nest pas un iPhone X 😂,2
"Hello My dear African friends, it is time for your support.",1
Please comment in your language🤝,1
Share to your Friends,1
Happy valentine day🌹🌹🥰🥰,1
13kg disponibles  .a vendre .doula moscou 19 février,1
CFA disponible besoin du rouble taux Google 🙏,1
Ib,1
Ib,1
Bjr à tous. Besoin de 4 personnes demain  au метро Политехническая. Le travail consiste à faire le nettoyage.,1
8h de temps  + 1h de pause,1
3000 рублей,1
+,1
+,1
+,1
+,1
+,1
+,1
+,1
@79165489632 1,1
+,1
+,1
+,1
@79995695836 2,1
+,1
+,1
@23560868551 3,1
Fermé ❌❌❌,1
Boss Eric Mandala 😌,1
🤣🤣,2
😎,1
Doyen🙌🏾,1
"Hello My dear African friends, it is time for your support.",1
Please comment in your language,1
Share to your Friends,1
Happy valentine day🌹🌹🥰🥰,1
Euilll Pardon c’est toi le doyen,1
+,1
"2/14/25, 3:40 PM - +237 6 75 37 39 84 joined using this group's invite link",1
PETERSBURG-MOSCOU————Douala—  Yaoundé.20 kilos disponibles. Départ le 20 février. Intéressé IB,1
null,1
Bsr 23 kilos disponible Saint Peter jusqu’à yde et Douala  800 le kilo intéressé ib merci 🙏,2
Départ le 17 février,1
Le lien des matchs si vous plaît,1
Si vous plaît les gars,1
🔥LIEN 14/02🔥,1
➖➖➖➖➖➖➖➖➖➖,1
📺 21h00 - Brest 🆚 Auxerre,1
➡️ https://t.me/hunilive562?livestream,1
➖➖➖➖➖➖➖➖➖➖,1
📺 20h00 - Multiplex Ligue 2 ⚽️,1
➡️ https://t.me/hunilive563?livestream,1
➖➖➖➖➖➖➖➖➖➖,1
📺 21h00 - Brighton 🆚 Chelsea,1
➡️ https://t.me/hunilive564?livestream,1
➖➖➖➖➖➖➖➖➖➖,1
"BannouBallondor, [14/02/2025 à 14:42]",1
🌹🌷❤️Journée 14 Février,1
"L’ancien compte Twitter a été supprimé, pour ne pas perdre de trace veuillez vous abonner ici",1
🚀 🚀 1Xbet : Créez un nouveau compte sur 1xbet avec le code promo BANNOU et obtenez jusqu’à 300$ sur votre premier dépôt.,1
Clique ici 👉🏼 https://refpa4219945.top/L?tag=d_2185041m_1599c_&site=2185041&ad=1599&r=registration/,1
20h00: Multiplex Ligue 2,1
21h00: Brighton vs Chelsea,1
20h45: Brest vs Auxerre,1
🔥LIEN 14/02🔥,1
➖➖➖➖➖➖➖➖➖➖,1
📺 21h00 - Brest 🆚 Auxerre,1
➡️ https://t.me/hunilive562?livestream,1
➖➖➖➖➖➖➖➖➖➖,1
📺 20h00 - Multiplex Ligue 2 ⚽️,1
➡️ https://t.me/hunilive563?livestream,1
➖➖➖➖➖➖➖➖➖➖,1
📺 21h00 - Brighton 🆚 Chelsea,1
➡️ https://t.me/hunilive564?livestream,1
➖➖➖➖➖➖➖➖➖➖,1
500k au Cameroun 🇨🇲 besoin du roubles taux Google,1
Intéresser ib,1
Rouble ou FCFA?,1
Rouble disponible besoin du $ canadien,1
Bonjour à tous,1
Besoin de 15000 au cameroun,1
Rouble disponible,1
Ferme ❌,1
Une chambre disponible et une place entre le métro dradanky et  prochechinya intéressé me ib,1
Le premier métro là c'est où bro,1
"Je wanda, depuis la je cherche sur la carte, je ne trouve pas 😂😂😂",2
Salut lien du match réal svp,1
❄️❄️❄️Journée 15 Février,1
"L’ancien compte Twitter a été supprimé, pour ne pas perdre de trace veuillez vous abonner ici",1
🚀 🚀 1Xbet : Créez un nouveau compte sur 1xbet avec le code promo BANNOU et obtenez jusqu’à 300$ sur votre premier dépôt.,1
Clique ici 👉🏼 https://refpa4219945.top/L?tag=d_2185041m_1599c_&site=2185041&ad=1599&r=registration/,1
13h30: Leicester vs Arsenal,1
16h00: Man city vs Newcastle,1
18h30: Crystal Palace vs Everton,1
16h10: Osasuna vs Real Madrid,1
18h30: Leverkusen vs Bayern Munich,1
17h00: Marseille vs ASSE,1
19h00: Monaco vs Nantes,1
21h05: Toulouse vs PSG,1
16h00: Fulham vs Nottingham,1
Merci chef,2
1 0 pour le real,1
"Besoin d’un départ Yaoundé, Douala jusqu’à saint petersbourg",1
Urgent svp 🙏🏼,1
Tu connais,1
Bonsoir svp lien des match,1
"Montpellier Vs Lyon, [16/02/2025 à 17:27]",1
🔥LIEN🔥 16/02,1
➖➖➖➖➖➖➖➖➖➖,1
📺 16h00 - Liverpool 🆚 Wolves,1
📺 18h15 - Lens 🆚 Strasbourg,1
📺 21h45 - Rennes 🆚 Lyon,1
🔥🔥 Lien du Match 👇 :,1
📺 14h00 - Montpellier 🆚 Lyon,1
📺 18h15 - Reims 🆚 Angers,1
📺 21h45 - Juventus 🆚 Inter,1
🔥🔥 Lien des Match 👇:,1
📺 18h15 - Le Havre 🆚 Nice,1
📺 19h30 - Tottenham 🆚 Man United,1
🔥🔥 Lien du Match 👇 :,1
⚠️ Canal Secours 👉 : https://t.me/+D0mBWAdH8pM3ZGI0 https://t.me/hunilive775/96,1
доступно для аренды,1
"-Мини-студия с двуспальной кроватью (свой душ и туалет)📍 Адрес: Санкт-Петербург, ул. Серпуховская, д. 25",1
"🚇 Метро: Технологический институт - 5 мин. пешком, Пушкинская – 12 мин. пешком.",1
"Предоставляем плиту/мультиварку. Холодильник, стиральная машина, чайник в общем доступе.",1
💰Условия:,1
Цена: 21999 за мини-студию поменьше,1
24999 за мини-студию побольше,1
"+4000 КУ (в эту сумму входят все КУ, вода, электричество и интернет)",1
Залог: 1 месяц,1
✅ Преимущества:,1
-Без комиссии,1
-Метро в шаговой доступности,1
-Бесплатный Wi-Fi,1
-Парковка,1
-Детская площадка,1
"-Вся инфраструктура: аптеки, магазины и кафе, школа и детский сад, торговые центры",1
-Хороший район и приличные соседи,1
"23 kg disponible, st Petersburg-moscow- Douala- Yaoundé",1
"20 février 650 roubles kilo, 800 roubles documents importants",1
*Cameroun-Saint Pétersbourg kilos disponible ?*,1
Tape sur Facebook,1
Besoin de 100000fcfa au Cameroun roubles disponible,1
Je veux 20 mil rouble FCFA disponible,1
Bonsoir à tous place disponible,1
Loyer 5 000 rp,1
Cotion 5000 rp,1
Comition: 3000rp,1
+,1
доступно для аренды,1
"-Мини-студия с двуспальной кроватью (свой душ и туалет)📍 Адрес: Санкт-Петербург, ул. Серпуховская, д. 25",1
"🚇 Метро: Технологический институт - 5 мин. пешком, Пушкинская – 12 мин. пешком.",1
"Предоставляем плиту/мультиварку. Холодильник, стиральная машина, чайник в общем доступе.",1
💰Условия:,1
Цена: 21999 за мини-студию поменьше,1
24999 за мини-студию побольше,1
"+4000 КУ (в эту сумму входят все КУ, вода, электричество и интернет)",1
Залог: 1 месяц,1
✅ Преимущества:,1
-Без комиссии,1
-Метро в шаговой доступности,1
-Бесплатный Wi-Fi,1
-Парковка,1
-Детская площадка,1
"-Вся инфраструктура: аптеки, магазины и кафе, школа и детский сад, торговые центры",1
-Хороший район и приличные соседи,1
Place disponible pour garçons,1
Loyer : 5000rp est payé chaque mois.,1
Cotion: 5000rp est payé une seule fois et remboursé le jour de votre départ,1
Caution : 3000 rp est payé une seule fois.,1
Nb: vous pouvez avancer et fini les payements pendant le mois.,1
On va tout lire avec vous 😂😂,2
Tu prends la caution 2 fois ?,1
Et l'autre caution de 3000 roubles n'est plus remboursable c'est ça?😂😂😂😂😂😂😂,2
Je voulais dire commission,1
Donc tu est déjà dans le Business?,1
Non frère je cherche une personne pour me remplacer dans ma chambre car je voyage.,1
"Cool alors ,bon voyage !",1
Merci grand. Bonne continuer des études et beaucoup de chance à toi. Tu est vraiment un ami.,2
Merci! Merci!,2
On est ensemble!!👏,1
Oui oui je connais,1
J'essaie de l'avoir,1
Tu as trouvé la personne?,1
C'est où exactement?,1
Quel metro proche,1
Umlytsa dybenka,1
Chambre disponible intéressé me ib,1
"Tout ceux qui veulent se regulariser,  voila un frere qui a fait la procedure.",1
Fais attention ⚠️,1
Développe,1
Hum,1
Je tassur,1
Si tu veux faire attention comme j'ai dis c'est bon au cas contraire tu peux aller te livré,1
Comme un frère qui est dans ce groupe est parti se livré par ignorance,1
Ayant même l'acte de mariage,1
null,1
Personne ne peut se marier ici quoi,1
😄😄😄,1
Tu aimes voir avant de confirmer 😄,1
Bonne chance,1
On vous dit de faire juste attention c’est du français les gars !! Faites attention est ce qu’il a dit de ne pas faire??,1
A ta place je m’approcherai de lui pour mieux apprendre plus,1
Ça,1
Ne lisez pas pour répondre mais pour comprendre avant de répondre svp.. cordialement🙏🏾🙏🏾,1
C’est pas croyant il dit qu’il a commencé le 05 février aujourd’hui c’est le 18 février.,1
Il a payé 10000руб et deux semaines après il a payé le reste 60000руб.,1
NB:soyez prudents le moment n’est pas.,1
C’est de l’arnaque,1
Je connais des gars qui se sont déclarés actuellement ils sont dans le camps des réfugiées,1
😅😅😅😅😅,1
Ils les obligent qu’ils signent pour aller au front,1
Ils sont aller ce déclaré pour rentré au pays ou pour ce renouvelé ?,1
"Non seulement pour se régulariser mais vers la fin ils ont proposés d’avoir un visa de sortie,",1
La migration a appelé la police,1
Je vois,1
Mai ils sont aller sans un avocat les gars devrait aller avec un avocat d'abord,1
Avant d'aller il faut avocat d'abord,1
Okay,1
"Il faut aller avec l’avocat , nous allons prendre l’exemple sur toi 😂😂",2
"Gars arrête d’encourager les gens,laisse les gens avec leurs peurs pour mieux vivre dans ce pays",1
C’est un conseil,1
Si d’autres vont se voir deporté ou se voir au front.,1
Ce document est une information et non un contrat dans larmee,1
Warrr kakakistan,1
Est ce que tu lis le russe 😂😂,2
Parler le russe à travers les filles et parler font 2 <This message was edited>,1
C'est pas un contrat,1
C'est un texte de non engagement,1
Bonsoir à tous,1
Face à la situation actuelle faisons beaucoup attention avant de se rendre dans n'importe quel centre d'immigration.,1
"J'ai deux frères guinéens qui sont en détention actuellement dans un centre de police à varonej, après avoir apris cette information soit disant de venir à l'immigration pour  se régulariser.",1
"Que c'est-il possible de se régulariser en Russie sans quitté le territoire, ils sont arrêté par la police en complicité avec l'immigration dépuis le 06/02/2025 jusqu'à présent . Il sont en détention",1
NB: soyons prudent face à cette situation et certaines informations.,1
@79250734011 tu as compris ce que je te disais tout à l'heure ?,1
Oui,1
"Ce qui est sûr lui,il va aller au front si c’est vrai ce qu’il dit.",1
Atalanta ta maman😒😒😒😒,1
Ne partez plus c'est un piège les gars🙌🏿🙌🏿🙌🏿🙌🏿🙌🏿,1
Place disponible pour garçons,1
Loyer : 5000rp est payé chaque mois.,1
Cotion: 5000rp est payé une seule fois et remboursé le jour de votre départ,1
Commission : 3000 rp est payé une seule fois.,1
Nb: vous pouvez avancer et fini les payements pendant le mois.,1
Vole prévu le 03mars,1
23killo *2,1
Douala Moscou -brians - Peter,1
Ib stp chef...,1
Deja boss,1
Ne partez jamais sans avocat,1
Tu peux me donner le numéro d'un avocat qui défend les sans papiers 📜 a l'immigration⁉️ s'il vous plaît))),1
Salut j’ai une chambre Iibre maintenant métro dradenky ib moi,1
Hier jai parler l'autre est venu ma me parler,1
Pour un avocat c'est simple il faut aller dans un cabinet d'avocats et consulter,1
Tous les avocats ne s'occupent pas des problèmes d'immigration frère.,0
"Il est mieux de taper sur yandex:  CONSULTATION GRATUITE , AVOCAT D'IMMIGRATION",1
"La Russie qui est devant nous là actuellement, il ne faut jamais régler les choses sans avocats lorsque.",1
Lien du match 🤲,1
🤣,2
Bonsoir lien des match svp,1
Lien du match,1
🔥LIEN  LDC 19/02🔥,1
📺 18h45 - Dortmund 🆚 Sporting,1
📺 21h00 - PSG 🆚 Brest,1
➡️ https://t.me/hunilive587?livestream,1
📺 21h00 - Real Madrid 🆚 Man City,1
➡️ https://t.me/hunilive588?livestream,1
📺 21h00 - Juventus 🆚 PSV,1
➡️ https://t.me/hunilive589?livestream,1
📺 20h30 - Aston Villa 🆚 Liverpool,1
➡️ https://t.me/hunilive590?livestream,1
🚨🚨🚨3000 rouble disponible besoin de 22000 fCFa 🇨🇲,1
"2/20/25, 10:02 AM - +7 999 220-63-58 joined using this group's invite link",1
20000f?,1
Pas intéressé,1
Bjr à tous.besoin de quelqu'un qui quitte Moscou pour Saint petersbourg samedi ou dimanche,1
Bjr à tous besoin de quelqu'un qui quitte Saint petersbourg pour Douala quelques colis à donner,1
"2/20/25, 11:59 AM - +7 992 171-50-68 changed to +47 406 31 102",1
"2/20/25, 4:46 PM - +7 996 447-53-24 joined using this group's invite link",1
Rouble disponible destination Cameroon.,1
Tu combien de CFA,2
Bonjour les gar besoin de l’aide sur l procédure pour quitter la russe pour Union européenne,1
Il faut aller seulement bro la Russie et l'Europe pas besoin d'une aide.....,1
Tu penses que les gens sont encore ici parce qu’ils connaissent ? Je ris fort hein🤣🤣🤣🤣🤣🤣🤣🤣,2
🤣🤣🤣🤣,2
On va tous rester ici mon ami si ça ne te plaît plus rentre dans ton pays🤣🤣🤣🤣🤣🤣🤣🤣,2
Interdit de pleurer,1
Interdit 😂,2
Le gar pleurer la Russie l'enfant de maman et papa ?,1
La Russie c’est le vois bébé???🤣🤣🤣,2
"Il faut qu'il rentre, n'est ce pas ?",1
Bien sûr que oui  de quitter la Russie mais pas facile......,2
L'été arrive,1
Si tu a  2 millions dans ta poches tu peux aller sans problème,0
Ah bon,1
Gar donne moi le réseau,1
J’ai provoqué le groupe 😬,1
Merde gar🙌🏿😂😂😂😂😂😂😂😂😂,2
Besoin de quelqu’un quittant le Cameroun pour la Russie ou pour saint Peterburg,1
Salut !J'ai besoin de 200.000 FCFA en Côte d'Ivoire. J'ai le roubles))),1
Document ?,1
Oui,1
Bonsoir j'ai 287 000 au Cameroun je veux le rouple,1
Tu quittes quand bao ?,1
J'ai aussi un document 🤲🏾,1
??,1
Salut à tous.,1
Besoin d'une personne qui quitte le Cameroun pour St Petersbourg ces jours. J'ai un document à faire monter 🤲🏾🤧,1
Salut si une personne a une place pour un garçon bien vouloir m’informer s’il vous plaît,2
Voayge prévue le 03 mars,1
23killo *3 douala Moscou bryans saint perter,1
Ancienne à bryans payer apres réception 1000 le killo dernière date le 28 mars,1
Quartier newton aéroport : réception des colis 📦,1
+237 6 74 73 69 70,1
Inbox,1
Je suis à Abidjan même,1
🚨🚨🚨3000 rouble disponible besoin de 21500 fCFa 🇨🇲,1
Bonjour a tous une chambre est disponible ici métro dradanky et prochenchiya a 5minute du métro l’intéressé me ib,1
03mars 23killos *3,1
Douala -Moscou - petersbourg,1
Document et et colis 📦,1
Numéro à contacter pour remettre le colis non loin de l’aéroport ( newton Aiport ) +237 6 74 73 69 70 <This message was edited>,1
"2/23/25, 7:40 AM - +7 991 883-34-01 changed their phone number to a new number. Tap to message or add the new number.",1
*DIGI.TAL MAR.KETING EX.PERT*(*CK*),1
✅ Website Development,1
✅ Telegram SEO,1
✅ Facebook Ads,1
✅ Website SEO,1
✅ Google Ads,1
✅ Active Followers/ Subscribers,1
*Feel free to contact so will explain more better*✅✅,1
Bjr a tous…. 1 million de cfa besoin du rouble,1
"Salut la famille j'espère que tout le monde se porte bien, je cherche un bon coiffeur svp.🙏",2
Good day everyone!,1
Is there anyone who does civil engineering ( construction)?,1
"Indoors during winter, in and out doors during summer.",1
Inbox me for more information.,1
Payment is between you and the company. I give them your contact and you negotiate with them.,1
God is love (PEACE) 🙏🏾🫶🏽🙏🏾,1
So far 3 guys are on board.,1
More guys  inbox.,1
"(Sorry only in St. Petersburg "" Russia 🇷🇺 "" )",1
But I'm in Moscow but I'm coming to Saint Petersburg today..... wait for me ok,1
Good day everyone!,1
Is there anyone who does civil engineering ( construction)?,1
"Indoors during winter, in and out doors during summer.",1
Inbox me for more information.,1
Payment is between you and the company. I give them your contact and you negotiate with them.,1
God is love (PEACE) 🙏🏾🫶🏽🙏🏾,1
So far 3 guys are on board.,1
More guys  inbox.,1
"(Sorry only in St. Petersburg "" Russia 🇷🇺 "" )",1
☝🏾closed,1
Of course I'm a civil engineer,1
Bonsoir a tous je le rouble besoin du CFA au Cameroun,1
Bonsoir,1
Le lien des matchs svp,1
🇫🇷🇪🇸🏴󠁧󠁢󠁥󠁮󠁧󠁿Journée 23 Février,1
"L’ancien compte Twitter a été supprimé, pour ne pas perdre de trace veuillez vous abonner ici",1
🚀 🚀 1Xbet : Créez un nouveau compte sur 1xbet avec le code promo BANNOU et obtenez jusqu’à 300$ sur votre premier dépôt.,1
Clique ici 👉🏼 https://refpa4219945.top/L?tag=d_2185041m_1599c_&site=2185041&ad=1599&r=registration/,1
15h00: Newcastle vs Nottingham,1
17h30: Man City vs Liverpool,1
16h10: Real Madrid vs Girona,1
20h45: Cagliari vs Juventus,1
15h00: Nantes vs Lens,1
17h15: Multiplex Ligue 1,1
20h45: Lyon vs PSG,1
CFA disponible besoin du rouble taux Google,1
"Bonsoir à tous, roubles disponible. Interressé ib",1
F CFA en Côte d'Ivoire!!!,1
Bonsoir à tous. Besoin de 3 personnes demain pour le nettoyage et transporté le matériel.,1
Метро Купчино,1
8h de travail + 1h de pause,1
3100 roubles <This message was edited>,1
👍,1
+,1
Cameroun,1
+,1
Non))),1
@23560201475 1,1
@79992206358 2,1
null,1
@233200191854 3,1
Fermé ❌❌❌,1
50.000 roubles,1
Besoin du fcfa,1
Fermé ❌❌❌,1
null,1
Salut à tous 600 mille cfa  au pays besoin du roubles !,1
🔐,1
CFA toujours disponible besoin du rouble taux Google Cameroun,1
"2/24/25, 8:31 AM - Rodriguez Peter removed ~ Ul",1
Rouble disponible intéressé IB pour le Cameroun.,1
Bonjour à tous besoin de 10k au pays 🇨🇲,1
😂 joue,2
Bjr y'a t-il quelqu'un qui quitte la Russie pour le Cameroun ces jours ?,1
"2/24/25, 4:31 PM - +7 953 281-75-80 joined using this group's invite link",1
"350,000frs available.",1
Need rubles.,1
"Interested, inbox 📥",1
55000 au Cameroun actuellement besoin du rouble,1
Fermé !!!!!,1
Closed 🔐,1
Salut à tous une place disponible dans une chambre pour un garçon intéressé ib,1
Urgent je cherche quelqu'un qui part au pays ces jours?,1
Bonsoir la famille paraport à la régularisation c'est très simple si vous êtes mariés avec un russe ou une russe ou que vous avez un enfant avec une russe. Faites un enregistrement et aller à l'immigration prendre le visa après payements de 40 000 rp d'amende. <This message was edited>,1
Bonsoir 33000 roubes besoin du fcfa,1
Taux Google <This message was edited>,1
Cameroon,1
"2/25/25, 10:33 PM - +7 926 016-19-01 joined using this group's invite link",1
Lien du match svp,1
🔥LIEN 25/02🔥,1
➖➖➖➖➖➖➖➖➖➖,1
📺 21h30 - Barcelona 🆚 Atlético Madrid,1
➡️ https://t.me/hunilive633?livestream,1
➖➖➖➖➖➖➖➖➖➖,1
📺 21h00 - Angers 🆚 Reims,1
➡️ https://t.me/hunilive637?livestream,1
➖➖➖➖➖➖➖➖➖➖,1
📺 21h00 - Cannes 🆚 Guingamp,1
➡️ https://t.me/+34Q4Q4D7C6gwMmM5,1
➖➖➖➖➖➖➖➖➖➖,1
📺 21h00 - Inter 🆚 Lazio,1
➡️ https://t.me/hunilive636?livestream,1
➖➖➖➖➖➖➖➖➖➖,1
📺 20h30 - Chelsea 🆚 Southampton,1
➡️ https://t.me/+AKxjuMzzqek1MTVh,1
➖➖➖➖➖➖➖➖➖➖,1
CFA disponible besoin du rouble taux Google,1
Cameroun,1
"2/26/25, 3:47 PM - +237 6 88 78 56 30 joined using this group's invite link",1
🇫🇷🇪🇸🏴󠁧󠁢󠁥󠁮󠁧󠁿Journée 26 Février,1
"L’ancien compte Twitter a été supprimé, pour ne pas perdre de trace veuillez vous abonner ici",1
🚀 🚀 1Xbet : Créez un nouveau compte sur 1xbet avec le code promo BANNOU et obtenez jusqu’à 300$ sur votre premier dépôt.,1
Clique ici 👉🏼 https://refpa3219049.top/L?tag=d_2185041m_1599c_&site=2185041&ad=1599,1
21h10: Stade Briochin vs PSG,1
20h30: Multiplex Premier League,1
21h15: Liverpool vs Newcastle,1
21h30: Real Sociedad vs Real Madrid,1
"2/27/25, 6:32 PM - +7 901 374-77-08 joined using this group's invite link",1
"Je me nomme Dyland Junior Kengne, étudiant en année de langue à l'université de Vladimir en Russie. Je suis originaire du Cameroun et je suis l'aîné d'une famille de six enfants. Sous la tutelle de notre maman",1
"Je vous écris pour solliciter votre aide car j'ai subi un accident de circulation nécessitant 2 opérations.  La première ayant déjà été effectuée,  les médecins ont contacté plus tard que l'os s'émiettait ; d'où la nécessité d'une seconde opération. Raison pour laquelle je vous fais part de ma situation.",1
Le coût total de cette seconde opération et  s'élève à 183 700 roubles (sejour inclu). Ma maman a pu réunir  69 000 roubles et la communauté des étudiants camerounais  de Vladimir 25 000 roubles. D'où l'importance de votre aide.,1
Je vous remercie d'avance pour votre temps et votre considération.,2
Je réponds au +79964782551,1
Dyland Junior Kengne,1
On va te prendre au sérieux comment si tu respectes pas le drapeau notre chère beau Cameroun 😂,2
J ai juste copier le message qu'il m a envoyé pour coller!!,1
Bonjour mes frères et soeurs je m'appelle samadjeu Larissa étudiante à l'Université volgatech Lochkar ola actuellement je suis embarrassée je traverse un moment très difficile j'ai eu un problème dans mon dortoir j'ai brûlé la marmite 5 fois depuis que je suis ici le commandant me demande de libérer le dortoir il m'a donné 13 jours pour libérer le lieu je ne sais où aller je vous en prie aidez moi il faut déjà que je trouve un appartement en attendant composé je vous en prie mes frères et soeurs je n'ai aucune famille ici aidez moi s'il vous plaît 👏👏👏👏👏,0
L’université c’est dans quelle ville ?,1
Yoshkar ola,1
Toi même tu brûles la marmite 5 fois comment?🙄,1
Tu ne connais pas cuisiner😒,1
Merd! Le pays la avec les faux pb🤦‍♂️🤦‍♂️,1
Et si tu part en appartement tu brûle l'appartement ?,1
Tu as besoin d'aide psychologique au dortoir tu as seulement brûler les marmites Parcéque tu vivait avec les gens qui on senti les odeurs et on été alerté.Imagine si c'était dans un appartement ou tu vie seul,1
null,1
Promets nous que tu vas pas brûler l’appartement,1
Je Wanda,1
😂😂😂,2
Or les gars il faut arrêter 😂😂😂😂,2
Bande d’immature hein😭🤣,2
"2/28/25, 10:42 AM - ~ ~Armand changed the group description",1
"2/28/25, 10:42 AM - ~ ~Armand pinned a message",1
"2/28/25, 10:57 AM - +7 996 957-69-74 joined using this group's invite link",1
"2/28/25, 11:21 AM - +7 919 387-56-75 joined using this group's invite link",1
Une place disponible.interessée ib,1
Hummm,1
Je savais que le genre de réaction ci ne pouvait pas manquer dans ce groupe. 🤣🤣🤣🤣🤣🤣,2
"Bjr la famille !je viens de m’entretenir avec la sœur qui nous a fait part de ses difficultés (au niveau du foyer) et il s’avère qu’elle est nouvelle en Russie.elle est en année d’apprentissage de la langue (pat fac) et suite à ce qu’elle même a pu détailler plus haut,se retrouve dans l’obligation de quitter le foyer d’ici le 10 ….bref elle a urgemment besoin de trouver un logement d’au moins deux le temps pour elle de pouvoir composer et quitter la ville . Elle m’a fait comprendre que la location d’un appartement serait de 10.000roubles par mois",1
Bonsoir 200000f🇨🇲 disponible. Besoin du rouble au taux google.,1
C’est avec les larmes aux yeux et beaucoup de frayeurs qu’elle me relatait les faits.,1
Je ne sais donc pas si c’est possible que le président du groupe puisse lancer une quête pour venir en aide à notre petite sœur,1
La vie n’est pas facile quand on est loin de sa famille..et si elle sollicite une aide de notre part c’est simplement parce qu’elle nous considère comme sa famille,1
J’ai cru qu’elle était à peter je pouvais l’aider en la logeant … hélas,1
Je pense que présentement la seule aide possible est d’ordre financière,1
Salut à tous. 18500 roubles disponible je veux le fcfa au cameroun,1
Frères et sœurs ne m'en voulez pas tout le monde peut commettre une erreur dans la vie je constate quand je ne suis pas là on me fouille mon enregistrement je ne vois pas ni mes draps ne me jugez pas,1
Дилан Жюниор.vcf (file attached),1
"Salut,si seulement vous pouvez mettre le numéro se de *SOS* ça pourrait lui aider.",1
NB:prompt rétablissement à lui,1
Voilà son numéro en bas. Je n'ai pas échangé avec le concerné,1
"Je me nomme Dyland Junior Kengne, étudiant en année de langue à l'université de Vladimir en Russie. Je suis originaire du Cameroun et je suis l'aîné d'une famille de six enfants. Sous la tutelle de notre maman",1
"Je vous écris pour solliciter votre aide car j'ai subi un accident de circulation nécessitant 2 opérations.  La première ayant déjà été effectuée,  les médecins ont contacté plus tard que l'os s'émiettait ; d'où la nécessité d'une seconde opération. Raison pour laquelle je vous fais part de ma situation.",1
Le coût total de cette seconde opération et  s'élève à 183 700 roubles (sejour inclu). Ma maman a pu réunir  69 000 roubles et la communauté des étudiants camerounais  de Vladimir 25 000 roubles. D'où l'importance de votre aide.,1
Je vous remercie d'avance pour votre temps et votre considération.,2
Je réponds au +79964782551,1
Dyland Junior Kengne,1
Ok,1
Ok,1
"Beaucoup de courage à toi frère, crois en dieu",1
null,1
null,1
null,1
null,1
null,1
null,1
Bonjour boss,1
"Je crois que si tu décides de collecter les fonds dans ce groupe en faisant comme par le passé, les gens vont plus se manifester que de laisser chacun envoyer dans le compte de l'intéressé.",1
C'est juste ma manière de voir les choses.,1
"3/1/25, 3:31 PM - +7 915 503-10-36 joined using this group's invite link",1
Bonjour. Besoin d'une chambre ou un appartement pour 3 personnes,1
Bonsoir,1
Le lien des matchs svp,1
🔥 LIENS 01/03 🔥,1
BUNDESLIGA 🇩🇪,1
15h30: St-Pauli vs Dortmund,1
18h30: Francfort vs Leverkusen,1
1. t.me/bannousg825?livestream,1
LIGA 🇪🇸,1
18h30: Betis vs Real Madrid,1
1. t.me/+B-jTLgrc0us4M2Mx,1
21h00: Atletico vs Bilbao,1
1. t.me/+B-jTLgrc0us4M2Mx,1
LIGUE 1 🇫🇷,1
17h00: Saint Etienne vs Nice,1
1. t.me/bannousg824?livestream,1
19h00: RC Lens vs Le Havre,1
1. t.me/bannousg827?livestream,1
21h05: PSG vs Lille,1
1. t.me/bannousg828?livestream,1
18h45: Man City vs Plymouth,1
1. t.me/bannousg828?livestream,1
📆 Palinsesto giornaliero,1
📆 Sabato 1 Marzo,1
🇮🇹 Serie A,1
15h00: Atalanta  Venezia,1
18h00: Napoli vs Inter,1
20h45: Udinese vs Parma,1
1. t.me/+9ZdAMLULijRhMjI0,1
Merci beaucoup,2
Jtp,1
null,1
Tu recherches quoi champion 😂,2
🤣🤣,2
😭,0
Le travaux 😔,1
Pardon écrit au Ministre il va te trouver le travail @ Rodriguez,1
Il est sur que c'est ça qu'il cherche? Gar écrits  comme on peut t'aider,1
Ne t'inquiète pas frère nous aurons beaucoup de travail à partir du mois prochain champions 💪💪💪,1
Déjà que toi-même tu viens de commettre deux fautes d’orthographe (Sûr; Écris) doyen.,0
L’erreur est humaine les gars 🙏,1
😂😂,2
😂,2
Merci beaucoup tu comprends,2
"3/2/25, 11:24 PM - +7 910 409-72-35 joined using this group's invite link",1
je cherche le travail🙏🏿,1
Good morning everyone a free space I available in ploshchad lenina anyone who is looking for room join DM me,1
Je peux t'aider écrit moi stp en privé,1
Bien coiffé,2
Intéressant bro quel métro,1
Grazhdansky Prospekt,1
"3/3/25, 3:34 PM - нгаха joined using this group's invite link",1
"3/3/25, 4:24 PM - ~ GIES was added",1
"3/3/25, 4:24 PM - +237 6 97 51 24 12 joined using this group's invite link",1
"3/4/25, 3:57 AM - +223 70 50 88 42 joined using this group's invite link",1
"3/4/25, 10:06 AM - +237 6 93 34 40 39 joined using this group's invite link",1
"3/4/25, 11:33 AM - +7 969 700-21-19 joined using this group's invite link",1
Bonjour adresse s'il vous plaît,1
"Bonsoir. 375k cfa disponible au Cameroun, besoin du rouble.",1
*Taux Google*,1
Who put my boy for social media????,1
Bonsoir à tous !,1
Quelqu’un connaît un contact ou je peux acheter de l’attieke (ici),1
"Le seul moyen de se régulariser c’est d’aller au МВД, prendre son laisser passer, sortir du territoire et/ou revenir avec une autre invitation (étudiante, travailleur ou privée)",1
Toutes les autres procédures c’est l’arnaque!,1
C'est pour prendre le laisser passer qui va jusqu'à au 30 Avril pour ceux de Moscou,1
Et c’est sa qui coute 15k bro?,1
Quand vous n’avez pas la bonne information informez vous au lieu de venir sortir une excuse affirmation,1
8000 straff et 7000 les examens de la carte verte,1
Plus précisément ils prennent 7100 rouble exactement,1
Good,1
Merci pour l’éclaircissement,2
Beaucoup en lisant le message penseront qu’il faut seulement payer 15.000 pour etre en règle,1
Ce sont les malhonnêtes qui utilisent encore le numéro 237 etant en Russie,1
Si vous avez des frères informez les car beaucoup n’ont pas l’information à ce sujet de régularisation sans sortir du territoire.,1
NB: il y’a des paramètres qui font qu’on  deporte un étranger tout dépend de la où vous le faites et de votre situation depuis votre arrivée sur le territoire russe,1
Merci pour le jugement et la qualification négative mais moi ici je n’ai rien proposé à personne ici à ce que je sache. <This message was edited>,2
"Sauf erreur, il y’a aucune régularisation dans ce pays qui se fait sans sortir du territoire.",1
"Ton visa est expiré, tu dois sortir",1
"Tu a 3 административные штрафы, tu dois sortir",1
В любом случае/нарушение закона tu dois sortir,1
Все,1
Arrêtez de mentir les africains,1
À vous de voir je n’ai rien proposé mais informez vous,1
Je te donne une info et l’info ne se discute pas,1
null,1
Ok chef,1
Quand vous êtes pas informé restez dans vos trou,1
Merci bien,2
C’est un décret tu peux aller lire,1
Il y’a le délai comme vous observez la,1
🤣🤣🤣🤣,2
Allez donc vous régulariser avec ce décret et venez nous dire.,1
Vous avez même lu les conditions qu’ils faut remplir pour profiter du dit décret la??,1
Je ris,1
En tout cas bonne chance à vous,1
Si tu ne le fais pas ne décourage pas les frères ils ne perdent rien j’ai accompagné une jeune fille ce matin pour les examens moi aussi je venais d’avoir l’information,1
"Je ne décourage personne, chacun est libre de faire comme il veut et croire ce qu’il veut.",1
Mais chez nous on dit: *les conséquences enseignent plus que les conseils*,1
Bonne chance à vous!,1
"Tu es un aliéné et c’est tout,",1
Si sa te concerne pas tu reste tranquille,1
Calme toi la sorcière !,1
Pourquoi les injures pendant l'échange?,1
Donne plutôt les arguments au lieu des injures.,1
😭😭😭,0
Lien des matchs 🤲,1
C'est mieux,1
Envoyez le lien svp,1
🇪🇺Journée 4 Mars,1
"L’ancien compte Twitter a été supprimé, pour ne pas perdre de trace veuillez vous abonner ici",1
🚀 🚀 1Xbet : Créez un nouveau compte sur 1xbet avec le code promo BANNOU et obtenez jusqu’à 300$ sur votre premier dépôt.,1
Clique ici 👉🏼 https://refpa3219049.top/L?tag=d_2185041m_1599c_&site=2185041&ad=1599,1
18h45: Club Bruges vs Aston Villa,1
21h00: Real Madrid vs Atletico,1
21h00: PSV vs Arsenal,1
21h00: Dortmund vs Lille,1
Bonjour mes Frères,1
Comment vous allez ?,1
Bien j'espère,2
J'ai vraiment besoin de votre aide afin de publier ce enquête dans différent groupe Russe.,1
Merci d'avance et très bonne journée à vous,2
bjr besoin de 100 mille au Cameroun 🇨🇲 roubles disponible,1
Salut à tous.. svp  besoin d'une place pour fille proche d une station de métro ...bonne modalités 😏,1
C'est devenu le business hein,1
Hello! Une place disponible.interessée ib.,1
null,1
🚨🚨Le Président a signé une amnistie pour les migrants illégaux en Russie ❗️❗️❗️,1
"Du 1er janvier 2025 au 30 avril 2025, tous les citoyens étrangers et apatrides séjournant illégalement dans la Fédération de Russie ont eu le droit de réguler leur statut juridique dans la Fédération de Russie sans expulsion.",1
http://publication.pravo.gov.ru/document/0001202412300002,1
À PROPOS DU DÉCRET PRÉSIDENTIEL DU 30/12/2024,1
🚨Quelle est la Raison JURIDIQUE que vous avez ... vous permettant de postuler pour votre régularisation sur le territoire de la Fédération de Russie ❓,1
⚖️Vous êtes marié à une femme Russe ❓,1
⚖️Vous êtes mariée à un homme Russe ❓,1
⚖️Vous avez un enfant Citoyen Russe ❓,1
⚖️Vous êtes Titulaire d'un Diplôme Russe ❓,1
⚖️Vous êtes Titulaire d'un Titre Russe d'Asile Temporaire légal s'expirant❓,1
"⏩ Si vous êtes Citoyen Étranger en situation d'illégalité sur le territoire de la Fédération de Russie et vous n'êtes pas dans ces situations citées dans ce texte, il faut d'abord réfléchir comment être dans une de ces situations citées avant de parler de la possibilité de votre régularisation sur le territoire de la Fédération de Russie.",1
‼️Президент подписал амнистию для нелегальных мигрантов в России.,1
"С 1 января 2025 года по 30 апреля 2025 всем, нелегально находящимся на территории Российской Федерации иностранным гражданам и лицам без гражданства дано право урегулировать свое правовое положение в Российской Федерации без депортации.",1
http://publication.pravo.gov.ru/document/0001202412300002,1
C'est le Décret Présidentiel signé ce jour 30/12/2024 par le Président de la Fédération de Russie.,1
Il s'agit d'un Décret Présidentiel qui donne aux Étrangers se trouvant en situation d'illégalité sur le territoire de la Fédération de Russie un délai de 4 mois ( du 1 janvier 2025 au 30 avril 2025) pour quitter le territoire de la Fédération de Russie ou régulariser leur situation d'illégalité.,1
"Dans ce Décret Présidentiel signé ce jour 30/12/2024, il est aussi indiqué ce qui suit :",1
✅Un Étranger qui est en situation d'illégalité sur le territoire de la Fédération de Russie et qui ne voudrait pas retourner dans son pays d'origine par DÉPORTATION peut signer le contrat de service militaire pour 12 mois avec le Ministère Russe de Défense.,1
"Après 12 mois de service militaire, il obtiendra le Passeport Russe et AUTRES avantages.",1
✅Le Citoyen Étranger se trouvant sur le territoire de la Fédération de Russie qui a le droit d'obtenir un Titre Russe de Séjour peut se rendre au Service d'immigration Russe pour obtenir des informations nécessaires permettant sa Régularisation.,1
"Cordialement,",1
Raoul Moussa.,1
🇪🇺Journée 5 Mars,1
"L’ancien compte Twitter a été supprimé, pour ne pas perdre de trace veuillez vous abonner ici",1
🚀 🚀 1Xbet : Créez un nouveau compte sur 1xbet avec le code promo BANNOU et obtenez jusqu’à 300$ sur votre premier dépôt.,1
Clique ici 👉🏼 https://refpa3219049.top/L?tag=d_2185041m_1599c_&site=2185041&ad=1599,1
18h45: Feyenoord vs Inter Milan,1
21h00: Benfica vs Barcelone,1
21h00: PSG vs Liverpool,1
21h00: Bayern vs Leverkusen,1
270000 disponible besoin du rouble taux Google,1
Écrit ✍ en privé))) j'ai le roubles et j'ai besoin 250.000 Shilling ougandais (UGX),1
En OUGANDA 🇺🇬))),1
Quelqu'un peut-il m'aider avec quelque chose de petit pour acheter des produits alimentaires. Je n'ai pas pu travailler après l'opération. Toute aide sera appréciée,1
Frs CFA disponible au continent besoin du roubles taux google (ib pour plus de détails),1
