text,label
Donc le rouble ne va plus jamais atteindre 7??,1
Tu rêves encore !!!! Il faut attendre 7ans au moins,1
"Travaille beaucoup l'argent et cela va atteindre 6,999999999 fort qui menace 7.",1
Départ imminent,1
Good morning please my sister got a scholarship at hse but she needs to go back to my home country for them to extend her visa please is there another solution she can do to not go back to Cameroon,1
She has to finish with recognition and enrollment before the 14th of July the will extend her visa and she will not go back.,1
Le lien du match stp,1
Svp,1
Abou chou chou le meilleur depuis 10 ans,2
Donc celui qui a d'abord marqué là n'est pas meilleur ou alors ce n'est pas le but,2
Ce nest pas la meme chose mais cest un bon retour de sa part  This message was edited,2
21,1
Massa  cherchez ondoa,1
Cest le match de quoi? La CAN continue??,1
Pourquoi vous aimez la distraction? Donc ce but est la faute du gardien?,1
Le but  on accuse dabord le gardien  cherchez nous épassi bientôt 22,2
31,1
Le meilleur depuis 10 ans,2
Qualif pour la CDM,1
FORUM TRADING DIGITAL vous invite à suivre le DIRECT,1
Homme du match Moumi Ngamaleu le Russe.Le joueur de l'heur,1
Double passeur décisif et grâce à lui le penalty,1
Larissa a déjà marqué en sélection svp ? Cest juste un renseignement,1
Pardon c'est quelle staf qui est sur le banc ?,1
Le staff des lions,1
Version Fecafoot ou Minsport,1
?,1
Massa après on va voir l'autre là,1
FECAMIN,1
On arrête pas le but !,1
41,1
Bsr à tous,1
Mince 41 déjà?,1
Merci,2
Le chat,1
This message was deleted,1
Bravo Andre Onana,2
Bon les gens disent que cest Marc brys,2
"On va juger sa tactique contre une vrai équipe, les joueurs avaient slment la rage oday",1
Normalement c'est lui le patron de l'équipe jusqu'à preuve du contraire,1
On wait les vrai match contre,1
Si non ils jouent toujours comme le Cameroun  sans fond mais on gagne on ne veut rien ya,1
"Je n'aime pas discuter avec des gens trop pessimistes hein!  Pour vous rien n'est jamais bien. Ils ont fait un très bon match aujourd'hui, même si demain il perdent contre l'équipe du Tchad , sa n'enlèvera en rien leur victoire d'aujourd'hui",2
Gar je suis dabord un bon bipolaire en tant k . Que le marc brys la tante de ndem contre langola alors il va respecter. Si il gagne on va jubiler point.,2
Tu fais de ceux là qui attendaient l'echec aujourd'hui. Mais Hélas!!!,1
"Es ce que je cache ? , ils perdent on parle, ils gagnent on jubile cest pas moi cest le",1
"Non je vois plutôt l'esprit de critiquer le banc de touche actuel, C'est la vrai raison là bas.",1
"Gar lep, nous on fait tjrs comme xa depuis, quand tu visionnais les match dans les fan zones au pays la cétait pas comme xa ?",1
BALEBA C'EST D'ABORD LE COEUR DU BALO,1
IL A TOUTE L'ENERGIE ON DIRAIT QU'IL EST ENCORE PISSO,1
Vraiment ! Les Camerounais dérangent un bon match comme vous avez toujours à dire comme ci vous pouvez faire mieux,2
C'est ça !,1
Oke,1
Yes partenaire  cest très claire,1
"Yes, juste cest notre manière de supporter  dès que Onana prends un but on cherche ondoa, dès quil arrête un penalty il devient le chat",1
on dirait que tu es dans ma tête,1
Cest la logique nor,1
voilà,1
Meilleur joueur aujourdhui,2
"Il ya la concurrence à tous les postes , le coach va devoir choisir son titulaire entre casteletto et lui. De même choupo a chauffé les bancs . Cest très serré en tout cas  nous suivons les prochaines rencontres",1
Voilà alors le problème quand on gagne on oublie tout pour être surpris après quand on va perdre,1
Le fond du jeu na rien changé et avec les vrai les équipes on va pas croire ceignerrr,1
Bien fait pour eux,2
A Douala on parle déjà ce genre de langue hein et les asiatiques partout? Hummn même la rue ne ressemble pas à Douala,1
Sa fait longtemps que tu n'as plus fait un tour à Douala surtout a akwa au niveau de la douchecité chinoise,1
Les passants sont pour la plupart Blanc,1
C'est pas le Cameroun,1
La langue qu'il parle même se rapproche plus de l'Espagnol,1
Aller de se côté la vous croyez que le pays la vous appartient encore hein,1
JSS fini,1
bro il faut aller làbas tu va comprendre  This message was edited,1
Tu raison il faut qu'il aille làbas et il pourra comprendre mieux ce qui se passe.,1
Très bizarre. Pourtant une petite Très belle chapelle catholique à Yaoundé plus précisément à mvolié,1
C'est au Cameroun?,1
Oui,1
Ça me dépasse,1
C'est pas en prêtre qui giffle,1
Les vidéos qui donnent l'envie de devenir prêtre,1
This message was deleted,1
Les gars tournée la passion du Christ.Le gars a peutêtre un problème avec le giffleur il  a une foi profiter,1
C'est sont les jeunes de la paroisse.,1
Mekdeu,1
null,1
Douala    Moscou,1
Consultes les règles d'ASECAM champions,1
Ok boss,1
"Besoins denvoyer 4.000 roubles au pays  , la personne doit recevoir 27.000 cfa.",1
offre terminée,1
"si le Cameroun n'est pas représenté, ça ne donne rien",1
500 kolo au pays besoin du rouble au taux Google,1
50 kolo au pays besoin du rouble au taux Google,1
Bonsoir !,2
Ib,1
Bonsoir,2
This message was deleted,1
Job de copywriter disponible 30K,1
À long terme,1
Capitaine courage !,1
"Tant que le riz nest pas encore cuit, ne jetez pas le tapioca, on ne sait jamais le gaz peu finir en chemin.",1
Le gar mise sur le ndem de marco pour rebondir,2
Bonjour.un nouveau étudiants Camerounais est mort dans la ville de Tambov.il se noyer au lac de la ville.,0
Hm mince,1
Quand ça ?,1
War c'est quelle genre de mort ça ?,0
Aujourd'hui,1
"Vraiment, C'est désolant.",1
L'eau n'est pas pour nous hein !  Werrrrr,1
C'est vraiment triste,0
"Svp nous devons vraiment faire une bonne sensibilisation sur la vie en fédération de Russie, surtout sur les moyens de s'en sortir.  les doyens SVP",2
"Également a tout ceux et celles qui prétendent venir ici, bien qu'on ne peut pas décourager quelqu'un de voyager, nous leurs dire clairement la vérité sur la vie ici.",2
"Bonjour. Sil vous plaît, quelquun passe au Cameroun ce soir ?",2
Bonjour à tous !,2
Comment s'appelle cet étudiant svp?,1
Bsr derick j'espere que tu vas bien en ce moment quand au projet indique moi le cite je vais  m'occuper de cela sinon as tu les nouvelles d'un camerounais au nom de tchinda anicet il se pourait qj'il a ete arrete la bas en ruissie et parents sont sans nouvelles et certaines langues le donne pour mort deja,0
Anicet,1
Bonjour il sappelle Anicet,2
Mort par noyade cette nuit dans un lac près du foyer étudiant à Tambov,0
Sérieux ?,1
Oui,1
Cest lui,1
Weeehhh c'est lui,1
Le lac où on faisait souvent les шашлык?,1
Très exactement,1
Le lac sur la photo là,1
Vérifie ton ib,1
Mince!!!!!!,1
null,1
Âmes sensibles sabstenir svp,1
Seigneur,1
Seigneur This message was edited,1
Il dansait le break danse le 25,1
Quelles sont les dernières personnes à le voir vivant ou à avoir parlé avec lui,1
Hééééeeee Seigneur,1
Triste,0
Woyy,1
Les africains et la natation. Paix à son âme. Tu ne sais pas nager mais tu pars te baigner dans le lac dans la nuit. Cest triste!,0
"On n'efface pas ce que Dieu a écrit, C'était son chemin",1
Sensibilisez les nouveaux a prendre des cours de natations et a éviter de nager dans les lacs avec les russes.,1
Bref,1
J'étais avec lui a Tambov je l'ai même filmé  je n'ai pas encore envoyé même leur photo,1
Oui,1
Mais comment ont retrouve le corps à 10h00 du matin.,1
Hier il était avec les amis labas jusqu'à 18hr.il sont partis et il est rester avec d'autres,1
Ils sont tous rentrés et apparemment il est revenu plus tard vers 22h ayant bu de lalcool,1
"Suis pas daccord chef cest pas son chemin, il a juste payé une de ses erreurs qui a été fatale",1
"Place toi sur ton balcon tu sautes et lorsque tu mourras on dira que cest ton chemin..,",1
Véri goude,1
Mieux je ne parle pas.,1
De toute les façons on ne mourra pas tous de la même. Avec ou sans erreur!,1
lol donc il est reparti seul dans l'eau? Et ses amis l'ont laissés repartir dans cet état?,1
Votre histoire la est flou,1
Moi même suis dépassé,1
Parmis ses amis ils y avaient les noirs? pour ne pas dire camerounais?,1
"Quand l'ange de la mort te visite, tu demeures sous son contrôle, c'est lui qui oriente désormais tes faits. Il y a des tonnes d'exemples!!!",0
Depuis qu'il vit au pays il n'avait jamais vu un lac où il pouvait se laver la nuit . On maîtrise,1
"Il a une montre à la main en plus , bizarre",1
gars ne me do pas lap,1
Il reviens à 22h et il part nager  cest bizarre la nuit. En plus.,1
On dit qu'il a commis une erreur que sa vie a payé.,1
"Es ce que cest confirmé, déjà même son corps cest une position de noyade comme ça?",1
Que l'ambassade demande une autopsie. L'histoire la sent le meurtre.,1
Voilà je suis entrain de lire les positions de noyade sur le net,1
Vivement,1
Cest bizarre,1
Il avait sa montre sur son poignet lorsqu'on l'a sorti de l'eau,1
"Bizarre, jai regardé plusieurs fois, pour ceux qui ont la vidéo, il a une chaîne épaisse blanche sur le cou, et une montre  normale a la main, également les bagues sur le petit doigt de la main gauche et un des doigts de la main droite. Un caleçon en coton. Je sais pas si ils nagent làbas en bermuda pour maison. Bref que son âme repose en paix  This message was edited",1
"Vraiment bizarre cette histoire, depuis quand un Camerounais nage dans la nuit ?",1
Choupo moting n'est pas sur la feuille de match,1
Blesser,1
"On dit quil a eu un malaise, mais ya des sources ce soir qui disent quil est fâché  sais pas si sa viens de fc ou de  fc .",1
Forfait !,1
"Salut les gars, le lien du match SVP",1
Son père n'a pas eu les dos pour le deplacement,1
Y'a même Vampire FC qui ne laisse pas. Il joue dans les deux teams,1
Lien du match,1
Baleba a. 20 ans ?il muscle les pères,1
11,1
Les gars de Rigo sont de retour  This message was edited,1
Merde,1
les gars qui nous ont donné les AVC sont de retours  This message was edited,1
Vraiment,1
21,1
Voilà,1
C'est terrible,1
marc brys cose avec rigo  il fait les replacements à la 80e min comme son homologue,1
79653368333 grand cest ton jumeau le 22 qui est entré là ou cest toimême?,1
Marocain algérien camerounais ça cest un mélange Massah,1
", il ya la différence entre Song et le type la?  .",1
Donc comme on fait nul vous avez déjà commencé à linsulter hein?,1
Vous voulez alors quil teste ses stratégies où?,1
Le 1er match on a aussi dit quil est pep guarduola . On voit déjà comment il remplace un remplaçant . Le gar vas confirmer le bipolarsime This message was edited,1
Proverbe camerounais,1
Il ya les caméras partout nr,1
This message was deleted,1
Bonjour besoin de batton et l'huile rouge,2
Même moi aussi,1
Huile rouge,1
Combien ?,2
Sa dépend du prix,1
200,1
. This message was edited,1
Donc cest un meutre .,1
"250k fcfa available in Cameroon,",1
Douala Moscou,1
Oui le 19,1
Ok son number stp,1
Ok moi également je veux son numéro si possible....,1
Moi si stp,1
5f no dey,1
Le lien pour les billets,1
5f il n'y a pas,1
Qui ira au concert ci? Ça pourrait être bien si on s'y retrouvait hein,2
On avec qui ??,1
Toi et moi non ma chère,1
Je ne connais pas ses songs,1
tu connais au moins la chanson quon lance dans les fêtes lorsque le buffet est ouvert,1
J'espère qu'elle connaît,1
À Petersbourg?,1
"Dans la majorité des fêtes au moment de tchop, on met tjr du Richard Bona, Dans bell et aussi Ben Deca",2
Oui oui estce que c'est loin?,1
7 g est partenaire du festival,1
nohoo Papa,1
Ah bon? Super alors,2
Les foire vous pouvez être volontaires mailtovolunteersspbjazzfest.ru,1
Écrivez я из Камеруна и хочу быть волонтером в качестве помощника Ришар Бона This message was edited,1
Cest un bon shema gar merci,2
"Moi je veux vraiment y Aller, mais..... vous connaissez la suite",1
....,1
Cest quoi la suite?!,1
"L'argent est petit, donc ca ne suffit pas",1
Oui oui qui ignore ça,1
Alors C'est lui l'auteur,1
Pour servir la nourriture dans toute les fête au pays il y'a un de ses songs qu'on joue toujours,1
"Voilà, tu go avec le batton et lokok dès quil lance le song la , tu sorts lokok du sac et tu enjoy ta nostalgie This message was edited",1
besoin de 60 personnes demain matin de 9h à 17h 40 métro  kaluzhskaya sortie 4,1
Sur laffiche,1
Tu ris nonok,1
Pour moscou ?,1
Non non,1
Askiparai only in st Petersbourg,1
oki,1
moi meme je cherche comment prêter les do,1
Bientôt il sera interdis aux africains de venir en Russie.,2
Bientôt il sera interdis aux africains de venir en Russie.,2
Gar ce nest que le résultat quand dans un co laccès à tout bloqué systématiquement,1
La traduction pardon,1
Yes,1
"C'est malheureux pour nous. Depuis des décennies les Chinois, les indiens Etc entrent au Canada et mènent leurs activités sans soucis ni bruits. Depuis qu'on a accordé quelques mois d'accès facile aux Africains, c'est devenu un bazard !!",1
En vrai,1
"En ce qui concerne l'immigration clandestine, des étudiants, touristes, businessmen",1
Tu vois un dossier d'étude d'un candidat de 32 ans niveau bacc qui a déjà fait plus de 10 ans sans étudier .  Il te dit qu'il vient faire une licence passant par la padfac de sur quoi il est contractuel,1
Richard bona déjà à Moscou le concert cest demain à Moscou désolé pour linfo tardive This message was edited,0
Les billets,1
4000p,1
C'est petit,1
Il mérite mieux,1
À Moscou on est toujours dans l'excès. On va payer le train pour aller vivre le show à kolo à Peter,1
Effectivement,1
Peter c'est kolo,1
Cest 1800 à peter,1
J'ai vu les tickets de kolo,1
"Il a déjà son cachet , son cachet ne dépends pas de ca",1
"Oui cest un festival culturel sponsorisé par les banques, cest déjà prépayé maintenant ils essaient juste de récupérer",1
"Pourquoi c'est tellement cher ici a Moscou, si C'etait même 2500 je confirmais ma présence...",1
il ya une réduction de 20 pour 5 billets achetés,1
Humm! Tu vois donc capable d'acheter 5 billets?,1
Je vois,1
Tu rassembles quelques personnes,1
Je lutte d'abord pour un billet boss,1
"La réduction de 20 ca fait donc 800, donc je devrais encore payer 3200,  là C'est vraiment pour les patrons.",1
Chacun a ses problèmes dans cette vie.  Mieux tu achètes la bière de 200 et tu te connectes au wifi de la ville pour attendre les vidéos,1
.,1
"Je te dis, un point c'est tout",1
Il chante dabord quoi abeg hein,1
Grand pardon  locko peu venir pour un concert en Russie avec ce genre de sponsors ? This message was edited,1
Tu viens alors déjà mettre locko à mondo vision il va prendre les balle perdu ici pour rien,0
"Il ne chante vraiment rien. Je te comprends, ton niveau c'est watto de suza et malhox le vibeur",1
Part alors au concert,1
"Si c'est ce qui va te faire admettre son talent, mieux tu restes vraiment comme ça Parce que j'irai pas",1
Stp ne dis pas cà.,1
"cest juste pour dire quapart Manu dibango il nya aucun artiste camerounais qui a la portée internationale de RB, ce matin il donnait cour de musique dans un conservatoire ici",1
Je suis daccord mais actu ce nest pas un artiste que peut faire bouger les gens ici présentement pour partir à son concert peutêtre une minorité au cas contraire je serais surpris,1
Cest son 3e voyage pour la Russie,1
"Peu de noirs connaissent et savourent son style musical, je pense qu'en majorité ici comme ailleurs, la majorité de son public est blanche",1
300kolo besoin du rouble taux Google,1
Après tu vas dire que tu n'as pas l'argent nor,1
"Super frangin, il faut en profiter c'est une icône là bas",2
Inspectrice argent?,1
"Si Michel et moi achetions les tickets, il devait gagner 10millions 8k roubles",1
"si on veut compter en fonction du nombre de places ça fait 24 battons mais il nétait pas seul , cest pkoi jai dit minimum.",1
Son cachet ne dépendait même pas du nombre de ticket vendu,1
je sais tout ça,1
Oui peu être bien plus parceque cetai purement un concert promotionnel il est venu seul,2
Voilà,1
300kolo besoin du rouble taux Google,1
pourquoi on ne ma pas dit,1
Ce n'est pas fini bébé il est a Petersburg,1
Quand?,1
300kolo besoin du rouble taux Google,1
Bientôt 8,2
Ah oui oui,1
Ou bien les gars prennent pour eux ça où,2
"Hier 6,93",1
Le rouble va do un comeback terrible je ressens ça,1
On attend ça pour construire au pays,1
Vraiment,1
Mais bon ça va encore prendre son temps,2
"Oui oui, moi j'ai le temps, je ne suis pas pressé",1
Pour la première fois depuis plus d'un 1an This message was edited,1
Humm si ça peut aumoins se stabiliser à 8,1
le piège après on va voir 6.30,1
La guerre finira bientôt daprès moi.,2
Bientôt dans environ 510 ans?,2
Lopération spéciale,1
Bientôt,2
"Lol c'est un lourd business, les gens tchop dedans, ils ne sont pas encore fatigués de tchop, c'est prkoi ça durera encore un moment",1
Pourtant l'OTAN vient de rejeter toutes les conditions du Pr Poutine pour un cesser le feu,1
Un bon moment,2
Confiance,1
Ils pensent que le Pr Poutine est dos au mur avant de faire cette demande,1
Ce qui est sûre les institutions privées n'accepteront pas,1
C'est ce qu'ils se disent,1
Ils ne savent à qui ils ont à faire,1
"Actuellement je mise sur la Russie, le rouble et Samuel Etoo",1
Il y' a trop de trends concernant cette affaire,1
Poutine est même patient. Si j'étais son général j'aurais déjà appuyé sur le boulon rouge il y a belle lurette même sans son avis .,1
Bro largent ne peux pas tout faire. Il faut des hommes pour la guerre et lUkraine nen a plus.,1
Les États Unis  ne peuvent que donner de largent par ce quils impriment comme ils veulent. Mais à part ça rien dintéressant.,1
Ouais très pertinent,1
Cogito ergo sum,1
Comment les journalistes français font pour venir fait les reportages a Moscou ?бляд,1
En russe,1
Politique,1
BFM TV,1
Mebi me ne nkandi !,1
Les reportages mensongère en plus,1
Tu as la vidéo?,1
C'est sur YouTube,1
Confiance,1
Un reportage mensonger,1
Merci,2
Tu es un bon gars,2
Share link,1
Ne fait pas la tu confonds les links tu nous envoies làbas...,1
Молодец,1
"Mais mon humble avis, si vous voulez vous éloigner des maux de tête, tension artérielle, stress, evitez au maximum les informations servi par les medias occidentaux",1
Merci,2
où ça?,1
Tu ignores quoi les sites de cuisine norrr,1
"Un vrai théâtre, leur Alekceï est un vrai comédien.",1
DÉPART  20 juin 2024  Cameroun  Russie,1
Salut frère je voyage le 20 juin pour la Russie à partir de douala mais je suis à yde jusquau 18 juin. Je peux prendre les docs et petits appareils. Si tu as les gens intéressés je pourrais prendre les colis.,1
23kg  disponible . Moscou  Douala. Départ Mercredi,1
300kolo besoin du rouble taux Google,1
Tu mérites la bastonnade,1
Quelquun atil préparé le eru aujourdhui? Je voudrais passer la commande,1
42500 on gère chap chap,1
300kolo besoin du rouble taux Google,1
Adress stp,1
TikTok,1
Jai cru que cétait toi,1
Ah nn nn,1
Quoi,1
?,1
"Today, June 16, was an election day for the new bureau of ASECAMRUDN! We had two candidates 1 Franck Ntoukam and 2 Mbassi Yann.    Congratulations to the new president  Franck Ntoukam  and  Vise president Mbassi Yann!",1
Merci également a toi président,2
Massah ca Donne le gout,1
Sans oublier le tout puissant pilé,1
Je minterroge,1
Lorsque vous vous engagez dans une affaire avec quelqu'un faîtes le chose Selon le contrat.,1
Je prends mon tabouret,1
Un étudiant de RUDN,1
Je n'affiche pas encore la personne car je crois qu'il va se racheter,1
Mamie Njapap,1
Et pourquoi tu es venu ici avec Dion,1
Donne moi son nom ib je vais le chercher et le fouetté correctement et bien,2
Mince 2 barres pour aller en Belgique?,1
Envoie moi le nom de l'étudiant de RUDN en privé s'il te plaît.,1
Les camerounais larnaque vous a fait quoi.,1
Cest qui??,1
Je dois demander le tchoko,1
Faut lafficher on quitte sur ça,1
Non laissons le revenir au bon sentiment.,2
On lave le linge sale en famille,1
S'il peut prendre conscience de bien gérer ce qu'il a commencé,2
Si vous voulez pas affichez ne parlez plus des problèmes la ici laissez nous,1
C'est vrai mais...,1
"So frère est diplomate,  mais ce prétendu frère diplomate naide pas dabord sa propre famille à voyager pour la Belgique . Il préfère donc aider les autres. Quelle amour incommensurable !",1
"Une arnaque bien organisée. Si c'était même un tchèqueur, on pouvait comprendre qu'il a essayé ça n'a pas marché. Pardon affichezle pour diminuer les victimes",2
Ils ne veulent pas travailler,1
Mais je souhaite que ce jeune prends conscience et renvoie l'argent de son compatriote,1
Au cas contraire il sait ce qui l'attend.,1
"qu'on nous donne son nom,",1
"Rien ne prouve que létudiant est a Rudn, peut être aussi un mensonge",1
"Les Camerounais sont wise mais quand il s'agit de voyager, ils deviennent moutons. Façon on les lave! Yeuchhh",1
"Ce sont les même bandits, qui font croire qu'il y'a un métro à Moscou qui arrive en Allemagne .",1
Il y avait quoi avant,1
"Ils font, moi même lorsqu'on me demande un renseignement pour venir en Russie. Je préfère parle juste de la bourse. Parce que rediriger un citoyen qui veut voyager vers un bandit, après ça retourne sur soi This message was edited",1
"Moi, pareil! '",1
C'est mieux mais j'ai mon tcheiqeur.,1
Il fait les choses bien.Donc à chacun de voir.,2
Oui,1
Il n'est pas cher et il fait les choses comme sa se doit.,1
"S'ils n'ont pas de bourse, ils vont fréquenter à Ngoa Ekele",1
Ils ya des gens qui ne peuvent pas obtenir la bourse. Vu l'âge et autres.,1
Moi g ne peux pas envoyer ma personne vers un tchèqueur. Mieux il cherche de ses propres mains,1
Pourquoi ?,1
S'ils gèrent les choses normalement,1
Pour moi sa va.,1
Car il ya plusieurs moyens de gagner sa vie.,1
Si c'est pas une arnaque pour moi sa sa.,1
okay oohh,1
Tu as raison,1
Il a beaucoup de clients parce qu'il fait les choses bien.,2
Et pas cher,1
C'est un moyen de pays son temps pour te faire venir en Russie.,1
Et dans d'autres pays.,1
"Les tchèqueurs sont mauvais, ils font souvent à l'aéroport comme s'ils aimaient trop les nouveaux venus hors c'est pour leur sonné",0
Ils sont versés actuellement à TikTok il faut les voir filmer les belles rues et les grand bâtiments et parler de comment on travaille mal en Russie  pour attirer les proies,1
"Si tu écoutes leurs bouches sucrées hum, tu lis l'heure.",1
Après luimême il go nang sur son lit en étage peace,1
Je te dit après avoir taper sa boule de manka avec poulet dure,1
"Les gar t'organises mon frère, toi même tu Wanda.",1
schéma sur nous frère,1
Pas tous,1
Heinnn bro!!! la conversation la a déjà trop de détails pour quont connaissent qui sais,1
En tant quEtudiants restons très éveillé es ce quon as besoin de passer par quelquun pour obtenir une admission en Belgique jusquen donner largent sa scolarité,1
Le frère qui a fait sa,1
Moi même j'espère qu'il le fera c'est pourquoi je n'ai pas voulu décliner son identité car c'est quelqu'un de respectable dans cette association...,1
Redirige vers Jerry. Au moins là tu es sûr,1
Pourquoi toujours protéger les grands bandits?,1
Placement de produit,1
Minceu,1
Nn cest pas un placement de produit. Je donne juste un moyen déviter tt ça,1
Bon pour la Russie hein. Pas pour la Belgique.,2
je pense que je vais me lancer dans ce business.,1
This message was deleted,1
Dans ce cas ça devient Inpeu compliqué. Heinnn recommendation ou complicité darnaque?,1
"Là seul Dieu sais, la seule chose qui est sûr c'est que la lettre d'admission est bien fausse",2
Recommendation en même temps complicité,1
Et que les 2 millions investis sont introuvables,1
Il à mis où?,1
Qu'ils cherchent,1
Dans ce cas il doit être sanctionné.,1
Clair,1
Car on ne prends jamais le devant des choses sans être sur.,1
Sa être informer.,1
Mieux c'est rester tranquille dans son coin.,1
Tout le bavardage la toujours pas de nom et pas de photo mieux vous laissez,1
Je sens que tu a la rage,1
Tellement sa te tchop les nerfs.,1
Ils sont là ils veulent couvrir,1
Ça veux dire que cest quelquun dimportant mais si cétait les nous comme ça on allait voir mes photos chez Nzui mento,1
C'est leurs bureau laisse les gérer normalement. Comme sa doit.,1
Quand cest le bureau ça sort pas,1
Mais quand cest le bas peuple ça sort rapidement,1
Nzuimanto a prit balle perdue,0
Le gros problèmes aussi cest que largent est passé par la mains de la mère du gars,1
Presi,1
Pas bon,2
Le président est complice,1
Le président énumère le problème sans donner la solution,1
Jessaie juste dêtre neutre nor chef,1
Pas bon,2
Écoute le peuple,1
On lui donne dabord un chance de se racheter ou bien ?,2
Je suis de RUDN peut être je vais le reconnaître envoie la photo,1
Nooooo il ya pas de demi mesure,1
Le plus important cest largent,1
Sa sent un genre la,1
Envoie la photo dabord,1
Ne fait pas douter le peuple presi,1
Tu as toujours été bon,2
Je crois que cette histoire est bidon.,1
"Il est tres facile de détruire, mais construire est une tâche ardue.",1
"Étant donné que son frère est un prétendu diplomate, certainement que cest un RESEAU qui sétant jusquaux sphères dun certains Etat. Doù lusage dun MENSONGE ALTRUISTE afin de protéger un certain frère pour préserver la stabilité et la cohésion amicale dans ASECAM.",1
Si demain soir lumière n'est pas faite sur ce problème je te promets que je vais tout balancer et en détail et saisir la justice...,1
La justice belge j'espère.,1
Demain nest pas loin,1
Je vais rappeler,1
This message was deleted,1
Mr le Président 79670757733 je demande une réunion d'urgence aujourd'hui par rapport à cette situation.,1
Pour le moment je pense que les deux personnes vont trouver une terrain d'entente et que la réunion d'urgence ne sera pas nécessaire,1
Si un terrain d'entente n'est pas trouvé j'aimerais que le membre de notre communauté ne soit pas affiché et que sa présomption d'innocence ne soit pas violée.,1
Votre avis compte monsieur Joseph disait que le bureau organisera une réunion durgence et que après avoir pris les avis de tout mon bureau je déciderai en fonction de la tendance majeure,1
Mais je ne pense pas quon arrivera à ces extrêmes,1
Cest un bon gars je sais quil va gérer,2
Bien.,2
"Mais prési, laffaire là est grave hein ! Si le frère en question est dans ce groupe. Au vue de la genèse  oú et comment ASECAM est née et de Lhistoire dASECAM. Par analogie on pourrait conclure que   Si le frère  tchèqueur  est de ASECAM, alors tous les membres dASECAM sont des présumés tchèqueurs.  Donc presi, toi étant notre président tu es le président des tchèqueurs voilà ce que ça connote en fait. Cest un peu comme une dent qui pourrit toutes les autres. Et lon dira nest ce pas ils ont couverts leur frère donc Ils sont eux mêmes comme ça.",1
Presi Et sil devient bonbon alors ?,2
Quand je vais faire ma part il faut aussi me couvrir,1
Voilà,1
En bon entendeur salut,2
J'ai pris le temps personnellement d'essayer de comprendre ce qui se passe. Et je prends fait et cause pour le membre de ASECAM dont il s'agit.,1
Daccord,1
Je ne pense pas qu'il le deviendra,1
"En gros cette fille est le genre de personne qui arrive en Russie pour aller en Allemagne, Belgique ou France? Dernièrement on s'insurgeait contre ces individus qui ternissent l'image des camerounais en Russie, mais elle en fait partie et il faut qu'on sacrifie notre membre pour un deal pour lequel il n'est pas coupable ?",1
Moi je dis non à ça.,1
Donc parceque la fille est le genre qui arrive en Russie pour aller en Allemagne elle doit se faire arnaquer??,1
"Quand ça a bien marché pour qu'elle arrive en Russie, elle n'a pas contacté ASECAM pour féliciter ce membre pour féliciter ce membre qui a mis du sien pour que tout se passe bien. Peutêtre que j'ai loupé quelque chose mais dites moi si je me trompe.",2
Ce n'est pas parceque c'est quelqu'un que vous connaissez que vous allez vouloir le couvrir et jeter le tord sur la fille,1
Elle tire sur tout ce qui bouge et elle ne s'attaque pas à la personne qui l'a arnaqué.  Cette personne ne se trouve pas ici,1
"Si quelqu'un met 2 personnes en contact pour un deal, si le deal foire on peut arrêter la personne qui a mis en contact. C'est ça le concept de garant. Surtout si la personne a rassuré que son contact est sûr",1
Justement on ne connaît pas la personne. Mais on veut salir la personne qu'on connaît. C'est la raison pour laquelle j'ai sollicité une réunion pour que les faits soient exposés,1
La personne que vous couvrez là connait la personne,1
Toute la politique ci .,1
Si vous ne vouliez pas que le groupe s'en mêle il fallait gérer ça ib dès le départ,1
C'est ce qui me dépasse.,1
C'est le bureau qui devait gérer ça 79670757733,1
"Peu importe le checking maintenant, n'affichez plus. Couvrez seulement. Il ne faut pas couvrir seulement quand xa vous arrange",1
Et on fait quoi de la présomption d innocence ?,1
Personne nen fait fille,1
Quand c'est flagrant c'est flagrant. Et là  il faut avoir toutes les versions pour avoir les certitudes que tu exprimes. Tu as toute l'histoire ?,1
Fille de qui?,1
Affichez donc toutes l'histoire et tous les concernés. C'est tout ce qu'on demande,1
En gros tu parles sans tout savoir.,1
Finalement cest donc une affaire nonlieu.,1
Je me base sur ce que j'ai lu ici. Ou le message du président n'était pas clair,1
Cest fort ce que tu dis là hein,1
Il ne fallait pas venir dans le groupe avec une histoire que vous voulez gérer ib,1
Ce qui fait attirer l'attention dans cette histoire n'est pas ce qui a été fait de bon mais c'est le préjudice causé qu'on voudrait voir arranger svp ne mélangeons rien,2
Voilà. Tu as lu mais en plus d'avoir lu moi je suis allé chercher.  C'est là que se trouve la différence.,1
C'est ce que tu es allé chercher là que tous les autres membres du groupe attendent.,1
C'est moi qui suis venu avec l'histoire ici j'assume,1
Et je l'ai dit plus haut la raison,1
Et le pourquoi principal,1
Okay merci Big,2
Le membre de ASECAM n'est pas directement responsable et il se bat pour trouver une solution pour que son image ne soit pas sali. Non pas parcequ il se reconnaît comme étant coupable mais parceque le chantage exercé par la demoiselle  son ex prend une ampleur qui défit toutes les réalités.,1
Commences généralement par le bureau,1
L'histoire de sans caleçon sort déjà dedans ??,1
"Maintenant à la personne d'arranger les choses je protégerai toujours mes membres mais je ne serai pas non plus dans le favoritisme, ASECAM me regarde.",1
Pour ce qui pense que je choisis un camp là c'est pas le cas je joue juste mon rôle de Procureur ici en étant la voix de la victime lorsque j'ai déjà reçu des preuves non négligeables et au contraire...,1
Mais comme j'ai dit je sais que c'est une très bonne personne et qu'il va arranger le tord,2
Les femmes,1
Ça peut mettre toute une entreprise à terre,1
Tu ne changes pas ?!,1
Ne nous inquietons ils vont géré,1
c'est lui qui a précisé nor,1
"Qui étudie ici à RUDN et ne dort pas encore, jaimerais un petit renseignement SVP",1
Можно в личку,1
79015277640 est en train de jouer peut être a la guitare,1
Je dors,1
"Moi je preconiserais que si après vérification c'est concluant, il faudra bien l'afficher dans ce groupe ci et dans bien d'autres, pour une bonne leçon également pour savoir avec qui on a affaire. Pour éviter des désagréments futurs",2
300kolo besoin du rouble taux Google,1
500kolo besoin du rouble taux Google aussi,1
This message was deleted,1
Départ imminent confirmé,1
привет!,1
С 1700  2200,1
On veut pas aussi les hommes?,1
Je veux pas te voir làbas ma petite amie,1
Cest dabord quoi? Le concert de Richard bona ?,2
Voilà quon veut 2 filles,1
"Je suis libre, je peux go",1
En plus on veut les filles minces comme toi ma petite amie,1
sauf que je veux pas aller accueillir les gens. Je veux vivre,1
à l'heure si tu comprends que c'est pas toutes les parties de novellas que ta go yamoo,1
Elle a bien fait de refuser. Elle partait où avec ce genre de gar?,2
Elle partait où Avec les cadeaux de ce genre de gars tu veux dire,1
Sa ne fait rien on récupère dabord la péruque et le iPhone,1
Tu as bien dis les cadeaux. Donc le gar a  donné  volontairement. Cest pas par que quil lui donne les cadeaux quelle doit forcément lépouser. Malchance This message was edited,2
Les cadeaux ein,1
Moi même je ferais la même chose,1
Cest le premier mougou? Quil digère son goumin oklm,1
"Moi ma fille je ne remet pas. Tu mas donné, dc cest pour moi",1
"Tu dis même quoi? Estce qu'il donne les cadeaux à toutes les filles qu'il connaît? Donner les cadeaux c'est une forme de drague, si tu ne l'aimes pas, il faut les rejeter",1
On a souffrance,1
La drague cest un risque. Cest pas parceque tu as fais une campagne électorale quon doit forcément te voter. Et si je te vote pas tu ne reviendras pas prendre ton pain sardine,1
Oui il gère bien son Goumin avec sa perruque et son iPhone  un mougou sage,2
Cest parceque la fille a laissé. Elle devait mm fuir avec,1
Tu bavarde slmnt,1
les hommes sont solidaires même les vigiles allaient larrêter que tu vas remettre,1
"Moi perso jen ai rien a foutre. Perruque, iPhone je menfou.",1
Rire. Com,1
Je parle de la fille en question qui était déjà attachée à ça. Elle ne devait pas remettre ds les normes,1
Et mm si tribunal elle a raison. Cest pour elle,1
Toimême tu ne peux pas cotiser dans une tontine sachant au préalable que tu ne dois pas bouffer,1
Ekieu le tribunal cest quoi  on gère sa au parlement du quartier on tranche laffaire laba,1
Une fille nest pas une tontine,1
En draguant une fille tu dois tattendre à tt,1
Le gars c'est un politicien qui fait la campagne,1
Juste pour montrer à quel point le gar est en tort,1
"Gar un gar te drague avec le iPhone tu prends , après tu viens dire que  i no fit waka",1
Pkw pas????,1
Laisse Pardon. Si tu ne veux pas ne me prends rien,1
"Mm si cest la maison quil machète, je suis pas obligée de lépouser",1
Je prends pian. À défaut dis moi cash que si tu veux pas de moi naccepte rien venant de moi,1
Quand on vous demande de chercher les pains comme 79653368333 vous dites oooo je maîtrise,1
"ne prends pas , simple",1
Je prends,1
Voilà une bonne nouvelle,2
Dc un gar va toffrir liPhone pour ton anniversaire tu vas dire  non merci je ne veux pas parceque je ne compte pas tépouser . MDR,2
No sense,1
Tu rembourses la vie c'est pas le voir bébé,1
Oui là c'est plus Clair,1
Yes,1
Nimporte quoi? Tsiuup. Jusquà il na mm pas honte,1
Tu rembourses tout,1
"En tout cas on viens dapprendre comment riposter, si tu veux tu prends, on vas récupérer",1
Voilà,1
"Il ya la honte dedans, ce qu'elle lui fait là c'est quoi?",1
Nous mm on a vu nor. Maintenant on prend tes cadeaux on vend seulement et on achète autre chose avec. Qui perd?,1
"Effectivement, en tout cas il ya hommes et hommes, celui là n'a même rien fait.",1
Elle lui a fait quoi ? Elle ne veut pas lépouser Ekie. Cest forcé ??,1
Je ne mange plus le pain. Je cherche les batons,1
Vraiment les hommes souffrent dans vos mains dehors...,1
Et les femmes ne souffrent pas hein,1
Ekiée le père,1
Avec le met de pistache,1
D'accord,1
Tu veux sa quand le père ?,1
Who are the guest they are meeting,1
Eweeee,1
Bonsoir s'il vous plaît est ce que la fille a eu une solution pour son argent?,2
on va commencer à préciser en donnant,1
300kolo besoin du rouble taux Google,1
Ещё надо,1
Ça c'est très positif déjà,1
Vraiment,1
Il attendait quoi depuis pour banquer ce dollars .,1
C'est la fête apparemment,1
Ça doit continuer jusqu'à 15 même,1
Si ç'arrive slmt à 10 on go boire le vin et on déclare ce jour là férié,1
Qui va alors me send 20000 taux Google,1
"Départ le 21 juin à Douala arrivée le 22 à Moscou Domodedovo. 10 kilos disponibles, documents et appareils acceptés",1
Pris quelque part,1
You deleted this message,1
Largent de la bourse,1
Billet d'avion,1
Is the money in Uba bank ?,1
Orange money,1
I need a bank transfer,1
А может не надо ?,1
Plus de stress d'attendre un voyage avant d'acheter vos choses pour expédition.,1
Le nouveau président de RUDN est dans ce groupe svp?,1
79651705331  votre successeur est ici ?,1
Oui,1
79014013056,1
Tu es déjà célibataire ?,1
Pas encore,1
"Quand tu le seras, n'oublie pas de le mentionner ici dans le groupe, on ne sait jamais",1
Tkt,1
J'ai vue en premier Big boss,1
Waaaa moi je demandais pour toi non champion,1
Merci beaucoup,2
Je ne m'attendais pas à ça,1
You deleted this message,1
Warrr. Moi ça me fait de la peine . Le pauvre !!,1
A l'heure la pour lui c'est le seule moyen de s'en sortir,1
"800k en fcfa disponible,",1
C'est la magie,1
C'est un autre monde,1
Mieux je pars rester chez les cheveux noire,1
Cest pas un problème,1
On veut bien payer,2
Mais ??,1
Vraiment mes la finalité c'est quoi,1
Bonne question,2
Mais à quoi ça va servir de payer tout ça pour quune personne empoche tout ça,1
Sa concours a quel bien être ?,2
Pour ne rien faire d'utile,1
Pour que nous soyons toujours à manqué de tout,1
Donc chaque année tu fais la même chose,1
Après tu prends la moto sa te renverse dans la boue,1
Tu dors dans le noir tu te réveilles dans le noir,1
Tu arrives même à l'hôpital on t'ignore,1
Je te dit !,1
"Ils ont finis largent du pays ,  même la poule  du quartier va bientôt payer la taxe sur lair respiré",2
"Elle parle, on dirait qu'elle a une dent contre son destinataire, cette loi n'est pas nouvelle comme plusieurs autres.  Combien de grandes entreprises au Cameroun  paient  les impôts? c'est quand un opposant gagne les élections municipales dans leurs circonscriptions que les vraies archives sont révélées? Ngue déclarer.",2
"Le President a til déjà un jour déclaré des biens?, et pourtant la loi demande celà.",2
Nos lois pour eux sont des loisirs .,1
Vraiment,1
elle a beaucoup de djin on la libère,1
Cest exactement pour de tels cérémonies quil faut avoir une représentation de notre,1
Portez vous bien!,2
Il est président ça fait juste une semaine. Je ne pense pas que ce soit à lui de répondre à cette question.,1
Chaque payscité a connu une guère. Les camerounais dorment la nuit ou alors samedi soir ils sont en BT. Les choses de minuit 0000 resembles à la sorcellerie,1
Cest à celui qui a écrit le post de répondre,1
Bonsoir sil vous plaît quelquun peut til me dires ou je peux trouver un abattoir à Moscou.,2
This message was deleted,1
Tu n'as donc pas encore fait une nuit au nord ouest ou tu ne suis pas Nzui Manto,1
Qu'il y a d'abord quoi au NOSO?  Le pays se porte bien que jamais,2
Officiellement le 237 est un pays en Paix,1
Jusqu'à le Ngambeh a mangé le soya làbas sans garde du corps et Steve fah une séance de 3mins du peu ou toutes les écoles étaient opérationnelles,1
Je navais pas compris le sens désolé,0
Oui tout va très bien,2
Azo Teka Ntamba.vcf file attached,1
79167533917,1
Merci,2
This message was deleted,1
Vraiment nous souffrons.....,1
La musique la cest alors ça hein,1
Ya il quelquun qui a la version originale de Windows 11 ici ?,1
79014013056,1
Pouvais le faire mais la distance nous sépare,1
Ok,1
1500000 fcfa besoin du rouble taux Google,1
Mon ami a la Rolex,1
Eh pardon,1
MoscouBerlin 25062024,1
on envois quoi chez les riches .,1
Semaine du 2430juin voyage enregistré,1
Les way des bozayeurs,1
"Ekieu  apprends nous, cest kels ways comme xa",1
Pour les kilo,1
Genre quelquun a pris la forêt il a laissé ses kako ici?,1
Oui,1
mince gar jai bocoup appris  très logique même,1
Besoin d'un personne demain  travail de chantier 2500,1
Salut ASECAM  j'espère que vous vous portez bien svp nous sommes à la recherche d'un frère Cameroun. Nguotue Talla Steve Alex qui a rejoint l'armée russe mais depuis  nous n'avons plus aucune information venant de lui,2
La ville de Perms et son école  l'école d'ingénieur polytechnique de perms,1
Il y a les téléphones làbas?,1
Sa famille n'arrive plus à le joindre par téléphone depuis 3 mois,1
Bonsoir j'espère qu'il est encore vivant au dernier nouvelle il y a eu beaucoup de pertes en vie humaine labas,2
"A l'heure actuelle il y a même des échanges de  coups de feu au Daguestan, plusieurs personnes sont également déjà tombées",1
Au Dagestan?,1
Ils ne sont pas sensés être en guerre nohr?,1
J'espère que l'orthographe,1
Ou bien cest un attentat?,2
Je go falla les information,1
On me fait savoir que ce sont des terroristes,1
On peut être nous calme comme ça alors que cest  chaud dehors hein This message was edited,1
Massah,1
Nous allons tous mourir dans tous les cas.,1
Il ny a pas les diplomer a Asecam cette année? Venez me faire la recette svp. De très jolies photos vous wait,1
Bonjour,2
Les boites d'arachide grillée aussi This message was edited,1
L'offre n'est plus disponible,1
Tu go Mbing ?,1
1500000 fcfa besoin du rouble taux Google,1
Ib,1
640000 fcfa besoin du rouble taux Google,1
Tsuip,1
Arrose d abord,1
Je viens dabord on mange tout ce que tu as déjà à magasiner la,1
C'est pour l école,1
On va dabord manger ça,1
640000 fcfa besoin du rouble taux Google,1
Félicitations,2
"Bjr. Svp, Lorsqu'on fait la demande du passport en ligne on l'obtient après combien de temps?",2
"Ça n'a pas un temps. Le temps que l'ambassade trouve une personne fiable pour les apporter ici. Ça peut être une semaine, 1 mois ou deux",1
Ok merci!,2
Mince c'est pas gentil cá,1
200kfcfa en cash besoin du roubles,1
505000 fcfa besoin du rouble taux Google,1
488 000 fcfa besoin du rouble taux Google,1
"Nous vous accompagnons seulement, donne ma part unp seulement",1
Cmt ça Clément ?,1
DoualaMoscou 1juillet 46kilo2 disposnible,1
Dis à 79999813624  de venir prendre son encadreur ici  elle est trop nuisibles Massah,1
139000 fcfa besoin du rouble taux Google,1
Après Walter le Russe les temps çi c'est toi mola.,1
Cest Jeffrey Bezos,1
Plus disponible,1
"Pardon la personne qui a pris , i also have fcfa",1
MoscouDouala Yaounde,1
qui vend le bâton de manioc,1
150 le bâton,1
Send moi 20,1
Il ya les fêtes ??,1
"Oui, je suis le seul invité et c'est moi qui organise !",1
Livraison rapide de gros bâton merci,2
Tu veux aussi que je te livre le bâton ?,1
Oui,1
"Akieu je propose à bb Candy, tu fais le tacle par derrière ?",1
On intercepté ton bâton...,1
Mieux la mère fait slmn la sauce je viens manger làbas,1
"Tu ne peux pas venir me faire la surprise, avec un bon repas camerounais... Tu négocies les sauces online. Fausse fille. Je vais accouché une autre qui va me Cook quand elle va grandir",2
on.peut assomer son enfant comme ça en public ?pardon je suis désolée,0
"Tchuiiiiip, moi j'ai faim didonc",1
Le seul invité avec 20 bâton ??,1
Est ce que j'ai peur,1
?,1
La vitesse de livraison alors... La dimension,1
"We ur perika ndem, what are we gonna chop? This message was edited",1
Moscow  Cameroun,1
This message was deleted,1
Voyage prévu pour vendredi le 4 juillet,1
demain besoin de 30  personnes au,1
190 kolo au pays besoin du rouble prix Google,1
Yes boss.les temps çi tu est lourd,1
Bonsoir svp yaurait il dans le groupe un bon infographe ?,2
Bonsoir besoin de 2 personne demain  2600,2
1million au pays besoin du rouble prix Google,1
Mamami,1
C'est le métro ou la D1 ?,1
Anty,1
Uniquement pour Ceux qui ont des documents à Douala  allez les déposer à l'aéroport dans les 2 prochaines heures,1
A partir de la semaine prochaine on va devoir payer 1900 rouble pour renouveler le visa étudiant,1
1920,1
On me parlait de 2080 rub,1
Bref cest la même danse,1
Sûrement 1920,1
Départ Moscou DoualaYaoundé,1
This message was deleted,1
И что?,1
О чём идёт речь?,1
Le Cameroun nencourage pas lentreprenariat,1
Voyage YaoundeDouala Moscou 1juillet 30kilo disponible,1
"Bonjour, svp le kg de tapioca, je peux l'avoir à combien ici à Moscou",2
"Le Cameroun est une sous région française d'outre mer, estce que la France a validé le projet?",1
Waww très élégant This message was edited,1
Zéro la vie après l'inauguration de ses appartements a son retour sur Yaoundé,1
Waaa ma personne,1
Bonsoir mes gens Quelqu'un se connait ici dans la location de bus à Moscou? 10 15 place,2
Ib,1
Hum,1
DEPART imminent CONFIRME,1
Déjà tout pris,1
Bonjour qui vend les bâtons s'il vous plaît,2
Chaque jour,1
Je dis hein mami il ya l'enfant des bâtons de manioc dans ton ventre,1
Oui,1
Je vais amener mbankomo ici comme sa elle va se ravitailler,1
C'est grave,1
"Waaaa la go, il faut même aussi manger les картошки non  tu aimes déjà trop les bâtons hein",1
enfin quelqu'un qui me comprend,1
laissez moi tranquille,1
Elle dit que c'est trop moins Cher pour elle,1
Bonjour à vous .,2
vous faites la tontine des bâtons ici?,1
Je suis sérieuse boss,1
Peutêtre il y'a un truc derrière les bâtons ci que les gos savent mais nous on néglige hein,1
Sil vous plaît qui a le bâton ici ??,1
les gars qui ont gradué en agronomie  depuis n'ont pas encore un champ de manioc ici depuis?,1
"en plus, toujours les femmes.",1
Sil vous plaît qui a le bâton ici ??,1
"Mais vrai vrai, il faut déjà que les gens commencent à réfléchir sur la manière de nous planter le manioc ici hein",1
"Viens dans mon ib, on va discuter de ça",1
On dit qu'il y a le tribalisme au pays mais aucun Camerounais ne peut nous tracer les origines du manioc. Tout le monde mange ça,1
Apparement personne ne vend le bâton ici,1
Mon petit frère arrive dans 2mois avec les bâtons. Il faut conserver tes envies au frigo,1
Je veux ça aujourdhui,1
"Sorry, rien n'est sûr ici. C'est le seul pays où les épinards ont remplacé le waterleaf dans le eru, tu peux substituer les bâtons par les pommes. Tout ça vient du sol",1
Il me manque un dernier au congélateur et je liquide à 350p sans livraison Inbox si tu veux,1
Le stickers si parle beaucoup,1
Peut être aussi les USA,1
C'est avec le rouble qu'on connait qu'il va gérer toute la populace là?... Peutêtre il va même dans une ville où on buy l'heure à 100rouble,1
Moi,1
Pourquoi tu es comme ça ?,1
Combien ?,2
Creer le bâton de pomme noh ?,1
Je suis pas a Moscou.je reviens mardi,1
c'est la vérité qui va me tuer,1
non le foutou  de pomme est rapide,1
On veut les bâtons,1
Tsiuupppp  vous êtes venus à Moscou manger. Laissez ceux qui ont besoin d'argent tranquille,1
Si on a donc pas d'argent. On va manger avc koi?,1
Vous allez acheter les bâtons avec quoi?,1
Toi la vraiment je ne sais pas ce que je faire,1
Tu fais le même procédé que le baton sauf que tu mets la pomme...,1
Avec le bénéfice des perruques,1
je pense que je suis en dépression,1
Là ça devient le mitoumba une fois,1
Mieux !,1
Yes le brisss,1
Mon frère même si cest au Gabon cest le briss,2
You deleted this message,1
Tu ajoute le kramal,1
3.500000 franc cfa au pays famille besoin du rouble au TG,1
Donn moi ton prix en ib,1
"140 k en fcfa disponible, besoin de rouble taux Google",1
100k,1
"Bonsoir , sil vous plaît",2
Oui,1
500kilo disponible,1
500 ?,1
Tu veux faire venir les bâtons?,1
500 kilogramme,1
Massah,1
Oui boss.,1
Il faut faire monter tu m'invite on mange ça ensemble,1
"Bonsoir , sil vous plaît",2
Oui le 10,1
Tu veux seulement porter ton studio au ko pour kem avec,1
Seigneur,1
Besoin de XAF au taux Google.,1
"Bsr, svp quelquun à til des connaissances en Crimée ? Jaimerai savoir si les évènements dété se déroulent normalement laba , festivals etc",1
Quelquun qui meurt comme la blague,1
"100 000 fcfa disponible, taux de maah Ngooongle Jacqueline",1
Vous êtes riches dans cette pays,1
Merde on a retrouvé son corps? Ça c'est comme un jeu hein  merde merde merde,1
C'est un autre décès ?,1
Oui malheureusement,1
Massah,1
Pkw la même cause,1
Chinoise,1
Oui boss,1
Tu as un joli nom. Ajoute noire devant. Chinoise noire et moi Poutine noir,1
Chinoise cest pas mon prénom,1
"okay, c'est toujours joli en tout cas",1
Merci cest gentil,2
"Qu'est ce qui se passe ici? on a fui la mort précoce et subite au pays pour se mettre à l'abri ici. Si même ici nous ne sommes pas épargnés, mieux nous dire on continue svp",0
Donc tas quitté le pays pour fuir  la mort??,0
Ikii,1
Pour fuir ce genre de mort. On est d'accord qu'il y'a moins de possibilités de mourir comme ça ici nor?,0
"Fleur, moi aussi j'aime ce surnom",1
Hmm,1
Ahhh moi je dis la vérité hein,1
ke chacun vienne aimer le nom d'une chacune,1
Cest bien papa,2
"Frère personne ne s'ensortira vivant, on va tous y passer. Il faut seulement être prêt à tout moment et profiter de chaque instant, ça peut être le dernier",1
Même ici ça peut arriver,1
"Merde mama il faut bien me barrer, ça là fait trop mal",2
This message was deleted,1
79911230934 envoi le stickers la,1
237652314087 79013886871 79774380461  nous sommes à quel niveau avec le projet ASECAM ndolo pour résoudre le problème Célibataireux des enfants du pays,1
Mr indisponible 2424,1
Seulement le service d'urgence peut te sauver. Au Cameroun on filme en criant il est parti vrai vrai? Même les sapeurs pompiers n'ont pas de carburant làbas,1
Vraiment. Jétais choquée. Ici on laurait sauvé,1
Et très vite mm,1
Je suis d'accord. Je préfère mourir dans un Taxis Yandex en rentrant du boulot que partir illico presto emporté un torant sans destination,1
Je suis directrice dasecam ndolo?,1
Ils veulent m'expliquer koi récé? Trop de morts inutiles au pays,0
On sent  que tu es le genre de personne qui ne veut même plus rentrer au pays,1
Vraiment,1
Il ya quoi au pays?,1
Quoi de bon à part nos familles ??,2
Tu étais parmi les lanceurs les lanceurs du projet,1
Noo pardon cest 79259217245,1
Tant que j'ai mon bb russe ça me va.. même la famille qui est làbas peut se battre à sortir,1
"Son pays c'est la Chine, elle est congé ici. Bientôt elle Va back",2
c'est à quel niveau,1
"250k fcfa , taux Google,",1
Ekieeee,1
"Parce que si c'est le Cameroun c'est mort, t'es pas différente",0
Je ne suis pas différente de qui ??,1
De nous les kmers,1
lol,1
Je ne suis pas Chinoise boss,1
Je suis Camerounaise,1
tu veux back au pays?,1
Faire quoi??!!,1
La conclusion que je fais du groupe Camer ndolo est  Quil ny à pasplus de filles kamers célibataires.,1
Mince,1
Dc les russes cest genre lapéritif hein. Quon prend seulement en attendant,1
Et c'est la vérité,1
"Comme dit un proverbe villageois En attendant le porc brésé de demain, mange dabord le kpeum sans sel daujourdhui",1
Je ne suis pas daccord. Mieux tu restes seul. Les russes sont aussi les enfants des gens,1
"Encore mieux, better une russe  qui n'a pas encore expérimenté le poutoulou.",1
C'est lourd euinn,1
ce que tu veux que je rentre faire,1
"Comme jai limpression que tu as un souci avec mon proverbe villageois, je vais donner un autre mais français",1
Tjr pas daccord avec le cas en question,1
Je ne peux même pas rentrer papa,1
il y'a un message très fort dans les couloirs cachés de ce texte. J'ai pris trois heures pour le décoder Hooo le génie,1
Tu es née dans l'opposition,1
terminé,1
Non pas du tout.,1
Je  nest jamais compris pourquoi les gars camerounais détestent voir leurs sœurs avec les étrangers,1
"Les gars pardon répondez. Si je réponds, je risque donner lAVC aux gens!",1
"On dirait que quand tu accuses un rejet pour ta demande de visa, tu demeures à l'ambassade pour la vie",1
Vous pensez que les étrangers aiment voir vos frères avec leurs soeurs?,1
Réponds moi nr boss,1
Mais les gars camerounais exagèrent,1
On déteste pas vous voir avec eux c'est le célibat  d'après qu'on déteste voir,1
une balle hein,1
Bien joué,2
D'autres n'ont peutêtre pas le courage de vous dire ça comme ça,1
Des qu'il soutient l'amour fini  il rentre chez lui,1
Tu dragues au deuil?,1
A.M.E.N,1
On va aller ensemble,1
Le tonton ci avait déjà dire ça à la Aristote,1
Je suis choqué,1
Pour les plus patients,1
Lol il y'a dit qu'il voulait rentrer avec toi? Tu connais combien qui sont back ensemble après les études?,2
si tu as livre qui prescrit les endroits pour draguer. Passemoi la ref,1
En tout cas .,1
"Dis toujours, bravo.",2
Tu es convaincue que tu étais draguée?  Hooorrr,1
Ça ne va pas nous décourager. Non mais il en faut beaucoup plus,1
"celui qui mange le Sanga se moque de celui qui mange le Kpeum, alors que le sanga Kpeum  saison des pluies  This message was edited",1
Cest la vérité et je parle en connaissance de causes,1
Eauqué ma'a,1
"On va tjr sortir avec les étrangers, que ça vous plaise ou non. En attendant quils rentrent dans leurs pays. Quand le premier rentre dans son pays, on cherche le prochain étranger",1
Bien,2
Verigoud,1
C'est quand l'argent des calls centers finisse ou disparaisse qu'elles pensent au mariage  à cette étape le plus souvent même par magnanimité leurs frères kmers ne peuvent plus les aider This message was edited,1
"Jai besoin daide les gars. Il y a une fille de France là qui me drague sur VK, Wandaful",1
De porte à porte cependant le toquer porte n'arrive jamais,1
Ou cest quel scammer nigerian qui est dèrriere ohh,1
Google translate souffre,1
C'est trop flagrant que c'est un scammer,1
Ya pas de pb. Cest pas le toquer porte qui défini notre bonheur,2
Qui tas énervé comme ça? Mince,1
"Pour moi si une go est trop pressée de se marier, elle se cherche un russe ici. Les russes font trop les demandes en mariage et le mariage est rapide",1
Les organes sont dehors déjà,1
Haha,1
Mais les russes ont Sal comportement,1
cest 79996751961 nor,1
"En tout cas, l lecture sera lue dans 510 ans.",1
Tu es tombée sur mauvais russe,0
"Allezy, changer détranger à étranger nest ce pas nous somme là?",1
On attend tes photos de mariage ici,1
Man no go run!,1
Si tu vois quelqu'un qui pleure trop au cours d'une discussion sache qu'elle subit. C'est peut être une façon de pleurer un disparu ex ivoirien,1
Haha je vais me marier dici 610 ans,1
Aucune lecture ne seras lue. Arrêter de stresser les filles pour rien. Nous sommes en 2024,1
Jai pas encore expérimenté et je ne veux pas,1
Ok,1
"Comportez vous bien comme les étrangers, cest tt",2
Cest trop tard pour toi,1
"Oooh pardon marriage na when ?, on veut manger le Eru.",1
Un disparu ex ivoirien warrr,1
Oh là là,1
c'est quand vous ndemez que ça vous vient en tête que vos bros méchants,1
"Membrouille pas , cest kom ça que tu ns annonce ,",1
Mariezvous à ces étrangers. We're gonna stay as we are,1
jai compris boss,1
Cest ce quon fait déjà,1
Dans vos têtes seulement  depuis ke JSS ici même l'odeur d'un mariage kmer j'ai pas senti. Les Niger de 25ans se marient chaque mois dans ma salle This message was edited,1
Ça signifie que tu nas pas assez de connaissances camer,1
Et aussi est ce que tu es petit pour te marier ??,1
Toi même tu attends quoi pour commencer??,1
Je Wanda,1
Je suis dépassée,1
79996751961 le genre quelle est sur la défensive là faut pas créer les problèmes man.,1
tu as enquêté sur mon statut matrimonial? Parfois on vous drague même c'est parce que nos chéries sont au boulot,1
Les pleureuses Dion,1
Comme le warman dit souvent Le panafricanisme du nt,1
Nous on observe. Estce quon a un pb?,1
Si tu dragues une fille parceque ta chérie est au boulot ça signifie que tu nes pas comblé. Ou alors tu ne mérites pas la fille. Dc ds tous les cas tu as tort,1
toi même tu es célibataire ?,1
Moi? Oui oui je suis célibataire,1
Observez eusseu on vous a empêché,1
comme tous consomment ça alors ???,1
j'ai les photos de la soirée du 8 Mars ehh,1
Utiliser l'enfant d'autrui le temps de trouver ta camerounaise,1
qu'on dort chez les ivoiriens et congolais,1
95 des filles de mon pays ne sont  donc pas comblées dans ce cas  puisqu'elles sont presque toutes djanju même dans leurs couples mixtes noirnoires,1
Jai pas compris,1
c'était fort que ça,1
Tu en es où avec ta russe?,1
tu ne connais pas encore les hommes ? Mince,1
"Mais 79013886871 ce qui métonne est que tu es daccord de faire le panafricanismes du yamo mais tu veux que NOUS, nous les pauvres garçons du 237, on reste célibataire nest pas, on doit laisser les filles russes et vous attendre ?",1
N'est ce pas tu es en couple,1
"Nous sommes en juillet hein mama, ce qui était valable en mars ne lai pas forcément en juillet",1
"Ça dépend de qui demande  il est un peu célibataire, tout dépend du pourquoi de la question",1
Toi le premier djandjou camercamer,1
Si.,1
C'est vous qui avez un problème ehh tu as vu une go ici se plaindre que vous sortez avec les russes?,1
pour le moment lisez,1
elles sont conplex,1
Et tu Wanda?,1
"Non, pas nous attendre, mais bien vous comporter comme ces étrangers. Chercher à savoir pkw on vous laisse pour eux, et quand vous aurez ça on sera à vous et on ira plus voir dehors",2
Oui,1
J'assume  c'est ce qu'elle a dit,1
Depuis que toi tu changes de russe en russe qui a parlé ??,1
Wanda,1
Pourquoi vous nous laissez pour eux?,1
Qui vous a demandé d'attendre ?? C'est vous qui voulez les camers nor,1
Ils sont les premiers à dire ooh on verra dans 510 ans. Les 510 ans arrivent et ce sont tjr eux qui viennent pleurer ici,1
Ah bon?,2
Je peux pas en dire plus  cest le secret des hommes.,1
Donc cest comme ça?,1
Mince !!,1
"Même si on lit dans 5 ans, c'est notre lecture nor. Pour le moment qu'ils lisent",1
Ok,1
et après tu espères quoi?,1
Je Wanda,1
Cest tout,1
Pourquoi les hommes mentent beaucoup comme ça ??,1
Expliquez  moi,1
Pourquoi ça t'intéresse? Kan quelqu'un veut tuer son chien il l'accuse de rage.,1
vous êtes en couple et vous voulez venir distraire les enfants des gens,1
Le djandjouyage,1
Vous croyez que vous êtes les seuls??,1
Dans ça tes recés sentent tjr importantes,1
Un homme te ment et il se fasse et te gronde même parce que tu ne le crois pas,1
"Vas poser tes questions aux hommes ivoiriens, sénégalais, Congo et autres",1
Les djanju pro max,1
Si elles ne l'étaient pas tu n'allais pas continuer à draguer,1
Euilll,1
Les camers sont les premiers menteurs,1
On est tous dedans,1
"ça veut rien dire, je drague tout même le chat",1
Jusquàaaaaaaaaaaaaaaaaaaaa,1
Mais grave!!,1
Goumin pro max,1
tu es d'abord un gros chat toi même,1
Voilà. Continue donc et ne te plains pas,1
Est ce que ça te dérange ?,1
Au moins nous on ne vend pas le rêve,1
Genre tu es dans ta relation inutile posée avec ton ivoirien et moi je me plains. J'ai trop ton temps on dirait,1
"Tu parles de quoi depuis là alors  c'est sa relation nor, inutile ou pas ça te concerne ?",1
Jaime ma relation inutile avec mon ivoirien et lui aussi il aime. Où est le pb au juste??,1
Vous n'avez plus de rêves. L'argent des calls centers a tout acheté,1
mais on dort au chaud,1
Gars ça va comme ça,1
Laisses,1
"Ne laissez pas ehh, continuez",1
Mon PB c'est que tu penses que je me plains .,1
Non ça vire déjà au manque de respect,1
"Yep. Et on a bien fait de chasser les camers des call center. Comme ça ils nont plus droit à rien, même aux chats",2
Vous avez fini avec les russes maintenant vous voulez les camers,1
Restons courtois,1
Goumin,1
Pour le moment elle a encore sa relation inutile,1
père easy ein on vous lis,1
"Donc on go manger pour les ivoiriens et on est oklm. Quand livoirien prend son diplôme il rentre chez lui, on tchop le goumin et on se console avec le Congolais",1
Elles sont courtoises?,1
qui lit??,1
Ah oui,1
"En conclusion, célébrons lamour.",1
Il se plaint de quoi??,1
Vivre le mariage interculturel,1
Certains et certaines ont choisi les russes,1
Laissons nous donc nos bb Nzouk russes,1
Le blue print de ça,1
Vive le mariage temporaire interculturel,1
"On a pas refusé que vous sortez avec les russes, mais ne dites pas que vous sortez avec elles en attendant les camers, parce quon ne viendra jamais vers vous",1
Peutêtre par honte,1
sinon personne n'est éternel sur terre eh,1
Il y' a trop de blessées ici,1
Par honte on va aller chez les congolais,1
Je te jure,1
La magie gars,1
Cest pas un pb. Le russe divorce en moyenne 3 fois.,1
Je suis étonné en vrai,1
Vous êtes les premiers blessés ehh,1
Mais on ne dote pas. Elles peuvent divorcer chaque deux semaines,1
Sinon ça n'allait pas vous déranger de voir vos sœurs avec les gens d'à côté,1
Par honte?? Mm par honte la on va chez dautres nationalités,1
Le répondant,1
Vous pleurez pourquoi même depuis?,1
Qui pleure même?,1
Allez làbas nor,1
Chez nous les gars du call center vont doter et on va divorcer après. Ils ne sont pas pauvres comme vous,1
Vous vous vous,1
Moi je suis juste venu faire un constat du groupe  Camer ndolo,1
"Quelquun ma tagué, jétais moi dans mes marches",1
Je comprends ton émotion gouminesque,1
"Bref bonne journée, vive lamour",2
Et la paix,1
pas encore de goumin pour le moment malheureusement. Je wait que mon ivoirien rentre chez lui dabord,1
Sinon les congolais ne rentrent jamais  on va se consoler làbas après,1
Warrr,1
Ils naiment pas leurs pays,1
Surtout les gars de la RDC,1
Net,1
"Ils sont très riches, on vous voit dans les Tesla villa en bordure de mer",1
Jai demandé à un lautre jour quil ne rentre pas ??,1
ils sont bien intégrés,2
laisse la récupération chérie,1
Celui qui pêche le poisson barre n'est pas pareil que celui qui pêche le maquereau,1
Surtout quand il a son petit argent,1
Ya quoi avec les proverbes nr,1
J'étouffe,1
Ça se voit Tu aimes  les faux trucs,1
Trop même,1
Je suis en colère,1
Tu ne meurs pas ?,1
Okey,1
Contre qui?,1
Le répondant,1
Merci laisse tomber,2
"Laisse toi distraire tranquillement, je te promets que ça va te plaire",1
le chouchou des nanas,1
Okay,1
Massa  tu aimes bocoup de pays ein partenaire,1
Ce que tu veux commencer là,1
Dis niang,1
Reste sur tes gardes,1
Cest lui qui ma attribué livoirien hein. Je prends seulement je vais refuser ??,1
tu ne connais rien sur moi,1
Niang !!!,1
Je vais tout  lui dire,1
est ce que j'ai besoin ?,1
De quoi parles tu?,1
Tu es très sage,1
le sticker ci me fait penser à une vidéo,1
C'est qui? Jean de Dieu Momo  le feu est sur toi heinnn,1
Warrrrrr,1
"79013886871 restons dans la paiy. Ce mot de quatre mots est crucial pour la cohésion sociale. En ce qui me concerne perso, je suis dépressif c'est ce ki m'a poussé dans cette discussion",1
Moi les messages des camers ne me font mm jamais rire,1
ahhhh mafffffff. C'est le nkang qui te gère,1
Oki je comprends mon 3e mari,1
Le jour où tu seras vraiment dépressif même écrire tu ne pourras pas,1
"Tu n'as pas tort, orgueil de côté",1
donc je blague? Tu m'as déjà vu parler de ce ki me concerne pas?,1
Les gens qui détestent les camerounais là sont même bien dans leurs tête ??,2
voilà,1
Tu es le chef de ça ehh,1
Je déteste les camerounais CMT?  J'ai le  nouveau symptôme Brenda pas?,1
Vous ne travaillez pas ?? Vous ne fréquentez pas ??,1
c'est toi qu'on va prendre par derrière,1
"si tu t'inquiète de mon travail, tu dois aussi t'inquiéter de si j'ai mangé. C'est pas une affaire de phrases",1
Tu ne meurs pas ??,1
Vos inquiétudes à 2 balles là,1
Je suis un tapeur de machine,1
Qu'il aille en brousse avec tsuippp. Quand c'est pour chercher les moyens de soutirer l'argent aux pauvres camerounais ils sont fort pour sortir les articles,1
esprit éveillé,1
Non... Non... Noooonnn,1
Fake,1
Source,1
Cest fake ?,1
Cest même bien ça sera facile de lécarter.,2
This message was deleted,1
This message was deleted,1
Toi même écoute encore ce que tu as écris là,1
This message was deleted,1
Laisse nous avec tes voices là,1
Vf écrit,1
This message was deleted,1
Gars écrit man,1
This message was deleted,1
79996751961 quest ce qui tarrive,1
Fake,1
43 mots 43ans  2018... Donc il a encore 36??,1
pardonnez moi,1
Voilà quelqu'un qui n'a jamais aimé le Cameroun,1
le président des patriotes?,1
"79913266102, 79645644322 , 79779948458 Джо.",1
gar moi je mange encore le Kpeum.,1
Nous on ne parle pas des gens qui mangent 3 fois par jour et qui volent en jet privé. This message was edited,1
vous pensez maîtriser et le Cameroun et les kmers. Si un camerounais t'encourage avec insistance dans un truc. Sache que tu es en train de merder,1
Tu veux dire plus?,1
"Moi je ne supporte pas la gouvernance de Samuel Eto'o, mais je ne soutiens en rien non plus les actions du gouvernement pour l'humilier.",1
"Vraiment limpide ta lecture, je partage cet avis",1
300k xaf.  Besoin de rouble,1
Tu n'as pas tort bro.  Tout à fait d'accord avec toi,1
Dit moi Eto'o fils est en prison ?,1
Voici le vrai fan églisien qui n'a plus d'arguments pour défendre leur pasteur,1
Non mais il n'est pas loin d'y aller. Les gars du RDPC font tout pour terminer avec sa carrière.,1
Ne rêve pas . Il n'aura rien de cela,1
qui rêve entre nous 2  en fait?,1
Bro moi j'attends la fin du feuilleton.,1
on sait déjà le genre de pages que tu suits,1
Buy les popcorn pour nous tous,1
alors églisien,1
On na pas besoin de partir à léglise pour comprendre la valeur de 20 milliards de ffca,1
"c'est un bourgeois, d'après vous ses fans. Il peut le payer en un clic",1
Va regarder la fortune reconnu officiellement de samuel Eto'o tu vas comprendre. Laissons les autres argents de derrière derrière.,1
"Il y a texte et contexte . Son argent donc vous bradez c'est le texte et le paiement de ses amendes, le contexte .",1
Il va donc payer les 20 milliards?,1
Tu as décidé de nous donner 1e fake news par jour. Ладно,1
je comprends ton émotion.,1
Même sa double nationalité c'est le fake,1
Jai pas le cardio pr débattre jai pas encore mangé depuis le matin. Invite moi au KFC on débat sa This message was edited,1
Mathieu 44,1
300k xaf.  Besoin de rouble,1
Close,1
Explique,1
Google,1
Cest Google qui a écrit ça ici ?,1
Bonjour s'il vous quelqu'un connait une école où on peut étudier en français a Moscou informatique,2
Depart 10 Juin Douala Moscou,1
Merci presi,2
My clothing brand  AFLOURISH will be presenting our new collection SS24.,1
Les affamés,1
"L'homme ne vivra pas de pain seulement, mais de toute parole sortant de la bouche de Dieu.",1
"C'est tellement triste, le pays là est entrain de sombrer dans l'abîme",0
"Paul Biya dit que comme vous demandez qu'il se représente, il le fera volontier!!!!",1
Mieux on meurt tous ici. Les gens d'asecam vont cotiser pour rapatrier le corps,1
Sa bouche alors cest la bouche de dieu ?,1
Tu as goûté ?,1
Oui,1
Euilllll,1
Quelles autorités sur les lieux ? Les gendarmes?,1
Bonsoir boss,2
Tu veux déjà dire quoi? Façon tu es très poli là,1
"tu disais que chacun va mourir nor, je suppose qu'en restant ici, tu ne vas pas mourir",1
Marathon des voyages la semaine prochaine,1
"Massaaa les 400kg, 92kg, c'est tout le Cameroun que vous voulez porter?",1
Je suis dabord un grand gardien de but,1
Et un grand coach,1
Donc on vas seulement gagner,1
Ikii  ça fait longtemp,1
Voilà,1
Бесплатно ?,1
wat about eru,1
Vraiment jattend aussi ça depuis,1
5f у нас нету,1
ce nom sent la déception amoureuse,1
"Quel nom,?",1
Ekie,1
"Bonjour tout le monde,",2
Iki le porteur,1
7g services,1
"Avant hier tu étais chinoise, aujourd'hui tu es déjà petite femme forte",1
Tu as vu CME moi?,1
Oui oui jai bien vu mm,2
Si tu ramènes tout à lamour moi cest pas le cas,1
merci,2
il y'a quandmême eu blessure !,1
Aucune blessure,1
Bonjour tout le monde sil vous plaît quelquun vendrait il des bâtons de manioc,2
pourquoi tu es tendue à 6h?,1
Encore les bâtons??,1
Le 11,1
Je veux weee,1
Да бесплатно будет,1
Stéphane cuury du Cameroun,1
Merde quelle précision  le gars est bon massaaaaa,2
79670757733 il faut penser à faite des Gramota pour les individus de ta communauté qui se distinguent.,1
Bonjour,2
Pour après nous tué où nous traité comme la merde,1
On a gagné,1
"Par rapport au match, pourraiton avoir les équipements?",1
"Svp qui a une bonne godasse là, je chausse le 43",2
Le Magasin possède beaucoup de 43,1
C'est bien je le sais.,2
Les citoyens du pays voisin ont traités Richard bona de terroriste après son concert à Moscou. Il a du annuler celui de st Petersbourg du 27 juillet.,2
Quel pays?,1
Tu ignores quoi,1
Gars je ne comprends pas sérieux,1
Le pays de zeleinmapoundou,1
"Ils ont envahis les réseaux sociaux pour traiter richard bona de terroristes , ainsi que dans leur presse.",2
Jai cru que tu parlais de la Côte dIvoire ou du Congo dabord hein,1
Donc Kanye West est aussi Terroristes.ces gens sont fou,1
Et il annule à cause de lUkraine alors quil est en Russie? Ils allaient faire quoi?,1
Il nest pas en Russie actuellement This message was edited,1
La dernière fois un concert avait été attaqué ça fait pas longtemps meme. This message was edited,1
Ici. À Moscou,1
Oui oui tu as raison. Quil se protège de ces malades,1
Les gens oublient que le sex est sensé être une partie de plaisir et non un combat. Hummmn! Minalmi! Owohh! This message was edited,1
"Merde quand j'étais en cité universitaire au Cameroun, mon voisin à 7h du matin a mis une fille dehors en disant qu'il ne comprend pas la fille là, toute la nuit ils ont fait jusqu'à 7 coup, elle voulait tjr le 8eme et il s'est faché, ça avait fait le bruit à l'époque jusqu'à",1
Hill on fire,1
This message was deleted,1
Après vous c'est la toux qui va tuer,1
Le gar se protégeait,1
"Hahahaha moi j'avais aussi compris l'affaire là, maintenant c'est le premier à jouir qui a gagné, on ne peux pas souffrir pour chercher l'argent et souffrir aussi pour donner la bonne dose de nyass à la femme, moi je refuse ça",2
merde ça cest une sorcière  je suis arrivé à un niveau où après 1 round je dors  on se revoir dans 3 mois,1
Noublions pas le match de demain ASECAM,1
Les filles de RUDN qui ne sorte jamais pour soutenir les garçons qui joue la,1
Faites leffort demain,1
"79015093080 , 79500062365 , 79773180673 , 79309676574 , 79152769594 , 79013886871 , 23798898344 , 79102639174 , 79998631995 , 79254221957 , 23796658773 , 79998435637 , 79525913298 , 79163679375 , 79032178702",1
"Slt,",1
Nora de la Brousse.,1
Merci presi,2
"Bonjour bonjour , comment allezvous ?",2
Ton nom est toujours là,1
Et pourtant je viens souvent voir le match,1
Cest combien le bâton?,2
Je veux pas le miyondo je veux le bâton même même,1
Je vais manger avec ma petite amie,1
Envoie les prix ma coucou,1
On attends les prix,1
Tapioca 1500r lunité,1
Comme tu aimes les bâtons la,1
J'ai mon colis qui arrive lundi,1
Il ya aussi les bâtons?,1
Seulement les bâtons que j'ai demandé,1
Massaaaa,1
Je ne buy plus,1
Ce que j'ai au frigo ici c'est un cadeau d'un nouveau,1
Ikiii donc tu vas nous inviter quand tu vas faire le eru?,1
Rêve,1
Miondo 3 a 200p Saignair,1
Il faut laisser mama,1
Oui on voit même la taille et le poids,1
Daccord boss,1
C'est la période des nouveaux. Tu dragues bien on te porte tes choses,2
Je vais recceuillir en Padfak,1
Voilà,1
J'ai le tapioca en grande quantité  et 79260505028 m'a gâté avec les arachides,1
Donc tu as dragué un nouveau hein,1
Pardon dites à ceux qui vont quitter la France pour la Russie de nous garder les battons de manioc,1
"Cherche, tu vas trouver",1
On va te vendre xa à 1000r,1
Cest 03 comme xa ou cest ce qui est  doublé la? This message was edited,1
C'est 3 comme ça ehh,1
cest fort ein,1
Tu ne connais pas avec qui tu as à faire.,1
C'est ça que tu vends à 250,1
Cest doublé,1
je veux le seul germe pour me préparer mon poulet,1
Toi même dabord la tu es obligé dacheter monsieur,1
Ekieee tu veux dire qu'elle est chiche?,1
"je sais nor, mais après aujourd'hui parceque j'ai un plat gratuit à consommer à RUDN aujourd'hui",1
"Okay,",1
J'ai le sel germe chez moi,1
humm je n'ai moi rien dit,1
je prépare je mange seule c'est mon argent qui fait les courses,1
Oublie les kongomeat,1
"depuis ke je demande le Congo meat, kan c'est le sel germe tu cours répondre This message was edited",1
Voilà,1
Je n'ai pas le temps pour faire la cuisine,1
Et tu le sais,1
tu es d'abord occupée,1
"Oohhh ne commence pas, tu ne connais pas attirer les investisseurs?",1
Très,1
Je ne fais pas dans xa,1
"ne me gère pas le retour, tu sais ke c'est toi mon devant derrière dans ce pays nor?",1
"Oui j'ai compris, mais un jour fâche toi tu fais la cuisine, tu invite ASECAM, tu vas voir comment les bénédictions vont couler comme le vin coule à flo au Cameroun",1
Oublie ehh,1
Il faut laisser ehh,1
"En vrai , moimême je vais la bénir",1
Tu es blanc,1
25 000fcfa disponible besoin du rouble,1
Qu'estce qui t'arrive parfois recé,1
Hummn!!!,1
Je suis déjà en route,1
Je vais sauf que venir manger et emporter l'autre même.,1
On pourra manger deux fois ? Genre tu chop puis tu changes ton habit tu reviens encore prendre ?,1
Sans oublier d'emballer !!!,1
Elle a fait 80 des gens viendront maintenant que pour chop moi y compris. nous ne sommes ni des footballeurs ni des supporters,1
Ça va alors nohr je mhabille déjà,1
Saignairrrrrr,1
Ça c'est de la motivation,1
Cest la sauce jaune dans la bassine violet?,1
Je ne suis pas disponible mais après cette vidéo,1
Ekieeeon veut pas de ça laba,1
toi on va te remarqué,1
Oui. Le taro est au feu,1
Dans déc ?,1
Mon anniversaire si va donner,1
"79015093080 , 79500062365 , 79773180673 , 79309676574 , 79152769594 , 79013886871 , 23798898344 , 79102639174 , 79998631995 , 79254221957 , 23796658773 , 79998435637 , 79525913298 , 79163679375 , 79032178702",1
1500 début du match,1
Ceux qui pensent que c'est l'heure du Cameroun là viendront débarrasser,1
Bonjour à vous,2
Mais le match cest pas aujourdhui?,1
Pourquoi le stade est vide ?,1
Si si . Nous sommes juste à côté.,1
Les africains avec lheure,1
Jai oublié un instant que cest nous qui organisons,1
Chai!!!,1
Envoyez ladresse du stade svp,1
МиклухоМаклая 4,1
Où est tout le monde ?,1
Nous allons bientôt commencer,2
Video note omitted,1
Jarrive décanter sa,1
nadia.....???,1
Cherche bien,2
Ce sont les miondos ?,1
ekie,1
Le presi est sexy très mal,1
Humm!!!,1
Ce sont les bâtons ? Pourquoi c'est petit comme ça ?,1
Slt,1
Laisse la tranquille abeg,1
on mange ça avec quoi?,1
237652314087 on achète pour combien ?,2
Achète même pour 600r,1
Avc une vendeuse qui ignore les clients? Qu'estce qui m'encourage ?,1
Ah c'est entre vous làbas,1
"C'est pas grave, mes 600 peuvent encore passer une nuit dans mon compte avc tranquillité",1
D'accord,1
Ce que tu veux nr,1
Désolé boss jétais occupé,0
Je tes demandé de me faire la recette tu as tourné comme si je te draguais seulement 79996751961,1
"Je voulais acheter, tes fans ont dit que je drague au deuil, si c'est toi? .",1
massa,1
Cette histoire de drague Cest depuis lautre jour,1
Tu as humé mon parfum ici hier?,1
Oui !!!,1
Bref,1
"je vois pourquoi tu es gentille aujourd'hui, tu as un peu",1
Je ne suis pas souvent gentille ??!,1
Pas avec moi je pense,1
Je dois être gentille avec toi pourquoi ??,1
"Je suis célibataire, musclé et brain  This message was edited",1
Irrecevable?,1
Si cest parce que tu es célibataire et brain que je dois être gentille avec toi cest que ça ne vaut pas la peine,1
"C'est compliqué, je dois t'inviter loin dans la maison sacrée pour qu'on en discute, avec les jujubes à l'entrée pour faire régner l'atmosphère de paix",1
"même quand je voulais acheter les bâtons, c'était toujours la relation amoureuse?",1
Si tu voulais vraiment tu allais me constater ib,1
"Dis moi, tu m'as as répondus?  I'm confused",1
Stay confused,1
It's ur will and wish but I rebuke it in the mighty name of Jizocenn'kjjgfjyg,1
Ooooh God why ?,1
"Even if your child 79996751961 has done something wrong, forgive him and give him a woman who will take care of him",1
You really need it,1
are you kidding me?,1
You need it,1
"Soit honnête, que je ne te serve plus de couverture",1
Your case is really serious,1
C'est quandmême bizarre! Que tu connaisses mon problème que moi This message was edited,1
Cest prévisible,1
Are you a psychologist?,1
Très moins chère,1
C'est où Boss,1
C'est la banane ou le plantin,1
Cest la norrrr,1
Bon jai dis que je vend quoi?,2
Ok boss,1
Donne le prix,1
350r,1
Seulement,1
Prix promo,1
Vente flash,1
Perdez le temps les gars ib fort,1
Rdv demain seulement,1
Demain 18h arrivage encore,1
Voyage le 10 Juillet.,1
Tu as un peu ces temps ci,1
le Cmr c'est le Cmr,1
MoscouDoualayaounde,1
MoscouDoualaYaoundé,1
Bonjour à vous,2
Douala Moscou,1
La facilitation de vos transactions en un clique .. je vous recommande,1
237652314087 je suis un homme comblé  j'ai un témoignage emblématique à livrer. Je vais te nuire bientôt  This message was edited,2
Rayaaaaa j'attends seulement l'invitation,1
pour manger l'okok sucré?,1
même l'autre là je refuse?,1
L'heure vous sera lue  je vais vous nuire Allah,1
Moi quoi dedans?,1
On m'a offert en Kdo à une fille kmer pour sa remise de diplôme dans école. Elle a fait 5ans sans voir un Camerounais. je demande encore quoi à Dieu?,1
Chacun son paradis,1
Si tu l'aime pas besoin de chercher ailleurs. Et protège bien tes choses car les gars sont tranchants dehors,2
En tout cas je ne veux pas les pleurs après,1
Hors quelle vie. Les gens ont mes mots,1
Plantain disponible vente Flash,1
C'est interdit de pleurer,1
"mekdeu, c'est trop ce que tu dis là euinn. Et si je  ne l'aime pas, je fais quoi?",1
Tu observe,1
Et voit comment tes adversaires vont apprécier.,1
ikiiii la sagesse de ça,1
Quand tu parles comme ça Anna est très contente,1
Départ imminent,1
Bsr,1
60.000 rub ?,1
Oui,1
Oky,1
"Joyeux anniversaire, Kecheu Yolande!",1
Merci Président,2
Bnjr oo,1
Joyeux anniversaire ma belle,1
Merci beaucoup,2
Jai les épices à vendres très moins chère,1
Je prends tout,1
Je veux le njangsang stp,1
Ok ok,1
Je veux le 4 côtés This message was edited,1
Colis cameroun Russie départ douala 18 juillet.,1
Kongne Tawet Dianne,1
7 913 7142886,1
J'espère que vous allez bien.,2
Elle dit que tout ses documents son en règle.,1
Elle aurait besoin de lien avec l'ambassade. Elle voudrait même pouvoir rentré mais elle n'a pas moyens de le faire.,1
C'est seulement elle qui peux nous joindre. Alors le seul moyen de l'avoir c'est au travers de son noms. This message was edited,1
Elle faisait quelle genre de travail stp?,1
Question importante à laquelle je n'ai aucune réponse,1
On a pas vraiment de détails sur le genre de travail quelle faisait !,1
Selon moi je crois que ça doit être le call center que vous connaissez là This message was edited,1
Demandez lui svp! ça peut aider ceux qui y travaillent puis ce quelle dit quelle est en règle.,1
On ne peut pas la joindre bro.,1
VP c'est sûrement le call car il y'a eu des annonces d'arrestation dans les call tout dernièrement,1
"Arrestation dans CallCenter,",1
Ce sont les activités du CallCenter qui sont jugées incompatibles au libellé de la Loi Fédérale Russe sur le Service privé ou Service public.,1
Massa,1
Doyen Raoul Moussa parlait de ca dernièrement dans le groupe de l'association des étudiants et stagiaires camerounais de l'Europe de l'Est,1
"J'aime pas trop me prononcer sur ce genre de truc honnêtement je pensais qu'après la première arrestation il y'a déjà presque 7 mois, personne ne travaillait encore làbas...",1
Largent est doux ils vont toujours partir qui va encore aller au XXX ?,1
De toute façon sa fait mal de savoir que un des notre est mal traité,1
Il yen a encore ?,1
Oui oui que Dieu nous garde,1
"Le risque n'est pas mauvais en soit, c'est même de là que sont nés les grands hommes.",0
A bon entendeur salut,2
Joyeux anniversaire au président d'Asecam je te souhaite le meilleur,2
Happy birthday Presi 237698329022,1
Les dépôts vont pleurer dans nos sberbank. Joyeux anniversaire presi,1
Joyeux anniversaire presi 79670757733 .,1
Joyeux anniversaire boss,1
Hbd Gaius,1
Joyeux anniversaire presi,1
"79670757733  joyeux anniversaire patron, bien de choses à toi",2
Happy birthday to you Presi 237698329022 . Blessings in all endeavours,1
Joyeux anniversaire 79670757733.,1
Membre happy birthday bro,1
"Merci làbas  il y'a encore quelques places vide dans les coeurs de certains hommes de ASECAM, donc mesdames cessez de faire le nyanga, on veut votre bien",2
Happy birthday 79670757733,1
Happy birthday président 79670757733,1
"Bonjour , j'ai une question",2
"Tu vas dans la ville dans laquelle tu dois faire le doctorat, tu te fais enregistré làbas, puis tu iras soumettre ton dossier pour le VNJ làbas.",1
Sans argent,1
Fait ton inscription dans ta nouvelle ville et au moment de déposer ton vnj tu fais un enregistrement dans la localité ou tu veux déposer ton ВНЖ,1
Ekieee comment tu sais que c'est sans argent? Le vrai argent ne fait pas le bruit hein  il faut tester tu vas voir comment on va te donner jusqu'à tu vas fuire ça seule,1
Soyez avec vos soeur pour du sérieux et non pour les comparaisons et le jeu,1
C'est d'abord sa qu'on demande,1
"Mama c'est net net ce qu'on a décidé de faire désormais, on s'excuse beaucoup pour le passé, maintenant acceptez alors vos frères, même ceux qui n'ont pas encore, ils auront forcément un jour. Si chacun joue bien sa partition, on pourrait avoir une importante communauté de camers mariés et avec les enfants ici",2
Pardon me nous acceptez pas,1
null,1
Le  dalcool ???,1
C'est en dosant le taux de gamma GT dans ton sang que tu comprends que ça reste de l'alcool.,1
C'est pourquoi sa a une posologie,1
Et elle insiste.,1
null,1
Parce que je sais de quoi je parle mon Dr,1
Est ce parce que le paracétamol soulage les douleur qu'il faut surdoser?,1
Donc dans toute chose il faut suivre la posologie pour éviter le désagrément,1
C'est quoi la posologie ?,1
Tu es en train de me dire qu'en respectant la posologie de la cigarette on n abîme pas ses poumons. En respectant la posologie de l'alcool on n abime pas son foie... etc. Mais tu oublies la valeur fondamentalement addictive de ces substances et tu les compare au paracetamol qui n'est pas addictif.,1
Je te suggère humblement 79002693886  de supprimer cette publicité mensongère.,1
Pour toi Merci mais pas pour ceux qui ont fait l'expérience,2
Juste à lire le augmente le système immunitaire ça dit tout,1
Premièrement tu ne connais  pas le produit,1
Effet apparent et effet réel c'est deux choses différentes,1
Si seulement en parlant tu avait fait l'expérience jaccorderai du crédit a tes dires,1
L'expérience au laboratoire pour savoir si l'alcool est addictif ? NON.  Je te demanderais de même si tu as fait l'expérience pour voir l'effet sur le système immunitaire.,1
Je peux te donner le lien de la firme qui produit tu iras vérifier chez eux si possible voir les différentes certification qui leur ont été délivré pour les produits qu'ils mettent sur le marché,1
"Je crois qu'on ne devrait pas partager ce genre de choses ici tout simplement.  Après ça sera la cigarette qui embelli les poumons, puis   la cocaïne qui améliore les effets cognitifs et même pourquoi pas... la bombe qui ne tue pas? Il faut tout simplement publier ce genre de choses dans les groupes adéquats.",1
"C'est juste ton avis Dr chacun sait ce qui est bon pour lui et en tant que intellectuel et universitaire chacun peut avoir son jugement. J'espère que tu diras également a chacun ici de ne plus utiliser les marques tel que Colgate, Adidas pour ne sité que ceux là car cette firme produit également pour ses marques là",2
Bonsoir,2
Quelquun ici sait comment je peux faire pour écrire à lambassade du Cameroun??,1
ambacamoscowyahoo.fr,1
This message was deleted,1
Roger  pana.vcf file attached,1
Intégrez ce soldat svp,1
Quil rejoigne le groupe,1
Ehh seigneur,1
Maintenant il faut aussi servir de traducteur?,1
Cva cveut dir kel peut accepté ta dote ... En fait c lopaire tu prononce mal,1
Si elle est de lOuest la précision en vaut la peine.,1
Lallumer financièrement?,1
Et si el es Bassa dorénavant kan il va entendre Cameroun il va fuir,1
Bonjour à tous,2
Ou encore soudure,1
This message was deleted,1
Juillet ou juin?,1
Moscou Cameroun 36 kilo 200000 fcfa a doer au Cameroun le 17 juillet mais les bagages se donnent  au plus tard mardi,1
Bon aprèsmidi jespère que vous allez bien  jai un problème jai eu lattestation à luniversité et jai fais des demandes dadmission dans les universités et ils nacceptent pas lattestation et ils disent que cest pas possible de renouveler un visa avec lattestation,2
Tu as fait la padfac ou?,1
Cest le B1 que tu as eu?,1
Je ne sais pas,1
Tu as fait la patfack ou ?,1
Gosudarstvenny universitet prosveshcheniva,1
Tu es boursière ?,1
Non,1
Essaie décrire a 79525913298 ou 79163679375,1
Tu voulais faire médecine je crois,1
Peut être dans leur université on peut accepter,1
Tu peux aussi voir ton université tu dis qu'ils ajoutent les notes sur ton diplôme This message was edited,1
Ne baisse pas les bras d'ici le 31 aout y'a encore beaucoup de jour,1
C'est une université d'état ?,1
Oui oui,1
Voilà une école qui recrute en médecine 165 k l'année,1
Елецкий,1
237652314087 ma vie ces jours ci nor,1
79014013056,1
Moscou ?,1
Non 30mins de varonej This message was edited,1
C'est la même chose que je lui est dit,1
Ah je vois,1
Donc il faut dabord quon introduise les notes,1
Hansly tu ne peux pas faire un tour avec elle dans son université ?,1
Si on leur explique bien le problème il est possible quil modifie le diplôme,2
"Mon université à lépoque lavait fait, javais fait la patfack en médecine mais après jai changé davis car jai vite compris que je ne pouvais pas men sortir",1
Et lorsque je lai ai expliqué ils on modifié mon diplôme,1
Drague un peut 79187024315 en inbox tu le flattes que tu vas lacheter les chocolats il est éveillé il peut te trouver une solution This message was edited,1
"Je serai seulement à Moscou le 20, je doit causer avec nos jeunes frères de Briansk la semaine prochaine et cest important vue la voie quils prennent",1
Mais Hansly connais tout mes réseaux et ma méthode,1
Donc il peut gérer exactement comme moi,1
Je sais mais peut savent que cest possible,1
Il ya quoi encore ?,1
demain?,1
15h,1
Bonsoir le groupe.,2
L'Offre n'est plus disponible,1
Si on ne t'a pas encore nyass avec l'huile du plantain. Va t'inscrire tu vas lire l'heure,1
Médecine ou menuiserie ?,1
Daccord merci,2
Médecine,1
Enregistrement légal disponible a Подмосковье vient inbox si t'ai intéressé,1
"Billet d'avion ,billet de train je vous aide acheté avec cash back très vite",1
"237652314087 Je suis arrivé à un stade de ma vie où j'ai compris que le mariage n'est pas une fin à SOA. 20 dragues, 44 échecs!",1
Yako à toi,1
ekie princesse.,1
Je croyais que tu étais dans love nor,1
Les scammers de cœur m'ont bien organisé,2
Peutêtre quà Ngoa ékelé ça sera. Tu as essayé làbas ?,1
"Ta copine, tu l'as?",1
Prend moi en ib on se concerte. Peutêtre que tu es comme ça mon âme soeur,1
Ca veut dire qu'il ya même des dragues que tu as bissé mais rien,1
Ekieee. C'est encore qui ici? Attends je dois bien scanner ton profil,2
c'est très grave président,1
Sois délivré de tout esprit de déception mon frère,1
L'onction et la délivrance n'ont pas marché. Je ne sais depuis kel position tu déclares ceci. Peutêtre tu es assise devant ton plat d okok et tu penses que ça va marcher?,1
La persévérance,1
Toute ta vie ??,1
Ton modia  espèce de Brenda au masculin,1
Tu as la position ????,1
mekdeu,1
Délivre moi nor,1
qu'elle nous dise,1
Mieux vaut ne pas avoir denregistrement que den avoir un faux,1
"Mieux je rentre au pays hein. Il y'a quoi que le destin de quelqu'un se résume sur un format A5.  Minarmi...  Il y'a 3 jours j'attendais le bus à une station de bus un peu très éloigné du métro. comme soudainement la police  gars devant moi et demande mes papiers. Chose faite mais je n'avais pas mon enregistrement avec moi. Mais je pensais avoir une photo erreur j'avais pas c'est en ce moment qu'ils me demandent de monter dans leur caisse. J'étais tranquille car j'avais toujours rêvé de monter dans la voiture des policiers  pour ressentir un peu la sensation quand t'on arrêt un bandit  en gros s'était pas agréable. Cette journée avait même déjà mal commencer pour moi, car le marché ce matin m'avait pris 700. Mais avec cette arrestation il y'avais de quoi oublié ma perte de ce matin . Alors!  nous avançons je ne sais où quand le policier de droite me dit  tu seras armandé d'une somme de 15.000 RUB et si tu ne le fais pas ont te déporte au Cameroun si tu n'as pas ton enregistrement. J'ai répondu ok mais j'ai pas l'argent. Arrivé au poste de police  le chauffeur va tourner avec mon passeport et l'autre commence a me demande combien j'ai sur moi ou sur la carte  là j'ai compris le mouvement du trade un peu comme la paire EURUSD ET EURRUB . ET nous étions encore dans la caisse? Et pendant nos minutes de silence bien avant d'arriver au poste. J'avais eu un rappel mémoire d'écrire a la locataire du bureau de m'envoyer les documents que j'ai eu à l'envoyer il y'a 3 semaines pour l'enregistrement de mon séminaire du forum trading digital. Et a l'intérieur de ces documents il y'avais ce fameux A5 .  Revenons a nos moutons , pendant la négociation j'étais prêt à lui remettre 10.000 RUB car j'avais autre chose a faire et il insistait sur les 15 k.. alors 5 minutes  plus tard j'ai reçu la notification WhatsApp du fameux A5. Surpris par ma réponse subit  j'ai dis je ne donne plus 5 frc et j'ai dioss ça en France hein  ils ont Wandaaa. 10 kolo perdu. J'ai montré le document et les mecs étaient rageux grave. Ils sont allés me déposer je ne sais où . Mais j'ai pu commander un taxi et attendre plus de 40 minutes  . A peine sorti du taxi je ferme mes doigts moi même avec la portière  les pleurs dans le cœur petit larme d'abord qui s'étale sur ma joue là Je comprends que la douleur es profonde...Wouaa mon Dieu . Les larmes ont coulées seul mais j'ai pas pleurer hein ça juste coulées seul sans demander mon avis et comme je suis célibataire et  pas de femme pour me dire bb ça va aller d'accord!  t'inquiète ! Donc j'ai géré une place tranquille .",0
"C'est partout bro, travail ou que tu sois avec l'ambition de rentrer chez toi",1
Mince,1
Jesus !!!,1
"Faudra quand même commencer quelque part. Cest je veux voir mes enfants grandir qui nous maintient dans la misère, qui justifie la présence de soldats et bases étrangères dans nos pays et après on va se plaindre quils pillent nos resources mais sils meurent pour ça, ça veut dire que ça leur appartient aussi de facto.",1
Tu veux déjà pousser la réflexion un peu plus! Rappelletoi les Camerounais n'aiment pas ça,1
Alors subissons,1
Faut juste pas décourager ceux qui veulent essayer de changer les choses,1
Après ne vous plaignez pas quils mangent seuls,1
Sils étaient prêts à mourir seuls alors ce nest que normal quils mangent aussi seuls,1
"Il y a un frère qui a l'habitude de dire ici qu' on ne peut pas forcer un enfant à pleurer le deuil de sa propre mère ! Alors s'il y a du vin, appeleznous, après on va aller prier à l'église car chez nous làbas, après les bars suivent les églises.",1
tu ne veux plus rentrer ?,1
"Qui va changer quoi, où et comment dans un contexte où La haine de l'autre est normalisée, le tribalisme gangrène etc?!!",1
En vente,1
Le pistache combien,2
Garde moi les Arachide dépulpé la Hansly,1
79152769594 voilà le pistache,1
Ok,1
Bsr,1
Quelquun atil un lien gratuit pour les films et séries?,1
Papadustream v2,1
Merci,2
Ça les a loupé,1
Cest quoi ce message?,1
"237652314087 si je te prête ma vie les temps ci, tu vas fuir avec",1
Tu vis bien nor,2
Je n'ai pas encore mais j'aurai,1
D'accord,1
tu viens au dimanche?,1
Tu es où ?,1
tu vas boire la bière?,1
Non,1
Et tu viens faire quoi?,1
Xa va,1
"Faut attendre, je vais préparer le folerer pr toi",1
J'ai déjà le folere au frigo,1
tu m'as donné alors?,1
Tu bois la bière,1
Je bois le folere,1
"je bois tout, j'ai le moule?",1
Pas le folere,1
Solarmovie.to,1
Chacun son niveau,1
C'est bien,2
Lien du match de la finale de l'Euro,1
11,1
Better la CAN  . Trop prévisibles leurs ways la,1
LAngleterre a gagné,1
Lol,1
C'est le Barça qui a gagné le Real,1
Messi,1
Lamine Yamal  mon fiston là connait le ballon,1
Messi va faire une Master class ce matin pour la finale,1
Hello,1
Il est meilleur joueur ou meilleur jeune joueur ?,2
Rodri a reçu quoi ?,1
This message was deleted,1
This message was deleted,1
Meilleur jeune joueur de cet euro,2
Oui Docteurs Yao c'est un problème très récurrent de votre côté car votre patfack est différente des autres,1
Elle est particulière car vous faites les matières médecinale,1
Et la plupart des universités sont très pointilleux sur le diplôme de patfack pour les universités médecinale,1
D'autres comprennent,1
Oui oui,1
Bien le bonsoir chers administrateurs du groupe. Pouvezvous ajouter ce numéro   237 6 91 61 57 07. Cest une compatriote qui aimerait intégrer le groupe. Elle a déjà remplie le formulaire.,2
Bonjour à tout,2
Besoin d une nounou urgent pour un couple le mari est argentin et la femme de Australie ils ont besoin de quelqu'un qui va garder les enfants et dialoguer ac eux en français,1
"Bonjour, svp y atil quelquune ici qui fréquente à luniversité Sechenov ?",2
Quand j'ai lu la première ligne je voulais déjà dire que mon ami est devenu responsable,1
C'est trop long à expliquer,1
Bonjour 136142 fcfa disponible au Cameroun besoin de 20000r   taux Google,2
Ont fait comment pour avoir l'argent au pays comme ça tonton. Dite nous un peu le secret oooh,1
La simplification de votre vie  dans un seul système,1
On a les amis Australiens et Argentin,1
yes confirme. Parceque moi je me rappelle plus la dernière fois que mon argent vient de là.. bon je go alors chercher mes amis Australien et argentin aussi,2
Le pays là est compliqué depuis  on va nous taxer pour des services qu'ils ne sont même pas capables de rendre normalement.,1
moi en 2021 brother,1
Moi aussi en 2021 jusquaujourdhui rien. Que ohh la machine à un problème. Depuis 3 ans ??? This message was edited,1
Le cora est passé les bro  on a tchop ça au calme,1
Justement je me rappelle cest la période certainement que tu faisais ton passeport car je me rappelle quon avait fait la même période,1
Oui,1
Juste que pour que pour toi sort tu avais vue le feu,1
Mon frère mieux je ne parle même pas,1
36500,1
Fermé,1
Urgent,1
Genre 4 jours pleins à l'hôpital ou la personne vient le matin et rentre le soir ?,1
4 jours pleins,1
Bonjour les gar,2
Qui connaît une Université a Moscou qui est un peux a abordable,1
En terme de pension,1
Genre 85 mil  par example,1
L'Université du tourisme et du service,1
Moscow Oblast,1
Tu étais là bas bro ou tu dit seulement pour dire,1
J'ai des amis làbas,1
Ргутис rivalise avec МГРИ en terme de scolarité,1
C'est 130,1
En licence?,1
Effectivement,1
Ton université est dans quel localité ?,1
mdr c'est toi qui parles jusqu'ici de 85000 pas moi. Je ne sais où j'ai mentionné cela!!!,1
C'est chère,1
Quel filière,1
?,1
Ok,1
Économie c'est 163330 l an,1
"Rudn, agronomie. 92mill un truc du genre",1
Les cour du soir c'est 81650,1
Il n ont pas cette filière,1
Labas,1
Laba où? À rudn?,1
Non,1
On parle d une autre université,1
Nn moi je réponds juste au message de celui qui cherchait une université à Moscou en général This message was edited,1
Ok,1
La seule université d agronomie à Moscou que je connais est dans  les 300 kolo de rouble,1
Sérieux ??,1
?,1
Voilà une université qui peut  vous répondre.,1
Je sens que je dois changer de filière,1
Humm,1
5450,1
12000 USDTTRC20 disponible besoin du RUB et en espèces je veux sentir l'odeur de cet argent..mon ib es ouverts pour vos propositions.,1
S'il vous plaît c'est pas le dollars USD mais un coin stable USDTtrc20 qui se trouve dans un wallet.. les connaisseurs savent..,1
"Je te donne le rouble à 2,5 de commission si tu as des difficultés à avoir du cash",1
Je connais tout les moyens de rechange les gars. Je viens vers vous car mes  cartes ont été bloquées donc je veux me servir de vos cartes dispo....,1
Cest chap chap. Ça ne perd pas de temps. Même en dollar cash je te donne,1
Je suis a 89.3 les gars,1
Ib,1
On a trouvé un preneur. Merci les gars. Il es en pour chez moi.. la force de frappe.. les gens ont l'argent ici dehors..,2
Merci,2
Quelquun a une idée de ce quil faut faire si on ta attrapé avec un faux permis russe ?,1
Fautil prendre un avocat ou quoi ?,1
Cest quoi la sentence?,1
Cest nette ma réaction quand jai lu ça. On débloque toujours les niveaux ici,1
Merci,2
"Entre autres, jusquà 2ans travail forcé de, amende de 80000 ou ton salaire etc",1
"Ça cest pour les russes hein, on peut te dire làbas déportation , à toi lafricain.",1
Cest 15 jours de prison sil ya répétition,1
La personne a quel document ?,1
Il a un permis camerounais ?,1
Jai une situation pareille mais pour moi cétait que jétais soûl,1
Лечение права сразу,1
"Et si on lui demande ou il a fait, il va dire quoi?",1
A Bonas,2
Jamais de la vie,1
Через суд uniquement,1
Salut à tous,1
Those who can support by following us thanks,1
Recherche d'une chambre à louer dans un appartement !,1
Les arachides c'est combien ?,2
1000,1
La machette,1
Mince,1
Je récupère ça ou ?,1
Ou bien tu livres ?,2
Dmitry donskovo lesnaya,1
"Bsr ici si vous recherchez une personne pour promouvoir vos marques, produits, jai une personne  une fille tres photogénique qui peut donner de léclat à votre marque ou votre produit avec son image  les intéressé peuvent me IB",1
Salut 400.000fcfa au pays taux de Google,1
"L'homme le plus recherché de tout les temps, je salue",1
Bonsoir chef du quartier,2
on peut voir sa photo ?,1
"Je ss de Stavropol, elle va très bien",2
Son téléphone est en réparation,1
Pris dans un groupe,1
Elle va bien.,2
Elle était chez le tonton,1
Bonjour on joue les poussettes comment sur Yandex?,2
Ton frère a fait venir la fille !!!,1
Non,1
J'ai mes petites dans la ville. Qui m'informent. Et c'est tout .,1
Daccord,1
"Bonjour et merci encore pour la reactivité,  Mlle Nana est saine et sauve,  grave a vos partages nous avons pus la retrouver.  Elle avais été victime d'un petit accident  et a perdus ses affaires et son téléphone a été grandement endomagé d'ou l'inquiétude de sa famille.",0
"Il y'a un départ de Yaoundé vers Moscou ces joursci avant Mercredi prochain? Svp c'est urgent, un frère doit faire monter son passeport rapidement pour renouveler son visa au plus tard jeudi",1
Elle était chez tonton,1
Donc le tchèqueur a d'abord voulu couper le premier coup avant qu'elle n'ouvre les yeux?,1
C est diffamatoire d'écrire des choses comme ça !!,1
Ctephane non hein .,1
Lol,1
"150000franc au pays, besoin de rouble taux Google",1
Vous prenez mm largent où au pays eh,1
"Pardon finis le school un back ensemble, j'ai le réseau",1
20k,1
Dacc,1
"Depuis 4 Jours que je n'ai pas écrit ici, personne n'a cherché à savoir où j'étais pourtant j'étais dans les problèmes",1
Au moins tu n'étais pas dans l'eau !!!,1
220k au pays besoin du rouble ici,1
Taux Google,1
7g,1
Viens ib je te donne un bon taux mais pas Google,2
Nohh pourquoi ?,1
"en plus suis pas le seul qui connait cette expression , à moins que le problème c'est moi ?",1
Depart prévue le 26 juillet,1
C'est grave,1
Je te dis frère,1
C'est pas grave. C'est l'avantage du service. Tu as même vue les filles là ? Si c'était moi  j'enceintais toute les filles là .,1
Elles sont seulement comment?  toi tu n'es pas concentré hein  je suis mort de rire,0
La rage de sa,1
Sad. This message was edited,1
"Moi je penses que toutes les gos là avaient déjà fait leur schémas pour aller accoucher en France et avoir les kaolo, mais en prenant les cailloux, l'oiseau a vu",1
"Bien le bonsoir à tous, besoin de 3000 du côté de la France ou de la Belgique bref au Schengen. Je remet à la personne léquivalent ici en rouble",2
Merde donnez nous aussi le bon réseau non  on trouve le genre d'argent là où ici?,2
Viens en IB,1
Pas mal lba,1
Bonsoir svp qui quitte le pays dans les prochains jours  document urgent à ramener à Moscou,2
Et tu ne mécris pas ???,1
Yess prepayment,1
Pascale est sûr que depuis que tu as WhatsApp tu as toujours ta PP là,1
Prési laisse seulement. Ma vie les temps ci menseigne danticiper les choses avant quelles narrivent,1
tu as tout déballé . La pp là cest une forme de discrétion,1
Grand frère !,1
Le Baccalauréat camerounais na jamais donné le lait . Ils ont même bocoup passé,1
"Ils ont vraiment beaucoup passé contrairement à 2023, c'est ce que les stats montrent",1
Humm,1
C'est bien démontré que la performance a drastiquement chuté par rapport à l'année dernière.,2
Le GCE sort quand ? Une idée?,1
Toujours vers le 30 juillet,1
С нетерпением ждём,1
Ouais les résultats du bacc un jour toujours triste au quartier. On dit toujours à la maison ne cris pas fort de peur que le voisin ait échoué,0
On a délibéré à 10 partout sauf au noso,1
Le taux de réussite était à 43 cette année,1
Le tamis des cancre,1
Au noso il ya peu de candidats. Donc cest normal davoir un tel taux,1
"Délibération à 8,5",1
Faux,1
Il ya combien décoles francophones au Noso? This message was edited,2
"On ne peut pas délibérer à 10, puisque 10 permet de passer normalement. La délibération c'est pour les gens qui n'ont pas la moyenne requise pour passer",1
les 86 de réussite donc viennent d'où? Cette jeunesse est en déclin frère!  Élève en classe d'examen passe le temps sur Facebook qu'en salle de classe,1
Évidemment parce quon sait quaprès le Baccalauréat ils fuient le pays il faut un peu réduire le flux,1
86 que cest le BEPC?,1
Lol,1
Bref,1
"Rappelle mémoire, les centres comme  Pouma , Eseka etc.. les Neans ne manquaient pas au bacc scientific  This message was edited",1
Lorsquon lisait les centres la il était préférable de fermer la radio,1
Ya pas eu de délibération cette année à ce que jai entendu. Vu quil y avait leau du bac dehors le ministre a demandé de prendre uniquement ceux qui ont eu 10 en montant. Exactement comme en 2002. Ceux qui ont le diplôme cette année le méritent comme ceux de 2002 This message was edited,1
Ils le méritent pourtant ils ont eu les épreuves avant l'examen,1
"Même avec les épreuves, 50 n'a pas pu avoir 1020. Ce pays va en couille",1
2 mois avant,1
massa,1
"Bac c 18, 09 de moyenne",1
Il ya toujours eu leau nor,1
Un peu ambigu je trouve,1
Avec l'eau ils méritent?  en ttk on voit très vite le vrai niveau quand on ne délibère pas,1
Tout est à refaire,1
Je suis dépassé,1
Je t'assure,1
Ce qui métonne cest le pourcentage de réussite alors quils avaient leau,1
Faut également comprendre que tout le monde navait pas leau hein je pense que ceux qui ont échoué ce sont ceux qui avaient leau,1
Justement,1
Hein Doc??,1
Donc l'eau là n'était pas potable?,1
En 2002 par contre il ny avait pas leau mais Owona avait prôné le mérite,1
"Mm moi jétais dépassé, comment tu peux avoir leau deux mois et tu ne donne pas au gens",1
Il faut un homme fort comme Kim Jung Um pour redresser ce pays...,1
Avec papa poutine car lui seul le pays va le dépasser,1
En fait on prône tellement la médiocrité dans notre pays que ça devient dangereux,1
"A mon année un prof nous avait schématisé, à la veille le gar nous envois les messages de venir urgemment traiter une épreuve de Math, pour 5 mil chacun. que ooh cest leau",1
Et tu as payé,1
ne gâte pas tout Pardon!,1
Le raccourci t'a mené à l'axe lourd,1
Je me rappelle quand je faisais le BTS à Istag yavait une camarade qui avait soit disant leau mais elle na pas réussi à avoir notre moyenne ça me dépasse,1
javais le moule ?,1
Cest la vérité non,1
Elle est bête no,1
Mieux vaut rester 24h sur TikTok et respecter encore ses parents que de crier блядь блядь partout à l'âge de 3ans,1
"Parfois tu peux avoir leau mais  personne pour corriger épreuve pour toi , toi même tu reste tu confirme seul  This message was edited",1
Ekie,1
"Intelligence artificielle , ils sont bêtes!!!",1
"Ça aussi c'est possible, genre les épreuves sont dehors, mais même après deux mois à la maison tu ne parviens pas à les traiter et à retenir les réponses",1
Cest très grave le déclin de cette jeunesse et rien nest fait pour que ça change. Prions beaucoup pour notre continent,1
"Même si on donne les épreuve au début de lannée , on va avoir les élèves qui ne vont jamais réussir leur examens",1
Cette année il ya eu délibération à 10. Les 9 forts ont échoué,1
Ils vont du mal à qui,1
"Aussi le gouvernement a compris quil ya plus de travail au pays , pourquoi prendre bcp , pour devenir chômeur  ou fuire au Canada",1
"En fait ça veut dire qu'on n'a pas délibérer simplement, c'est ce que j'essayais de dire précédemment, puisque 10 est déjà la moyenne qui permet de passer normalement sans délibération",1
"Elle se fait du mal à elle même cest aussi de la faute des parents. Lenfant fait quoi avec le téléphone pendant la période des classes,?? This message was edited",1
Cest son gar qui a acheté,1
"Les recherches avec,, ils font ...",1
Hum,1
Il ya la bibliothèque et en plus une recherche ne saura durer 30 min aussitôt tu fais la recherche aussitôt tu remets le téléphone,1
"Lol il y'a les filles rusées hein, ne simplifie pas les techniques des enfants là pour avoir les gadgets. Parfois le parent croit fort que l'enfant est assidu et sérieux, pourtant c'est alors une championne dans les histoires de waka, elle n'apprend pas, et comme passer les trimestres, c'est assez facile, le parent continue de faire confiance, à l'examen on comprend que c'était le feu de paille",1
cest vrai,1
Je ne sais pas si cest plus facile pour moi parce que jai fais psychologie de lenfant et je connais lenfant mais ya des signes et gestes qui ne trompent pas je vous assure. Jai une adolescente et jintercepte tout même à distance elle ma demandé lautre jour comment je fais,1
Surtout les plus calmes et celles qui mettent les lunettes pour les filles . A  wash ma hand untop the matter,1
Faisons de nos enfants nos complices nos partenaires nos amis,1
Donc nous qui mettons les lunettes nous sommes dangereuses?,1
"Bon peutêtre c'est un talent que tu as, mais les enfants là développent les systèmes bizarres pour échapper à la surveillance des parents, parfois quand on te raconte tu mets les mains sur la tête",2
Tu as vu leur taux ?,1
Tout à fait d'accord,1
Ahh bon heuin je te réponds?,2
Réponds tonton,1
"les filles de la A les go glamours.  Les filles de la C, D toujours entrain de discuter les beignets haricots avec les garçons",1
Regarde les têtes,1
"Ça ne marche pas toujours, la culture de l'oncle Sam qu'on force chez nous est majoritairement responsable du déclin que nous vivons cheznous actuellement!!! Pourquoi tu dois prendre ton enfant comme ton égal?",1
Parce que si tu le fais ressentir quil est inférieur à toi ça sera à double tranchant soit il saligne soit tu as ton rival chez toi,1
Aujourd'hui la mère dit à sa fille de 16ans qui a les minijupes mon bb tu es sexy  quel résultat on attend après?,1
La base cest léducation,1
Évitons que nos enfants se renferment sur eux cest dangereux. Si lenfant ne se sent pas en sécurité avec son parent sil ne peut pas se confier à son parent ce nest pas bon. Je redis cest dangereux. Il cherchera une personne chez qui se confier et la advienne que pourra,2
Mince  le monde a lenvers wandafut,1
Mais les résultats ci non je respecte,1
Cest les meme gens avec liberman à douala les gars traitent leau avec leurs étudiants This message was edited,1
Jxpr seulement ils seront les majors dans les concours,1
Cest le résultat ci que jattendais depuis. Ok ooo,1
Cest moi que vous grondez??,1
Cest lécole des riches,1
Je peux boire mon cognac en paix,1
"Soit il s'aligne soit il s'autonomise !!  On fait ressentir qu'il est inférieur alors qu'il est!!  L'enfant dès le bas âge est innocent! Si tu commences à 6 mois à lui montrer qu'il est ton égal, il le sera et pire! On ne tâtonne pas avec l'éducation des enfants",1
Same like liberman on traite leau,1
On fréquente ici de lundi a lundi,1
Voilà. Les gens ne vont pas comprendre ça. Quooh leau. Envoyez vos enfants laba et ils vous diront,1
Votre histoire de l'eau la c'est pour vous,1
Cest pour les riches,1
Voilà un exemple d'éducation que je défends!!  Il n'y aura jamais de Nzouk miel ici!!,1
Voilà merci dexpliquer comme ça,2
Vous vous basez sur lécole des riches la où on sarrange toujours à avoir le premier du centre,1
Quand je faisais le probatoire toute ma salle a win. Le bacc pareil,1
Zéro eau,1
La base cest le travail,1
Cest que je veux savoir les enfant des riche sont plus fort que les enfant des pauvres ?,1
La cest bon.,2
"Pas forcément, on leur donnent les meilleurs moyens de réussir",2
Je Wanda,1
Cest vrai,1
Non. Les enfants qui sont ds les bonnes écoles sont bien formés,2
Moi jai fais le lycée toute ma vie .,1
"Mon prof de svt il divisait 0,25 par 2 et connaissait se moquer",1
My question pkoi cest toujours les écoles des riches qui ont les premiers du centres . Lorsquau lycée on rencontre les gars prêts qui remportent le compétions panafricaines?,1
L'enfant ne naît pas adolescent désolé,0
"Moi en mon temps le premier successif au moin 03 ans liberman a douala , bref cest un long débat.",1
Aka ca na rien avoir avec les résultats du bacc,1
Sur combien?,2
Je nai jamais demandé de dorloter les enfants attention moi même je ne dorlote pas. Mais dadapter léducation à chaque enfant.,1
Toujours la magouille,1
wouna give fine education for pikin them. Arrêtez de justifier ça abeg!  Arrêtez de dire à l'enfant de 11 que tu es sexy,1
Je ne dis pas ça,1
Liberman travail je suis daccord mais même au lycée mon frère on travaille. Mon camarade premier dans un concour de mathématiques panafricain.,1
"On dit la même chose! Si tu es bandit je vais acheter les ceintures adaptées pour, tu aimes l'église on ira ensemble",1
C'est ce que tu dis Ici,1
Quand cest les concours africains où sont les gens de Liberman? This message was edited,1
La ba on ne montre pas les épreuves à la veille,1
Oui,1
"Джо note ça 1820, très fort, famille pauvre",1
"You be genius mola, come take one man for ma cona",1
je nai pas dit que le pauvre ne peu pas avoir 18.,1
Laisse! la coalition t'a écrasé! Tu veux seulement me faire réfléchir pour rien,1
Ekieu,1
Attendons les noms des 10 premiers régionaux,1
Cest ça  qui est la vérité,1
Apparemment c'est 27,1
"En fait c'est le seul moyen que notre pays a trouvé pour baisser le taux de chômage, réduire le nombre de Bachellerié",1
Heureusement quils ont utilisé  provisoire . Donc lundi ça peut même descendre à 20. Ça fait là comme le rouble russe,1
Cest la Gaius ??,1
L'ignorance tuent.,1
C'est vrai que nous allons tous mourir mais vivons un peu  sur la crainte divine. Avant qu'il nous rappelle.,1
Lhistoire nous démontre de ne pas croire aux faits relatés par les russes concernant la mort des africains.,0
Deja cest quels photos ça?,1
C'est aujourd'hui?,1
Tu es de rudn?,1
Tu veux voir mon propusk?,1
Oui,1
Payant?,1
"Donne d'abord toutes les informations, j'ai même déjà faim, je vais monter mon propusk à l'entrée",1
Gratuit. Tu es de rudn?,1
Nn nn. Cest compté,1
Le propusk est automatique,1
Compté comment? Tu as dit pour les gens de rudn non,1
Oui. Tu montre le propousk on tajoute à la liste et on tenvoie les coordonnées,1
Ah bon hein,2
Je te vois venir,1
"J'ai le propusk, ce n'est pas sur moi actu ohhh",1
Je viens comment?,1
Tu restes,1
Je t'ai à l'œil attention au enfants des gens,1
"Sérieux, je vais te montrer ça même dans une heure ib, là je ne suis pas sur place, mais garde mon okok",1
Lol ah bon hein,2
Oui oui.,1
Cest pour quand et quelle heure? Je mhabille déjà,1
79013886871 mettez moi déjà dans le groupe dAsecam RUDN là il y a qui que je souffre ici pour rien,1
J'ai confiance.,1
Ru es de rudn? Non. Off,1
Je suis de RUDN,1
Was il faut leur donner un peu seulement nor,1
Ta carte détudiant,1
"79774380461 si 79013886871 ne veut pas nous recevoir, organise pour nous pardon tu fais le gombo",1
J'ai compris Стефан,1
Tu es la meilleure,2
C'est Dieu qui est fort ma personne.,1
"Un gars faible desprit, comment lejaculation le tue Docta ?",1
Cest haut niveau,1
"Il avait trop accumulé, c'est sorti comme la Sanaga, l'organisme n'a pas supporté. C'est aussi peutêtre à cause du nkang qui s'est accumulé",1
Jaurai encore compris une fracture ou un déboîtement,1
Tu aimes les choses comme ça,1
"Non moi je rigole, sinon dans le fond je suis calme et très timide, toimême tu sais",1
C'est une balle légendaire que tu as tiré là,1
Je te taquine toi aussi.,1
Mon enfant a ce genre de débat au collège je fais mm cmt ehh,1
Je suis dépassé,1
Tu donne les cours a domicile,1
Nous avons tous eu un débat bizarre à l'école avec les amis. Un debat ou parfois on veut l'avis des grandes personnes pour trancher mais on ne peut pas en parler aux parents ou au professeur car on ne saurait expliquer d'où le thème est partie,1
On sent un boy qui déroute les mounas du lycée,1
C'était le seule moyen d'arrêter les bruits a côté...,1
ok Docteur,1
Cest un pain  hein,1
Oui oui,1
Mais faudrait qu'il sache où se trouve son passeport.,1
Bonjour bonjour a tous,2
Bonjour,2
Qui fréquente a Stankin ou Baumann ici ou MIREA ou polytechnique  besoin d'un service ?,1
Marie est a Mirea,1
Quel Gâchis,1
preuve que même les parents sont bêtes.. le telephone n'es pas la cause de l'echec.  qu'ils ne  laissent pas la colère prendre contrôle sur leurs decisions ..,1
Donc l'échec est dù au manque de manuels? Le véritable problème est ailleurs,1
Le téléphone qu'on détruit là est une aide pour l'élève qui sait s'en servir. Pourquoi ne pas montrer au enfants l'autre côté du téléphone comme outils pouvant faciliter les recherches et la résolution des exercices scolaires ?,1
"La tête de certains élèves n'est pas encore prête à recevoir le genre d'infos là, beta vendre le téléphone, acheter un desktop, et guider l'enfant dans l'utilisation de l'outil informatique comme moyen de faire des recherches là on peut limiter l'accès à certains sites. Maintenant je penses que les parents ont remis l'éducation de leurs enfants aux autres, ils penses que les autres feront la magie pour que les enfants soient assidus, pourtant le parent a une responsabilité énorme à ce niveau. Les enseignants font une partie, les parents doivent prendre le relais en soirée",1
Tu peux aller en guerre sans armes?,1
En ce qui me concerne je dirai que le téléphonesmartphone est plus utile voirprimordial à un étudiant quà un élève,1
Un facteur,1
Après les résultats du BEPC et BAC,1
Lécole des Savants?,1
Besoin dune personne qui se sent à laise en physique,1
ChatGPT,1
Ça c'est sûrement une surdose de poutoulou,1
Overdose,1
This message was deleted,1
This message was deleted,1
This message was deleted,1
This message was deleted,1
Bonsoir ASECAM quelquun le connaît ?!,2
Oui,1
Ok merci,2
Je tai envoyé les informations nécessaire pour quil récupère son passeport egaré en inbox,1
Gaius sent moi meme 3k làbas je vais manger avec .,1
C'est un Kmer président? Bonsoir,2
Bonsoir Président j'aimerais savoir si le concerné a reçu son document,2
Bonjour quelqu'un auraitil le numéro de Bruno,2
Salut les tontons et les tatas. Un proche à été exclus et par conséquent cherche une université pour prolonger le ViSA. J'apprécierais beaucoup si vous partagiez vos propositions.,1
Il a le diplôme de langue ??,1
Besoin d'une place ou passer la nuit de toutes urgences,1
Oui,1
Qu'il part s'inscrit dans une autre Université nohh,1
Mm ici a   Московский политехнический университет,1
La question est laquelle? Certaines universités demandent la preuve qu'il a finit son cursus néanmoins ce n'est pas le cas.,1
Il fesait quelle niveau svp,1
Médecine  3ieme année,1
Il na pas cest révèle de note du premier et deuxième année pour qu'il reprend la 3eme,1
Pour faire cela il aurait du faire un transfert d'apres le feedback des universités. Néanmoins ce n'est plus possible,1
Cest que cest mort alor ma cc,0
La seule solution sois il tombe sans papier,1
Sois il recommence a zéro,1
Sois il rentre a la maison,1
le type ci,1
Il nya pas les tioko dans son école ? Souvent dans de tels situations il ya un réseau et tu payes pour sauver ta tête.,1
"Nahh, les gars sont bahat",1
ekeee je suis juste réaliste nohh lui il fesait d'abord koi pour que ont le renvoie,1
Meme congé académique cest déjà? Mort? On est encore en Juillet,0
Ça peut arriver trouver juste une solution,1
Il a voulu le faire mais ils ont dis que ce n'était plus possible..,1
Weeeh,1
Toi mm regarde la situation il na rien qui prouve que c'était un étudiant rien rien quelle Université va accepter sur tous les côtés cest mauvais,0
Quelle est dabord la raison de son renvoi ?,1
Академическая неуспеваемость,1
En juillet? Son school est bahat,1
C'était un Boursier,1
"Genre il a fail les 2 пересдача, donc...",1
Oui,1
"Je comprends, donc les gars ne font pas en septembre",1
En plus ay cest compliqué ehh,1
Wah,1
Jai entendu dire quil ya possibilité après avoir perdu la bourse de rentrer au pays et repostuler pour la bourse dans la même école. This message was edited,0
Interesting...même comme back au pays est risqué,1
Cest ce que je disais qu'il rentre seulement,1
Tres risquer,1
Pour revenir recommencer à zero ou bien continuer?,2
Ou alor il tombe sans papier et joue ca best life,1
ekee maaa,1
Parcquil ya une ivoirienne k je know qui a obtenu la bourse 2 fois elle était rentrée et puis repostuler. Mais je ne sais pas si elle avait un certain réseau,1
"Si on ne l'avait pas encore renvoyé c'était possible mais là c'est déjà tard, et je penses que même si il avait pris le congé il aurait fallu qu'il quitte le territoire si je ne me trompe pas",1
Maintenant il ya un system pour ne pas rentrer pendant le congé. Mais tu ne peu pas vivre en общежитие,1
Donne l'info,1
Donne le jus,1
Il faisait quoi pour quon le renvoie cmt?? Cest quel genre de question ça concernant un étudiant de médecine 3e année ?,1
Ca dépend de la raison de la demande du congé académique !!!,1
Juste tu prolonge ton visa avant de prendre le congé. Ça coûte un peu chère que la norme.,1
"Une loi dit si on te renvoit , tu es obligé de quitter le territoire et revenir après",1
Plusieurs personnes à RUDN même ne rentrent plus jen connais même des camarades,1
Il y a plusieurs raison pour laquelle ont peu renvoyer un étudiant mm ci ces est en Master donc. J'ai juste posés la question,1
Tu peux juste demander  on la renvoyé pour quel motif ?  pas  il faisait quoi pour quon le renvoie . Ça sonne mal,1
On sents quelquun qui know pas ce quon vit,1
Franchement !!!,1
Merddd. Ca fait ds mon cœur que wann !,1
chéri désolé ci tu a mal pris  la chose mais ci a compris ce que je voulais dire c'est l'essentiel le reste la  c'est sont  des détails,0
quand cest comme xa laisse slment tu comprends kil ne know pas le système  This message was edited,1
. Parceque si je veux parler hein,1
lol,1
"Bon, je ne sais pas quand cette loi est sortie mais rudn m'avait renvoyé cette année en année de langue mais les dames là m'avait dit l'info à déjà été center au ministère donc tu as un mois pour trouver une autre université pour t'inscrire, et labas ils vont prolonger ton visa. Si non  домой.",2
laisse lécole est facile à lui.. que oh il faisait quoi,1
Vient seulement faire un semestre en 1e année médecine !!,1
qui a dit cela  vraiment,1
faut le lep This message was edited,1
Onong.,1
He must learn a lesson,1
"Le gar risque de back même en fevrier  tu vois quelquun atteindre le mois de Juillet , du dis quil faisait quoi  This message was edited",1
S'il pourra finir même tout le semestre,1
Orrr. En plus 3e année. Mais cest du lourd. Tellement je respecte le travail du gar. Je vois quelquun vient demander ça quil faisait . Il vendait les organes,1
Il ya pas 2 mois,1
Bonne nouvelle,2
"À rudn soit tu anticipes en prenant le congé académique, soit tu te retrouves ds les pb. Surtout si tu es boursier. Cest mm ton tuteur qui te demande de prendre le congé. Et pour prendre mm ce congé il faut avoir au trop 2 Dolgui. Dc cest compliqué",1
Après on vient dire   il faisait même d'abord quoi   !!!!!,1
Donc avec plus de 2 dolgui on refuse maintenant?  de mal en pire This message was edited,1
Garr,1
"J'ai très mal pour le frère qui s'est fait exclure , c est triste  en  plus en 3e année, je peux imaginer les nuits blanches , les efforts et tout ce qui va avec !!",0
Les gens qui mangent 3 fois par jour sans rien chercher d'euxmêmes,1
Je lui ai proposé de regardé aussi hors de Moscou,1
Qu'il regarde à Ryazan,1
"C'est noté, merci",2
Tout a fait,1
Tu connais tout,1
"À l'heure si, même s'il faut qu'il aille à Elista, qu'il parte seulement s'il y'a des solutions des des petits villages, il pourra peutêtre après faire un transfert",1
Très bonne idée,2
Qui est ton ami?,1
Toi tu es même ma fiancée,1
Ils vont seulement manger leur argent la avec leur dent !!,1
Tu vas lire l'heure. Tu vas comprendre que un citoyen africain voisin a dénoncé son frère africain voisin. Ou bien un citoyen africain dénonce son frère africain de même pays.,2
"Ah espérons, parce que d'autres vont calculer que si une dénonciation c'est 100k  10 dénonciations  1 bâton  7 bâtons de FCFA",1
Soyez simplement prudents maintenant,1
Il me reste 07places pour avoir 10personnes.,1
C'est dommage si les gens le font,1
La vie est faite d'injustice et de justice.,1
Donc maintenant n'attaquez plus vos frères africains.,1
Les filles sans papier qui refusaient les fesses là. . Vous connaissez maintenant ceux qui vous restent à faire,1
Les russes et surtout babouchka vont trahir maintenant jusqu'à,1
Hum,1
Elle vous loue la maison même 10    Elle sait déjà que sont millions ne souffrent de rien,1
Estce une proposition de loi ou alors elle a déjà été adoptée?,1
C'est une proposition de loi,1
Ekieee,1
Ils disent propositions de loi pour vous préparer. Ils ont déjà adopté en cachette depuis,1
Nous,1
Le vous était pour ceux qui n'ont pas compris que ils font des choses derrière et à nos yeux font comme si c'était pas encore faite.,1
Même si tu tes naturalisé,1
C'est un sentiment normal d'être senti en sécurité chez soi.,1
De toute façon faisons attention aux cheveux noirs surtout et ensuite les Russes.,1
Que celui qui dénonce se rassure de prendre l'argent en avance  la promesse en Russie est une dette qui ne se paie pas,1
null,1
250kolo aux bled disponible.....,1
Merci làbas !!!,2
Je livre 79013886871 dès que la loi sort,1
"Son gar a déjà le passeport russe, il va la blinder une fois",1
Si cest la loie ca sera le cas ils payerons,1
"Plus sérieusement si cette loi est adoptée, connaissant mes frères africains ça sera très compliqué, déjà qu'on vient encore de réduire les droits des sans documents",1
je wanda qu'à l'époque on allais au cybercafé pour faire les recherches et même là s'etait lent.. aujourdhui tu as un phone tu peux même zapper les cours tu go louk sur youtube. jusqu'a tu peux mettre play ou pause et continue en même temps.. moi c'est le monde a l'envers,1
Ça te rate,1
"J'espère  ils bouffent l'argent des soldats qui se suicident pour eux, c'est pour dénoncer les sans papiers qu'ils vont payer?",1
Même pour les vacances vous ne voulez pas?,1
"Mais c'est la circulation normale à ndokotti non  c'est un ancien cimetière, les 80 des personnes qui causent l'embouteillage làbas sont des fantômes",1
"Burkina Faso , Côte dIvoire , Sénégal , Cameroun",1
C'est quoi le projet ?,1
Bonsoir la famille jespère que vous allez ??!,2
Il faut souvent faire des voices hein  tu as une belle voix,1
Jai pas une belle voix papa,1
"Il faut apprendre à rester concentré, papa",1
"Si j'étais une go, tu aurais sûrement dis la même chose.",1
Mais je suis très concentré non,1
"Lol non moi je ne le dis pas à toutes les gos, seulement quand je le penses vraiment",1
Svp qui peut avoir les infos a propos du frère en 3 e année de médecine !!,1
Celui qui s'était fait exclure !,1
On wait son feedback il est en train de tester les differentes options.,1
D'accord,1
Bonsoir tout le monde,2
"Bnjr besoin de 500,000 franc au pay pour le rubble ou le dollar",1
Bonjour aujourd'hui c'est mercredi !,2
Et mercredi on utilise pas largent,1
Il y'a mercredi des filles en boîte. L'entree est gratuite !,1
Hahahahahah,1
"Bonsoir à tout besoin d'une information sûre, estil possible de faire le rvpo étant dans une université privée?",2
si elle est acredité,1
Oui elle a la licence et l'accréditation,1
Tu connais quelqu'un qui l'a déjà fait?,1
"oui, moi!",1
Tu n'auras pas un pb si l'Université a l'accréditation et si ta filière a la licence.,1
D'accord merci pour l'info,2
Merci bcp,2
Bâton de manioc propre sans soupçon de racine. 250r,1
C'est le vrai manioc,1
Ah oui oui,1
null,1
Tkt. Je vais manger ça avec tous les compliments possibles,1
Diminue unpeu le prix norrr,1
Ya mm la pâte darachide en mets là. Jai tt mon temps,1
Non,1
Tu diminues souvent ta part?,1
Les plantains arrivent bientôt norr,2
1e tonne,1
Je Wanda mm,1
On va m'envoyer les plantains,1
Quand mon stock de bâtons va finir,1
Okooo,1
La sorcellerie vous donnes même quoi ?,1
This message was deleted,1
"Salut à tous. Kg disponible MoscouDla, départ 0208",1
Bonjour il y'a les filles qui jouent au football ? Si ou bien vouloir me faire signe merci,2
79255125375 79309676574,1
Ok,1
"Demain ASECAM se déplace à Ryazan demain pour un match de Gala , les intéressés peuvent se rapprocher du chargé de sports  79858784858 et les supporters de 79187024315",1
79032178702,1
Moi,1
"Je vais venir faire le recrutement lors de ce match là, le pays a besoin de ses talents de la diaspora",1
Bro Cest possible nor?,1
Je dis ça Parceque certains frère relais déjà ça en statut et peut être cest vraiment son couloir,1
"Je connais dautre qui font la même chose seulement du côté de la guerre, billet davion aussi payé et cest fiable",1
"Si c'est maçon maçon, c'est possible mais les maçons que nous connaissons ici là, ça fait froid aux yeux",1
"Lol non non donc tu crois qu'avec les cheveux noirs pleins ici, une entreprise va faire les démarches pour recruter les maçons à l'étranger? Surtout que ce n'est pas un travail qui est homologué par l'état pour recruter à l'étranger, parce que la main d'oeuvre là peut être facilement comblée ici sur place.",1
Homme de peut de foi,1
Peut être ils sont fatigués des cheveux noir,1
C'est le schéma,1
Enh je pensais quil vivait en Russie,1
Ici les maçons africains font tout au chantier sauf construire,1
Un bon manœuvre doit être fort et bête,2
Cest la première loi du chantier,1
Ei pass me grand. Je donne les mains,1
Mike nest même plus dans le groupe cest quon partait,1
Oui cest possible ça se fait boss,1
"Joyeux anniversaire, Ines!",1
Merci,2
"Joyeux anniversaire, Edmond Dibante!",1
Merci,2
Joyeux anniversaire beaucoup de fleurs dans ta vie,1
Merci,2
Je peux pas te fuir Massah  tu es partout dans mon quotidien ici en Russie,1
Pardon je blaguais les rageux,1
Cest limmaturité qui me dérange,1
tu veux dabord me fuir pkw? Bahlok,1
donne nous une seule raison,1
Elle à moins de 50 kg,1
Seigneur,1
tu n'as pas tort. On doit vraiment l'enlever,1
Si on doit menlever toi on doit te crucifier,1
Pour la premiere fois que je comprends le vrai nom de Fleur,1
Joyeux anniversaire Fleur,1
Dc tu ne savais pas que Ines était mon vrai nom depuis là?,1
Merciii,2
Non Oooh!!!,1
Est ce que c'est son anniversaire ?,1
Akieu,1
Warrr,1
Si le president souhaite qui suis pour dire le contraire,1
J'ai déjà souhaiter ooo,1
C'est Inès ?,1
"Ines, Eva, Fleur hummm en ttk moi je ne connais que Eva, le reste là, il faut seulement montrer ton passeport on va confirmer",1
Hbd alors,1
Tout ça cest moi,1
Mercii mon bb,2
Jamung,1
"Quand la concernée même sera là, jespère quelle va me payer pour tous les  merci  que je gaspille là",2
"massa, ton bb CMT?",1
bb,1
Exactement,1
Je refuse,1
Humm!!!,1
Quand tu enjoy avec 237652314087 ici qui te parle?,1
Voilà,1
Je meurs pour rien eh,1
c'est ma cousine même père même mère nor! Tu ne savais pas?,1
Tu essaye toi et moi. c'est ton pied mon pied .d'abord tu n'es pas administrateurs,1
Nest ce pas hein,1
Hopeutah! Tu penses que je n'ai pas peur de toi?,1
Jai confiance,1
"En vrai, la seule fois ke j'ai essayé de l'appeler bb, on a fait un mois sans se parler",1
Vas dormir,1
Je bois d'abord ma vodka de Belgorod. On gère la suite demain. Bye,1
Bye boss,1
Si tu dis je t'aime sa va passer a 1 ans hein,1
danseur. Tu vas faire 100 ans dans le célibat à ce rythme,1
"Effectivement, mais qui ne risque rien n'a rien, ca peut plutôt être la clef",1
Wah je blaguais noh,1
Si je dis ça c'est juste pour tester la fonctionnalité de mon cœur,1
Si en disant bb il a eu un mois le je t'aime houm,1
Tu as quel pb nor?,1
Laisse la tranquille.,1
breuff,1
Suis un boys,1
On dis la Personne mais je préfère précisé,1
Dis lui que tu es émotionnellement perturbé par ton célibat persistant,1
Je precise un ans,1
Seulement,1
C'est petit ?,1
Il est encore dans ses débuts,1
Il ne sait pas,1
Oui,1
Pardon ne me frustrée pas,1
Toi c'était?,1
??,1
On te prépare,1
Combien d'années sans ?,2
50ans,1
Look alors c'est que tu vas WIN le cancer des noyaux bro,1
A titre de rappel le Lugansks et Donbas font partie de la Russie et sont des territoires en reconstruction. Ce qui veulent aller travailler làbas on réellement le million  même en roubles,1
Joyeux anniversaire Eva pluie  de bénédiction que Dieu exagère encore cette année,1
Joyeux anniversaire EVA,1
Cest pas mon anniversaire,1
Ya til un voyage pour un de cest jour,1
Voie comment quelqu'un refuse les cadeaux njooooorrr.... Eeeeeeeeeeee,1
Je dis souvent à la fille là que son véritable pb c'est son honnêteté  une autre aurait déjà sauté sur l'occasion  elle a trop un bon coeur cette fille,2
Aaaaaa mon frère... Aaaaaccchhh mon genre alors d'enfant hein,1
je mexcuse beaucoup,1
Ekiee,1
My btother,1
On a déjà commencé à menacer de me off,1
La ou il y'a la tchop vous trouverez Anne.,1
Aaaahhhhnnnn c'est Anne hein  79013886871 voilà alors le prénom que tu cherchais là,1
Il manque la photo,1
Xa arrive,1
tu fais koï làbas,1
je découvre la vie sous un autre sens,1
Laisse ça... Tu veux,1
Ce que j'ai déjà ?,1
Tu as et tu fais koï làbas,1
Je suis exploratrice ehh,1
I broke my glasses this morning,1
Je suis déjà à ma 143e drague sans issue. Je ne peux pas entrer dans vos trucs là,1
"hum, tu faisais koi",1
si je réponds à ça ici on risque te off eh,1
horrrs ma vie est un trouble dans ce pays,1
J'ai pris appuie dessus sans savoir,1
tout une encyclopédie,1
Ne m'appelle plus dans tes choses,1
Les discussions de la cuisine ne se tiennent pas au carrefour... Continue,1
bye,1
Affichage.org,1
Bonsoir à tous !,2
Question de 100.000,1
Enfin ooh,1
Le lien du grp pardon,1
"La vie que tu mène là, toimême ça te plait?",1
Jusqu'à,1
Je pars seulement regarder aussi nor,1
Il ya rien de bon  c'est décevant,2
Ça c'est parce qu'on veut déjà te off du grp là hein  je respecte ta rage,1
Oui c'est ça,1
Sérieux. C'est nazz,1
demande à votre secrétaire,1
Je dis Hein toi tu a dormi a quelle heure?,1
"toujours en train de Mimba pourtant dans son une place, elle réfléchit le feu",1
Je vais dormir une fois quand je vais mourir,1
Tu aimerais trop avoir ma vie,1
Et toi alors ?,1
"ma vie les temps ci, si je te la prête tu vas fuir avec",1
un genre un genre,1
tu as reçu le Kdo ke j'ai t'ai envoyé?,1
Lequel ?,1
Dis moi,1
Encore les discussions de la cuisine au salon,1
Viens me dire,1
"J'arrive, send moi l'adresse",1
moi même je fais le ndock,1
Screen shot,1
Reality,1
Ahaannn mamah ahaahh ma Vie toujours compliquée,1
Hello. On partage le ndolè  chez 79013886871. Elle vous invite.,1
Je suis sur place,1
Cest gâté,1
This message was deleted,1
Demain  besoin de 05 bons travailleurs boulot de chantier,2
Send l'adresse dion,1
Adresse stp ?,1
Ya quelque un qui fait lokok ici bien ?,2
le genre si mange seulement le ndolet,1
moi,1
Sans déc,1
"Slt,",1
79013886871 je vois ton cœur,1
"Pardon allons féliciter notre sœur Laurianne, elle nous télécharge une truc la que qu'on va aimer",1
О чём речь идёт!,1
"Qui connaît, sait !",1
Votre sœur c'est fiancé,1
Pourquoi nous prions et ça se réalise toujours chez les autres?,1
C'est pas suffisant il faut être fructueux,1
Les autres là ce sont les qui?,1
"fructueux comment? Fotso Victor a laissé 15 héritiers, je suis le 16e, c'est pas suffisant?",1
Sa va alors.,1
"Bientôt quand nous aussi on va se marier, il va encore dire la même chose hein",2
Chacun sait comment il tue sa poule récé!,1
"Toi aumoins tu es mon bro, ta femme c'est aussi la mienne",1
Tu as parlé hein,1
Ekieee  l'esprit que tu as là n'est pas bon bro  ma femme c'est ta femme comment non ?,2
Nos valeurs nous obligent à nous soutenir mutuellement,1
Tu vois alors ton coeur?  maintenant je vais avoir peur si tu reste seul avec ma go hein,1
Ékiee làbas c'est non.,1
vous croyez qu'on sera solidaire comment?,1
Pourquoi?,1
Le plantain ??,1
Oui moi,1
Il faut demander à 79013886871,1
79013886871  79775945625  dit que je vienne te demander le plantain This message was edited,1
Aka c'est la banane verte du magasin,1
lol,1
Cest le plantain,1
Tu as le réseau? Pardon rembourse mon okok de la dernière fois non,1
On négocie comment ? Ici ou en privé?,1
Ici  This message was edited,1
Départ  prévu le 06 août  pour,1
Tu connais des facultés de médecine en Russie qui étudie en français ?,1
Si oui tu peux trouver des renseignements et me faire part??,1
Bonsoir la famille svp quelquun a til des informations à se sujet ?,2
A Ryazan,1
Bonsoir. Tambov,2
Merci le noms des universités? Svp,2
Saint Petersbourg,1
ТГУ,1
Waaa suis sérieux,1
Moi aussi,1
Combien ?,2
L'inscription sur les listes électorales c'est jusqu'à quand?,1
"Tu veux voter quoi quand on connaît déjà les résultats?  Le Grand Nord a choisi l'homme Lion, c'est làbas que réside la majorité de la pop camerounaise",1
31 AOUT,1
On va essayer bro,1
Donc demain c'est le dernier délais  je go demain faire mon devoir  on va essayer,1
AAH août,1
C'est bon,2
Stat de 10ans,1
"Après Oct 2025, on sera toujours ici il faut faire la capture de mon message.",1
Salut à tous .,1
130k au pays besoin de rub,1
Taux Google svp,1
Ib,1
Bonjour,2
J'ai au taux mozzila firefox,1
Ib,1
Encore disponible,1
"Mr Biya n'a aucune majorité électorale, il n'a jamais été élu depuis 1982 c'est pourquoi quand il y a campagne d'inscription, son régime tremble...cnfere les derniers discours du MINAT! Pour ma part, la masse est l'inconscience politique et ne sait même pas l'importance et l'utilité du vote, c'est pourquoi, on les retrouve en train de récupérer les denrées qui valent à peu près 2000f pour 7 ans de vie!!!",1
"On donne un bout de papier quand tu fais la carte, mais ce n'est pas grave, moi je suis allé, je n'avais même pas pris sur moi ce papier, du moins je pensais l'avoir pris, mais j'ai cherché mon dossier de demande de carte consulaire moimême dans la pile de documents et j'ai retrouvé, le consul m'a ressorti là là là le bout de papier et j'ai fait ma carte",1
Ok,1
Entièrement daccord,1
"Lol Biya n'a pas la grande partie, il y'avait des gens qui étaient susceptibles à cause de la misère, mais c'est maintenant le moment de sensibiliser autour de soit, parce que tout le monde voit le bilan après 42 ans, si ce n'est pas en prenant les choses en mains en laissant les préjugés d'autre fois, on n'y arrivera peutêtre pas, mais la majorité des camerounais ne sont pas inscrits sur les listes, et c'est la raison pour laquelle le changement est lent. Si déjà tout ASECAM était motivé et sensibilisait autour de sois, je suis sûr que.la tendance aurait déjà changé depuis longtemps, mais il n'est pas encore tard...",1
"Tu veux conscientiser celui qui a faim ? Explique à une maman qui vend au marché et qui nest jamais allé à lécole la signification de prendre les choses en main, estce quelle comprend ça ? Le mal est beaucoup trop profond",1
"C'est exactement ce qu'ils ont passé le temps à créé, la peur de s'engager, tout le monde pense que s'il fait un pas, il va tout perdre, prenons d'abord le risque de tenter quelque chose de pacifique encore une fois et surveillons nos votes après. À un moment donné, il faudra bien prendre la décision, soit de se lever pour aller chercher le changement, soit rester assis et continuer de subir en disant que c'est perdu d'avance.",0
Mais essayons quand même daller voter. Au moins on dira quon aurait essayé,1
"Mais c'est ça le véritable pb des camerounais, ils ne pensent que dans le court terme. À quoi bon prendre une boite de sardine que tu vas manger en quelques heures, pour 7 ans de misère? Je crois fermement que les camerounais ont compris, ils ne sont pas encore tous motivés à s'inscrire, mais au moins ils ont déjà compris l'imposture, ils on compris qu'ils passaient le temps à hypothéquer leur bonheur pour des choses qui ne valent pas la peine",2
"Si ça ne dépendait que de moi c'est que les élections sont suspendues làbas depuis, on peut changer le Cameroun sans effusion de sang ni d' élection. l'Algérie fut un bon exemple dans les années antérieures!!! C'est bien de sensiliser pour le vote cependant un vote qu'on est pas prêt à défendre mais certain qu'il sera volé est un vote inutile",2
"En général, c'est parce que beaucoup se laissent corrompre facilement, sinon tu peux réellement contrôler ton vote et il y'a des mécanismes qui sont mis en place pour cela. Maintenant je crois que tout ne se passera pas comme dans les années antérieures, si tout le monde est sensibilisé sur les différents mécanismes de contrôle de son vote.",1
"Je suis au niveau de la défense du vote, on peut contrôler le vote mais on ne peut empêcher qu'il soit volé! Qui constitue la commission électorale au Cameroun? Qui la  nomme? Qui totalise les votes, qui proclame les résultats? Frangin, après les beaux discours ils existent les réalités du terrain ! This message was edited",1
"Frère mais c'est cette réalité du terrain qui nous fait avoir le raslebol. Et c'est parce qu'on sait tout ça qu'il faut déjà commencer par voter pour avoir les preuves de ce qui pourrait arriver demain. Si maintenant tu ne vote pas à cause de ces raisons, tu vas justifier quoi exactement?",1
"Tu n'as pas tort du tout mais ceux qui ont eu un esprit éveillé bien avant vont se reposer un peu pour attendre que les autres se réveillent, comme ça on pourra évoluer ensemble dans cette quête! 2025 c'est bientôt",2
"En ttk c'est un combat qu'on doit forcément mener ensemble. La mobilisation commence déjà par des petits groupes, puis ça s'élargit au fur et à mesure.",1
"On ne perd rien en essayant, c'est l'inconscience de certains qui choque parfois sinon",1
Tout à fait,1
Bonsoir à tous,2
Bsr,1
Des comics,1
100 000 fcfa,1
Taux Google,1
Mozilla Firefox,1
Les conditions sont bonnes ?,2
"Il parle des conditions incarcerales, il fait la différence entre ce qu'il a subit à dla et là où on l'a envoyé. Il a précisé qu'il y'a accès à de l'eau pour se laver et un lit pour dormir",1
Svp lambassade ouvre quand ?,1
"Lundi, mercredi et vendredi",1
Merci,2
Paix a son âme,1
Paix à son âme.,1
Bonjour à tous svp qui ici a un proche dans la ville d'elista?,2
ib,1
"Bsr besoin d un endroit ou stocker les choses pour 3 semaines urgent , maintenant. On cause en prive par rapport, merci",2
Moi aussi svp,1
Il a quandmême essayé,1
tu viens me faire rire alors que j'étais très nerveux depuis,1
Bonjour à tous,2
Meuleu NZotcha orelie blondel,1
Pourquoi les gens font les choses comme ça ???,1
"Ils veulent se faire de l'argent à tous les prix, même s'il faut pour cela détruire les autres",1
Yessss,1
La fin du monde est proche,1
Il ya les gars que pour te fait signer dans l'armée ils prennent la commission de 200milles roubles sur tes deux premier salaire.ca m'a fait froid au dos,1
Massa cest du ko ci quils parlent ou dun autre ? yes méchant méchant,1
Des véritables voyous.,1
Un frère a même proposé de commencer par aller signaler cette page pour essayer de freiner un peu ce mouvement d'arnaque,1
C'est ce quo devrait être fait.,1
Moi j'ai déjà signalé la page là,1
Moi aussi,1
"Bonjour svp jai 1,500,000 Cfa svp je veux en roubles taux  Google",2
Tu prends 1million où?,1
J'ai éclaté de rire,1
Mincee  les gens ont largent ici dehors,1
C'est le temps de la rentrée,1
"Toimême tu n'es pas d'abord facile  tu as d'abord beaucoup d'argent depuis un moment là, il faut un peu me donner ton secret",1
Souanquinze jai ??,1
Tu as sansouankinze je sais,1
"Comment les gens vontils nous respecter ? Alors que certains travaillent dur pour faire un nom pour nos nations, d'autres travaillent dur pour détériorer notre image. Une nation aussi puissante que la nôtre, nous ne méritons pas un tel témoignage.",1
"Cela se ressent, en mode ouai ça vient du fond de ton cœur",1
C'est deplorable,1
Massah ayiii,1
il a eu quoi svp,1
De suite de quoi ?,1
Courte maladie hier,1
Cest aussi lAVC ?,1
79998372264 tu le connais nor ?,1
Il ne sentais pas bien ils ont call l ambulance et aujourd'hui à 12h il est go,2
Oui je suis dépassée,1
Les maux de tête,1
Massa juste juste comme ça ? Weeee dollar,1
Au sud à anapa,1
Sa femme et son enfant,1
Et ses autres enfants au pays. Orrrr finalement les gens partent où,1
Il a plusieurs ehh pas seulement lui,1
Je crois que même plus de 10 bref cest 79999677471 qui peut savoir comme il était proche,1
Non,1
Apparemment il était diabétique et en même temps une cirose de foi selon ce que j'ai entendu.,1
Je ne pense pas pour la cirose de foie et il buvait coe ça ?,1
Oui,1
Quand tu as ça tu ne dois même pas goûter l alcool,1
Le doyen vient de me rassurer sur certaines fait et réalités,1
Une fois il était à l'hôpital ensemble,1
Justement. Mais prenais et fumais aussi,1
Merde,1
Paix à son âme.,1
Mince un ambianceur. Quil repose en paix,1
This message was deleted,1
"Chers membres de lASECAM,",1
Bjr,1
Studio disponible à 20 min à machrout du métro typlistan,1
photos,1
Bonjour à tous qui voyage pour Yde ces jours svp,2
Oui c'est possible,1
Moscou  Yde,1
Après demain,1
Prochain voyage Moscou Yaounde,1
Voilà un tchequeur en live,1
Je rigole depuis ça ne fini pas,1
Besoin d'une chambre a Moscou,1
"Joyeux anniversaire, Ilzi Jainy !",1
Morning,1
Douala   Moscou,1
"Chers compatriotes,",1
C possible davoir une photo de lui ?,1
Je vais essayer de demander,1
"Gaius ne te fatigue pas, ce problème de visa touriste révèle des  compétences des organisations diplomatiques. Tu penses que l'état russe n'est pas au courant de toutes ces personnes qui entrent ? Il faut plutôt sensibiliser les camerounais au pays. Ceux de l'aéroport savent tout et reçoivent des ordres venant de l'hierachie.",1
Je le ferai quand même,1
"Sil le savent quils prennent en charge les malades en plus ils ont durcis la loie immigration si tu ne savais pas, je tenvoie le texte",1
"Je suis d'accord. Pour ce fais , il faut l'appuie de l'ambassade qui doit donner note de ne plus laisser passer un camerounais avec un visa touriste. Offet je te dis simplement comment ces choses doivent être tuer de façon logique.",1
Fédération de Russie,1
Lis tout mon texte brother la stratégie que tu dit jai parlé à lintérieur,1
D'accord,1
Il y'a le côté Facebook ou il faut tuer ces gens là.,1
Yes,1
"Voilà le message que j'attendais de vous depuis Presi...., Merci pour cet engagement renouvelé.",2
"Il devra le faire qu'a même, pas de découragement. Chacun devra faire ca part pour se dédouaner le moment venue. Courage President, c'est vraiment deplorable",1
Tu as déjà ton badge?,1
Noooo,1
Lenfant dune maman hein,1
Parler me dépasse,1
Woooo,1
79913266102  chef estce que t'es au parfum que la chambre basse a voté avec  unanimité pour le report des législatives et municipales 2025?,1
Tout ça c'est parce qu'ils prévoient faire un désordre qui ne dit pas son nom pour les prochaines élections présidentielles de 2025. Le pays là a besoin d'une délivrance oecuménique .,1
Bien! Conviens tu avec à présent que suivre la logique des inscriptions sur les listes électorales c'est aller au rythme du RDPC? On ne peut pas faire confiance aux élections quand la tricherie est observée à tous les niveaux,2
"Si définitivement, le MRC est exclu de la course électorale... A qui estce que l'opposition peut faire confiance, Muna, OSI, Libii, Matombe?",1
"Non justement, l'inscription sur les listes électorales ne profitera pas au RDPC, c'est d'ailleurs pourquoi ils veulent freiner toute action qui va dans ce sens.",1
Never trust Cameroonians dear bro! Ils ne sont certainement pas prêts pour un prochain mandat du RDPC mais sontils à donner le sacrifice qu'il faut pour s'en débarrasser une bonne fois?,2
Ils sont bien prêts à aller au desert non bro?,2
"Les camerounais n'ont aucune maturité politique, aucun sens du patriotisme ! Déjà que le système éducatif, social, politique etc ne les favorise pas! Chacun est Orienté sur son gain personnel, combien meurent en Ukraine pour de l'argent? Pourquoi nombreux de nous finissent par rejoindre le RDPC après plusieurs années dans la fameuse opposition!? Tu vois quelqu'un se sacrifier pourtant il ne sait même pas l'importance de sa participation dans la politique de son pays?",2
"Oui, c'est justement pourquoi le RDPC a souvent gagné, parce qu'ils ont réussi à créer la pauvreté, donc le besoin, puis ils choisissent les leaders qui, euxmêmes sont pauvres et se laissent influencer par un petit truc qui va les faire sortir eux de la pauvreté au détriment du peuple qu'ils représentaient. C'est d'ailleurs pourquoi le candidat qui semble le plus favorable à la transition d'après tout ce que j'observe au Cameroun, c'est le professeur Maurice Kamto.",1
Nous qui crûmes!,1
Il faut y croire bro,1
Ok Grand j'attends,1
Douala   Moscou,1
"Partager le lait maternel avec un enfant n'a vraiment aucun impact immédiat ou à long terme sur l'enfant en question.  Les médecins, s'il vous plaît, expliqueznous !",1
bonsoir les hommes de ce groupe.. j'ai mon voicin qui a besoin de 4 personnes pour un chantier  facile.. le travail c'est la plomberie  consiste à scotcher les tuyaux.,2
c'est seulement dans ce groupe que je partage l'opportunité donc gagnons en temps,1
"Bonsoir , ya til une personne au Cameroun , qui viendra en Russie ce mois, besoin de faire monter des documents urgemment",2
Ib,1
"Joyeux anniversaire, Ondoua Bikono René Rodrigue !",1
Voyager et étudier en Russie 2O24,1
Tu es mère célibataire?,1
moi même je me demande,1
Quen estil des pères célibataires,1
On va en parler bientôt,2
Greetings everyone,1
Mayor office,1
Thanks,1
Or Even next week?,1
This message was deleted,1
Besoin de quelqu'un pour transporter ça Moscou Yaounde.,1
Bonjour,2
Près de 200personnes a l''ambassade de Russie ce matin pour demande de visa,1
Les deux pays qui sont à la mode actuellement au Cameroun le Canada et la Russie,1
Mais làbas on fait seulement la queue ? Ce nest pas sur RDV ? This message was edited,1
La queue,1
Euille!,1
Humm les choses du pays,1
Les gars arrivent laba à 4h apparemment. Et on tchoco aussi,1
Tu ne tchoco pas on saute ton nom,1
La Russie e inondé de partout,1
Exact,1
Un gars m'as raconté l'histoire j'ai failli mourir de rire. Jusqu'à il était obligé de négocier au virgile,1
Malgré qu'il était enregistré,1
Voila un pays  Russie,1
Mm maintenant ils viennent chercher quoi,1
"Certains d'entre eux vont toujours finir par traverser les frontières ou rentrer au pays, pour ça je te rassure!",1
"Je me rappelle à l'époque où je passais mon entretien, même l'agent consulaire qui me faisait l'entretien m'a demandé ce qu'il y'a en Russie pour que les gens commencent à sur intéresser autant  j'ai wanda sur la question, mais maintenant je n'imagine même pas ce qu'ils ont en tête",1
Film quoi??,1
Va saisir ça sur Google tu vas mieux comprendre,1
"Tu vois alors ta vie? Donc tout le long texte que j'ai écrit là, toi tu t'attarde sur l'affaire hein",1
Comprendre quoi,1
Bonjour.,2
Besoin sil vous plaît de faire un enregistrement à Moscou dans un délais maximum de 6 jours. Qui pourrait maider sil vous plaît ?,1
Ou qui aurai une idée de ce que je pourrais faire?,1
Ib,1
Pour ceux qui ont besoin des enregistrements pat Moscow n'exitez pas de m'écrire.,1
Il vaut mieux ne pas avoir denregistrement QUE DEN FAIRE UN FAUX!!!,1
"La famille, il y'a une université qui peut prendre un étudiant de padfac qui n'a pas eu le diplôme de langue? Le petit est prêt à refaire la padfac, il veut d'abord qu'on renouvel son visa qui expire le 31 octobre",1
Iki,1
Genre même le diplôme de LANGUE il na pas pu avoir ?,1
Cest facile?,1
Vous dérangez dis donc,1
On échoue ça ?,1
Oui,1
Oui nor. Cest comme tt autre diplôme,1
Cest la première fois que jentends ça,1
À rudn beaucoup échouent,1
À RUDN tu as 3 chances,1
"Apparemment il ne partait pas beaucoup à l'école, il est de Tambov mais venait constamment travailler à Moscou, maintenant son Université ne veut plus le renouveler, on lui a demander d'aller se chercher ailleurs",1
Après toi même tu connais,1
Lui aussi,1
Quand vous venez fréquenter fréquentez!!!,1
La vie cest un choix,1
Cest tt,1
Exactement !,1
Il va sortir et revenir,1
Le pays est dure,1
"Il a compris qu'ici à Moscou, il y'a le djè",1
La pression quon exerce sur les mbenguistes??,1
Nn nn sa famille na quà lexcuser pour un début,1
Aka laisse ça. Cest vousmême qui créez cette pression.,1
"Bon pas forcément, il peut trouver une université qui peut le récupérer en padfac, il va buy, il a sûrement bien work à Moscou, voilà que l'argent là va sortir pour renouveler son visa",2
Cest parceque tu es dur à la base,1
Il ya dabord les sanctions en Russie je vais envoyer largent comment??,1
"Il ya déjà une loi sur cela , on ne reprend pas la padfac et si tu es renvoyé dune école tu es obligé de libérer le territoire! Septembre les gens  vont lire lheure",1
Je suis dure? Moi ci?,1
Quil vient à RUDN il reste une fois à Moscou,1
Je vous dis juste directement les réalités dici comme ça nous sommes sur une même longueur dondes !,1
Je pense c'est mieux pour lui hein.,1
Tu dors tu te réveilles il ya déjà une loi sur la table,1
vraiment,1
"C'est quelle loi ça? C'est sorti quand? À l'époque pour changer d'université tu devais sortir du territoire, mais on change facilement d'université. Il y'a des gens qui se renouvellent chaque année en padfac",1
toi même tu sera gêné de rentrer dormir encore sur le même lit que tes petits frères,1
Je te dis papa,1
Cest fini depuis mars,1
On prend encore en padfac actu à rudn?,1
Ekie  jai confiance avec les russes.,1
Effectivement,1
"Raison pour laquelle, je dois étudier et non chercher les miettes dans les chantiers et Burger King",1
"Donne moi un peu plus de détails sur cette loi, tu l'as?",1
Moi jaime les miettes la,1
Dc tu insultes ceux qui travaillent laba hein. Quils cherchent les miettes,1
Je suis choqué,1
Cette loi existe déjà,1
"Moi quand je suis aller inscrire un ami à rudn on mas récité cela , jétais wanda , This message was edited",1
Minceu. On meurt?,1
"Merde merci, je vais chercher ça",2
Monsieur florant c'est pas suffisant. Il ya des réalités en faces après les études.,1
Then you are short sited there is money in this country ALOT but you need to invest on yourself first.,1
Pourquoi je parle en français facile et vous faites comme ci je parle avec un français soutenu?,1
Tu me parles langlais,1
Warrr,1
Florent sur nous mainon,1
Jai rien compris efface un peu tu recommences,1
Questce que vous me comprenez pas dans,1
Instants de rire,1
Dis don traduis.,1
lol diplôme hein,1
Like really ?,1
On verra?,1
Nous sommes là nr,1
"Yeah, really.",1
Attend,1
Jattends quoi?,1
Je te parle de mon expérience tu me dis dattendre? This message was edited,1
Je parle au mois 4 Langues monsieur,1
Ikii,1
Ton expérience sans argent nest que ruine de ton cerveau,1
J'aime cette violence,1
"Waaahhh mama, donc il y a que langlais alors qui manque dans ton arnesal de langue là?",1
Finalement on a pas résolu le problème posé,1
Et qui ta dis que je nai pas dargent?,1
So you think that I dont speak English,1
Tu parles de moi sans même me connaître?,1
Pfffff quel argent !!!,1
"Waaahhh cest quand même pathétique, sérieux",1
Je pense que le problème viens dailleurs,1
Ikii,1
Man from the center region are all the same,1
On à tellement pas de modèle de réussite ou ils sont tellement peux que nous nous limitons nousmêmes à nous dire que les lécole ne sert à rien et nos miettes nous suffisent,1
Maintenant cest déjà la tribu?,1
You guys like to talk to much,1
Avec qui ?!!!,1
"Okay, just to close your mouth, tell me what I should do.",1
What proof do you want?,1
I am on fire today,1
Nothing,1
Stay calm,1
L'école est très important. C'est mettre en pratique tout ce que tu as appris qui dertermine si tu as vraiment été ou pas.,1
Puisque qu'il faut que sa produisent des fruits,1
C'est même étonnant de voir un gar du centre parler anglais,1
C'est pourquoi je dis apprendre n'es pas suffisant,1
"Bon, ça va alors Reine.",2
"Lécole ne sert à rien, il faut faire 5ans en padfac et chercher ton argent pour envoyer à la famille. This message was edited",1
Madame nous ne sommes pas ici pour savoir quel éthique parle bien anglais ou bien français. Stp essaye de rester dans le sujet,2
Si tu mets les organes tant mieux,1
Je suis dépassée ça a directement sauté à,1
J'ai mis les poumons,1
Tu es ici hein,1
Et dis toi que moi même je suis du centre !!!,1
Noooo MOI je ne te comprends pas hein Je me désolidarise TOTALEMENT de ce message.,1
Hmmm,1
Oui !,1
Je  ne veux pas savoir. J'aurais souhaité que tu restes dans le vif du sujet.,1
Encore toi,1
merci pour l'animation,2
j'ai aimé,1
je pars alors,1
Non hein,1
Toi même tu sais que je te taquine,1
t'inquiète,1
"QF, j'ai encore oublié ton prénom, il faut un peu me le rappeler",1
Anne,1
Mère célibataire,1
Jai pas vu ton commentaire,1
On ne fait plus la padfac deux fois plusieurs sont entre dans le ndem comme ça.,1
Ça arrive,1
Oki,1
Une fille qui sait bien parler russe pour travailler dans  la cuisine dans un restaurant.,2
Les intéressés ib.,1
meme si elle ne sait pas cuisiner?,1
Oui,1
Ils vont l'apprendre les différents menus.,1
Faut épouser les femmes que vous aimez,1
Elle mm pas laide,1
Je te dis,1
Il est seulement méchant,1
Il est très méchant.,1
Quand on ne veut pas d'une personne dans sa vie.sa ne sert à rien de faire le semblant.,1
Sa c'est mon opinion à moi.,1
De 1 an à 3 ans de mariage on a encore les papillons dans le ventre,1
Tu vois la même tête tous les jours,1
Ikiiii la mariée,1
Je suis informé,1
Je te jure,1
Il faut respecter ceux qui ont fait 25 ans de Mariage et plus,1
C'est le cardio,1
Ce son des légendes,1
Je peux même te coacher,1
"Ikiiii coach  moi j'aime la pratique, la théorie là est bizarre",1
Tkt pas. Ma tête ne va pas ténerver au bout de 3ans,1
Mm 100 ans tu vas yamo,1
Bah et épouse moi et je vais te coacher dans le mariage,1
Euy,1
"J'ai confiance, tu es d'abord mon goût depuis longtemps",1
Ikiiii  si je demande ta main tu ne vas pas me barrer en public?,1
Je ne veut meme plus,1
Femme de peu de foi  tu ne sais pas que c'est dans les blagues comme ça que l'homme de ta vie peut sortir? Donc tu doutes hein  This message was edited,1
Mon homme ne sortira pas de la Russie,1
Stephane tu es sollicité hein.,1
Dc tu es un joueur hein. Oublie moi,1
Je suis sérieuse,1
Les Cmr de la Russie ?? Jamais essayer mm par erreur,1
Je suis célibataire ma chérie,1
Rentre au pays je viens te chercher làbas,1
Tu connais,1
Aucune relation avec une africaine sauf les cheveux noirs,1
Je suis déjà à l'aéroport,1
Eyeeeeeeeeeeee,1
Je te dis la vérité. Abstinence envers les filles africaines.,1
Poutine a signé une loi autorisant la police à ordonner l'expulsion d'un étranger de Russie,1
Je suis quoi ??,1
33,1
Oui. Russe noir,1
Sils ne veulent plus se nous quils nous disent hein,1
"Ekieeee toi aussi  donc si je voulais jouer, j'allais le faire devant toi comme ça?",1
Ça veut dire quoi?,1
lol,1
Yeuch,1
"Du moins, fréquentez d'abord , certains laissent le boeuf entier pour suivre les brochettes",1
Slt everyone,1
Après on va dire quil ya pas largent en Russie,1
Il y a toujours meilleur interprète que l'auteur de sa pensée! Le tonton là dit vrai mais vous choisissez comprendre autres choses,2
Et les priorités aussi pendant les études,1
"Pourquoi vous limitez la pratique de la connaissance acquise à l'école au travail uniquement, surtout au travail lié à sa spécialité!?",1
Vous allez envoyer vos enfants à l'école ou pas? Vraiment ditesnous pour qu'on en termine une fois!,1
Toi aussi qui n'aimerais pas envoyé son enfant à l'école.,1
"Les cheveux noirs, les toupouris , les wadjo.....",1
L'autre la je ne connais pas,1
qu'estce qui se passe dans ta vie jang? Ça va bien?,2
Tu as posé la question et je t'ai répondu.,1
"Voilà! Arrêtons de tenir les propos du genre l'école ne sert à rien. L'un de mes jeunes enseignants Camerounais m'a dit que  Quand on court après l'argent, on finit par ne rien avoir cependant quand on travaille sur nous, l'argent nous suit ... This message was edited",1
!,1
Merci,2
Personne na dit que lécole ne sert à rien. Du moins je nai lu ça nulle part,1
Hmm,1
Tu écris pour toi ou pour tous ceux qui ont intervenu?  Ne soyons pas dans la logique de la contradiction absolue!!!,1
Voilà on dramatise les nos messages.,1
Jécris pour moi. Et si tu veux débattre je suis libre,1
"Peutêtre que ma dernière phrase n'est pas claire pour toi, je me réserve le droit de revenir sur certains messages!!!",1
"Non, pas claire du tout. Je ne tai jamais demandé de revenir sur un message. Je dis ce que je pense et ce que je vois",1
Ta vision est subjective!,1
Plutôt objective,1
Une nième subjectivité!,1
Nième cest quoi?,1
Tu voulais dire énième?,1
Ligname,1
C'est français jeune dame! Acceptez que vos connaissances ont des limites. Maintenant il me faut commencer un cours de lexicologie,1
Cest pas français désolé . Warrr,0
"Quand tu ne connais pas, demande",1
okay pleure,1
Cest toi qui dois pleurer,1
dommage que j'anticipe sur les intentions! Try tomorrow,1
Tu nanticipes rien. Ça te dépasse et tu veux fuire,1
okay merci mais essaie encore demain,2
Demain si jai du temps pour toi,1
Parceque je suis pas libre tous les jours,1
Dc profite quand cest possible,1
Ikiii Jenifer Lopez signe en même temps sur mes messages,1
"Il ya certaines personnes qui pensent que parce qu'elle sont pauvres aujourd'hui, demain elle seront automatiquement riche . Il y a un temps en anglais qu'on appelle  past continuous  c'est a dire  ton passé peut continuer .  Le pire il ya un autre qu'on appelle  past perfect continuous  ça veut dire que ton passé peut continuer parfaitement. Ce qui vas te décourage encore même là c'est quand tu entends  past perfect continuous  TENSE  ton passé peut parfaitement continuer et te donner la tension. Beaucoup de courage",1
Ceux qui ne connaissent pas langlais comme 79203495219 vont alors savoir ça comment ?,1
oooooh God,1
Quand on va bien te laver je serais la pour observer,2
Aujourdhui la je suis de bonne humeur,2
Sa me rassure.,1
Hello to all !,1
Viens en IB pour l'assurance.,1
Moi aussi,1
Je veux quon coupe mon assurance en 2,1
Utilises le couteau.,1
Visa travail de 1.7million,1
This message was deleted,1
Visa sportif,1
An,1
"Tout dans le ventre, on mange on danse on boit! Tout tout tout tout dans le ventre",1
Les informations sont gratuites sur internet,1
Cest la partie de 4h du matin qui me dépasse,1
quand on tue on ne raconte pas sa vie,1
Lol,1
Pourquoi ?,1
Pour leur bazard,1
Orrrrrr. Qui fait ça,1
Un prisonnier ambulant,1
Sa c'est un gar du centre,1
Lui même qui parle là ne vient pas travailler,1
"Le jour que je demandais mon visa on était 2 à l'ambassade, 2018 et on a eu nos Visa",1
Oui oui ça a frappé une amie,1
C'est que leur université ne leur a pas renvoyé bro,1
"Nous on était que 2, sans rendezvous on était 2 étudiants et une dame mûre je crois qu'elle venait rendre visite a son fils",1
"Le diplôme est important dans la société, arrêtons le quartier",1
C'est pas dit le contraire,1
J'ai juste dit que c'est pas suffisant.,1
il faut dit ça Joseph Kadji Defosso,1
L'exception n'exclut pas la règle,1
"Bill Gates, Elon Musk, Appel, Google",1
Tu connais leur point commun ?,1
Tous sont les ingénieurs diplômé de grande école,1
L'homme intelligent travaille pour l'homme sage. Regarde bien notre société.,2
La liste est longue,1
Alors tout depend de ton énergie personnel avec ou sans diplomes,1
Très faut c'est le quartier,1
Renseigne toi bien,2
Et c'est ce genre de pensé qui apauvri l'Afrique,1
Ne va pas chercher les exceptions pour faire de cela une règle,1
Regarde le Top 100 des plus riches du monde et leur biographie on en reparlera,1
"Sans l'école il est possible de réussir certe , mais avec l'école et un peu de discipline et dans un pays non hostile c'est un automatisme",1
Non. Je te redis renseigne toi bien. Ne pas confondre du fait que étant déjà riche ils décident de faire des études pour avoir le diplôme tu penses que ils sont devenus riches ayant déjà le diplôme. Et je ne dis pas de ne pas fréquenter. Au contraire je demande d'aller en classe et non à l'école.,2
Ils ont associés leurs intelligence à la sagesse.,1
"Quand on m'appelle maintenant je demande d'abord qui l'a fait venir en Russie, je note sur une liste avant même d'essayer de résoudre le problème",1
Justement la sagesse c'est l'école de la vie et l'intelligence provient de celle des études des bancs.,1
Il a bien précisé l'homme intelligent et non juste sage!,2
Intelligence,1
Tu penses que l'un va sans l'autre ?,1
L'intelligence et la sagesse est un grand allié pour le chemin de la réussite.,1
Je dis souvent eux qui boude l'intelligence,1
Gaius je redis  l'homme intelligent travaille pour l'homme sage. Va vérifier frère.,1
Sont des grands alliées au temps pour moi.,1
L'homme intelligent est aussi Sage généralement,1
Pour être intelligent on a besoin de sagesse,1
Si tu as travaillé vraiment en société tu vas comprendre cela. C'est un fait frère. Commence même par observer auprès de la famille et tu verras.,1
Non. L'homme intelligent n'est pas sage.,1
Pas tous,1
Faux.,1
La sagesse s'obtient à travers les épreuves vécu en société.,1
Ils sont très peu.,1
L'université fait partie de la société,1
IA,1
Je n'ai jamais mis ma signature en bas,1
Je dis niet.,1
president,1
oui oui suis d'accord,1
Oui dans ce contexte précis je suis d'accord avec toi.,1
C'est ce que je dis depuis,1
ah oui oui,1
oui oui je suis d'accord c'est mieux d'avoir que de ne pas avoir...,1
Bien sûre,2
J'ai mal dit boos ?,1
Presi je lève le doigt,1
Biensûr,2
Tous ce que vous aviez dit cest ça,1
Ne me blâmez pas prenez moi comme votre petit frère,1
tu n'as rien à dire?,1
79996751961,1
On a déjà gagné,1
On vous a laissés la dernière fois  This message was edited,1
Demain nous allons encore prouver,1
"On a un retour à MGRI, it  won't be easy for you  chers anciens",1
Eeeeeeeh seigneur,1
"79859749817 jang, je ne t'ai jamais vu en maillot, tu sais seulement raconter les histoires qui te dépassent",1
Il faudra toi même être au stade,1
Appel moi dans les match de handball je vais mouillé le maillot,1
Là ça sera compliqué! L'âge pèse déjà,1
Même dans son voice tu sens le mensonge du début à la fin,1
Ikiii Gidsel a parlé! La star,1
"79013886871 aumoins un BG sera présent, nous l'avons longtemps cherché 79859749817 , regarde sa pp pour confirmer",1
Sa pp là je comprends pas,1
"Joyeux anniversaire, Enyegue Mbamzomo Marguerite !",1
"Joyeux anniversaire, Garlan Abraham!",1
Merci Boss,2
Сейчас штраф за нарушение миграционного режима составляет 40.000 рублей ранее был от 5.000 до 7.000 рублей,1
Oui je connais la loi ci,1
Moscou Douala,1
Le lavage.,1
Faut demander pour l'avoir,1
Abec bro traduction,1
Envoie ta photo on juge,1
Les choses qu'on gère en solo,1
Je viens aussi de recevoir cette information.,1
Toimême tu as envoyé ta photo Anne?,1
C'est à toi je parle ?? Tu aimes trop me chercher les pb,1
J'accepte et mon coeur reste ouvert,1
Mon avocat est arrivé,1
"Aujourd'hui au match je viens faire ma demande officielle de mariage à 79013886871 si tu tente de me barrer devant tout le monde, je vais dire que je blaguais",1
This message was deleted,1
This message was deleted,1
This message was deleted,1
This message was deleted,1
This message was deleted,1
Tu lap hein,1
Tu blagues,1
Bon si elle tente de me barrer elle va voir,2
Au niveau du dernier paragraphe la je comprends pas explique moi bien ça stp donc si quelquun veut go en congés au pays et ce sont déjà les vacances ici sont visa ne sera plus renouveler?,2
"Non là c'est différent, si tu es en vacances et que l'année prochaine tu vas continuer, évidemment tu renouvelle ton visa et tu go en vacances tranquillement. Mais si tu prends les congés académiques академический отпуск, tu seras obligé de quitter le territoire parcequ'on ne va pas te renouveler",1
Anh je vois Cest deux choses différentes,1
Tu appel le renfort .,1
Salut les gars,1
"On sera ensemble, tu vas bien surveiller, si elle tente de faire les choses bizarres qu'onvout souvent là, tu descends sur elle pour me soutenir",2
déjà,1
J'attends de voir son futur mari,1
Reste à savoir si je serai au match,1
"Ne commence même pas les choses là, aujourd'hui je suis décidé",1
Bonjour ici svp qui vend lhuile rouge?,2
elle veut Abena,1
"Tu vas venir, j'ai acheté ton goût",1
Akaaa elle va se contenter de nos gros ventre et nos têtes bien nouarrrrrrrr,2
"on lui a déjà dit que les vrais hommes sont laids, forts et bosseurs! Elle ne comprend pas This message was edited",1
Elle va seulement comprendre,1
C'est une personne qu'il faut faire arrêter.,1
Touriste,1
Elle nest plus en Russie apparemment,1
Bro cest minimum 200k tout frais compris maintenant,1
Elle gère les cheveux noirs seulement?,1
"200k , 250 cest bon",2
Jai suivis un Congossa quel est go en Géorgie,1
МГРИ,1
Quels réseaux ? C'est la frappe,1
Mais ils ne prennent plus les étudiants qui on déjà fait la patfack ailleurs,1
"Je vois merci , si la personne a déjà le master ? Ici et veut reprendre la patfack ils ne prennent pas ?",2
Massaaa  elle va m'expliquer ça,1
"Sais pas , peut être sil dit faculté de cours spécialisé ou quelque chose comme ça",1
Stankin 172000,1
"Merci beaucoup, jai également suggéré ça à ma personne",2
Merci,2
Polytech 190000,1
"À mon arrivé un aîné ma dit et je cite Mon petit, si tu es sages marietoi vite. Le school ne va te bring nulle part",1
Cest ethatique ?,1
Parfois il faut séloigner de ses confrères pour tracer son chemin à sois même.,1
leurs noyaux dion,1
Leurs réalités ne serons pas forcément les nôtres.,1
Oui Université Technologique D'état De Moscou,1
Мы можем предложить вам программу подготовка к поступлению в вуз,1
Un autre grand frère m'avait conseillé de prendre la route pourtant il est avec sa bonne femme blonde ici. Il voulait m'organiser,2
Tellement de méchants,1
Il sais bien quil tenvoie dans le ndem mais sen fiche,2
Je ne vais jamais consommer du poison dans le tapioca. Never,1
Ok,1
Tu l'as?,1
Oui je la,1
tu n'as vraiment besoin des conseils de personne. Les conseils ne marchent pas toujours!,1
"Si tu ne veux pas vite rentrer au pays en venant en Russie, choisis la filière médecine. Comme ça tu peux mm faire 12ans. Tu auras tjr les papiers",1
Réveilletoi! Nous sommes dans la nouvelle Russie,1
"Et? Tant que tu étudies, tes papiers sont là oklm",1
"Au contraire, si quelqu'un vient faire Master, en 2 ans plus 1 an de padfac il a son VNJ au calme",1
On va finir on va rester la sans fréquenter sans rien et on sera à jour!,1
C'est plus court et plus économique,1
Voilà,1
C'est de cette nouvelle Russie dont je parle,1
"On va tjr sortir la loi qui va le chasser. Tu viens fréquenter, fréquente et rentre",1
Lol quand tu Aston VNJ qui va encore te parler de l'école?,1
Les messages du groupe ci me traumatise,1
"Non. Si tu finis lécole, rentre. Ne cherche plus rien. Tu as dis à lambassade au pays quaprès tes études tu allais rentrer développer ton pays. Rentre chez toi",1
tu es bizarre depuis 3 jours. La dépression se manifeste sur plusieurs formes,1
Rentrée faire quoi ma mère? Qu'on a laisser le schéma ou ?,1
je tai dis que je suis objective. Fais ce que tu dois faire et cest tt,1
C'est parce qu'elle comot avec un cheveux noir actuellement,1
Na caterpillar go move me for here,1
Qui va te donner le VNJ? Je dis que la loi va interdire mm ça,1
Fallait dire à lambassade au pays que tu avais tt un schéma ds ta tête .,1
Cest dabord toi le poutine des noirs,1
"on vient de m'expliquer ton problème, d'habitude je discute pas avec les cheveux noirs! Je dois également éviter leurs femmes",1
"Lol je connais plusieurs camers qui ont eu le VNJ en 3 ans avec ce schéma, actu c'est ouvert, et il y'a tjr le diplôme rouge",1
Je sens que toi la tu n'aime pas voir tes frères en paix hein,1
elle est un genre là depuis,1
Jai dis terminé les schémas. Soyez vrai,1
Vas falloir tuer tout notre pays hein parceque c'est dabs le sang,1
"propre frangin, je suis le président de tous les noirs en Russie",1
Ce nest pas vrai.,1
"Elle ne va pas comprendre, laisse là  stp",1
Du moins cest mon point de vue  et non une information formelle,1
This message was deleted,1
Pas besoin,1
"Je te donne linformation formelle, écoute!",1
Euy,1
Le voice,1
Je vois,1
Le travail nest pas bien payé,2
Le stage payant nest pas bien payé,2
Le faux est bien payé,2
Ne parlez pas de ce problème de documentation si vous n avez pas compris la nouvelle philosophie de la fédération de Russie! C'est profond que ce que vous pensez! Un pays comme la Russie ne peut décider de s'ouvrir pour plaire!,1
Même pour les russe le travail nest pas bien payé,2
"La Russie cest pour les russe . Prend tes connaissances tu rentre chez toi , tu vas bien vivre quon nous laisse quil ya le travail. Nous on rentre",2
Mm chez nous cest pas bien payé.,2
Tres profond...,1
Car tu veux le gouvernement,1
Cest un problème. Cest ce genre de pb quil faut soulever aux conférences auxquelles tu participes,1
Reine La Russie est le pays le plus grand du monde contrairement au autres ils natteignent même pas 200 millions mais ce pays peut contenir 3 milliards dhabitants,1
La France est un petit pays et,1
Cest chacun qui sait ce qui est bon pour son corps,2
Tu as tout dit maman,1
L'entrenariat paye si tu le cœur de gérer.,1
Venez enlever les RVPO dans nos passports!!,1
Pour entreprendre il faut une source de revenus de base. Dc il faut dabord travailler,1
Pas toujours sa demande l'intelligence,1
Dc tu penses que tu es à labri avec ça?,1
Moi par exemple je suis lancé presque avec rien du tout.,1
Mm le passeport on retire,1
Voilà,1
Si ça ne te plaît pas rentre chez tous travailler nohr,1
A l'abri ou pas osf! C'est déjà colé là! C'est de ça je parle,1
"Tu as zéro expérience, tu veux 200 mille de salaire?",1
Valsero n'avait pas un passeport russe,1
Et aujourdhui tu es multimillionnaire . On part manger tes millions,1
Et après les russes m'ont mis l'œil raison pour la quelle j'ai préféré me calmer avant de relancer.,1
Pour avoir expérience il faut quon te prend dabord,1
Nn. Cest pas ça le pb. On veut où ça paye mieux,1
La personne qui était en face face de moi à cru en moi,1
Dans le bissness .,1
Qui ta dit que je parlais des zéro expérience? Et mm si? Pkw pas This message was edited,1
"La Russie est bien pour les enfants des bobo , le reste la on jongle et puis on rentre",2
Toujours des affirmations bidons,1
warrr,1
"Quand toimême tu te bloques déjà comme ça, tu espères ten sortir comment?",1
Tout dans le ventre ! On mange on boit on saoule,1
Sur 1000 étudiants qui on finit ici combien travail dans leur domaine étude,2
Question,1
La vie cest un choix. Que puisje faire pour quelquun qui cest déjà quil est venu pour autre chose.,1
Voilà!,1
"Depuis que j'ai réalisé que le vin coûte moins cher ici qu'ailleurs, je ne peux plus manquer de respect à ce pays  si c'était mieux làbas, on sera pas ici! On dort Avec la peur de se réveiller à Nkokmesseng",1
Voilà,1
Entre gratuit,1
79203495219,1
Please if to attend let us know so we can tell the officials how many bilets to make for us,1
Okey,1
Merci pour ces informations dans ce forum !,2
"Vraiment, ça fait plaisir d'écouter des frères Camers et Africain comme ça",1
"Frère quand ils parlent on dit quils se ventes ou quils sont arrogants, ou alors quils veulent montrer quils ont fait le long crayons.",1
Du vrai n'importe quoi.,1
Ikii boss lady est dans la benoire This message was edited,1
noooooo,1
Jai compris leau,1
Je sens comment lennui va te tueur au Cameroun la,1
Grave,1
On peut mentir étant serein comme ça massa? Je suis où depuis le matin ehhh,1
Ça cellule ne souffre de rien mercredi,1
Jai confiance,1
Bon boulot,2
Qu'il service d'exemple,1
Combattre les arnaqueurs ne pas facile.Je pouvais jamais imaginé qu'il on les complices dans ce groupe.Le changement serait très difficile au Cameroun,1
Donc tu as cru que sa allait couler de source mon grand soit fort et patient ce n'est pas un petit combat,1
"Je voulais faire ta demande demande en mariage, mais toi tu as préféré le cheveux noir",1
Euy. Nn nn jai préféré passer du temps avec ma mère aujourdhui,1
"Viens alors, nous se sommes encore au parc à RUDN, ta bague ne souffre de rien",1
Kel parc ? Vous faites quoi laba à 23h?,1
Viens d'abord didon,1
Toi tu lap hein,1
Hmmm,1
Voilà QF et Justine qui nous mettent l'ambiance ici,1
Je passe seulement,1
Voilà un travail que je fesait avec certains amis gendarme qu'on n'a gâter.,1
Quelquun connaît une université de droit qui accepte encore les dépôts de dossier pour la filière и юридический дело ou filière proche du droit ?,1
Ou ville proche,1
Université d'Etat du Sudouest Koursk,1
On cherche les gars.,1
Qui veulent faire du bissness!,1
Moi,1
Si tu étais la on devais bien vendre les billets,2
Nous sommes encore la,1
À 1h??,1
Oui,1
Massa,1
La vie est belle,1
Maama enjoyez,1
Néanmoins si on partage largent laba je viens,1
La prochaine il y aura,1
Et je te tiendrai informé.,1
Daccord,1
On te veut pas.,1
Obligé s'il ya l'argent elle va venir.,1
D'ailleurs il y en aura,1
.never,1
Parions,1
5f j'ai?,1
Voilà,1
Il ne fallait même pas publier avant de les avoir attrapé,1
Hum,1
Mekde,1
Moscou Douala,1
Longue vie à toi Champion,1
Et Moscou il y'a quelques choses ?,1
Kalushkaya Université de finance et Juridique,1
800kolo j'ai besoin du rouble taux Google,1
Tu es riche hein cc je dois passer te voir,1
Il accepte encore ?,1
Si oui Pardon send moi le lien d'instruction Inbox urgent stp,1
Salut à tous.,1
Ça va merci,2
Salut à tous. Sil vous plaît je cherche un appartement 1к квартира ou кватирастудия pas très loin du métro.,1
"My dear friend, what you are searching for is called  A balance sheet or in French Une balance commerciale  dun pays.",2
"Maintenant que j'ai le nom generique du way, je peux facilement rechercher.",1
"Joyeux anniversaire, Eva Ngote!",1
"Joyeux anniversaire, Mboh Ngoma Alain pierre Loïc !",1
Merci Presi,2
Joyeux anniversaire à notre Fleur préférée 79013886871,1
Joyeux anniversaire à toi Eva,1
Joyeux anniversaire à toi loïc.,1
Merciii,2
Merci cc,2
Joyeux anniversaire chérie coco 79013886871,1
Merci mon futur mari,2
Hbd big bocoup de benedictions,1
"Akaaaa je t'ai cherché la dernière fois, j'avais la bague pour faire ma demande officielle, on m'a dit que tu étais avec les cheveux noirs",1
"Bon rappel de naissance mon ennemie préférée 79013886871 , honde positive permanente!",2
Je sais que tu mens mais continue,1
"Ohhhh je dis la vérité, 237652314087 et 79774380461 savent",1
la deuxième est dans un comma depuis là,1
Mieux je ne parle même pas,1
Happy birthday 79013886871,1
Joyeux anniversaire Loïc,1
Merci bro,2
Donc tu veux déjà dire que je ne dis pas la vérité?,1
Ekieeequi ta dit ça,1
Merci my best enemy,2
Quand il y'a déjà la boisson toutes les vérités peuvent sortir de partout,1
Merci QF,2
Les mensonges tu veux dire,1
Donc tu n'étais pas avec les cheveux noirs? Même les géorgiens sont considérés comme les cheveux noirs hein,1
Nn. Jétais avec ma mère. Je te lai dis,1
"D'accord en tout cas, j'ai encore ta bague, je vais attendre une occasion officielle pour te l'offrir devant tout le monde",1
En tout cas 79913266102 j'ai vu ton vrai goût,1
Te voilà tout,1
Ohhhh ne commence pas hein,1
Je te dis,1
"On dirait qu'on n'a pas vu le sien, si elle te tentes, tu me confies son dossier",1
si ce n'est que toi je ne crains rien. J'ai ton dossier nor,1
"Ok mieux on verse tout, moi j'ai moins à perdre que toi",1
Estce qu'elle a même parlé de toi à sa mère?,1
J'ai rien ohh tu sais ça,1
"d'accord, on verra bien",2
"Elle est timide, mais moi j'ai déjà prévu voir sa mère une fois, on bat le fer quand il est encore chaud, on gère tout une fois là là là",1
"Je suis assise comme samedi, j'attends",1
Timide? Hmm,1
Eeeehhhh donc elle fait seulement semblant?  tu veux me dire qu'elle a présenté son vrai goût à sa mère déjà et à moi elle dit qu'elle est timide?,1
Une fille timide qui est invitée sur un plateau pour parler des mères célibataires?,1
Bon pour l'autre là moimême j'ai encore beaucoup de questions  elle va bien m'expliquer l'affaire là,2
Donc chacun son goût alors,1
Ne crois pas qu'on ne connait pas ton goût hein,1
conclusion elle n'est pas timide,1
"Quand tu le verras, salue le  on ne sait jamais eh This message was edited",1
"Mieux de vous, vous avez même les goûts jusqu'à vous tiraillez",1
Merci prési,2
Le boss Loïc,1
Merci Justine,2
Avec quoi frangin ? Merci pour le voeu.,2
Joyeux anniversaire 79013886871 .,1
Merci Nas !,2
C'est quoi le programme ?,1
Jattends un argent là pour sortir,1
ton malgache t enseigne bien,2
Ok,1
Seulement ça la cest la corruption boss,1
Happy birthday,1
Hbd 79013886871  et 79256751294,1
Mercii,2
Merci ooh Presi,2
Nous c'est le mariage on wait pour tchop njoorrr,1
This message was deleted,1
800kolo j'ai besoin du rouble taux Google,1
Moi aussi,1
besoin d'une université d'État ou privée  qui a l'accréditation et la licence à Moscou qui prend encore les étudiants en master,1
Padfac,1
Douala   Moscou,1
"Joyeux anniversaire, Emmanuela!",1
La bêtise,1
Ça montre simplement le degré de misère qu'il y a toujours eu au pays,1
Bjr,1
С 24 по 28 августа поезда не будут ходить от Саларьево до Новомосковской.,1
Pour vous les beau gosse.,1
DEPART imminent CONFIRME,1
This message was deleted,1
Le pays est risqué,1
Tu peux tout abandonner dans la vie mais n'abandonne pas tes efforts pour quitter le Cameroun,1
Donc le pays va se vidé?,1
c'est mal pensée,1
Mieux,1
Merde on te boxe  grave pour 10k ?,1
Très vrai,1
Oui si possible,1
En plus fcfa,1
C'est peut être une comédie organisée,1
peut importe ou tu te trouve dans ce monde tu peux t'en sortir . Retire juste ta pensée salariale et developpe.  Ne cherche pas la richesse ! crée là..,1
This message was deleted,1
Je pense que c'est une comédie bien organisé.,2
Au Cameroun.Quand tu finis de school bro back au Cameroun,1
je suis mem deja,1
Il dit ça sans connaître réellement de quel pays il patle,1
Oui,1
tout le monde a sa realité ..,1
Non,1
la pauvrété est un etat d'esprit,1
je pense aussi,1
Qui a un document qui est déjà prêt et qu'il veut envoyer au Cameroun ?,1
Yes Claudel Noumbissi,1
C'est que c'est grave chef,1
et ceux qui s'en sorte sont sorciers ne defendés pas pas votre position parceque vous étes a l'exterieur,1
"On a atteint le fond, se faire boxer et risquer un traumatisme crânien pour 10 000 XAF",1
Imagine juste une fracture et on doit topérer,1
Je suis au pays actuellement .ça ne va vraiment pas.Au feu rouge les piétons traverse.le feu vert les voitures s'arrête.ce pays peut rendre fou.,1
Assia sa va aller,1
ont commence tous quelque part le plus important c'est de commencer . vous voyéz 10.000 et 5000 mais Eux avec  leurs motivations ils voient 10.000.000 et 5.000.000 fcfa..,1
il faut y croire,1
Toi alors,1
J'abuse comment frère,1
Boss c'est pas un tournoi du quartier regarde bien c'est la FECABOXE qui organise,2
et c'est ça la beauté du pays mon frere.. il faut accepter l'environnement et l'environnement te choisira et tu sera recompenser.. Accepte et tout ira bien,2
Être humble c'est aussi reconnaître que le chemin qu'on prend est plus compliqué que prévu et chercher d'autres approches pour réaliser nos rêves,1
C'était pas la boxe,1
C'est quoi alors ?,1
Le MuTai,1
Donc cest même encore plus chaud on te tape avec les mains et les pieds,1
Oui,1
Optimisme pro max,1
Bro cest ton réveil?,1
Présente ta carte d'enquêteur,1
Même attendre descendre du taxi?,1
vous ne nous payez pas les mégas euinn,1
Ça a un goût alors,1
800kolo au pays je veux le rouble taux Google,1
Ib svp,1
Salut everyone,1
Aéroport flambant neuf de Bafoussam,1
Bonjour la famille svp besoin dune place pour filles urgemment!!! Ib si vous avez,2
DEPART imminent CONFIRME,1
C'est encore la maquette ou c'est déjà réalisé ?,1
Déjà réalisé.  Depuis 2020. C'est juste invisible.,1
Massah,1
fallait pas que ça sorte de ma bouche,1
Tout rêve est permis mais tout rêve n'est pas réalisable.,1
Le schéma,1
Stp Petersbourg,1
Ils ont préféré copier ce qui existait déjà.  C'est beau noor?,1
Oui cest beau,1
Joyeux anniversaire à lun de nos docteurs préférés et aînés jai nommé Mr 79779948458,1
HBD Christian,1
35mil roubles besoin du fcfa taux Google,1
Ib,1
On verra bien,2
Moscou Douala,1
Hbd 79779948458,1
Hbd  compatriote,1
Happy birthday 79779948458,1
J'espère que le jour qu'il ira au Vatican il va également rentrer avec un titre,1
"S'il revient avec un titre du Vatican, on l'accusera de se laisser influencer par l'Église au détriment de la tradition. En revanche, lorsqu'il attribue un titre, on s'attend à ce qu'il reçoive également un titre de l'Église.",1
"La leçon à retenir c'est surtout qu'entre la Religion et la tradition, il n y a pas d' opposition et le Roi Sokoudjou dit quelque chose de très pertinent à la fin Il n y a pas 2 Dieu",1
Le message qu'il fait passer peut être polysémique dépendant de la position de tout un chacun. Il n'honore pas nos cultures en donnant des titres prestigieux à ceux qui combattent et veulent voir nos valeurs s'éteindre depuis des décennies de gré et de force!!!  Nous ne sommes pas obligés de nous faire accepter.,1
Ce que je dis c'est que le Vatican ne lui accordera  au grand jamais en retour un titre même s'il y va vivre pour l'éternité làbas ! C'est d'ailleurs ça le complexe de la peau noire,1
Limportance de lhistoire,1
"Je ne suis pas d'ailleurs contre la diversité religieuse car la nature  en ellemême nous a déjà fait différents!!  Je ne vois à quel niveau c'est mentionné dans ce texte qu'il est rentré avec un quelconque titre! Si on ne peut appliquer la réciprocité, on ne se fera jamais respecté! On a pas besoin d'être approuvé !!!",1
C'est n'est pas qu'au niveau spirituel que ce déséquilibre se vit!!!,1
Tu dis bien que cette photo date de 1975??? C'est surtout quoi ta référence stp?  J'aimerais bien consulter la Source,2
"Ce n'est pas parce que tu accueilles quelqu'un avec le Taro qu'il t'accueillera aussi avec le Taro. Le Vatican est une institution religieuse et ne donne pas de distinctions. D'ailleurs, le Nonce a reçu une distinction de notabilité, c'estàdire en principe serviteur du Chef. Quelle sera ta réaction si le Pape donnait une distinction de serviteur papal au Chef ?  Je ne vois pas d'amalgame. Le titre de notabilité s'octroie à toute personne qui participe au bienêtre et au développement du village, et l'Église catholique joue très bien ce rôle dans ce sens. Il est évident que son Chef reçoit le titre. Cela n'a rien à voir avec la réciprocité.",2
C'est cette photo,1
"Dans toute relation bilatérale, s'il n'y pas  réciprocité, c'est bien évident qu'il y aura un subalterne, C'est très dommage pour nous!!! il faut préciser qu'il s'agit de l'identité des Bamileke et non d'une relation personnelle entre Sa majesté et le fameux nonce apostolique This message was edited",2
C'est toujours le noir qui est gentil!,1
Comme j'ai dit l'interprétation dépend de la position de chacun,1
"Pour nous les autorités traditionnelles, c'est une aberration de grande envergure, je ne sais pas vous",1
"Je comprends ton point de vue, mais j'ai l'impression que tu sembles  être dans une logique de  dépréciation  de  l'Église. Il est important de se rappeler que l'Église a joué un rôle crucial dans l'éducation de nos jeunes, principale source de  d'enseignement très loin devant l État, et qu'elle est le deuxième employeur après l'État. Sa contribution à la société est significative, et il pourrait être utile de considérer ces aspects positifs avant de tirer ton point de vue chef . L'Eglise aura toujours sa place, les chefferies traditionnelles aussi et dans le respect mutuel",1
Je suis très réaliste. La place de l'église n'empêche l'autonomie de l'identité africaine!,1
A méditer,1
"Joyeux anniversaire, Seme Pierre François !",1
Bonsoir par ici...,2
... au passage St Augustin est Africain et bien d'origine Algerienne... et c'est lui l'une des plus grande figure de l'église,2
"Accueillons juste le fait que les chemins sont différents et le Dieu unique et que de chercher à nois diviser... vivons l'unité et l'acceptation, chacun dans le chemin qui le convient et est le sien",1
"Même au Cameroun, il y tellement de différences dans la pratique de la culture qu'il est vain de dire que telle culture est meilleure ou devrait être plus légitime que l'autre",2
Et puis... qu'estce que c'est que la culture si ce n'est le mode de vie des gens... et si la culture est bien cela.. il faut reconnaître à la chrétienté sa contribution à la culture Africaine car beaucoup d'africains se reclament de cette croyance,2
Ça reste en tout un avis cher frère. La spiritualité a bien existé avant le christianisme puisque votre christianisme est né en l'an zéro plusieurs siècles avant l'existence de l'Afrique et de ses cultures This message was edited,2
C'est l' un des plus grands théologiens que l' église ait connu.,1
Tu fais comment pour séparer culture de religion tonton?,1
La religion est un élément fondamental de la culture. Je ne suis pas l'un de ceux qui avalent sans penser d'eux mêmes,1
En plus tu cites la bible qui est née après l'Afrique pour justifier les faits africains . C'est très curieux,1
"Les écrivains de la renaissance qui ont combattu le christianisme, la bible etc  ne sont pas africains . Je veux que cela soit clair This message was edited",1
La question sur la polygamie peut être aussi posé différemment  pourquoi la polygamie devrait être acceptée par tous?,1
"Il est vrai que la spiritualité a des racines anciennes dans de nombreuses cultures, y compris en Afrique. C'est vrai que  les traditions spirituelles ont aussi précédé le christianisme,  Cependant, je pense qu'il est possible de voir le christianisme non pas comme une opposition, mais comme une évolution ou une complémentarité des croyances spirituelles. Chaque tradition a ses propres valeurs et enseignements qui naturellement peuvent avoir des limites. C'est le but même de la diversité tel que le Seigneur a voulu, c'est a dire éviter la dérive du monopole, d'où Ce dialogue entre les différentes croyances peut nous aider à mieux nous comprendre, a voir ses limites a travers l' autre,  et à célébrer la diversité de nos expériences spirituelles.",1
Personne n'a prétendu qu'il doit être accepté par tous car avant le christianisme tous les africains n'étaient pas polygames. En plus là n'est la question. On ne me manipule pas,1
On justifie de la contribution de l'Afrique à l'histoire du salut du monde et même de l'influence de ses valeurs et pratiques ancestrales sur le vecu de la foi... je parle de fait historique...,1
"Si tu m'as bien suivi depuis le début de mon discours, je ne suis pas contre la diversité religieuse, je ne combats d'ailleurs pas le christianisme mais je suis pour l'égalité spirituelle, je défends mon identité à travers ma religion. Je ne me reconnais pas dans ton christianisme c'est pourquoi la mienne doit être considérée au même titre",2
"C'est ton histoire selon ta position frère, vous n'allez pas mener tous les africains à ça !!!! La renaissance n'est pas née en Afrique",1
Tu sembles dire que comme l'Afrique est antérieure à la Bible alors la Bible ou la Chrétienté perd de sa légitimité,1
Je veux dire qu'avant Jésus l'Afrique avait une spiritualité si tu ne comprends pas,1
La culture est une notion dynamique car elle dépendra toujours des peuples qui vivent dans un espace temps et dans un lieu.. et en tant que notion dynamique elle sera toujours par définition sujette à des influences,1
Les seuls noirs jusqu'ici dans votre bible ces barabas et Satan,1
Donc opposer culture et chrétienté c'est juste pas possible car en fait aujourd'hui la chrétienté comme les technologies font partie integrante de la culture,1
Ça reste un avis,1
"C'est toi qui a essayé de le faire, je suis très pragmatique. Je t'ai rappelé que la spiritualité est un élément fondamental de la culture. N'essaie pas de faire les victimes!!! Tu voulais Faire comprendre que la spiritualité des africains c'est la culture ou la tradition. Ne vous foutez pas de moi",1
La religion ou la spiritualité est commune également  que ditesvous enfin?,1
"La culture est transmise, produite  dynamique et inventé dynamique",1
Peutêtre si tu veux que l'on se comprenne... il faut que tu nous definisse la culture africaine comme tu l'entends,1
"Je rappelle que Ce n'est pas seulement l'Afrique qui existait avant l'événement de la Bible ou du christianisme.. l' empire Romain existai, ... Je dirais que l'Empire romain est tombé en partie à cause du fait qu'ils ont refusé d'intégrer les éléments spirituels chrétiens dans le fonctionnement de leur culture. Curieusement, l'Empire est tombé et la tradition chrétienne a pris le relais. Le christianisme est une affaire divine  il serait idiot de ne pas prendre en compte ou de rejeter... Les saintes Écritures sont  une référence entre les spiritualités en cas de doute. Pas seulement pour les chrétiens, même les religions traditionnelles s'inspirent ou bien doivent s'inspirer",2
"La religion n'est pas transmise mais existe depuis des décennies. En plus on Baptise des enfants inconscient à l'église  alors tonton, tu as tué",1
Allez dormir didonc,1
la tradition chrétienne a pris le relais... Fin de citation,1
"le baptême des enfants est considéré comme un signe de l'alliance entre Dieu et son peuple. Ca n a pas commencé avec l Eglise, c'est une veille tradition avant même le christianisme unpeu comme les enfants d'Israël étaient inclus dans l'alliance de Dieu, les enfants sont également accueillis dans la communauté chrétienne.",1
C'est pour cela que je te dis,1
tu veux que je t' enseigne la bible. Lire ne garantit pas la compréhension,1
Les Gars je go nan,1
Je vais beaucoup le réjouir de savoir que t en sais beaucoup et que t'inspire malgré que tu sois très attaché à ta religion traditionnelle,1
La légitimité dépend de la position de chacun. Un peu comme l'homosexualité  c'est légitime pour Celui qui se sent alaise avec,1
La question t'es posée  pourquoi la religion chretienne serait illégitime comme partie integrante de  la culture Africaine ?,1
Donnenous tes éléments de réponse,1
Un exemple... ma dote dans nos cultures se faisait avant avec des boeufs ou autres et maintenant on utilise de l'argent. La dote actuelle est elle illégitime ou non culturelle?,1
Réponse non car la culture est dynamique,1
C'est bien ça qu'il faut comprendre,2
"Je vais te dire une fois de plus que je suis très pragmatique. C'est la spiritualité qui se cache derrière votre bible que je décris sinon comme livre moral, je la recommande.  Moimême je la lis",1
Sinon tu peux continuer à utiliser des pierres ou essayer de vivre par le troc... voyons voir combien de semaines tu vas survivre ?,2
Au nom de ta définition de la culture Africaine,1
"Dynamisme culturel . La tradition ou la culture ne peut rester en arrière quand le monde évolue.  En termes techniques c'est la diachronie, étude temporaire!!!    Si tu penses trop rester naturel ou ancien il faut rentrer au Jourdain ou Jésus a été baptisé baptiser tes enfants  блядь",1
Aujourd'hui vous baptisez avec les plats inoces. Tu as vu ça dans quelle bible,1
Tu commences à comprendre,1
"Tu ne vas rien m'enseigner bro, sérieux!!!",1
Tu vois toi même que tes arguments sur l'antériorité s'effritent d'euxmêmes,1
On peut garder sa culture en suivant l'évolution. C'est bien en langue chinoise que les chinois utilisent le iphone  la langue étant un autre élément fondamental de la culture,2
Au cas où tu ne saurait pas.. la bible existe en les langues locales,1
La n'est pas la question. Tout le monde peut la traduire. Cesse de me distraire,1
"Personne ne refuse, c'est quoi la spiritualité si c est pas la  connexion avec son créateur a travers la  méditation et la prière, ainsi que des valeurs éthiques qui guident les comportements.... Je pense que du point de vue traditionnel il y a des convergences dans la manière de définir la spiritualité, on est sur la même longueur d' onde. Nous pouvons dont dire que la bible est si mystérieuse et sainte, on y retrouve pas seulement les valeurs chrétiennes mais pour tous les  autres religions qui n' a rien a y voir avec la chrétienté This message was edited",1
"Ce n'est pas à cause de la chrétienté que nos langue disparaissent mais bien en cause de l'occidentalisation de nos moeurs,",2
Un endroit où les gens apprennent à lire et écrire en leur dialecte c'est bien à l'eglise... il existe des lecteurs et traducteurs qui se forment pour cela,2
Il doit pouvoir discerner le blanc a la religion chrétienne... C'est ça son problème,1
Ca n'aurait pas été l'eglise qu'on aurait eu un taux d'alphabétisation en langue locale presque nulle et tu le sais,1
l'impérialisme a eu raison de vous. Seul le pauvre africain est toujours prêt à défendre Manu militari la culture des autres au détriment de la sienne mais bon je comprends qu'on a pas la même la vision,2
"Je voulais simplement vous faire comprendre que vous ne pouvez nous forcer a adhérer à ça, vous avez fait votre choix, nous le respectons mais de grâce faites faites pareil en retour. Le vrai peuple africain ne se reconnaît pas dans une religion aussi économique qui a initié la traite négrière, l'esclavage, la colonisation et j'en passe",1
Beaucoup sont capables de parler... mais lire et écrire ...,1
ces gars avec les arguments boiteux.,1
On peut questionner la méthode d'arriver du christianisme en Afrique... comme en Europe  car quand les rois se convertissaient ils oubligeaient le peuple à se convertir ce qui est un vol de leur liberté ..maisnfaut pas confondre l'histoire et ses aléas et le fond de la religion chretienne.,1
"Je vous ai dit quon n'est pas obligé de se faire accepter. La tradition africaine est une tradition caractérisée par l'oralité, on s'en fout de l'écriture. Ce que le blanc écrit pour retenir se transmet chez nous par la parole verbale et demeure. Je répète on s'en fout de l'écriture",1
Dans la culturel Africaine notamment en peuple zulu quand les rois mourraient on les enterrrait avec leurs serviteurs vivants ce qui est un vol de leur vie ... toute histoire a ses parties sombre... le.plus important reste le fond,1
C'est être orgueilleux que de se croire plus saint que les autres...,1
renaissance 16siecles. Les pionniers. Tu ne verras jamais un noir Parmi. Le but étant de combattre les copains blanc versé dans l'hypocrisie et la manipulation religieuse .,1
"Notre histoire est aussi parsemé de trahisons, de guerres, et de bien d'autres choses...",2
"Justement c'est ça le problème, je me retrouve dans la culture chrétienne, même le vécu de ma tradition est en partie dans la culture chrétienne . La chrétienté c'est un héritage Universelle, personne ne peut réclamer la paternité de la chrétienté sauf Dieu. Même chez les juifs où commence la chrétienté, ils avaient leur religion et ils ont rejeté cette chrétienté, au point de crucifier le christ et lancer une chasse contre les chrétiens. Ça ne saurait être la culture d'une quelconque race , ou d'un peuple",1
"Chez vous ceux qui font les vœux de chasteté et de pauvreté sont les plus infidèles et les plus riches .   Le Vatican est l'état le plus riche du monde construit seulement sur 44hectares.  Luc, 6, 41   Pourquoi voistu la paille qui est dans l'œil de ton frère et n'aperçoistu pas la poutre qui est dans ton œil à toi !",1
Les chretiens ne se reclament pas d'une saintete mais la recherchent permannement... par contre tu es celui qui s'appuie sur la faiblesse et l'erreur de l'autre pour l'illegitimiser,1
Chinue Achebe,1
Un peu comme le roi qu'on enterre avec son serviteur .,1
Voilà toute histoire a sa part d'eurreur faite part les humains qui ont fait face à ce contexte... nous devons revenir dans le fond et apprendre à aimer et accueillir l'autre dans ce qu'il vit sans juger ses choix,1
L'Afrique ne peut pas se construire sur des fracture... un socle fracturé est inexploitable comme un sol fracturé par des seismes.... seul l'unité et la miséricorde pourront nous aider...c'est pour cela que je m'oppose contre ta dynamique qui tend plus à diviser qu'a unir,1
L'unité ne veut pas dire l'uniformité,1
"J'aime ma culture, c'est  pas le fanatisme culturel mais mon identité. Ma spiritualité c'est autre chose, c'est la chrétienté, la bible , ma nourriture spirituelle. Le christ mon Chef  était Juif, mais il n' était pas fanatique de la tradition juif , sa spiritualité était autres choses, certains  les juifs te diront qu'il avait trahir la tradition Juif.. This message was edited",1
Tu réclames une recherche que tu ne vas jamais trouver  avec vous on a appris que l'homme peut foirer le derrière de son bro et venir demander pardon au nom de la tolérance bizarrement  Jesus n'a pas toléré ce qu'il a subi a Jérusalem,1
Vous deux là venez vous inscrire dans mon école biblique  vous défendez la bible dans le congossa. Aucune référence biblique comme soutien .,1
"Il a aussi dit , Père père pardonne les car ils ne savent pas ce qu'il font",1
"Estce que tu sais que la religion principale chez les juifs n'est pas le christianisme? Peutêtre c'est une nouvelle information pour toi en Judée la religion principale c'est bien le judaïsme, une croyance bien issue des traditions et cultures ancestrales du peuple juif... Humm vous aimez bien le suivisme",2
"Console toi,",1
"Commencez par convertir les budistes en Asie, ensuite les musulmans  là vous aurez une petite crédibilité",1
"Justement, c'est ce que je dis. le christ était juif mais n'était pas fanatique de la tradition juif ancré dans le judaïsme, il avait une spiritualité plutôt chrétienne si on peut ainsi dire",1
oui quand un perdu est content de trouver une consolation. Aumoins avec nous personne ne va te traiter de traître. Soit libre,0
Pour conclure sa Majesté doit récupérer notre ndop gaspillé  au nonce apostolique,1
Il l'accueilli avec ce qu'il est et s'est laissé accueillir il y a plusieurs années avec ce qu'ils étaient... c'est ca l'unité dans la diversité. C'est peutêtre un chemin que tu peux essayer de faire?!?,1
Si tu me comprends tu vas bien constater que je ne veux pas vous convaincre de penser comme moi mais plutôt de respecter ce que je pense et crois,2
"Il faut dissocier  l'image de l'homme blanc  a la religion chrétienne le Ndop c'est aussi un élément culturel que je me réclame, dont en mon nom le Nonce peut porter, les musulmans, bouddhiste et autres se réclame du Ndop. C'est pas un élément de la religion africaine mais de la culture africaine",1
"il n'a toujours rien compris, le petit apprenti Malin",1
Bnjr,1
Ya til un voyage du cameroun cette semaine,1
Bjr everyone,1
J'ai une personne la fin de ce moi,1
Yess mon philosophe préféré,1
"Bsr, recherche d un studio, pour deux personnefilles et un enfant. Urgent.merci",2
"Bonjour,",2
Même prière,1
Aller toujours en duel,1
On aime l'adrénaline,1
l'affaire si va finir au commissariat,1
Chacun doit préparer sa défense,1
Besoin du CFA,1
Combien?,2
"Si elle est surtout Bafang, il faut prendre ses clashs au sérieux!",1
Raconte nous tout,1
Et faire tres attention,1
Bonjour la famille !,2
Qui est au Cameroun et est libre? This message was edited,1
Nos soeur sont tres dangereuses tres tres,1
Nous avons les mêmes sœurs tip? MDR,1
"Bonjour la famille,",2
Oui noh bro,1
Recommencer bakalav,1
D'accord mais la filière,1
C'est pas seulement les femmes,1
Vous homes Vous faites souvent Pires,1
Il fallait dire chers frères et sœurs,1
Ce n'est pas gobelet le comédien ici?,1
Celui qui chauffe le plus est toujours le mougou,1
Bonjour à tous. Besoin daide sil vous plaît.,2
Apparemment c'est lui,1
Explique toi.,1
"C'est le comédien qui a joué dans ezaboto, il est aux States maintenant apparemment et on on mbinda sa go alors que c'est lui le porteur  This message was edited",1
Va directement au service d'immigration de ta ville et tu demandes les informations. Ils vont te donner car c'est gratuit.,1
Celui qui dépense trop et chauffe trop est toujours le mboutman,1
En passant tu as déclaré tes revenus au pays?,1
Même souankinze j'ai?,1
Tu déclares 00f nor,1
"S'ils veulent qu'ils fassent n'importe quoi, je ne déclare rien du tout, du moins pour le moment, qu'on me refuse l'accès au Cameroun",1
Quelqu'un ici a même déjà déclaré ses revenus au pays?,1
Tu as dabord ?,1
On déclare ce quon a pas ?,1
"Lol je n'ai pas encore, mais un jour j'aurai",1
"Oui même si tu n'as rien, il faut déclarer que tu n'as rien",1
On va mettre lœil sur toi pour rien,1
Lol ah bon hein,2
Hum,1
"L'Etat sait que vous êtes les mbenguistes, donc vous avez l'argent, c'est normal qu'on mette l'oeil sur vous",1
Salut ici,1
sinon c'est vrai. Il ne faut jamais négliger rien de ce qu'une BFG te dit. Sinon ça va te rattraper,1
Tu en sais quelques choses.,1
Mieux je ne dis rien,1
c'est mon ami qui m'a dit,1
ne dis toi rien maman,1
Roubles disponible.    IB,1
молодец,1
Quand je dis à mes amis ici que   la Russie et particulièrement Moscou a les meilleurs métros en Europe ils ne comprennent pas.,2
Une femme qui a 2 boys cest une femme qui a compris la vie,1
Всё с тобой понятно.,1
"Tu ne peux qu'encourager cette bêtise, je vois vraiment que la vie ne t'a pas encore enseignée.",1
"Les deux pouvaient s'entendre pour faire du sale a cette femme, faites très attention.",1
lol. Quand vous encouragez le fait quun homme ait une maîtresse et quaucun homme ne peut être fidèle là vous êtes fière nor. Laissez nous aussi encourager les femmes infidèles,1
Non. Personne ne va faire le sale laba. Elle maîtrise,1
Ca c'est bien!!! Courage a vous,2
N'insistez plus sur nous femmes. Vous garçons vous êtes pires.,1
Ekieu,1
Bref de tous les façons chacun connaît ce qu'il veut et ce qui l'arrange.,1
"Ma chérie saches que vous ne serez jamais au même pied d'égalité avec les hommes, car dans ce cas précis c'est L'homme qui a payer ces meubles et visiblement le loyer, comment permettre d'amener un autre là bas?",1
J'ai dit que c'est une bonne chose ou une bonne idée.,2
Cest pas parceque cest lui qui a payé quil a plus le droit de la tromper quelle.,1
Arrêtez un peu avec les bêtises,1
"En tout si C'etait moi, je ferais le maximum d'efforts de m'entendre avec mon concurrent, et là alors toi la femme tu vas vraiment lire l'heure.",1
Je veux juste te faire comprendre que nous avons pas des mêmes idéologies.,1
Donc que chacun face de sa vie ce qu'il veut,1
Et comme cest pas toi alors,1
"Payer aussi d'abord un appartement et vous meublé, vous faites vivre un homme a l'intérieur et vous verrez son comportement, je suis sûre que que cet homme n'aurait même pas parole là dedans.",1
Dommage!,1
Genre cest une histoire dappartement meublé quoi,1
"Ah oui oui, c'est facile!",1
"C'est Vous qui dites l'argent de L'homme c'est pour la famille et celui de la femme C'est pour elle, mais vous êtes toujours entrain de vouloir des comparaisons genre s'il fait ceci, je fais aussi",1
Donc si c'est la femme qui paye le loyer elle peut tromper son gar?,1
Tu parles maintenant,1
"Oui, il faut payer pour moi, jusqu'à meubler après si tu veux, nyass même avec tout Moscou, je n'ai pas de pb",1
Merci,2
Les ingrats là  tu fais tout ça on te trompe toujours. On prend ton argent pour donner à la femme dehors,1
Daccord. Bonne réponse,2
"Donc ehh, aucune pitié pour les hommes",1
Je t'attend,1
Cest pour ça que je dis que je kiff les femmes infidèles,1
Genre suis fan,1
Si toutes les femmes pouvaient tromper,1
"Oui oui, si dans nyass là, ma part sort aussi dedans en plus, c'est très bien",2
On allait avoir moins de stress,1
"Qu'elle paye d'abord, ce qui est presqu'impossible!",1
"J'ai lu une histoire ehh la go a 2 familles dans 2 pays différents  à la fin elle a disparu, les gars ont seulement appris qu'elle est mariée en Europe",1
Il faut commencer non,1
J'ai applaudi,1
Les éternelles insatisfaits,1
MDR,1
Tu es ignorant,1
Je t'assure.....,1
"Bref ehh, j'ai compris que est la tromperie de la femme qui fait mal",1
Elle était très inspiré.,1
"Après les œuvres écrites,  le féminisme s'arrête dans l'esprit de certaines sinon, elle est ignorée même par la nature! Tu te fais du mal à toimême",1
"Quand c'est un multimilliardaire qui est infidèle, dans ça aucune femme ne tousse!!",1
"Paye même la croisière, tu ne vas jamais pisser debout . Même étant célibataire on vous trompe déjà",1
"Moi aussi, le problème c'est quand elle est infidèle et veut encore se débarrasser de toi",1
métro Domodedovskaya demain besoin de 12 personnes  sortie 1,1
Cest ce que tu crois,1
Oui mais si tu te comportes mal tu veux quoi?,1
Vos actes ont été justifiables. Si tu pouvais également comprendre que l'homme peut tromper pour les mêmes raisons!!! Si seulement tu pouvais!,1
Nooo si elle te trompe et tu la trompe pour la mm raison ya pas de pb,1
"Je dis juste que lorsquune femme trompe, arrêtez de pleurer et digérez",1
Moi je ne trompe jamais car je suis polygame,1
"Ok ds ta polygamie donc, si tes femmes te trompent tu restes tranquille",1
dis à ceux que ça surprend!,1
Si lune de tes femmes a un autre mari dehors reste tranquille aussi,1
"La femme trompe même quand elle dort. Il n'y a rien de surprenant. J'ai dit le plus méchant c'est quand elle trompe et tu découvres, elle veut te quitter",1
Ok,1
Si elle veut te quitter où est le pb?,1
Elle a trouvé mieux ailleurs,1
"Si elle a un mari légal, on va s'entendre",1
Super! Tous les gars doivent réfléchir comme toi hein,2
"Non son mieux c'est moi, elle ne peut pas trouver",1
"en vérité. Si tu veux me tromper, il faut signer les papiers",1
Quand un homme vient avec ta coepouse. Tu assistes au mariage ou pas?,1
Je suis daccord,1
Bref vous serez toujours trompées légalement ou illégalement,1
Pareil pour vous,1
Illégalement,1
Cest ce que tu penses.,1
Et allez répondre devant la loi,1
Je me marie au wat je viens manger ta dote,1
Et je te fais élever les enfants du 3e bureau,1
Qui perd?,1
C'est toi,1
Dc tu étais là?,1
Ça ta réveillé hein,1
Le mussong existe. Ça nous dépasse làbas on rentre au village,1
en tout cas j'annule la dote là,1
Ouiii cest ce quon wait mm,1
Je blague hein je ne suis pas mariée au wat. Viens doter,1
Jamais pour élèver l'enfant du 3e bureau ?,1
non. Je blaguais orrr,1
Trop tard j'ai déjà trouvé une autre,1
Dc tu me trompais déjà. Bon on continue juste ds la réciprocité,2
Bjr chef dit moi cest toi qui avait publié lannonce des kg pour le pays??,1
"Non oh ma'a il faut voir Hansly, il a souvent les kg",1
500kg,1
Il est dans ce groupe?,1
"Je te dis, parfois je mets les mains sur la tête",1
27 Août 46kilo,1
Oui oui 79187024315 tu as les kg pour la demoiselle?,1
Voilà,1
Merci,2
Merci,2
Tonton je técris ib,1
vraiment,1
bonjour la team vous connaissez une  université à Mouscou pour filière Théologie.,2
Google,1
36 kilos disponibles MoscouYaoundé  départ vendredi le 23082024,1
Les billets que la banque refuse 7G SERVICES gère,1
Tu es partout prèsi ?,1
"père j'ai deux téléphones, ce qui se trouve dans ma mains je réponds seulement avec",1
Я люблю халяву This message was edited,1
Les dollars ?,1
Yep,1
Vous prenez largent où même,1
Canari,1
"Beaucoup de gens ne comprennent pas ce qui se passe ici, laisser moi vous expliquer",1
Ne l'écoute pas hein.,1
J'ai déjà dit plusieurs fois ici que L'argent se trouve dans lentreprenariat.,1
Et aussi les gens qui veulent gagner dans la crypto,1
ikiii,1
Toute personne dispose t'elle des aptitudes a etre trader?,1
Je veux gagner s'il te plaît montre moi pardon le froirage va me finir,1
Quand je veux me distraire je fais un tour ici,1
Bonsoir à tous,2
c'est un plaisir de te savoir joyeuse,1
Non.,1
Ok,1
"J'ai un petit qui a 1.800.000 FCFA, il veut le rouble au taux Google si possible.",1
Il faut prendre le contact de Google,1
Нужен актер африканского типажа владеющий французским языком уровень С1С2 на роль французского блогера YouTube канала.,1
Je suis là. Я здесь. I am here,1
"Актер, а не актриса",1
Je suis une go?,1
Elle aimerait bien,2
"Plus tu restes célibataire, plus tu deviens méchant !",1
Sors donc du célibat,1
5f j'ai?,1
Surtout lorsque tas pas enfanté cest plus grave,1
Si tu sais ce que tu veux c'est rien.,1
Les gens si mettent leurs nez partout hein,1
"Entre Novgorod et Oreol, Quelle ville est mieux pour les études svp?",1
Quelle Novgorod ?,1
Orel,1
Veliky,1
Orel a огу,1
МГРИ,1
МГРИ Cest université de Yaoundé 1er  en Russie,1
Tu fumé le jus,1
Ce nest pas discutable,1
"Rudn cest lEnam, lUDM et lEmia melangé alors",1
Bon МГРИ cest la NAZA,2
noo cest Soa,1
Et бгу cest le poulailler de Douala,1
je confirme. Il y a trop de buveurs de bières làbas,1
L ENAM c'est NGIMO,1
RUDN c'est SAO,1
Jespère que tu peux assumer tes propos  on verra bien Samedi les grands buveurs entre МГРИ et RUDN,2
On peut organiser le concours si tu veux bien!,2
Le vent n'a jamais enlevé les fesses de la poule,1
Je prends L'argent où? Tu as un boulot au call center pour moi?,1
Ya le chantier  10.000 la journée 4h00h,1
Cest que toi même tu es làbas,1
Pourquoi je vais me cacher,1
C'est la banque des BRICS  que vous construisez làbas?,1
Suis dépassé,1
79015343149,1
Oui patron,1
Bonjour à tous!,2
Taux mozilla firefox,1
Que faire dans ce cas à lambassade russe à yde ?,1
Nouvelle invitation,1
Rejet sans raison?,1
Cela arrive parfois,1
On donne souvant des raisons ?,1
Il faut regarder si la personne à présenté un справка de l'établissement qui l'invite,1
Non,1
Effectivement!,1
"Oui oui, il a présenter un spravka",1
Viens en Ib si c'est un proche à toi.,1
"Même avec une autre invitation,  il n aura pas le visa.",1
Avant c'était gérable mais maintenant c'est plus possible,1
Intéressant,1
87000 fcfa au pays besoin du rouble   Taux Google,1
600k roubles disponibles besoins du CFA,1
Bonjour j'ai un billet vip de 5000 pour le concert de kérosène ce soir si quelqu'un est intéressé qu'il vienne chercher moi j'ai un empêchement,2
Tu donnes ou tu vends ?,1
Déjà pris,1
Je donne,1
Déjà pris,1
le gombos quon rate comme ça yeush playback,1
En 1 minutes ?,1
La vitesse,1
J'ai deux billets VIP. Quelqu'un en a besoin? C'est gratuit.,1
Déjà pris.,1
en 12 secondes,1
J'ai besoin de 3 billets VIP.,1
On m'a déjà donné merci,2
J'ai dit ça j'ai déjà ne me proposé plus,1
J'ai 3 places vip 100mil seulement pour les filles,1
Déjà pris,1
Mamamiyaa,1
Tout commence ici,1
Je veux le billet VIP,1
10mil,1
tu peux lancer un business avec ça au pays..,1
Oui oui tu peux aussi aller au concert avec ça ici,1
Les gars c'est vrai que je gagne plus quand je vends les billets mais prenez pour 3 000 rub,1
100 000 rub  79774372675  c'est seulement toi qui doit payer l'autre là,1
Même avec 1000 on peut lancé un business,1
Courage a Vous Les boss!!!,1
PAPA j'ai pas encore cette psychologie de depense boss.. les gars du Call center Cryptos c'est leurs niveaux. au  xx labas ils m'ont prouvés ça.. les gens ont l'argent ici dehors hein.. je wanda que le mem  vin qu'on  vend dehors a 10000 rub. quelq'un bye labas a 50.000 RUB.. j'avais moi mal à la tête je suis rentré .. meme quand je travaillais dans ce secteur je ne pouvais pas depenser ainsi. ont dirai qu'il y'a une école de formation pour les depense.... Imagine alors ce soir a cett soirée de kerozen. j'aurai seulement L'AVC . mieux je reste chez moi . et j'assiste a travers vos statuts,1
100k cest la vie dartiste,1
On fait d'abord Quoi avec  les émotions frère?,1
Vous irez voir lartiste en direct,1
Qui suisje pour m'opposer à la volonté de Dieu?,1
Il ya match demain,1
Le koki sans huile c'est le pistache!  Kel match sans après match,1
Tout dans le ventre,1
Biensur quil yaura laprès match,2
soyez transparents amot This message was edited,1
On va pas déballer en public quand même,1
si tu le dis,1
Jusquà elle rit  fort,1
"100k un ticket pour un artiste comme Kérosène et les gars achètent . Yesss !! Aumoins  si la crypto m'a dépassé, le trading va me consoler",1
Bsr quelqu un à un vpn qui passe pour la tv smart ?,1
Pour toi  100k c'est pour quel genre d'artiste ? This message was edited,1
Ça doit sortir de ma que le ndolé est amère?,1
En vrai.,1
This message was deleted,1
1.100000frs disponible au pay,1
Le concert s'est bien passé?,2
490000franc au pays,1
1.5M fcfa besoin du rouble,1
15M fcfa besoin du rouble taux Google,1
C'est le défit ?,1
Vente aux enchères,1
"L'argent que vous avez là, pardon donnez nous le réseau non  si on compte le nbr de millions qui circule dans le groupe ci, on peut construire l'immeuble à Moscou City hein  l'argent là est troooooop",1
Tu aimes trop le désordre,1
Je lance pour alors 20M  taux Google,1
Moi ... Biensûr en FCFA,2
Hun,1
Tu as le rouble ou tu es pauvre ?,1
"Message compris avec succès  tout compte fait, je n'ai plus vraiment envie d'avoir autant d'argent hein",1
répondre à cette question me dépasse moi même !!,1
En fait je compte arrivé laba un jour certe. Mais bon j'ai trouver un travail,2
Et j'ai du mal a convaincre les clients depuis lundi que je suis ici parceque moi même je n'y comprend rien,1
"C'est une agence d'immigration, et il y'a le voyage pour la Russie , et ils disent visa travail",1
Mais nous demandent d'expliquer au clients que c'est un visa visiteur qu'on donne et a leur arrivé a l'aéroport on donne le contrat de travail au client et ils entrent et commencent a travailler puis ils vont eux même se chercher laba,1
J'ai au moins 20clients qui m'ecrivent par jour et j'aimerais mieux l'édifier a ce sujet,1
Voici une arnaque qui se développe.  Visite touriste et contrat de travail à l'arrivée,1
On fait comment même finalement eeeeh,1
Durée de la procédure 5 jours. Ouiiiiiiiiii je respecte,1
Future prisonnier,1
jai confiance,1
La petite amie de Stéphane et d'Alain ci fait trop rire,1
Dépose moi hein,1
Seigneur 15 millions,1
Comment ça la petite amie de Stéphane et d'Alain? Donc elle bâche ?,1
C'est une fille sollicitée. Il faut un budget pour l'épouser et un autre pour surveiller,1
Si toimême tu sors avec une fille et aucun autre gars ne rode autour d'elle il faut partir frère  donc je t'encourage,1
"Le pb n'est pas qu'un autre rode, mais si je dois déjà partager avec le rodeur, là c'est un pb",1
je vais dire koi dans tout ça .,1
Bien charismatiques,2
"Ça aurait pu être toi et moi, mais tu n'aimes pas le bonheur",2
Je naime pas le bonheur cmt?,2
Toimême tu ne vois pas que tu fuis le bonheur depuis? C'est que nous aussi sommes entrain de danser et de festoyer comme le font les autres actuellement au pays,2
YdeMoscou,1
Bonsoir a tous,2
Le presi même même,1
Un presi comme ça ou rien,1
"79774380461  je me suis levé avec une folle envie d'aller prier  à l'église ce matin . J'ai invité la fiancée de Stéphane, elle a refusé de m'accompagner",1
Il t'a dit qu'il n'est plus par rapport bro,1
Il a dit ça quand et où ?,1
Je pause juste la question QF.,1
Insiste,1
On part juste prier nor ekiee? Estce que JSS d'abord par rapport?,1
Ok oooo,1
tu me snobes que tu es déjà riche mamah?,1
Imbécile tu comprends nor,1
Tu m'as écrit ?,1
La vie des stars,1
Tu vis ta best life,1
"Oui dans le groupe, plusieurs fois!   Tu as snobé pourtant tu répondais aux autres",1
toi ou moi?,1
Toi,1
MDR. Tu envoies le sticker je dois répondre quoi?,1
Ma best vie c'est dans ma tête. La vie que j'ai dans ma tête actuellement dépasse celle de Nathalie Nkoa sur Facebook,1
Ikiiii,1
L'influenceur,1
Tu es riche pour ne pas répondre aux stickers?,1
Elle n'aime pas la prière la fille là,1
pour ça tu n'as pas tort,1
Je connais ma chérie jusqu'à,1
Une menace a été détectée même prière papa,1
Je m'excuse beaucoup de vous avoir caché que j'étais jumeau,1
J'ai rien avoir avec ce Monsieur,1
"Ça c'est quand la fête fini, on te montre les vidéos de toi, toimême tu wanda encore sur toi, genre tu ne connaissais pas ce talent en toi  This message was edited",1
Tu en sais quelque chose ?,1
"Toi tu veux trop dire les choses depuis la dernière fois, je sens que tu te retiens trop hein  moi je suis d'abord très timide, donc ce que tu crois avoir vu là, ce n'est pas réel, rien de ce que tu avais vu n'est la réalité",1
J'ai parlé ?? Pourquoi tu veux te justifier ?,1
"Parce je sens que tu veux trop parler, maintenant tu me frustre, chaque fois que je veux commenter, j'ai peur de ce que tu peux dire  pourtant ce n'est même pas vrai hein",1
Tu te reproches de quoi ?,1
"De rien  mais je sais que tu peux convaincre les gens on te crois, en ttk 79774380461 va me défendre",1
Balle perdue sur nous mainon,0
Soldat en danger,1
Je t'assure,1
"elle a trop à dire sur toi, elle me l'a confirmé en PV",1
Blanchiment,1
Le Cameroun est un pilier de la diplomatie en Afrique mais pourquoi notre passeport a une telle faible puissance?,1
"En plus, j'ai souvent eu l'impression que notre gouvernement dans sa politique extérieure cherche plus à impressionner les autres pays de la région au lieu de chercher réellement l'intérêt du peuple camerounais!!!",1
pas faux,1
Tu as bu combien de bière bro?,2
Que bro tsuippps,1
En vrai,1
Tu mens,1
Sa va alors tu peux te défendre toi même nor ?,1
Toute une vie,1
C'est bon à nous,2
On ne peut rien faire sans la nourriture si c'est faut demander à tout les resto et kebab des carrefour et coin de rue de fermer partout dans le monde te vous verrez.,1
okayy,1
Bonjour,2
Salut,1
Donc tu te moques de nous alors ?haston vient suivre ça,1
Il y'a aussi le thé trouve moi ou tu connais là,1
Non patron,1
2 millions de franc disponible au pays besoins du rouble Taux Google,1
Y'a t'il un moteur de recherche ici?,1
Cest tout,1
Hello i need an English tutor to teach English in a language club in Moscow. If interested in,1
Ib,1
pourquoi les photos de grâce se trouve partout,1
?,1
Le caillou que tu lances sur ta sœur comme ça... Yeeeuuuuccchhh a 400 du matin,1
Qui va se négliger,1
"Bjr chers collègues, svp qui peut m'aider avec le nom d' une Université a Moscou qui accepte encore les étudiants de première Année de préférence filières, biologie , biotechnologie, Chimie, biochimie, Biopharmaceutique...",1
RUDN,1
Merci Président,2
Misis,1
"D'accord, спб bao",1
Bsr à tous sil vous ladresse de lambassade du Cameroun,1
C'est sur Yandex nohh boss  посольства Камерун,1
Envoie ladresse,1
Je ne comprends pas le russe,1
Les gens qui demandent st ici ils vont une fois enregistrer,1
Посольство Республики Камерун в Российской Федерации,1
Merci président,2
"Bonjour bonjour, comment allezvous ??",2
Document uniquement,1
okey,1
"Bonjour a tous, besoin de  6 personnes pour un travail de chantier facile.",2
Svp qui a le lien du site de l'ambassade,1
?,1
"Google, Yandex,",1
Massa il ya quoi à lambassade les temps ci? On partage largent laba?,1
Billet retour pour le Cameroun sans plus jamais revenir en fédération de Russie.,1
Quils calent avec,1
Tu peux revenir avec tes propres moyens,1
Nooo mes pieds encore au Cameroun??,1
Le pays là t'a même fait quoi?,1
Et pourtant c'est là bas qu'on va t'enterrer,1
Noo on se marie ici. Le pays là ma manqué le respect après mon bacc,1
Jamais. Cest ds le pays de mon mari,1
Donc ton mari n'est pas Camerounais hein,1
Donc il ne sera pas camerounais,1
Est ce que c'est ce qu'elle a dit ? Elle a juste dit sa s le pays de son mari.,1
Ne baisse pas les bras,1
Merci,2
Solidarité féminine,1
Aujourd'hui documents uniquement,1
Douala  Moscou,1
Gratuit pour tous les membres d'ASECAM,1
ils donnent juste le billet ou ils te mettent dans l'avion euxmêmes?,1
Svp quelquun de vous est dans cette école,1
Voilà le site web,1
"125047, г. Москва, Миусская площадь, д. 9, стр. 1",1
Leur adresse,1
7 499 9788660,1
Leur numéro,1
This message was deleted,1
This message was deleted,1
This message was deleted,1
Humm,1
Lol le bébé a pris le téléphone de maman hein,1
Yes,1
Désolé,0
This message was deleted,1
Very good,1
This message was deleted,1
"Goude, mieux encore l'armée russe  This message was edited",1
Sil vous plaît vue que je ne suis pas sur le territoire actuellement quelquun peut appeler pour un renseignement?,1
Venez voir le mariageuu,1
Mince!!,1
elle a dit aurevoir à sa tante à la veille du mariage This message was edited,1
Oui oui un au revoir très émotionnel  elle a sûrement bien pleuré jusqu'à crier même,2
Ce n'est pas fake,1
Leur ingénieur sont allée au Canada ou bien,2
"Fake ou pas, il faut être parrainé",1
Pardon explique le parrainage là,1
Ça dépend du genre que tu veux,1
"C'est le genre où tu vas d'abord te courber, cambrer avant de recevoir gain de cause",1
Les détails comptent mdr,1
Besoin de 2personnes demain travail entrepôt métro khovrino sortie 1  8h0019h 30   3000p fini payer,1
Quand la bourse tombe on travaille encore?,1
Lol l'argent de la bourse qui ne fait même pas souvent 1 semaine là?,1
50roublejour,1
Mdrrr c'est pour sucer le bonbon?,2
"Il y'a souvent les bonnes bourses là, genre l'argent arrive toimême tu wanda d'abord",2
Si tu as le tapioca chez toi tu achètes de l'eau каждый день,1
besoin de 07 bons travailleurs,2
79013886871 je suis mort de rire tu dis qu'après la formation tu peux back au pays hein  menteuse là  kooo on t'envoie écraser les arachides alors que tu fais cours en ligne hein  je suis mort de rire,0
Dc ma propre vidéo tu as vu avant moi,1
Je suis au sol,1
Ko tu parles le faux russe hein,1
Waaaa la fille ci va me finir,1
mais oui,1
L'étudiante EVA nous parle de sa vie en tant que étudiante étrangère en fédération de Russie,1
les RS c'est comme le marché. Tu sers au client ce qu'il veut,1
Et c'est la vérité hein,1
Ta fiancée connait le schéma,1
Elle ne cesse de me surprendre de jour en jour,1
Bonjour,2
"L'enregistrement est valide jusqu'à la fin de ton contrat avec l'Université généralement jusqu'au 31 août pour la plupart et ça te donne le temps de déposer les dossiers pour le VNJ et quand tu dépose, tu le fais avec l'enregistrement qui est encore valide.",1
Merci,2
Après ton rvpo tu as 7jours pour faire un nouvel enregistrement.,1
7 jours ouvrables.,1
Merci pour linformation,2
Bonjour tout le monde,2
Oui,1
A chaque fois que tu change de Visa tu dois faire un nouvel enregistrement,1
"Va à l'ambassade avec des photocopies, ils vont gérer ça",1
Merci beaucoup.,2
Besoin d'un studio urgent les gar,1
This message was deleted,1
null,1
C'etait quoi on a meme pas vu,1
Le master et le doctorat,1
Cest la meilleure marque en Russie,2
Abon hein,2
"Si c'était alors au Cameroun, elle devait connaître ce que ENEO fait",1
avec la chaleur et les moustiques,1
Ça va aller,1
Bonsoir à tous svp just pour confirmer quelques choses la. Ont me dire que mtnt pour obtenir le VNJ résidence permanence après les études il faut avoir un contrat de travail. Cest vrai sa ??,2
Улица Бахрушина 18 с 1.,1
Merci. Puisque jai un ami Nigérien avk diplome rouge. Il est aller pour postuler et ont lui ai dit sa.,2
"Ahh!  je ne sais quoi dire,  La vraie information s'obtient à la source",1
Merci.,2
Que qui lui ai quoi comment nooorrr?,1
Ont a rejecté sa demande et ont a demandé quil doit avoir un contrat de travail. Ils sont nombreux. Je voulais juste savoir si une personne ici a subit sa aussi.,1
Hummn!,1
Hum 2,1
Comment on peut rejecter son dossier. Ils dérangent ces gens là,1
Les loi changent tout les jours dans c pays,1
Ah ok,1
Il faut donc chercher le contrat de travail,1
Cest facile?? Commençons a rentrer chez nous,1
Pourquoi?,1
Tu vas trouver contrat de travail ou ?? Comme call center ne donne pas contrat,1
"Le contrat de l'armée par exemple, c'est pas un travail?",1
Tu cherches le travail du bureau ou bien tu cherches le travail?,2
"C'est qu'il a peutêtre mal interprété, parce qu'avec un diplôme rouge tu n'as pas besoin d'avoir un contrat de travail. Le simple diplôme rouge est déjà un Основание je sais de quoi je parles. Il devra seulement avoir un compte bancaire avec des fonds nécessaires prouvant qu'il peut se prendre en charge pendant toute la durée de la procédure, c'est en remplacement du spravka НДФЛ qui concerne ceux qui ont un travail officiel avec un certain revenu prouvé par ce spravka.",1
Hum,1
Il a un compte bancaire avk les fonds. Cest un Nigérien hein .,1
Les nigériens ont les dos ?,1
Blague .,1
"Maintenant il faut comprendre certains paramètres aussi, sinon il a le droit de déposer pour le VNJ sans contrat de travail s'il a son diplôme rouge dans une Université accréditée",1
Je ne savais pas. Peutêtre que depuis larrivée de Tsiani au pouvoir les choses ont changé,1
Il est scammer?,1
Sechenov university. Premier université médicale de Moscou Russie même,1
Non,1
L'immigration vérifie surtout la provenance de ton argent car tu peux toujours prêter pour après remettre,1
Donc on a même le diplôme rouge en médecine?,1
Non il a travaillé à Yandex durant cest études ici.,1
"Lol ils ne vérifient pas ça  il faut seulement que l'argent soit disponible pendant la procédure, c'est juste le travail de la banque qui est nécessaire",1
Làbas c'est avec contrat je suppose,1
Combien environ stp ?,2
donc si tu prêtes ça peut passer,1
"Oui oui, beaucoup ont fait ça",1
Oui. Mais il demande contrat de sont domaine détude.,1
mieux on lui demande de rentrer,1
J'ai bien dit que la meilleure information c'est à la source. Chacun va dire sa part! Un autre dans diaspocam disait le contraire de ce message.,2
"C'est l'équivalence de 4 salaires minimum de la ville dans laquelle tu es. Si c'est pour Moscou tu cherches le salaire minimum, tu fais fois 4 et tu dois avoir cette somme dans ton compte pendant ces 4 mois où ils vont gérer ton dossier.",1
Je pense la seule solution mtnt cest dépouser les babushka hein . Cest vraiment grave. Qui veut back au bled  This message was edited,1
Bonne chance peupah,2
Merci frère,2
et si tu veux manger le shawarma?,1
Il faut juste une somme a mettre dans le вклад de ta carte bancaire si tu es étudiant et un contrat de travail dans le cas contraire.,1
Vous ne comprenez pas tjr. Ont na demandé un contrat de travail à chaqun deux,1
Il ont bien largent dans le compte,2
Hummm dans ce grp il y'a des personnes qui ont eu le VNJ avec diplôme rouge sans contrat de travail,1
Cétait avant nor,1
Sa date depuis quand?,1
J'en connais qui ont eu ça ça fait environ 2 mois. Avant là c'est quand?,1
Voilà. Il a fait la semaine passé,1
Et tu penses que la lois a changé sur l'obtention du VNJ avec diplôme rouge? Lol dans ce sens rien n'a changé.,1
Même une amie Indienne ma dit sa aussi,1
Ok,1
"En tout cas, ok, moi je t'ai dit ce que je connais frère, le reste là, il faut alors qu'ils cherchent le contrat de travail",1
. Jai déjà ma babushka tranquille,1
"Il faut me trouver même 3 ou 4 personnes, chacun prévoit même 50k j'analyse leurs dossiers et je leur dit comment faire jusqu'à l'obtention du VNJ",1
Je confirme. Depuis juin dernier,1
Il faut contrat de travail,1
This message was deleted,1
Jny étais juste il y'a deux semaines.,1
En master,1
Ils n'ont qu'a aller avec le лицензию et свидетельство des deux universités,1
"Si c'est la même Université où ils ont obtenus le diplôme et sont inscrits, c'est bon!",2
Les inscriptions sur les listes électorales se terminent aujourdhui à lambassade à 14h00,1
"Salut a Tous, svp qui a quelqu'un qui arrive ici sur moscou ces jours ci, car j'ai un colis a faire monter urgemment! Bien vouloir me ib si disponible.",2
Slt everyone,1
Lundi 16,1
ok,1
Plutôt encore ca sera mieux,1
Leur cas est vraiment exceptionnel bro,1
Жаль!!,1
Le problème ne se trouve pas au niveau de l'argent qu'il y a dans le compte. Il faut un spravka qui le prouve.,1
Qu'il ne fasse donc plus et qu'il cherche un contrat de travail.  Tu maîtrises.,1
Jai mangé ça une fois. Le jour même où javais décidé de ne plus mettre mes pieds au poulailler.,1
les filles de la fac science  elles nont pas honte elles salignent aussi là ba,1
Vraiment ! Des conneries.,1
Tu parles de ce que tu connais papa? La galère du pays n'a pas de faculté ni de filière !! Même les aînés qui surveillent les examens à Ngoa mangent làbas...,1
La populace c'est la  populace,1
Bonsoir au bureau dasecam veuillez sil vous plaît morienter je veux bien remplir mes caisses. Cest important pour moi dêtre un membre actif.,2
Bonsoir besoin d'une chambre...,2
Besoin d' une fille actuellement  pour le мойка dans un restaurant,1
Bonsoir,2
Le cassier Judicaire doit passer par l'ambassade de Russie pour le RVPO?,1
Travail pour étudiant,1
"Je ne connais pas  je vois la photo pour la première fois pourtant , jai fait luniversité de douala",1
tu étais slment au campus de Pk 19?,1
"Nope frère ange Rafael même , et javais bien cours au campus du haut",2
"douala le rang des filles était très court ,",1
Mon frère tu as raté,1
meilleur comment ?,2
"Le jour du bobolos haricots les gens venaient avec les  bols pour emporter , cétait trop bon",2
"Mon ami Franck ne ma jamais parlé de ça hein, pourtant il était mon délégué This message was edited",1
assia,1
si je réponds à ça les gars là vont croire que j'ai un truc contre eux,1
Merci,2
Besoin urgent d'une chambre,1
Pour une personne uniquement,1
Je prenais toujours 2 mais pour nous a Yaoundé on emballait ce qui fait que tu pouvais emporter,1
100  2  200 XAF,1
Tres agressifs,1
Bonjour à tous et bon dimanche,2
Massah,1
On ne pouvait pas commander plus de 2 bro,1
assia,1
Dis nous dabord où tu as pris ça,1
Mal mauvais,0
"Le rang commençait à se former, 3h avant le service",1
Massa,1
Bonjour à tous,2
Seigneur donne aussi pour moi largent.,1
Si vous connaissez un étudiant qui a eu la bourse pour master en anglais a HSE et est intéressé par un autre bourse MasterPHD dans la même université demande lui de le contacter.,1
Douala   Moscou,1
"МВД России. Иностранные граждане, прибывшие на территорию России на срок более 90 дней, подлежат медицинскому освидетельствованию, а также обязательной государственной дактилоскопической регистрации и фотографированию в течение 90 дней со дня въезда в Россию.",1
Bonjour à tous Connaissez vous quelqu'un qui peut m'aider à trouver un logement quelqu'un qui joue le rôle d'agent immobilier si oui j'en ai besoin,2
Bonjour,2
Cest cher,1
C'est marqué transféré la sœur,1
Je sais,1
Transfere aussi ça à la personne,1
Quand quelque est trop pour moi je fais vu et ignoré,1
Pour toi,1
C'est bien écrit,2
Jai lu,1
Ça me rassure,1
DoualaMoscou le 12Septembre 150kilo disponible documents et autres aussi.23kilo jolie prix,1
6 September Moscou DoualaYaounde 46kilo document et autres gadgets,1
Hansly tu fais le trafic des kilos? si cest pas 500kg cest 150,1
Je suis dépassé,1
Départ4Septembre,1
descends sur elle très vite,1
"Please sir I have 500,000frs to come with how do I send to you so I collect in Rubles when I'm there",1
500k disponible au pays. Besoin du rouble,1
Y'a les très bon taux chez 7G SERVICES les temps si faut tester,2
Taux Google,1
Il rest 300k frs cfa,1
Bonsoir,2
Please is The RVPO is only for 6 months ?,1
6 months after graduation.,1
Une personne en очнозаочно peutil faire aussi cela ?,1
Non,1
Il peut avoir quelle possibilité pour en avoir ?,1
Fait очная,1
"Fréquenter en очно en dehors de ça, aucune autre possibilité. C'est un programme précisément pour les étudiants réguliers des universités d'État accrédités à trmps plein This message was edited",1
Merci beaucoup,2
Bonsoir j'ai lu une annonce ici de quelqu'un qui fait les enregistrements c'est toujours valide?,2
Mais le gars est vraiment talentueux hein,1
Au lieux que les gars laident à se régulariser ils lont négligé.,1
"Les russes aussi sont très durs, estce que c'est tout le monde qu'on doit déporter même sans papiers??",1
Je te dis,1
"Dis lui non , quils essayent de faire revenir leur talent",1
Ce sont les sorciers,1
J'étais en réunion avec la chargé culturel de l'ambassade Samedi à cause de ça le mal est plus entré,1
Les gars ont débloqué un autre niveau,1
Bonsoir à tous. Il y a une possibilité de régulariser ceux qui dont les visas expirent bientôt et ceux dont les visas ont déjà expiré.,2
"Y'a même le numéro et l'adresse ou leur trouver, comme quoi, il ne se cache plus",1
Merde c'est lancé après quand on va vicer ça sera les innocents qui paieront,1
RUDN ?,1
Non.,1
Apparemment c'est bloqué,1
Svp il ya un étudiant de МФЮА ici ??,1
Oui la plupart cest le 31 août . Jai remarqué ça aussi,1
Eeeeeeeeh zambe,1
"Aide soignant, garde malades",1
"Que Dieu garde les camerounais . massa, tchequage la",1
Il veut un deuxième tchèquage sinon il y a toutes les informations sur internet,1
Massah,1
Ce n'est pas spoil ?,1
"C'est surtout la chasse aux sans papiers de maintenant qui m'inquiète. Tout le reste est gérable, tu peux bien entrer, trouver une place pour loger et un petit job mais à tout moment tu peux être interpellé!! Inquiétant This message was edited",2
"Je parle surtout de l'après un mois, si tu es à jour peu importe la nature du visa tu peux travailler mais après un mois il sera sans papiers",1
Justement je le lui ai dis et il tremble même pour cela.,1
"À lui de voir, tu ne peux que le mettre devant la situation telle qu'elle se présente, il va se décider de luimême puisqu'il s'agit de sa vie. That's  my point!!!",1
Внуково ne passe plus,1
Les Russes connaissent déjà le schéma,1
Ekieee maintenant c'est lequel qui passe encore?,1
"Oui, mais dans le cas où il décide tout de même de monter, il y'a quelqu'un ici qui pourrait lui trouver une place où mettre la tête?",1
C'est celui qui est devant toi a l'aéroport qui décide si tu entré ou non,1
Oui,1
L'agent de l'immigration,1
"En ttk si le gars décide, je vais l'orienter chez toi ma chérie.",1
En fait c'est vrai,1
Ta fiancée fait dans tsou,1
"On renvoie aussi les boursiers à l'aéroport, ekie?eux ils ont do quoi maintenant?",1
Ils ont eu la fausse bourse,1
"Je confirme, la fille ci est à tout les niveaux je wanda seulement",1
Logement visa enregistrement transfert dargent,1
Bourse russe  étudiant concentré ou pas mais déprimé,0
Mieux il reste au pays si non l'arrêt cardiaque peut le choua comme ca This message was edited,1
Estce que c'est au pays qu'il va même échapper à ça?,1
Tu nentrais pas direct. Je suis venue par Turkish  à vnukovo on ma contrôlé  This message was edited,1
"Si tu veux travailler avec la bourse des Russes, soit tu as eu trop d'épreuves dans ta vie, soit tu n'as plus peur de ce qui peut t'arriver",1
En fait. Je préfère venir en mbeng et être sans papiers que de rester au pays là,1
Oui nohh surtout les boursier que l'état Russe donne là,1
"Quand on voit un peut que ta tête n'est pas ça et que tu n'aimes pas l'école là, ou que tu n'as pas assez d'oseille sur toi",1
Visa Touristique,1
Ahn,1
"Entretemps, même étant marié ici je vais rester boursier. Il faut bien étudier le schéma avant tout",2
Daccord,1
Ne lenvoie pas chez moi sil na pas dargent pardon,1
Si c'est dans le mbeng où on ne peut pas te renvoyer du jour au lendemain c'est que ça va.   Personne n'a sa place assurée car c'est quand tu penses que tu n'es plus en danger que t'es en danger,1
Je préfère venir avant quon me renvoie,1
là c'est la technique de la terre brûlée,1
"Lol il doit prévoir combien? Il m'a dit qu'il est entrain de chercher l'argent et en fonction des résultats il va décider s'il va venir ou pas, je lui ai dit de se préparer dans tous les cas, parce que le pays ci ce n'est pas le voir bébé",2
Façon jai la rage du pays,1
Ple pays là t'a même fait quoi?,1
"moi aussi, mieux on mange notre manka ici",1
Il a raison. Moi lui je viens et je menfou de ce qui va suivre,1
Laisse seulement,1
C'est un bon pays làbas  il ya tout,2
Il y a un tip que l'immigration a renvoyé à cause de la réservation non payante,1
Hein??,1
Papa il a la motivation 5.0,1
"Il cherche un moyen d'arriver dans le Schengen, c'est son but, on lui a dit que la Russie était la porte ouverte, quand je l'entends, je comprends qu'il a tout misé dessus",1
Estce que c'est Шереметьево qui est facile?,1
J'ai passé 8h avant de sortir de la,1
"Moi j'en avais fait plus en 2016. Mon avion avait atterri à 7h, je suis sorti de là à 19h",1
Minceuuuu,1
Et tu étais en règle nes pas ?,1
Même période j'étais sortie à 16 heures  seigneur,1
Vraiment,1
"Oui oui, je n'avais aucun pb, on avait rapatrié beaucoup d'autres, les Maliens, sénégalais et togolais",1
Toi mm tu ne vois pas que le nom de laéroport là est dabord compliqué ??,1
chaque jour les russes me demandent d'être sincère et de leur dire si je souhaiterais vivre ici après les études. Ça c'est une vérité qu'il faut dire juste quand ton avocat est présent,1
warrrr,1
Je suis sorti tranquillement sans pb .et suis resté 3 heurs de temps à l'aéroport à cause de mon tchèqueur .,1
L'histoire la fait rire en vrai.,1
Dc chacun ici a son tchèqueur hein,1
Tu joues,1
Et les gens mm qui ont été chèqué chequent aussi,1
"Ils ne savent pas que si le fameux métro MoscouBerlin existait vraiment, c'est qu'on avait payé nos 57 roubles depuis",1
"Si on vérifie bien, les tchequeurs et les tchèqués sont ici dans le grp au calme hein",2
Ce drôle mais cest pas cool,1
Après mon tchèqueur j'ai été retchequer par une sœur qui m'a mentir depuis le pays. Le pays en disant qu'elle a les papiers . A ma grande surprise on prend mon passeport et enregistrement on confisque en disant qu'on me protège qu'il ya trop les voleurs de documents à l'université. Dja c'était le fé,1
"Les gens qu'on tchèque sont les Bads futurs tchèqueurs, la loi de Moïse . On ne perd pas dans le bénéfice",1
Les gars ont les schémas ici dehors,1
werrrr,1
Massa,1
"plus on te frappe plus tu peux éviter d'être frappé, tu as perdu en argent et gagné en expérience... Yakoooooooo",0
Vous pouvez imaginer la suite,1
Celui là mérite d'avoir été tchéqué,1
"il a la pension à payer, qu'il essaie de ndem",1
Le mal est profond,1
"En vrai. Mais honnêtement sans vous mentir sa peut donner l,AVC.",1
Jétais à Внуково aujourdhui je crois lavoir vu aujourdhui si cest lui cest que cest grave hein,1
Stp envoie unpeu les vidéos des gars quon chicottent là,1
Je lance un jeu.,1
Demande aux types là de laisser,1
Quil garde son argent,1
Quil vienne pas ici,1
Non quil laisse les 1 millions quil va garder la il va faire autre chose avec,1
Lui même est devenu tchèqueur,1
Toi tu n'organises plus jamais les élections ?,1
J'avais écrit on m'a demandé si je veux déjà fuire,1
La question est lancée vous avez 2 min pour repondre.,1
Le chrono est lancé,1
"Abel et Caïn, Jacob et Ésaü, les deux frères de la parabole du fils prodigue en saint Luc",1
Joublie les noms des 2 frères là,1
Chrono finit,1
"Ruben, Siméon , Lévi, Juda, Issachar, Zabulon, Dan, Nephtali, Gad, Aser",1
Le médecin après la mort,0
Le chrono était déjà finis,1
Regarde bien l'heure,2
Sa se sont les qui que tu as cités ?,1
2154,1
Nn. Cest à 56 aussi.,1
Obliger,1
Après on partage 5050?,1
"Ruben, Siméon, Lévi, Juda, zabulon, dan, naphtali, gad, issaachar, aser",1
Sans pb,1
Lheure,1
Tu connais les frères de Joseph ??,1
Oui norrr,1
Tu connais les noms des douze tribus d'Israël ?,1
Oui,1
Jai fais la cathechese,1
Les noms de 11 tribus sont les noms de ses frères,1
STOP CHRONO QUESTION DE TEMPS,1
Toi tu connais celui qui a donner le dernier coup de fouet à jesus??,1
Ikiiii,1
Mieux tu disais 5min hein grand,1
"Tu as fait, mais le noms des frères de Joseph t'a dépassé",1
Cest moi qui répond en premier,1
Ekier,1
Le grand ci tu aime seulement les femmes ?,1
Envoie à 79013378534,1
Massah,1
J'ai répondu a la question,1
79013886871,1
Elle n'a pas répondu à la question. Tu as même bien écouté le voice?,2
Je me moque seulement est ce que jai dis quelque part quelle a répondue?,1
2em question,1
Les gars c'est vrai oooh... J'ai reçu.,1
Jack cest pas un enfant,1
Jtp,1
La prochaine fois je vais perdre,1
Ismaelites,1
Aux ismaelites pour 20 cycles,1
ismaélites a 20 cycles dargent This message was edited,1
Ismaélites a 20cycles dargent,1
Ismaélites a 20cycles dargent,1
Ismaélites a 20cycles dargent,1
Ismaélites a 20cycles dargent,1
Top chrono question de temps hein,1
Heureusement que tu sais,1
J'envoi a qui ?,1
A Anne,1
J'envoie a qui ?,1
Mais c'est le même montant,1
79015343149,1
Tu pleures trop le jeu,1
Vraiment.,1
Merci,2
À moi même,1
Moi même j'ai besoin d'argent,1
Tu dois choisir quelqu'un sorry c'est ca le but du jeux,1
Tu veux trop pleurer,1
Quon menvoie alors je pleures plus,1
Faut pas pleurer stp,1
Envoie à 79013378534,1
Tu pleures trop,1
79653368333,1
Je tai fais quoi??,1
Il faut être fairplay,1
Solidarité féminine,1
79013886871 viens aussi on fait lasso,1
je veux jouer je n'étais pas connecté,1
Viens on fait lasso,1
Cest quel rire ça ?,1
Toi tu n'as meme pas joué,1
Je me pose la même question,1
Je viens darriver,1
La fille ci a mon mal,1
79653368333 je tai fais quoi grand??,1
il faut être fairplay ehh,1
Et quand on ne connait pas on ne fait pas genre,1
Le jeu continuera plus tard,1
Tu pleures toujours ??,1
Je te demande pardon,1
Si tu es d'accord passe ta commande,1
Commande de?,1
Bonjour à tous,2
800k au pays besoin du roubles taux Google This message was edited,1
Bjr il ya une compatriote qui a besoin du contact de quelqu'un qui aide dans la procédure de déportation. Celui que je connais qui gère souvent ça Bruno est indisponible. Si vous avez un contact merci d'envoyer.,2
Dit lui de ne pas venir c'est clair,1
la Russie que nous avons vécu les gars d'ici peuvent te prouver que tu n'as jamais été avec les histoires si et les gar gagne dans leurs discours,1
"Salut a Tous, s'il vous plaît je voudrais l'adresse où on etablir les cartes sociales, pas celle de Беляево. Le point central",1
Mieux il reste au pays. Il prend l'argent du billet et tourne le business avec. Mieux,1
Ça se fait en ligne mon type,1
Le 237 nor  massa,1
J'attends seulement la fin de ce film,1
DoualaMoscou  demain 18kilo disponible,1
Quand la messe dépasse le prêtre,1
"Si le président de la fecafoot se déplace pour faire de la campagne politique, les politiciens en retour peuvent s'ingérer dans ses fonctions!! Sa Majesté Mouelle est le seul Boss.",1
Hello Is there anyone travelling this from the 6th or next week from Cameroon to Russia ?,1
15,1
"Очень поздно, хочу пораньше есть еще варианты?",1
"У меня другого нет, жаль",1
Voilà le frère d'hier.,1
"Déconseillé le stp, voir décourage le même si possible, il ne sais pas où il va",1
Mon frère on ne conseil pas quelqu'un dans ce genre de situation,1
"Laisse le venir,  parfois on demande des conseils juste pour le sondage des idées",1
En vrai,1
Si tu as le réseau faut le brancher.,1
Le réseau de l'armée?,1
Oui,1
"Humm s'il go mourir làbas, je vais culpabiliser.",1
Sa va alors,1
On n'a PAS besoin de réseau pour entrer. Dis lui de taper sur Google. C'est partout làbas. Il entre de luimême,1
"Oui oui je vais le lui dire, il pourra prendre luimême la décision",1
Apong братан,1
envoie moi tes documents j'envoie à yde pour la nomination,1
15 personnes son back,1
Vko,1
La rue,1
Aujourd'hui?,1
Ok,1
En  vrai,1
Intéressé ib,1
Moi j'ai des poupées qui chantent les sons beti.,1
Touristique ?,1
Oui,1
Il faut leur dire de passer maintenant par Жуковский,1
Bientôt on va aussi bloquer làbas.,2
C'est pour ceux qui cherche les couloirs noooor,1
Titulaire 20 ans,1
Tu es un pédiatre hein frère,1
soit posé,1
"gar me fait pas rire  tu es dans les choses la,?",1
"Si Eto'o avec tout son nom et son argent peut devenir sardinard, qui suisje moi?",1
Cest vous qui dites que létat est debout ein,1
Lancement des bourses open doors a partir de demain vous pouvez visiter le site.Innovation de cette année est le fait qu'il vont aussi donner les bourses niveau BAC.,1
C'est pour la Russie ?,1
Oui,1
Notre jeux quizz 500 a ton ami continu,1
cest quel jeu ça,1
"Les vrai jeu, non ! Enfin un defi difficile",1
79015343149 a souvent le réseau des bâtons de manioc,1
Enfin il va gagné. Reveille le,1
D'accord,1
Moi même,1
This message was deleted,1
This message was deleted,1
Slt everyone,1
Les coupables serviront des leçons a mon sens pour au moins dissuader les autres.,1
Ce phénomène prend trop d'ampleur,1
Prési c est comme si tu étais entrain de prêcher dans le désert s'il faut faire un truc ce sont les contres publicité et s'attaquer directement a ses pseudo agences par tous les moyens possibles ou encore cibler les gens qui viennent récupérer les personnes qui ont été tchequés beaucoup d'université refusent déjà les camerounais a cause des très pareils on ne pourra même plus aider les gens qui sont dans le besoin a cause des trucs comme ça,1
Jusqu'à promettre de lui faire passer la frontière,1
Waiting for this message,1
Les agences au pays qui font dans xa doivent être fermées,1
Waiting for this message,1
Waiting for this message,1
Les gens tchequés doivent d'abord se décider à dénoncer,1
Tu as déjà vu un bandit qui dit qu'il vole??,1
Je parle de ceux qui se sont fait tchéquer,1
Ils doivent dénoncer. C'est par là que ça doit commencer,1
Qui est son tchèqueur?,1
Le père là veut seulement traverser. Il ne ressemble pas à quelqu'un qui est conscient de la situation dans laquelle il est,1
Demande lui de retourner au pays tu ne peux rien pour lui prési,1
"Tu ne fais pas toi traverser oh, dis le lui",1
C'est ce qu'il faut savoir avant de faire quoi que ce soit pour le moment. Car vous ne connaissez pas le entre lui et son tchèqueur.,1
Waiting for this message,1
Le dil,1
Voilà comme ça il sera le seul maître de ces décisions,1
Il rentre lorsquil sait la où il sort?  man le pays la ?,1
La solution pourrait aussi être d'écrire à l'ambassade pour demander d'arrêter d'octroyer des visas touristiques aux Camerounais.,1
Waiting for this message,1
Waiting for this message,1
Waiting for this message,1
La responsabilité morale pèse 10000tones et le prési a a peine 78kg toi même faut voir,1
Le train des militaires oui,1
Waiting for this message,1
"Ce ne sera pas chose évidente, car il y en a qui viennent vraiment pour le tourisme, et certains font venir leurs parents ainsi",1
Waiting for this message,1
Ça les amènera à faire un contrôle plus stricte.,1
Waiting for this message,1
Waiting for this message,1
Waiting for this message,1
Waiting for this message,1
Tu crois qu'il ya pas des complices à l'ambassade ?? La plupart des agences là payent pour qu'on donne le visa tourisme,1
"On bloque d'abord tout, et ensuite on réfléchit.",1
Donc tu veux que tout ça continue??,1
"Les russes ne sont pas bêtes ils savent très bien que ces gens ne viennent pas pour du tourisme, ils sont bien renseignés",2
"Je ne veux pas, juste que s'il ya des complices à l'intérieur de l'ambassade le système ne peut pas être bloqué aussi facilement",1
Voilà,1
Moi je suis très daccord cava les amener à être plus vigilant avant doctroyer un visa touriste,1
Quel train?,1
C'est pour cette raison que le contrôle est plus stricte à l'aéroport,1
Les gars de Biélorussie veulent venir en Russie hein pour un rappel,1
"J'ai demandé à interviewer tous ceux qui ont été arnaqués pour médiatiser ce fléau au niveau du Cameroun, il n y a jamais eu de suite.",1
Hummm. Jusqu'à gérer tout depuis la pays. Ça veut dire qu'ils ne sont pas à leur premier forfait,1
À croire que tout le monde souhaite que ça continu.,1
Cest comme si tu conseilles un bozayeur au Niger,1
Des militaires,1
Il y'a les voyage de Moscou pour Minsk en train,1
Le sujet est sérieux gars,1
Voilà le gar est informé plus que nous This message was edited,1
Sans visa Biélorusse?,1
Si ceux qui ont été arnaqués là ne veulent pas dénoncer on doit forcer,1
Vous blaguez,1
Ils ne  peuvent pas facilement bloquer parce il ya des vrais touristes. Et non les bozayeurs.,1
Et ils connaissent même les bozayeurs ehh,1
Jai bien été explicite dans mon voice,2
Justement je sais de quoi je parle juste que,1
Le problème n'est pas s'il fait le visa ou pas mais s'il existe des train qui font se trajet,1
Un vrai touriste a la vraie  paperasse qui va avec.,1
.moi même je vais mettre l'armée dehors pour toi,1
Quel paperasse ?,1
Faut checker man si tu as les pieds solides,1
Une personne qui vient visiter son fils sans qu'il n  y ait de lien de parenté avéré ne doit pas avoir un visa.,1
On parle ici des personnes qui viennent faire du tourisme et retourner ooo,1
Tu peux le faire chérie estce que tu es petite ?,1
"Une personne qui ne peut pas justifier d'une activité importante dans son  compte bancaire les 6 derniers mois, justifier d'un emploi.... etc ne doit pas obtenir de visa.",1
C'est leur mangeoire làbas nohh?,1
Et après traverser et tomber en Pologne,1
Donc si quelqu'un veux venir visiter la Russie on ne lui donne pas le visa parce qu'il n'a pas de parent ici c'est sa?,1
Tu as même lu la suite?,1
L'autre là on peut acheter,1
Peut être j'ai un problème de lecture,1
Ailleurs les vérifications sont sérieuses et ceux qu'on coince finissent en prison. J'en connais.,1
Est ce que vous connaissez même la phrase  sa prendra le temps que sa prendra mais on y arrivera ?,1
Je vais mis coller d'ici le 15 octobre je serai plus Free,1
"Si je comprends bien, la solution c'est de ne rien faire selon toi 79002693886 ? Ou alors j'ai mal compris.",2
Elle n'ai pas de moi oooog,1
Tu auras tes vidéos,1
C'est déjà trop,1
Merci.,2
Il faut chercher ailleurs,1
Même Saint Petersbourg  Paris y'a le train,1
Proposes alors du lourd.,1
Ça me dépasse.,1
La majorité des tchèqueur ce sont des sans cœurs. Très peux ont de bonnes moralité. Il ya trop de choses à faire pour changer des situations critiques que les compatriotes vives chaque jour.,2
Wéééér est ce que la question était sur comment les prendre ou sur leur existence,1
C'est a tête posé et réfléchi qu'on le fait et pas par émotion,1
Tu as mis le cœur ?,1
On cherche la solution noooor,1
Commençons par les petits pas,1
"Ce pays doit imposer les comptes bancaires bien fournis pour les visiteurs, à défaut suspendre Le voucher pour un bon nombre de pays africains",2
"Si on veut vraiment terminer avec cette filouterie, ça ne prendra pas un mois!!!  Certains viennent toujours dénoncer faire semblant de dénoncer ici pourtant c'est leur business but karma is a beast 99jours pour le....",1
Hahaha  si cest ça cest que nous tous on allait être en France,1
Chambre disponible ул Лесная,1
Bonjour,2
Sans doute 67k pour les 2,1
20k minrex,1
"bref,vil faut que les russes emploient quelques africains qui ont le passeports russes dans les hautes fonctions à l'immigration. Ces histoires vont finir!",1
Si seulement tu savais quel est leur score,1
Je suis niock niock. D'après toi c'est la solution? Les africains qui leurs passeports russes pour la plupart ne servent qu'a intimider leur frère? Faut préciser africains de bonnes moralité ils sont très d'ailleurs,2
"Sans compter le tchequage, parceque vos africains àux passeports russes sont des grands tchequeurs. Pas tous biensûr mais la plupart",2
"Si vous voulez vraiment aider nos compatriotes à éviter les Tchequeurs, veuillez alors les recommander Dreaminrussia!!!",1
tell me more recé,1
C'est bien de la première catégorie dont je parle. Ils seront méchants une fois pour une bonne cause.,2
"Joyeux anniversaire, Awah Jeremaih Acuro!",1
Jerry 79651705331 happy birthday to you big man,1
Hbd bro,1
Happy birthday sir 79651705331,1
Спасибо большое,1
Happy birthday Dr 79651705331,1
С днём рождения,1
Bjr. Quelquun vend des objets africains ici? Quon peut offrir à une personne comme souvenir. ou le lien dun groupe pour ça.,1
79651705331 Hbd,1
Continue a sortir avec les Russes,1
Donc elle a fini avec les cheveux noirs?,1
C'est mieux de commander au pays.,1
Minceu ok merci,2
dépose moi pardon,1
Dc je sortais avec un cheveux noir ?,1
Oui non  donc ce n'est pas qu'avec 1 seul?,1
Massa! Vous avez les dossiers ici plus que moi mm,1
Aa restaurant éthiopien ce nest pas très chers à Rudn,1
Quelquune recherche telle une colloque ici?,1
Quelqu'un,1
Non juste les filles,1
Noo je veux un objet,1
J'ai les Canaris,1
Je suis woupi,1
Quoi ?,1
Photo ib stp,1
Genie,1
Ok,1
Tu veux combien ?,2
This message was deleted,1
Au vu de la situation de plus en plus critique on est obligé de relancer les hostilités,1
Bonjour  svp je viens de causer avec  un frère au front svp arrêter d'envoyer nos freres dans l'armée,2
Vous pouvez constater par la multiplication de point de recrutement par contrat dans la ville de Moscou,1
Merci je veux pas ça,2
Hbd boss Jerry,1
Ah oui Oui très D'accord,1
Bonsoir,2
Qui connaît un hôtel ici où on peut  faire un enregistrement svp ?,1
Tu veux loger à lhôtel en question ou alors tu veux juste lenregistrement? This message was edited,1
Juste pour lenregistrement,1
Bro tu ib,1
Je t'explique le schéma,1
Explique ici nor frère ça va aussi aider quelquun dautres en cas de besoin .,1
This message was deleted,1
This message was deleted,1
This message was deleted,1
"Si tu as déjà ladresse de lauberge qui peut procurer un bon enregistrement, envoie lui. Je pense que cest ce quil demande",2
Exactement,1
Ленинский проспект дом 150,1
Merci beaucoup,2
Le lien du match svp,1
Stp.,1
Svp le lien tu match,1
LIEN 0609,1
Des que la Namibie marque je go nang This message was edited,1
Nous avons le meilleur gardien du monde,2
Finalement le match cest à yde où garous svp ?,1
C'est au Cameroun,1
Garoua,1
Un gar que le ministre a affecté à salapoumbé,1
Le 17 cest qui svp?,1
Le continent,1
Moi jai juste une question,1
Il ya une différence entre marc Briss et song bahanak ?  This message was edited,1
Je ne vois pas ce que la modification a changé.,1
Biensur,2
Hahaha,1
La quelle ? Il ya un fond de jeux?,1
MB est faible et RS est très faible voila la différence,1
Tu fais dans tout petite?,1
Hahaha,1
Eva je peux prendre tout hein si possible,1
Et je mange quoi?,1
Bonsoir svp qui sait si pour les boursiers open doors qui viennent du pays il faut faire une assurance ? Merci,2
C'est le cheminement que la bourse qu'on remplit ici ?,1
Oui,1
Merci,2
Eukiee kameni est membre de l'équipe technique ou c'est un joueur?,1
Gar laisse slment,1
Massaa je pense qu'il faut vraiment vendre le pays,1
The force of experience,1
Dans la te de Onana il dit ça en brousse avec ça,1
C'est qui Dagobert s'il vous plaît ?,1
This message was deleted,1
"Bonsoir,  je veut les bâtons.",2
Svp arrêté de faire venir Les gens du Cameroun pour les mettre dans l'armée...car je traverse les cadavres tous les jours et les familles des gens m'appellent aussi tout les jours,1
You deleted this message,1
This message was deleted,1
Le coach des lions dit que le quartier de yaounde le plus dangeureux c'est Garoua,1
"Joyeux anniversaire, Tsala Boris!",1
bonjour à tous svp qui connaît une université à Moscou où L'année de langue coûte entre 130000150000 roubles?,2
Privé,1
Laquelle?,1
Synergie et РГУТИС,1
Merci,2
Ргутис n'est pas privé,1
РГАИС,1
Et ne prennent en patfac que des étudiants qu'ils ont eux même invité,1
Actuellement c'est difficile de faire une invitation làbas,1
Puisque macha travaille ailleurs.,1
Pour légaliser n'importe quel document a l'ambassade du Cameroun a Moscou maintenant il faut la carte consulaire This message was edited,1
Leur machine fonctionne déjà ?,1
Machine de quoi?,1
Si cest gratuit on fait la carte. Si cest payant on ne fait pas. On va légaliser au pays This message was edited,1
Ils avaient dit que la machine était gâtée,1
Le papier quils appellent carte consulaire ou la véritable carte est enfin disponible?,1
Le papier,1
3750roubles,1
Il faut toujours invinter les choses pour prendre l'argent aux pauvres étudiants c'est quoi cà encore? Déjà même que ce qu'on a fait depuis déjà 23 ans ils n'ont jamais sorti les originaux,1
Vraiment.,1
Je peux déjà avoir n'a carte?,1
La carte la sert à quoi dans la vie svp ?,1
C'est ta CNI camerounaise en Russie,1
"C'est un système que L'Etat a pensé pour prendre de l'argent aux camerounais de la diaspora. S'ils demandent simplement que chacun fasse le don chaque année, personne n'allait le faire, alors ils vous font les poches euxmêmes",1
La carte consulaire se fait chaque année ?,1
Chaque après 3 ans,1
Parce que tu as écrit chaque année donc ça ma étonné This message was edited,1
"C'était une façon de parler, pour dire que c'est un système pour nous faire les poches, parce que s'ils demandent, on ne va pas donner",1
Daccord chef,1
Un truc dont quelquun en a besoin chaque 5 ans,1
3750,1
30000FCFA,1
Euille!!! Quoi ???,1
Larnaque en plein jour,1
Carte consulaire,1
qui connaît une salle de massage ici a Moscou,1
Pour femme ou pour Homme?,1
Mix,1
Je connais seulement pour femme grand,1
ok,1
tu veux dire les agents de l'État  l'argent de l'état ne pourrait être payé dans les comptes privés,1
Bref l'état c'est eux,1
"Lol en tout cas ils ont le pouvoir non  c'est aux qui ont le fouet, on va se plaindre où?",1
"C'est un bon projet de s'investir dans la politique Camerounaise, ça paie que les affaires",2
"On va créer notre parti politique ici, on commence à battre campagne pour 2025",1
Toi la vraiment.,1
"Non ici les gens sont un peu éveillés, au pays ça part vite  on commence avec un mouvement 15 millions.",1
"Tu seras là trésorière du parti parce que Stéphane, lui! Il peut me dribbler à tout moment",1
5 fcfa on a d'abord pour donner?,1
Je wanda même.,1
Étant donné que tu fait on ne te remet pas un document c'est physique,1
C'est possible que chaque année on te le demande,1
"Lol le gvt sait que vous avez l'argent, il n'y a qu'à voir les transferts d'argent qui se font seulement ici dans ASECAM",1
Est que on mange même d'abord,1
Toi là seulement tu as trop d'argent je sais,1
"C'est par envie que vous mangez comme ça, pas par manque",1
Pardon donne moi ton adresse je vais souvent venir changer de repas,1
Mon menu durant la semaine,1
Synergie je ne conseille pas,1
C'est le quartier et les diplômes ne sont pas reconnus par tous les pays,1
3 ans bro,1
"Quand on lit le menu, on comprend très vite que le manka c'est vraiment par envie. Tu accompagne ça avec les chose cherrrrrrsssss le ba émincés, haricots, oeufs. Les oeufs même sont devenus cherrrrrrrrssssss",1
Cest toujours peu,1
Est ce que la vie est encore facile,1
Je n'ai pas 180 ou 250 pour le kilo du riz,1
"Ekieeee le kilo de haricot ne coûte pas plus cher que le riz? La viande alors, c'est pour les bôbô",1
J'ai dit émincé est ce que j'ai parlé de viande c'est juste le haricot vert,1
Pourquoi tu es même comme ça?,1
Vraiment,1
"Tu es congolaise d'esprit, ça ne doit pas te dégoûter.",1
Yaka,1
Bonjour à tous qui peux me donner la procédure pour faire la carte sociale svp Moscou,2
Tu peux faire en ligne,1
Depuis l'année passée et te faire livrer dans le my documents  de ton choix,1
Merci boss,2
"Bonsoir a tous mon mandat est arrivé a son terme depuis le 1er lundi du mois de septembre , la secrétaire général 237652314087 et les membres des conseils des sages comme veut la coutume organisera les élections dans un futur proche, je vous invite à pulvériser tout les postes dasecam avec vos candidatures.",2
Vraiment je suis très admiratif pour ce geste. Si tout nos dirigeants pouvaient réagir de la sorte. Bravo président,2
Tu est l'homme du peuple.,1
"Bonsoir à tous. Comme l'a dit le président, le mandat du bureau actuel est arrivé à son terme. Ce fut une année riche en émotions, tant positives que négatives, mais nous avons donné de notre personne, de notre temps afin de régler la plupart des situations qui touchaient aux membres d'Asecam.",2
Il blague on le met encore président cette année sans son avis,1
Il na pas le choix.,1
S'il vous plaît l'appel à candidature est ouvert jusqu'au 25 septembre 2024,1
3000000 disponible besoin du rouble,1
Merci a eux,2
Voila vos serviteurs,1
De lannée écoulée,1
Le Chargé ACADÉMIQUE 79187024315 était aussi de la partie,1
On la juste oublié sur la liste,1
20 000 fcfa disponible,1
Départ imminent,1
Départ imminent,1
"Joyeux anniversaire, ngunyi derrick!",1
"Joyeux anniversaire, ngunyi derrick!",1
Bonsoir a tous,2
35 kolo au pays besoin du rouble taux Google,1
Depart confirmé,1
"1 million frs cfa disponible au pays,",1
"Bonjour, S'il vous plaît, Quelqu'un D'ici est actuellement a l'aéroport?",2
Bonsoir svp m'envoyer plus nos freres fait la guerre svp,2
Qui les a envoyé ? Ils voient l'argent et le passeport Russe ils courent seuls. Car ils pensent comment ils vont intimider les personnes avec cela. Moi j'ai vue deux camerounais à l'aéroport avec un policier russe. Ils m'ont dit qu'ils partent d'eux même. J'ai tout fait pour leur décourager mais ils étaient décidés d'y aller.,1
Ils ne donne pas le passeport après un ans,1
C'est ce que tu dis. D'autres te disent qu'ils ont déjà eu une fois rentré sur Moscou ou dans leur ville. De toute façon bro c'est leur manioc.,1
"On va les envoyer en premiere ligne de front, missile boom  This message was edited",1
"Bonjour, merci bien pour lajout miss",2
"Joyeux anniversaire, Moussio Epah Margaret !",1
"Joyeux anniversaire, Armelle!",1
"Bonsoir à tous. Comme l'a dit le président, le mandat du bureau actuel est arrivé à son terme. Ce fut une année riche en émotions, tant positives que négatives, mais nous avons donné de notre personne, de notre temps afin de régler la plupart des situations qui touchaient aux membres d'Asecam.",2
Je veux être censeur. Comme ça les gens comme 79996751961 la vont souffrir ici,1
Qui va te voter à ce poste? Pour que la parole nous soit enlevée dans ce groupe?,1
Valaba,1
"ce pays le fait déjà, n'augmente pas stp",1
Il n'y a pas le chargé des goûtés??  Celui qui goûte les nourritures lors des fêtes,1
MDR,1
Il faut laisser le sou prétexte qu'il stress tu fais ce qui ne va pas on te sanctionne,1
toi aussi?,1
Toimême tu sais que je suis l'un des Kmers les plus assidus de Moscou,1
C'est bien oooo.,2
This message was deleted,1
Toi tu dois me soutenir même quand je Ndem.,1
Des questions Mme Ateba?,1
79002693886 tu as bcp à dire j'ai constaté,1
Qui moi,1
null,1
Si tu m'invite tu vas mourir ?,1
Tes quand même un président,1
"Comme je viens de la populace, on m'invite n'importe cmt",1
Nous sommes voisins ou bien,2
Donne alors la position,1
237652314087 tu dois copier le bon exemple.,2
Je ris dans l'eau,1
C'est toi qui vends un bâton à 800 pourtant Dieu te l'a donné par amour,1
Te voilà qui me refuse le bâton nor you go see,1
Le vent n'a jamais enlevé les fesses de la poule malgré son intensité,1
C'est toi qui as commencé  This message was edited,1
Toi seul sait avec qui tu fais,1
Moi quoi?,1
Devant un bon vin au xxx après la vente de mes Miondos,2
Envoies seulement ta candidature,1
Estce que il ya alors souvent la concurrence à ce poste?,1
Le bogoss,1
c'est la moquerie?,1
Hiki,1
Bonsoir sil vous plaît,2
Macabo pilé.  100p,1
Tas pas autre chose ?,1
Crabe sauté,1
Combien ??,2
Gratuit pour les femmes,1
Orrrrrr je suis sérieuse,1
Cava alors,1
Lol bêta on laisse ce poste vacant si c'est 79013886871 Qui postule  elle va nous matter dans ce groupe,1
Tu as peur ?,1
Conforme toi,1
Gardien  Chat noir,1
Pardon qui a préparé m'envoi le courrier,1
Un prési,1
Tu fais semblant ou quoi?,1
Fais seulement le courrier,1
Je ne te répond pas femme a pb,1
J'ai tout mangé,1
D'accord,1
Envoie alors le courrier tu verras,1
J'ai tout mangé,1
Tu es mon dernier espoir Anne,1
En plus tu n'es pas loin,1
j'ai oublié que tu ne prépare jamais,1
"Merci ehh prési, merci beaucoup",2
79013886871 tu reste mon dernier espoir chère collègue,1
Les invités se sont déjà servis chez moi,1
Merde cest encore quel modèle ça,1
Le sauveur peut t'aider ?,1
pourquoi toujours nous,1
Restez chez vous donc,1
Est ce que toi même tu es chez toi? Il y'a une grosse problématique derrière tout ceci ne faisons pas comme si on ne l'a connais pas,1
Oui je suis chez moi,1
Et cest quoi la problématique?,1
"Tu as pris la route parce que c'est dur, d'accord on peut comprendre mais en cours de route tu es tombée enceinte pourquoi, de qui et comment?",1
"Ta souffrance ne te suffit pas, il faut en rajouter les innocents",1
Ou ceux qui prennent la route avec les enfants la cest quoi le projet???,1
Molière s'interrogea!,1
Mieux tu go faire le champs. Ou tu fais ta carte électorale,1
"Merci a vous c'est facile pour vous, c'est facile pour tous",2
Comme si chacun d'eux sortait de chez lui pour venir vivre cette situation,1
La vie est facile quand tu te facilite la vie et reconnais ta place. Et surtout si tu prie beaucoup. Sa tévite les les pensées idiotes tel que.,1
This message was deleted,1
En sortant de chez eux si il avait pris la peine de séduquer il devrait savoir que cest une forte probabilité et dautres le savait il ont calculé le risque,1
Qu'est ce qui nous amène à sortir,1
La bêtise,1
"Tu peux rester dans ton pays implémenté le changement que tu veux, partir rester au village et faire le champ il ya assez de terre fertile en Afrique. Ne pas accouché 10 enfant quand tu ne peux pas ten occuper  même les blancs ou les arabes immigrent vers dautres pays  regardez les frontières de lAmérique où lEurope personne ne veut les étrangers illégaux dans leurs pays cest des problèmes  même au Cameroun on bloque nos frontières tu veux immigrés sans problème fait le légalement sinon vas faire la coiffure ou vend même le piment.",1
Que fontils donc pour ne  pas la vivre?,1
Tout le monde ce devenir Nganou,1
L'esclave qui ne lutte pas pour sa liberté ne mérite pas qu'on s'apitoie sur son sort.,1
Votez vos députés,1
"Bonjour. 600 mille FCFA disponible, besoin du rouble svp, taux Google",2
On a mes taux sucrés les temps si ehh,1
200mil roubles disponibles,1
Bsr à tous,1
On attend le 25 à 2359,1
Ça c'est une drogue très forte,1
null,1
Je ne serai pas à la maison chou,1
Aussi disponible pour les femmes,1
This message was deleted,1
MDR,1
Je peux être chargé de goutter la nourriture?,1
Et en plus de ca o't ne fait mm rien,1
Ont te paye juste pour ta présence,1
mon bro va go,1
Aujourdhui cest plus bon seulement demain,2
"Salut s'il vous plaît, j'ai besoin d'une personne jeudi matin pour un travail , contactezmoi si vous êtes intéressé",1
merde cest un travail hein,1
"Moi quand je vois une annonce comme celleci, je me pose tjr la question de savoir, quand on buy pour ne rien faire là, le travail qui doit réellement être fait, ce pourquoi en réalité on buy mais on ne fait rien là, qui va finalement le faire?",1
Ne rien faire finira par faire le travail,1
Lol ok,1
Ou alors c'est pour inviter la police à rafler ceux qui n'ont pas les papiers. Car moimême je ne comprends pas cette annonce. This message was edited,1
J'aimerais savoir s'il vous plaît si cette information est vraie,1
"Effectivement, cest le stade de non retour",1
Merde donc c'est réel?,1
Et si le patient te mord encore tu serais contaminé aussi This message was edited,1
Mon Dieu. Donc le chien peut tuer aussi,1
merci de nous édifier!,2
Mon Dieu,1
Bonjour,2
Bonjour bonjour comment allezvous ??,2
Visa quoi?,1
???,1
En gros cest un visa ou tu pars à létranger pour vivre dans une famille daccueil et en retour tu les aides avec les taches ménagère ou du babysitting,1
Le visa Aupair en Russie je n'ai jamais vu ça This message was edited,1
Humm!,1
Les gens de Philippine vienne  avec ça ici,1
Pas en Russie,1
Je veux savoir si le Cameroun donne ce genre de visa facilement,1
À l'époque les gens faisaient ça pour l'Allemagne,1
Cest toujours possible ??,1
Aucune idée,1
Okey,1
Si quelquun a une information concernant ma question jattends une réponse sil vous plaît,1
Le dortoir...,1
Oui. Il suffit de remplir les conditions et la famille qui doit te recevoir aussi,1
Oui ça je sais,1
Quelqu'un veut  aller être au pair au Cameroun ?,1
"Veut quitter le cameroun pour aller en suisse,Allemagne ou un autre pays mais pas la Russie en tout cas",1
Lol c'est vrai que ton questionnement peut prêter à confusion.,1
Les agences au phillipine gère ça mais seulement pour les gens de chez eux,1
Le visa au pair se donne au Cameroun. Le plus difficile reste de trouver et de convaincre une famille à t'accepter,1
Okey merci,2
La deuxième option,1
C'est déjà les remèdes ici même n'étant pas médecin je le sais...,1
C'est déjà la sorcellerie làbas doc,1
Aupair. Oui je pense qu'on donne encore.,1
Way bro,1
"Infirmière , aide soignante  Allemagne  oui , on délivre This message was edited",1
Au Cameroun non peut etre si tu es dans un autre pays étant Camerounais ca peutêtre possible déjà pour les étudiants avec test zidaf ou Goethe c difficile d'obtenir le simple Rendezvous,1
"Je connais un institut , avec des gens qui voyagent plus ou moins régulièrement pour l'Allemagne. This message was edited",1
Mais pour lAllemagne ils demandent un certificat de langue,1
Oui,1
Ton voice a effrayé les gens autour de moi,1
Le directeur marketing de bom François est monstrueux,1
Ah oui,1
Bonsoir à tous sil vous plaît besoin dune place pour homme urgemment,2
2900 besoin une personne chantier,1
besoin de 06 bons travailleurs,2
"Cest un camps de vacances pour adultes, tout frais payé.",1
C'est quand ?,1
Дополнений набор,1
plus de visa en zone cemac,1
Même la CNI passe ehh,1
Seulement le Gabon,2
Congo ensuite Angola,1
Un connaisseur,1
Justement presi,1
Bonjour! 23 kg moscow yaounde disponible départ le 20 septembre. Même les documents je prends .pour plus de détails mon ib chauffe merci et bonne journée à tous,2
Iki les voyageurs,1
Ne fait pas coe ça c'est pas pour moi c'est une un de mon petit,1
Pour avoir un visa AuPair il faut créer un compte dans leurs sites. Où te rendre à bastos ils ont une représentation la bas. Mais il te faut une très bonne connaissance en anglais et prouver au préalable que tu peux prendre soin des enfants. Cest un visa compliqué mais lorsque tu las et quune famille tapprouve tu es recommandé partout par la compagnie.,2
Okey merci beaucoup,2
Un peu comme super Nanny ??,2
"Je ten prie. Les pays qui demandent beaucoup plus les AuPair et qui donnent plus vite le visa aux camerounais sont  lAngleterre, le Canada",1
Non,1
Bonjour sil vous plaît besoin dune chambre prêt du métro. Budget 2030 k,2
Non non le Canada refuse au camerounais,1
Bonjour à tous qui vend l'huile rouge ici?,2
Je veux 1l aujourdhui estce possible,1
This message was deleted,1
ok jarrive. cest le ikok ou le eru ?,1
Le koki.ca va cuir d'un côté,1
non des 2 cotes,1
C'est pour faire le remède de l'enfant,1
ne commence pas stp,1
Ekié comment ça?,1
Tu ne sais pas qu'on fait les remèdes des nouveaux nés avec l'huile rouge?,1
Nn nn,1
Jusqu'à un litre.jai déjà mon bâton et mon tapioca,1
Moi juste le transport,1
Estce que c'est comme le Cameroun qu'il ya l'huile de 100 je prends une fois comme ça pour ne pas perdre,1
Si c'était le remède tu devais prendre demilitre.Un litre c'est pour le eru ou le koki,1
net,1
Trop d'explications ein c'est pas net,1
Ok vous avez gagné. Mais ce ni pour l'un ni pour l'autre.,1
Ekié,1
Le Sanga ?,1
ce qui est sur cest  africain,1
C'est comment nor Hansly tu es tellement curieux de savoir ce quon doit faire avec .pardon si tu as l huile faut vendre pour la mere du bb,1
Tu pourra poser des questions apres,1
L'huile arrive vendredi,1
Envoi ton adresse mon cœur me dit de te rendre visite aujourd'hui,1
Bsr !,1
Moins chère ?,1
Soa,1
Il peut devenir le loup garou comme ça hein,1
C'est amusant d'après toi?,1
Aï!,1
79653368333,1
79998753141 oui,1
Donc 260milles roubles,1
5000 roubles,1
La paye de 2 jours de travail de quelquun,1
Einnnn!!!! L'huile raffiné ne souffre de rien même si c'est pour le eru ou le koki,1
Qui veut peut,1
Il ya même ceux qui paye 2300 donc c'est 2jour et demi,1
You can download the folder here,1
Qui doute encore que la patience porte de grands fruits?,1
Le bas peuple avait déjà tout oublié,1
Bonjour! 23 kg moscow yaounde disponible départ le 20 septembre. Même les documents je prends .pour plus de détails mon ib chauffe merci et bonne journée à tous,2
Bonjour sil vous plaît besoin dune chambre prêt du métro. Budget 2030 k,2
Merde j'ai vu mon vrai goût  je dois souvent venir regarder les matchs hein,1
Hmmmm,1
"Tu es en danger ma chérie, tu gère trop le cheveux noirs et tu m'as abandonné",1
C'est bien  .,2
Apparemment tu aimes aussi bien les cheveux noirs hein stephane.,2
"Non non, moi j'aime les nouarrrrrsss",1
Moi même je confirme oooo,1
Mais estce que tu es alors le goût de ton goût ?,1
Ton vrai goût a aussi son vrai goût,1
Femme claire...,1
C'est ça alors le vrai pb  les filles nouarssss aiment les cheveux noirs,1
"C'est peutêtre vrai, mais on va seulement bâcher",1
Send ça tof je te dis si elle est célibataire,1
Merde ça c'est un durrrr schéma hein  c'est 79013886871 qui te send faire l'espionnage hein,1
Je voulais t'aider nohh bro?,1
Mieux tu viens chercher toi même sur place. Car l'apparence est trompeuse,1
"Je te dis tu as même raison, le prochain match je serai là en vrai",1
Et je verrai avec mes yeux cmt tu envisages le tromper vrai vrai,1
Non estce que je vais te tromper? Il y'a deux choix possibles,1
J'ai pas les côtes pour séparer la bagarre hein,1
Besoin du CFA,1
Besoin du CFA IB,1
Sil ya ton goût làbas moi aussi je peux trouver ma part,1
79670757733,1
Nkouabang,1
Ne passez pas ici. Laissez nous avec nos bae,1
79913266102  ce que tu as commencé là,1
Merde  je nai pas le dos boss . Je suis moi foiré,1
"Weeehhh moi je disais seulement ma chose naïvement hein, en plus c'est vrai",1
"Background check s'impose, on ne veut pas le virus de Petersburg ici!! Chez nous il y'a encore les filles qui ont peur de Dieu",1
"Si tu passes le test de pauvreté, moimême je te propose une This message was edited",1
Mince.,1
Tu as problem sérieux contre moi,1
Cest ça ?,1
Jabandonne,1
Reste avec tes femmes,1
Laisseznous tranquille père. Tu peux courir sur une go avec un boy qui coupe 800 par tête au chantier chaque jour? On supplie seulement,1
Merci mon frère,2
Et comment tu sais que jétais à peter ? Ou bien tu dis juste comme ça ?,2
Non je ne parlais pas de toi particulièrement si tu es làbas c'est que c'est gâté vrai vrai,1
Jétais làbas,1
Il ya des années,1
Intuition . J'ai eu raison d'avoir peur de toi,1
Je te vois un peux làbas,1
"Je ne peux pas, trop de rococos par là",1
Je suis mort de rire  tu as la rage hein,0
Bsr. Qui quitte Douala pour Moscou ces jours ci? Jai un petit colis.,1
Si tu as quelqu'un propose aussi. C'est quel tête sa.,1
Chûte libre,1
Monnaie woubi,1
Bientôt ça sera à 1,2
Mieux je go à mbeng This message was edited,1
Mieux quelqu'un prend même son visa pour la Corée du Nord,1
Vraiment,1
"A chaque fois que cette monnaie fait semblant de monter, il faut se méfier",1
1. DOUALA MOSCOU,1
Une grosse perte,1
Il n'y a rien pour ton PTT?,1
La Russie t'appartient chef de RUDN,1
Tu apprends à un vieux singe à faire des grimaces?,1
J'ai eu un bon professeur,2
This message was deleted,1
Depart confirmé,1
Le rapport avec le mot  aliénation ?,1
"Les langue ont rarement développé un pays je pays, je pense que le problème est ailleurs, on doit s'instruire et ne pas faire fuire nos génies vers d'autres pays",1
La langue africaine cest quoi exactement ?,1
Moi même je suis dépassée,1
Вот именно,1
LAfrique a une langue? Genre la langue européenne,1
Nous même nous pouvons créer notre propre langue. C'est pas choses facile mais nous pouvons.,1
L'aliénation c'est toutes les actions qui nous font nous éloigner au quotidien de notre culture et de notre originalité. La dépossession de l' identité. Le mot aliénation dans ce cas a bien tout son sens.,2
Si tu fais ce commentaire aussi c'est parce que t'es aliénée.,1
Tu es bête hein,1
Attend je pars donner le colis ci je te reviens,1
Émotion!,1
l'afrikaan  qu'on voit sur internet partout aujourd'hui par exemple,1
Bon je suis là,2
Tu disais?,1
"Dis moi donc, puisque je suis aliénée. La langue africaine cest quoi. Jaimerai savoir",1
Il faut me répondre par des arguments et non des injures.,1
Parceque seulement à louest du Cameroun il ya au moins 7 langues,1
Le Congo a sa langue,1
"Si j'ai bien lu, ici on parle bien des langues africaines et non de la",2
Le Sénégal a sa langue,1
Et même dans le congo là il y a plusieurs langues,1
Jai lu ce qui est écrit sur la vidéo. Et cest pourquoi jai dis  la langue,1
Voilà,1
Et tu penses qu'en Europe c'est différent?,1
Parceque le mot  aliéné  cest ?,1
Au moins 28,1
Je nai pas dis que cétait différent justement,1
Tu as lu mon message ou alors tu étais juste pressé de venir dire du nimporte quoi?,1
Tu dis donc koi,1
Va relire mon message,1
Toute les langues africaines se ressemble et je sais que dans la langue africaine tu habites où signifie la meme choses que tu es assis ou pour ce qui connaissent leurs patois,1
Donc effectivement il ya une langue africaine qui a existé avant la colonisation,1
Voilà. Et puis on va me dire la langue africaine comme si lAfrique avait une langue.,1
Donc un sénégalais peut comprendre le lingala?,1
"Mm si ça a existé hier, ça nexiste plus. Aujourdhui lAfrique na pas une langue",1
Je ne vais rien relire parce que tu ne dis rien. Il faut savoir que même le swahili qu'on a aujourd'hui c'est la composition de plusieurs langues . Pareil pour le lingala ou le russe standard,1
Déjà que même au Cameroun un ewondo ne comprend pas le duala,1
Et aussi quon arrête de dire Afrique. Ils nont quà parler des pays dAfrique. Genre ds telle université on va apprendre le wolof du Sénégal ou alors le Yohgam du Cameroun,1
"On a rien travaillé pour se comprendre, d'autres pays ont développé les leurs, les ont instauré dans les écoles pendant des siècles. En Afrique il faut attendre l'esprit saint",1
Parce que vous avez grandis ainsi,1
Tu vois alors que ton message ne servait à rien. Tu es le seul aliéné ici,1
Aliénation une fois de plus. Si a Beijing on apprend le mandarin pourquoi pas le Wolof à Dakar?,1
Parce quon ne veut juste pas avoir une langue ce tout,1
En fait ehh mieux je ris seulement,1
Déjà qu'en Europe c'est pareil ehh.,1
Même toi camerounaise tu peux comprendre tout sapprend comme toi tu as appris ta langue maternelle,1
Tu aimes bien faire de  l'animation quand t'es en carence d'arguments. J'attends toujours des arguments.,2
Tu as au moins compris que lAfrique na pas une langue cest le plus important. Le reste que tu racontes là na aucun sens,1
Argument sur ?,1
On est toujours dans le même débat là ?,1
Je ne l'ai pas appris de toi. l'Afrique comme l'Europe n'a pas une langue mais en a des langues,1
Oui le fait quon ne veuille pas ne change pas le fait que cest le cas,1
Tsiuup. Tu dis un truc après tu dis le contraire. Pardon va dormir,1
Fleur 7G tu es une comédienne  c'est ton habitude de faire l'animation quand le sujet te dépasse.,1
Pour un Africain qui se questionne si lAfrique a une langue cest un aliéné .,1
Le Cameroun a 260 langues. Et la Russie a une seule  wouyyuh,1
il me fait trop rire,1
1 million de fcfa au pays besoin du rouble taux Google,1
Si elle en a des c'est qu'elle a une. C'est la logique!!!,1
"Si tu étais simplement venu demander, pourquoi tu penses que lAfrique na pas une langue? Je taurai répondu parceque je pense que lAfrique en a plusieurs, on nen serai pas là.",1
Il fallait en même temps écrire ce que tu pensais.,1
Maintenant cest que ooh cest la logique. Tu es le seul qui navait pas compris mon message et pourtant il était très clair. Il pouvait dire apprendre  une langue africaine  pas  la langue africaine . Ça change tout le sens. Ça cest la logique mais le français,1
Je n'ai jamais dit la même chose que toi,1
"Oui oui. Bête parceque tu trouvais que je suis aliénée. Et cest justifiable. Si tu penses que je suis aliénée et pourtant je ne le suis pas, alors tu es bête",1
"Dans ce débat, il y'a une chose sur laquelle je suis d'accord et c'est d'ailleurs pour moi le point culminant on devrait voir l'Afrique comme un continent, et non comme un pays cela fera qu'on va parler d'un pays en particulier en disant tel pays a une langue nationale, tout comme il n'y a pas de langue Européenne, chaque pays a sa langue nationale, même si à l'intérieur il y'en a plusieurs et il y'a plusieurs groupes ethnies, c'est par exemple le cas de la Russie, qui compte plusieurs cultures différentes, chacunes avec sa langue qui est différente du russe, mais quand on parle de la Russie à l'échelle international, on parle de sa langue nationale qui est le russe",1
Tu as dis la même chose  lAfrique a plusieurs langues  point,1
Voilà. Cest exact,1
"Être aliéné n'est pas une injure, c'est une réalité",1
Nn nn. Tous les africains ne le sont pas. Et moi je ne le suis pas. Cest un mot qui ne me qualifie pas suis désolée,0
Sauf que tu n'as aucune compétence pour modifier la dénotation d'un mot défini par une académie,1
Pas besoin de modifier,1
Accepte le donc,1
Warr le bête . Jaccepte ce que je ne suis pas? Ou alors cest parceque toi tu as dis?,1
Je suis très d'accord sur l'idée mais pas la logique. Le français est une langue européenne n'estce pas?,1
Je n'ai jamais écrit un dictionnaire en tout cas. You're running too emotional.,1
Le français est  une langue  européenne. Pas  la langue européenne . Genre tu fais exprès de pas comprendre ou quoi,1
Moi de mm,1
fleur 7G va toimême relire ton commentaire,1
"C'est un abus de language, le français est une langue de la France et de ses anciennes colonies.",1
Le français de la personne est d'abord très bancal c'est forcément un congolais,1
Des  ctait ds le message en bas et pas ici. Et jai fais 2 remarques. Une sur le message écrit sur la vidéo et une sur le message écrit en bas,1
Ou peutêtre une mauvaise traduction,0
Jai remarqué aussi,1
Non non. les élèvesapprend  dit tout,1
.,1
congolais,1
Ça aussi jai lu. Mais je ne parlais pas de ça This message was edited,1
"Hors du contexte historique, le français géographiquement est une langue européenne oui? Pourquoi vous aimez jouer avec des mots",1
jpp de vous bye,1
Maintenant on est sur la géographie,1
Moi oui et maintenant je suis bête,1
Orr je mexcuse beaucoup. Bye,1
Pars,1
je vois dabord ce que Stéphane est entrain décrire,1
Lol frère c'est ce que je t'ai pourtant dis plus haut. Comment tu veut sortir du contexte géographique et parler de langue Européenne? Parler de l'Europe fait forcément allusion à la géographie non,1
"Il veut m'embrouiller avec le français. Avec vous là, je suis concentré.",1
Ikii,1
Et dire que le français c'est une langue de la France et de ses colonies c'est pas abuser? This message was edited,1
"C'est un fait, pas un abus. C'est la réalité frère",1
"C'est votre réalité frère, le fait qu'il soit utilisé en Afrique ne fait pas de lui une langue africaine. C'est pourquoi j'ai demandé de laisser l'histoire.",1
"Le débat que vous avez commencé est basé sur une faute, c'est pourquoi vous n'arrivez pas à vous entendre, pourtant je sens que vous allez même dans la même direction.",1
Voilà même,1
"Le fait qu'elle soit née en Afrique fait de cette langue africaine. Ce n'est pas simplement parce que c'est utilisé en Afrique. Sinon on aurait pu dire que le français, l'anglais, l'espagnol, le portugais, etc.. sont aussi des langues africaines, puisque dans beaucoup de pays africains, ce sont des langues nationales. Pourtant la réalité, c'est que ce sont les langues des pays d'Europe.",1
Je pense que tu dis la même chose que moi maintenant,1
"Tout au long de cette discussion, j'ai affirmé qu'il n'y avait pas de langue unique Européenne, puisqu'il y'en a plusieurs, parce que beaucoup de pays ont leur langues en Europe, et on considère ces langues comme des langues européennes parcequ'elles tirent leurs origines en Europe. Tout comme en Afrique il n'y a pas de langue unique, puisqu'il en a plusieurs, on ne peut donc pas parler de langue africaine au singulier. C'était même un faux débat  puisque tout le monde dit la même chose, mais avec ses propres mots.",1
"Tout au long de cette discussion,",1
Personne ne va corriger ta copie papa,1
il valorise son doctorat russe,1
On ne peut même pas être un peu sérieux avec vous hein,1
Ikii,1
tu peux travailler au RDPC euinnn,1
"Lol non non, moi je compte déjà créer une représentation du MRC ici en Russie, je cherche les militants pour 2025 déjà",1
Hummm moi j'attends la nomination du prési après la fin des études pour rentrer au pays.,1
"Il faut alors commencer le combat maintenant, on doit mobiliser tous les jeunes de la Russie, parce que le jeune qui vote pour le RDPC n'aime pas le Cameroun",1
Le presi utilise les gros postes et les concours pour retenir ses militants au pays cependant ceux qui crient au changement viennent en Russie avec le visa touriste devenir sans papiers. Qui va changer le pays? Sérieux,1
"Nous qui ne sommes pas sans papiers allons prendre les devants. On va forcer, et on aura le résultat escompté",1
Humm. Bref j'apprécie le fait que tu sois fidèle à ta vision mais... J'ai peur que tu sois déçu car tu ne connais pas très  bien les Camerounais This message was edited,2
"Pas moi en tout cas, je ne veux pas être l'un de ceux qui vont perdre quoi temps, énergie, etc que ce soit dans cette lutte !!! Je me suis déjà aligné au R et vous allez nous rencontrer sur votre chemin. This message was edited",1
"Quand tu t'aligne au R, c'est parce qu'ils travaillent beaucoup ou alors c'est parce qu'ils ont un projet réel pour toi dans le futur?",1
"Qui t'a dit qu'on entre dans le RDPC par conviction? Tu sais ce que ça fait de se sacrifier, sa vie, sa famille etc pour une personne en retour qui veut voir ses enfants grandir? Même celui qui a chanté je suis votre libérateur je vais mourir pour vous nous a dit après qu'il ne mourrait pas il vivrait. Tu veux qu'on t'explique les camerounais?",1
Mais c'est même là le véritable pb.,1
"Le Cameroun dans l'histoire est unique, si toutes les révolutions tentées au Cameroun depuis l'indépendance ont échoué c'est n'est par la compétence du régime en place. Cela vient d'abord des mentalités, du mindset des commoners. Chacun veut survivre et manger à son Petit niveau et pour cela il est prêt à livrer même son propre enfant à la moindre occasion.",1
Tu n'aimes pas quand c'est long?,1
Nn,1
polysémie,1
Ekieee,1
"Alors il faut apporter le sang jeune dans cette lutte, il faut apporter des solutions. Si on ne fait rien, on se rend complice",1
Aaahhhnn estce que je savais alors  donc tu es une peureuse hein,1
Jai peur de quoi?,1
Des longs textes non,1
Nn je nai pas peur des longs textes. Jai dis cest long dc pas évident à lire,1
on dirait qu'on rédigeait le même message. Breffffffff je ne peux pas moi perdre mon temps et mon énergie pour quelqu'un qui veut voir ses enfants grandir.  Soit on meurt ensemble soit on misère ensemble!!!,1
Je ne vois pas le rapport avec la peur,1
"Tu as signé sans lire,  Laisse les explications.",1
Signer quoi?,1
Qui veut voir ses enfants grandir?  tu parles du prof MK?,1
Longue longue le libérateur libéré et plusieurs commoners pour qui les Leaders d'opinions se battent,1
Hummm d'accord,1
"Moi je ne te parles pas de Longue Longue, c'est quelqu'un qui se cherche, il cherche son argent, moi je te parles de quelqu'un qui a tout, mais risque tout pour des camerounais qui ne sont même pas prêts à se lever pour leur propre bienêtre",2
"Le professeur Kamto est l'homme qu'il faut mais le peuple plein dans la zombification n'est pas prêt à l'accompagner, il préfère prier pour le changement dans des églises chaque dimanche. dans ce cas que faire ?",1
"Dans ce cas, la solution n'est totalement pas de s'associer à celui qui cause tout ça, il est important que ceux qui ne sont pas aliénés s'associent ensemble pour mener cette bataille. Elle sera compliquée, mais c'est petit a petit, pierre après pierre qu'on va bâtir le Cameroun qu'on veut",1
Je ne suis pas comme lui. Peutêtre c'est parce qu'il a tout qu'il veut perdre quelque chose. Qu'il laisse tomber! On ne force pas un peuple qui dort volontairement à se réveiller... Je ne peux pas me battre pour quelqu'un qui m'insulte au quotidien et qui est même prêt à me niquer à la moindre occasion,1
Mieux je le fais et mange dans son dos en premier This message was edited,1
Warrrr arrêtez de parler aussi nor. Genre vous ne vous fatiguez pas? Avant ctait Latimor et ingénieur,1
Bonjour. Svp question urgente. Comment avoir un visa de sortie pour quitter la Russie pour quelquun qui est illégalement sur le territoire??,2
"Stéphane a déjà mangé ses trois répas de la journée, il me noie dans la gentillesse",1
"Si tu as un enfant qui grandit et refuse de t'obéir, tu vas le laisser tomber parce que tu n'aimes qu'on te désobéisse? Par amour tu vas aller vers ton enfant, en cherchant au quotidien les solutions pour qu'il comprenne le bien fondé de ce que tu lui dis et après peutêtre il va t'obéir. C'est ça l'amour.",2
Quelquun a une idée ?,1
79996751961 79913266102,1
"À ce que je sache tu doit avoir un avocat , allez au tribunal",1
"Si mon enfant m'aime il peut me désobéir, c'est naturel mais pas me calomnier, me sacker, me combattre, me ridiculiser et  ensuite me jeter à la vindicte  populaire",1
50mil roubles besoins du fcfa taux Google,1
This message was deleted,1
"Au cours des dernières minutes, les avions de guerre de larmée de lair israélienne ont lancé une campagne de bombardements massifs contre le SudLiban",1
"Le secrétaire général du Hezbollah, Hassan Nasrallah",1
"Si Israël envisage d'occuper le SudLiban, nous ferons un carnage.",1
Hum,1
This message was deleted,1
Le gouvernement libanais met en garde contre un danger pour les prochaines 48 heures après des attaques contre des téléavertisseurs et des appareils technologiques.,1
Le Hezbollah revendique de multiples attaques contre des positions israéliennes,1
Le Hezbollah et Israël actuellement se frappent respectivement dans les territoires adjacents aux frontières des États.,1
De lourds bombardements ravagent le sud du Liban. Plus de 60 sites concernés.,1
Ayaaa 79035173173  finis nous avec les infos,1
Tsahal mènera des exercices à grande échelle dans toutes les zones de tir de la zone nord au cours du weekend.,1
Biden estime qu'une solution diplomatique au conflit entre Israël et le Hezbollah est  réalisable,1
"Une frappe aérienne israélienne visant une voiture sur la route de l'aéroport international de Damas en Syrie tue un haut responsable iranien du CGRI et en blesse un autre, alJazeera, citant les médias syriens.",1
Emmanuel Macron déclare que  le Liban doit être préservé et la guerre évitée .,1
"Selon des sources israéliennes, quelque 150 roquettes ont été lancées depuis le Liban vers le nord d'Israël en fin de matinée, déclenchant des sirènes à Safed et dans de nombreuses autres communautés de Galilée.",1
Même le Cameroun ne peut pas avoir un dialecte national officiel on a essayé avec le fufulbé et ce fut un gros échec...,1
"Le problème est ailleurs, former les intellectuels et bien et ensuite les garder au pays This message was edited",2
"Les enseignants, médecins, plombier, maçon,chauffeur, homme en tenue tout le monde part seulement après on va nous dire de prier et de ne pas avoir les idées bizard",1
"40 des camerounais de 18  35 ans vivant dans le top 5 des  villes du Cameroun à commencer une procédure de voyage et 60 prévois de le faire, voilà le problème...",1
C'est grave même nous a l'extérieur ne sommes pas parfois prêt à retourner,1
Salut to everyone,1
Je suis la meilleur dans ça. Je destine sur les habits la magie,2
79013886871 partage le kilichi. Vous pouvez aller chercher pour vous.,1
"Bonsoir, vous vendez S'il vous plaît?",2
Aka c'est photoshop,1
2 je vous Salut Marie,1
"79013886871 besoin d'explication ma chérie, c'est une histoire de vie ou de mort",0
"Joyeux anniversaire, David Kiko!",1
Façon elle na pas poid là si elle commence à manger ça je risque de perdre mon bras droit pardon,1
This message was deleted,1
Salut to everyone,1
Pourquoi Israël nest pas sanctionné?,1
Bonjour à tous ya til un étudia de Moscow Aviation Institute National Research University ici ?,2
79252026809,1
Oui grand,1
Inbox moi,1
Pourquoi ? Je suis à MAI,1
C'est la magie,1
Bien glacée This message was edited,2
Ajoutez ce numéro svp,1
237 77044079,1
"Joyeux anniversaire, Amabanda Laure !",1
Merci,2
Hum,1
Tu  ne dors pas ?,1
Nn,1
Besoin d'une personnes maintenant 2800 9hr 17hr 30 This message was edited,1
Bonjour qui peut avoir les livres de philosophie en français,2
Le prof la est de RUDN  This message was edited,1
16Etudiants Camerounais on été refouler hier de l'aéroport de Domodemovo svp les étudiants ne doivent plus atterrir le samedi en Russie,1
Ils ont atterris vendredi matin,1
Ceux de Vendredi peutêtre université ne décrochais pas.Pres de 30 étudiants Camerounais sont sortis vendredi,1
Les gens de laéroport là sont fous?,1
Cest quoi leur problème,1
Même les boursier sont rentre hier,1
Pour moi cest la faute à lambassade,1
Ils dorment trop,1
Quelle ambassade,1
Luniversité a répondu,1
Du Cameroun en Russie,1
Leurs Téléphones,1
C'est pas seulement les Camerounais même les Ghanéen et Nigerian,1
Cest seulement aux africains en général quon fait ça,1
On a fouillé leurs téléphones mais il ny avait rien de compromettant daprès leurs dires,1
Mais il ya une procédure,1
30kg disponible,1
l'argent des tontines dans l'eau. La pauvre famille,1
Plusieurs ne vont même plus revenir c'est sur,1
Évidemment,1
This message was deleted,1
"Bonsoir sil vous plaît besoin dun appartement , une chambre ou même un studio.",2
Faut savoir filtrer ce qui sort de ta bouche.,1
Fich le camps This message was edited,1
Faut savoir filtrer quel travail est bien pour toi. Sinon toi mm on va te rapatrier This message was edited,2
Ikiiii,1
"Jai attendu les candidatures fatiguées personne,",1
Quelle est la date limite?,1
Ikiii futur Presi,1
25 septembre donc dans 3 jours je crois,1
Ok,1
Je n'ai reçu que 2 candidatures depuis là ehh,1
1 million 400 de fcfa au pays besoin du rouble taux Google,1
BONSOIR MONSIEUR UN INSTANT SIL VOUS PLAIT,2
1 million 400 de fcfa au pays besoin du rouble taux Google,1
Tu est dans la secte ?,1
Est ce qu'il y a un étudiant de mgri ici svp besoin de quelques informations,1
Moi,1
Oui c'est la plus grande université de la Russie on ne t'avais pas menti,1
Les Rageux de RUDN vont sortir sur moi,1
je t'ai ib,1
Yes enfin une fille me Inbox.,1
La plus grande université de Belayevo et Yugo Zapadnaya This message was edited,1
Ékiii,1
Je veux pour 75 pardon,1
150 et 200,1
Je veux 3 à 75,1
Viens prendre tout njoh,1
Ngoa ekele 2.0,1
La NAZA tu veux dire,1
Tu blague ça devient siantou ein,1
"Mgri là cest luniversité des gens qui veulent seulement renouveler le visa. Ya pas école laba, on joue seulement",1
Sabotage,1
Où sont les 12 nœuds du bâton de manioc?,1
Viens aussi jouer on voit,1
"Laisse. Dabord on mélange tous les camerounais ds la mm salle, peu importe le niveau. Genre amusez vous bien.",2
Pas vrai,1
Je ne suis pas venue en Russie jouer,1
Je vois les statuts de Gaius. Ya un seul nonCamerounais ds la salle et cest un russe il sappelle Nikita,1
Cest pas vrai juste du sabotage,1
Новые визовые программы,1
30kg available,1
yeuch,1
Et en bakalavre nous étions 4 Africain sur 31 élèves,1
"Le problème c'est que les Russes fuit beaucoup l'école, surtout les garçons",1
La plupart se sont inscrits en cours du jour juste pour ne pas aller en guerre,1
"Pour renouveler Visa y'a pas le niveau de RUDN en Russie,",1
Depuis que Rudn a le métro on ne respire plus a Moscou,1
C'est МГРИ pas RUDN,1
RUDN est encore plus bas,1
Le métro est même a Mgri,1
Cest le métro de rudn mr le président. Et ça porte le nom de rudn. Les gens de mgri viennent seulement njoter,1
Le Président dAsecam est dabord de MGRI,1
Il est allé porter les employés de 7g service pour faire genre ce sont ses camarades de classe. On connaît tes vrais camarades de classe This message was edited,1
Qui va le voter?,1
En commençant par toi,1
Aka laisse,1
Va verifier,1
Les njoteurs,1
On en parle du reste?,1
devant votre quelle université? Cest parceque tu ne connais pas les limites de rudn. Normal  mgri cest 1 bâtiment. Rudn a plusieurs bâtiments. Et le métro est plus proche de la faculté de philologie qui elle seule représente tout mgri This message was edited,1
console toi,1
Vous êtes de lautre coté de la route aka,1
Ceux qui ont déjà déposé le vng estce quil y avait un contrat qui vous invite à larmée svp?,1
Cest urgent,1
!!,1
237698329022,1
J'ai déposé ma part depuis il y'a 2 ans avant la guère,1
Mais pour la nationalité il y'a,1
Je n'ai jamais déposé le vnj mais je n'ai jamais entendu qu'il ya un contrat pour l'armée pour les demandant de vnj,1
Ok,1
Le message a circulé dans plusieurs groupe actuellement on te remet un contrat à signer,1
Daccord merci .,2
Certain ce sont plaint du fait de n'avoir pas pu déposer à cause de leur refus de signer,1
Les gens aggravent toujours c'est faut,1
"J'ai lu ça aussi, mais c'est contre la loi, ils peuvent faire un recours au tribunal et ils auront forcément gain de cause, ou alors ils impriment la loi qui leur permet de déposer pour le VNJ avec le RVPO et ils vont avec ça à l'immigration This message was edited",1
"Effectivement, ils ne peuvent pas forcer, ils n'ont pas ce droit là, et ceux qu'on force ont le droit de porter plainte",1
Si c'est possible donne la référence de la loi sa peut aider les autres a l'avenir,1
"Sur Internet la personne peut lancer une recherche, je n'ai pas trop envie de faire ça maintenant. Mais il faut faire une petite recherche",1
Le mot clé je vais le faire,1
"ВНЖ для тех, кто имеет РВПО выдается на основании пункта 1.1 статьи 8 Федерального закона от 25.07.2002 N 115ФЗ О правовом положении иностранных граждан в Российской Федерации.",1
Il faut maintenant correctement lire la loi pour mieux la comprendre avant d'aller faire un recours,1
"Il peut y avoir certaines nuances que les policiers là peuvent utiliser pour vous embrouiller, de préférence lire avec l'aide d'un juriste russe, si on vous dérange à l'immigration pour le dépôt This message was edited",1
Ok sa marche,1
30kg available,1
Foiré quitte ici,1
"Un gars qui déjeune à 700 roubles chaque matin, foiré?",1
Tu mange quoi avec 700 rouble?,1
Tasse  demi pain,1
1 million 400 de fcfa au pays besoin du rouble taux Google,1
Bjr,1
Je supporte pas les pasteurs escro,1
Le ministère russe des sciences introduit des subventions pour les étudiants étrangers dès l'année prochaine,1
Hmmm les russes se plaignent déjà quil y a trop dafricains à Moscou.,1
Je te dit,1
"Quand ils ont accepté notre frère camerounais comme Kdo à l'empereur, nous sommes restés calmes. Aujourd'hui on veut juste manger un peu sur ce qu'il a travaillé. Le vivre ensemble sera obligatoire",1
L'armée doit être bien fourni dans les plus brefs délais,2
Humm,1
Finalement ils veulent même quoi??,1
"Là où 79013886871 est déjà confortablement installée en Russie, tu crois qu'elle peut encore rentrer au pays pour y vivre? Hummm tu ne connais pas la fille là hein  il faut rentrer, elle va souvent venir en visite avec beaucoup de roubles en poche et le statut de mbenguiste",1
Cest parce que le Cameroun décourage,1
Lol ça décourage hein,1
Slt everyone,1
Ouais,1
"Est il possible détudier les filières telles que le sport , lart avec le probatoire? This message was edited",1
Massaaa,1
Merde,1
Lol c'est la vérité que tu dis comme ça ma chère,1
"Le pays là décourage au point où on ne veut même pas faire le bac, on veut déjà sortir, même si c'est pour venir signer le contrat pour l'armée russe, les gens sont prêts",1
Je te dis,1
Mais je me dis que cest parce que les africains commencent déjà aussi à déranger avec les histoires de drogues la que les russes veulent déjà nous vicé,1
On pleure chaque jour que la Russie  stress mais personne ne veut rentrer,1
"Tu as raison, le pb c'est que les africains sont pressés d'avoir l'argent, ils font tjr les faux trucs pour avoir l'argent facilement et rapidement et ça salit donc la réputation, du coup ils commencent à généraliser. Il y'a des avantages ici, si chacun se concentre, ou alors en communauté, les choses peuvent se faire ici et chacun pourrait manger, mais comme le gros coeur ne laisse personne, on préfère se faire du sale entre nous...",1
Exactement,1
Vraiment,1
"Pour dire quoi, que ceux qui étudient le sport ou lart sont des idiots?",1
"Je recherche des étudiants en filière ingénieurie  машиностроение, энергетическое машиностроение, ядерное ou агрономия, qui sont sérieux dans leurs études et que je pourrais recommander pour devenir des ambassadeurs de ROSATOM.",1
null,1
Pourquoi spammer un message qui peux aider par des inutilités ?,1
Je ne comprend le message,1
Le programme des ambassadeurs de Rosatom consiste de deux volets,1
"2 Outreach and Cooperation  Celui auquel jappartenais dans lequel on vous forme à tout ce qui tourne autour de la diplomatie, public speeches, présentation et autres. Vous assisterez ou accompagnerez des hauts représentants de différents pays avec lesquels Rosatom coopère.",1
Il est préférable que vous soyez au moins en deuxième année !,1
Pourquoi avoir supprimer la video que j'ai envoyé ? Je n'ai pas compris,1
Lol,1
"Il y a pas de problème frère, renvoi ta vidéo.",1
On entre dans quel université au Cameroun sans baccalauréat ?,1
"Le système russe ne reconnaît pas le bac, pourquoi comparer avec le pays? Et oui le probatoire te donne accès à quelle étude supérieur au pays?",1
Biensur si tu ne savais pas,2
Bon au Cameroun il y'a des gens qui font capacité en droit. C'est sans le bac,2
Explique bien cest quoi capacité en droit?,2
C'est équivalent a une licence ?,1
Tu peux devenir avocat avec?,1
On entre a INJS sans baccalauréat ?,1
"C'est une formation dans le droit, où on peut être inscrit sans avoir le Bac, mais suivre ses cours comme un universitaire. Je n'ai pas beaucoup d'informations là dessus, mais ça existe",1
Les gens pensent quils connaissent trop ici  laisse slment This message was edited,1
Est que en Russie on entré a université sans avoir finit le secondaire ?,1
Si oui quel université ?,1
"Je ne discute pas que sa existe, ma question est de savoir si tu peux sortir avocat avec ça ?",1
Cétait justement ma question,1
"Cest donc comme ça que vous êtes. Nous sommes des universitaires, on discute tout dabord pour sinformer. Il nest pas question de chamailladerie mais de dialogue.",1
Va rechercher sur Yandex?,1
Au mois tu as apris quon peut faire luniversité au Cameroun sans avoir le baccalauréat,1
"Réponds moi alors stp, peux tu devenir avocat et exercer avec la capacité ? Si oui, jaurais appris quelque chose aujourdhui.",1
Le truc cest que gar même si quelquun a raison faut aller doucement  on ne sait jamais,1
La nest pas le problème,1
Ces diplômes ne sont pas reconnus à linternational ! Elles nont même pas leurs équivalents dans le système russe.,1
"Oui, il y'a une formation колледж qui est l'équivalent d'une formation professionnelle pour ceux qui ne veulent pas finir l'école secondaire.",1
"Là ce sont des détails qu'il faut connaître, je n'ai pas d'informations là dessus",1
Fais très très attention à ce tu dis mon frère,1
Le колледж suit son cursus académique à lui personnellement.,1
Attention !!!,1
Jamais.,1
"Et je n'ai jamais dis que c'est pour ceux qui n'aiment pas l'école, c'est plutôt pour ceux qui veulent avoir une formation professionnelle, mais aussi en Russie c'est considéré comme inférieurs à ceux qui passent le ЕГЭ",1
"Avant de discuter, il faut bien comprendre ce qui est dit",2
"Ils postulent à luniversité, OUI! Mais pas en filière бакалавра!",1
Depuis je cherche lappartement on me dit non. Quon ne veut pas les étrangers cest fou,1
Mais pourquoi tu aimes les discussions sans fondement?,1
Tu as dis que колледж est pour ceux qui le veulent pas finir le secondaire !!!,1
Tu es près à miser combien? On mets 5 mille roubles?,2
"Lol je le dis par expérience, parce que je parles avec beaucoup de parents d'élèves qui préfèrent orienter leurs enfants au Collège pour ne pas faire le ЕГЭ, parce que c'est plus compliqué pour leurs enfants...",1
Je suis katika,1
Ekieeee tu es amusant hein,1
Je mise sur la personne qui va gagner entre les 2,1
Tu as étudié en bakalavr avec des gars qui ont étudié en колледж?,1
Cest ce que tu dis?,1
Dans la même classe?,1
C'est exactement ce que je dis. Et je sais ce que j'ai dit.,1
Et ça se fait,1
"Peutêtre même dans ce forum, il y'a des gens qui étudient avec des étudiants qui viennent du collège. Il faut te renseigner. En première année j'avais 3 camarades qui venaient du collège, on a eu le бакалавр ils on arrêté, moi j'ai continué",1
Pourquô se comprennent bien,2
"Je ne sais même pas pourquoi tu discute, tu as quel fondement qui te fait croire que ce n'est pas possible?",1
Tu es entrain de nous informer que tu as étudié à luniversité avec quelquun qui a le BEPC,1
Je tai bien compris?,2
Tu n'as vraiment pas compris,1
Des bêtises,1
Je suis dépassée grand,1
"Mon amis ma copine avec qui je vivais à fait колледж, option vétérinaire",1
9й класс ils ont le choix de passer à 10й puis d'aller en 11й класс et composer le ЕГЭ. Ou encore il passe au collège où il fait 2 ans de formation et après ses deux ans de formation il peut postuler à l'Université.,1
"Il est possible que dans ton cas, la personne ait sûrement déjà étudié en filière специалитет après le колледж, et comme cétait une fille similaire, on a pu les permettre de recommencer en première ou deuxième année бакалавр",1
Je suis vraiment surpris de ce que tu me racontes là,1
"Pardon voici la documentation, allons lire",1
Чем отличаются колледж училище от университета и института,1
Колледж это среднего профессионального образования!,1
"Et toi tu me dis que tu as étudié en faculté, avec des détendants de BEPC",1
MINCE,1
Donne un peu le nom de ta filière et de ton université voire?,1
"Pour lhistoire de Deux ans de formation, je ne connais pas.",1
C'est exactement ça.,1
"Pas besoin, c'est valable dans toutes les universités de Russie.",1
"Sérieux man, tu nous embrouilles pour rien.",1
Et moi je parle du ciel nest pas? Je ne sait pas se que je dis? lol tu es amusant hein,1
Ceci est totalement vrai,1
Tu n'as alors vraiment rien compris hein frère  il faut te renseigner.,1
On introduit un Russe dans le groupe ?,1
Pour clarifier vos occupations?,1
"Non, je tai compris. On parle de la même chose Stephan",1
79913266102  tu as raison,1
Et le probatoire est équivalent a quoi en Russie ?,1
Этот главный вопрос?,1
Estce qu'il y'a l'équivalence du probatoire dans d'autres pays? Même au Congo il n'y a pas son équivalence,1
Jai cru que tu allais nous donner léquivalent,1
Ekie pourquoi?,1
Donc tu soutiens toujours quon peut faire luniversité dans le bacc?,1
Je t'ai pourtant donné l'exemple de la capacité en droit qui se fait à l'Université de dla,1
Tu veux seulement jouer aujourd'hui je vois ça,1
Toimême tu as conclus que les deux ans de колледж  donnent léquivalent du BTS.,1
Je joues quoi? Je suis dépassée seulement,1
"Laisses les histoires du Cameroun là, où alors quil aille faire capacité en sport ou art au Cameroun alors.",1
Mais estce que c'est le BAC?,1
Cest un diplômé supérieur au bacc,1
"Oui, tu as raison",1
"Pourquoi tu veux déranger? J'ai répondu clairement à la question posée, le reste n'est qu'une discussion pour chercher à avoir raison",1
Non non non,1
Bonne nuit massa,2
Jabandonne,1
"Lol oui c'est mieux, il n'y a pas de raison de discuter sur un truc qui est fondamentalement vrai.",1
"Oui on peut devenir avocat avec une formation en capacité après avoir eu une fin de formation capacitaire de 3 ans suivie de ton inscription au niveau 1,2,3 et ayant obtenu une licence en droit",1
Pour quelqu'un qui a le passeport russe est ce encore possible de renouveler son passeport camerounais??,1
La personne ne plus Camerounais,1
"Les pays étrangers acceptent la double nationalité, il es question de savoir l'enrôlement est tjrs possible? Et le passport sortira ?",1
"S'ils n'ont aucun moyen de savoir que tu as eu le passeport, alors théoriquement c'est possible, si tu as tous les documents nécessaires en ta possession This message was edited",1
"De toutes les façons il faut faire attention avec ces choses, parce que c'est en passant la doine que tu peux confirmer",1
"79002693886 pourquoi tu me guette comme ça? Théoriquement c'est possible, si tu obtiens un passeport étranger, et que personne ne le sais à l'ambassade, qui va t'empêcher de le faire?",1
En même temps j pense k c raisonnable avant lon devait renoncer maintenant plus besoin,1
Du cout,1
"Justement, si tu n'as jamais révoqué ta nationalité et que tu as obtenu le nouveau passeport, logistiquement tu pourrais renouveler ton passeport camerounais, surtout que personne ne le sait.",1
"À l'instant que vous parlez de ce pays mon oncle paternel Vient de m'appeler, il veut que je rentre au pays",1
"Tu peux sortir patate, citron, meme papaye",1
Tu es déjà passé a l'ambassade ou à un aéroport du Cameroun avec ton passeport Russe ?,1
Si oui c'est mort,0
Jamais frer,1
Vous deux vous avez raison ça dépend de la filière qu'il a fait au collège et son nombre d'années d'études,1
"We invite you to take part in the International School Olympiad of MGIMO for foreign applicants, which allows them to study at the University on a budgetary basis.",1
THE INSPIRING STORY OF DHL,1
bonjour a tous svp qui ici a le formulaire de demande de bourse russe,2
La bourse a déjà commencé ??,1
Non,1
Comme elles ont la noix de coco à la place du cerveau  elles peuvent donc comprendre le message simplement ?,1
"Je suis en partance pour le cameroun.... et j, ai enormement des kilos....Je suis pret a payer un billet aller gratuit a qui le veut, la seule condition est que nous voyageons ensemble et que tous ces 23x2 kg me reviennent",1
"Bonjour, pour quelqu'un qui veux rentrer",2
Le billet est allerretour?,1
Ah ok je vois,1
"Si c'est aller et retour, ok",1
Tu par quand?,1
Tu as prévu partir quand exactement?,1
1 à 250?,1
Le lot de 4,1
I am depassated,1
la petite de,1
Ton adresse si possible,1
Marché Nkoabang,1
alain,1
C'est écrit,1
Génial,1
"Oui j'ai vu, je l'ai signalé après",1
null,1
La constipation,1
Ça ne me concerne pas,1
Mange tout tu viens on monte sur la balance,1
mes nouveaux ont préféré m'apporter les chips. Les cons,1
demande tranquillement,1
Cest combien ?!,2
On ne vend pas. On mange. Cest une fois lan,1
Ta part aumoins est sucrée massa.,1
La personne qui veux manger m'écris,1
Mouwa,1
je veux manzer,1
Rien pr tw,1
Je ne te demande pas.,1
Je veux,1
J'attends toujours,1
Merde donc c'est comme ça qu'on peut tous vous avoir!?  massaaaaa tout le monde?,1
Moi aussi,1
Tu attends koi,1
Et toi non nespas,1
On sert d'abord à quoi sur cette terre,1
Ca a ses 12 mengeuk?,1
"Moi j'avais déjà dit depuis que pour m'avoir, c'est la nourriture, surtout le couscous gombo. Mais je ne savais pas qu'on était nombreux dans ce cas comme ça",1
Le repos,1
Ahn. J'attends Donc,1
Moi,1
Sérieux  ?,1
Kiss la cest quoi?,1
Oui oui,1
Les Chewinggums mentholés,1
Ah ok. On vend ça aussi en Russie ?,1
"Non, mais je crois que la fille qui a les bâtons vend aussi ça mais en détail",1
Le cube magie pour taper les oeufs,1
Journée complète,1
Tout toi,1
Elle ajoute les chips de plantain,1
Fleur  Tsuippps,1
"79913266102 cherche une autre femme bro, cellelà va te casser la tête",1
Moi j'ai déjà compris ça depuis hein bro  c'est ellemême qui va trouver sa rivale,1
Qui? rivale mon œil,1
"Tu ne t'occupe pas bien de moi madame  tu manges tes chips, tu ne sais pas que ton gars veut aussi!?  tu m'a démandé si je voulais goûter?",2
Et pourtant le bon gar na même pas besoin de demander elle loblige même à manger,2
Hopalooooo,1
Je te dis,1
Je veux cette fille. Elle est où ?,1
Ekieeee tu veux la fille ou les bâtons qu'elle vend?,1
Dumb way to die,1
I don't die.,1
Jai équivalence de 20k en rouble la personne qui veut me dit seulement on fait ça vite fait,1
Tu send a mon numéro au pays je te balance ça vite fait ici,1
Au moins ils ont un savoir faire,1
Tout le monde a un savoir mais là particulièrement il ne s'agit pas de ça !,1
"If you missed our zoom meeting today, no worries!  It's now available on YouTube.  Subscribe and watch till the end",1
Bonjour,2
Bonjour,2
décolle,1
"Le Hezbollah libanais a confirmé la mort de son chef, Hassan Nasrallah, qu'Israël a affirmé avoir tué la veille dans une frappe sur la banlieue sud de Beyrouth",0
De nouvelles frappes aériennes israéliennes sont signalées dans le sud de Beyrouth,1
Lopération militaire visant à assassiner Hassan Nasrallah a été nommée  New Order  par larmée israélienne.,1
"Tsahal a également déclaré que le commandant du Front Sud du Hezbollah, Ali Karaki, et d'autres responsables ont également été tués dans l'attaque contre le bunker ou se trouvait Hassan Nasrallah à Beyrouth.",1
L'agence de presse officielle irakienne rapporte que les vols irakiens à destination et en provenance de Beyrouth sont suspendus jusqu'à nouvel ordre en raison de la situation sécuritaire actuelle au Liban,1
Le RoyaumeUni demande à ses citoyens de quitter immédiatement le Liban et d être prêt a évacuer Israël.,1
Le PM israélien Netanyahu a donné l'ordre de bombardement depuis New York.,1
Le Conseil suprême de sécurité nationale iranien a convoqué une réunion de sécurité,1
"Selon Kan News, le commandement du front intérieur des forces de défense israéliennes a commencé à appeler des réserves. Les militaires ont reçu le message suivant  Nous avons intensifié notre préparation après l'attaque du quartier général principal de Dahiya. Nous ne savons pas si Nasrallah est là, nous mobilisons tout le bataillon.",1
"Le Leader de la république islamique d'Iran, l'ayatollah Ali Khamenei, fera prochainement une déclaration sur les développements au Liban",1
"qui est Hassan Nasrallah? ,",1
"Un responsable iranien a déclaré à la chaîne américaine NBC que Téhéran pourrait envoyer des forces au Liban dans les prochains jours, comme en 1981, pour lutter contre Israël.",1
Humm,1
"Hassan Nasrallah est né le 31 août 1960 à Bourj Hammoud à l'est de Beyrouth. Aîné d'une famille de neuf enfants, son père, Abdel Karim, épicier de son état, est membre du Parti social nationaliste syrien. Sa famille, très modeste, est de confession chiite mais peu portée sur la religion",1
Le mouvement de résistance palestinien Hamas dénonce l'assassinat par Israël du secrétaire général du Hezbollah Seyyed Hassan Nasrallah,1
"Jihad islamique  le martyre de Nasrallah ne fera que renforcer la résistance au Liban, en Palestine et dans la région",1
Le Premier ministre irakien annonce trois jours de deuil national après le martyre de Nasrallah,1
Tsuippps,1
Bsr à tous voila une  bourse d'étude belge.,1
"Après plusieurs revendications, ils sont prêts à donner à l'Afrique deux sièges permanents au Conseil de sécurité de l'ONU, sans droit de veto.",1
"Joyeux anniversaire, NICK JORDAN NGOBA NZOUEGO!",1
Bjr,1
C'est qui s'il vous plaît,1
4917684488273 hbd,1
Joyeux anniversaire  mon cher compatriote.,1
Joyeux anniversaire,1
Happy birthday man,1
Tu attendais que jécrive?,1
C'est chercher des problèmes sans solution oh,1
Heureusement que tu es tjr prêt à assumer,1
Un way que avec kollo tu validais ta soirée propre,1
Je te dis mon gar,1
Massa,1
Merde  je suis prêt à tromper 79013886871 pour ça  après je vais demander les excuses elle va accepter,1
Dbr,1
La loi du abord ensuite le reste on verra,1
Mtnan si ce n'est pas 10k tu ne peux pas vivre ça,1
gar kelkun vas faire poissons braisé avec manka à  1000p,1
Ça n'a pas le même goût dion,1
C'est gâter le plat,1
On fait avec,1
Le reste c'est dans la tête,1
Je te dis alors cest officiellement et officieusement fini entre nous aujourdhui!,1
Toi tu es même comment? Je blaguais seulement non,1
Elle blague bro c'était pour voir si tu l'as yamo grave,1
Je sais. Mais cest fini quand mm,1
Les rageux vont postuler grave mtnan,1
Alain est déjà là,1
Voilà,1
surtout quand il y'a beaucoup ma tomate dedans même en boîte,1
BurkinaFaso,1
"Les Forces armées russes ont pris le contrôle du village de Makéevka en RPL, selon le Ministère de la Défense de la Fédération de Russie.",1
les rebelles Houti du Yémen revendique avoir frappé Tel aviv  capitale d Israël avec les missiles de pointe This message was edited,1
La Résistance islamique en Irak publie des images du lancement simultané de deux missiles de croisière Arqab vers deux cibles distinctes en Israël.,1
des roquettes en provenance du Liban frapper la ville portuaire palestinienne occupée de Haïfa,1
Ministère libanais de la Santé 105 morts et près de 360 blessés dans les frappes israéliennes dimanche au Liban,0
L'armée israélienne,1
"L'armée israélienne affirme avoir utilisé des dizaines d'avions de l'armée de l'air pour attaquer des centrales électriques et un port, qui servent à importer du pétrole.",1
"Après plusieurs attaques israéliennes, des victimes sont signalées dans les régions de Baalbek et de la vallée de la Bekaa, à l'est du Liban.",1
Des manifestants irakiens sur le pont à côté de l'ambassade américaine à Bagdad.,1
La Résistance islamique en Irak revendique la responsabilité d'une attaque de drone dans le sud d'Israël.,1
"L'armée israélienne annonce l'assassinat de Nabil Kwak, commandant de l'unité de sécurité préventive du Hezbollah, suite à une frappe aérienne hier à Beyrouth.",1
"Vladimir Poutine a présenté mercredi une révision de la doctrine nucléaire, dont les conditions sont plus précises",1
Le parti prorusse remporte les élections en Autriche,1
Bonjour à tous besoin d'une dame de ménage de 8h à 16h ou 13h21 2500 rouble par jour.,2
Bonjour à tous besoin d'une dame de ménage de 8h à 16h ou 13h21 2500 rouble par jour.,2
Bonjour à tous besoin d'une dame de ménage de 8h à 16h ou 13h21 2500 rouble par jour.,2
How to enjoy your stay in Russia,1
Bonsoir. Svp quelqu'un vend le kaolin ici?,2
Oui,1
C'est pour les gens qui vivent à Moscou city  ?,1
Je Wanda qu'on quitte de 57 pour 120?,1
C'est pour le bateau,1
Oui je sais,1
This message was deleted,1
Пойдём кататься?,1
Tu es enceinte?,1
"J'avais envie de poser cette question, mais j'ai eu peur, je connais un peut le regard de 237652314087 qui devait m'influencer, elle allait sortir mon dossier ici  j'attendais qu'un courageux demande",1
Donc c'est seulement les femmes enceintes qui mangent du caolin,1
A ton avis ?,1
Non,1
peutêtre ehh,1
J'ai déjà vu des hommes qui mangent,1
tu mets ta bouche dans mes choses?,1
Je suis dépassée,1
Donc ils sont enceintes alors ?,1
Donc 79013886871 est enceinte alors??,1
Les woubis,1
Nooooo que je comptes sur quoi?,1
Tu es sûre que c'était des hommes ?,1
Hummm donc elle fait?,1
Donc ton courageux c'est moi quoi?,1
ta chance,1
Elle mange,1
Comme le saint esprit a enceinté la femme de Joseph. Lui il a vu que c'est sur toi il va se venger? Hummmm,1
"Moi toi, pour le mal je dis qu'il m'a demandé les nudes.",1
Bonsoir à tous . Svp qui connaît une banque à Moscou qui prend les billets deuros un peu défectueux?,2
Aucune. Moi jachète à moitié prix si tu es vraiment dans le besoin,1
Ok cest noté,1
"Bonsoir , jai envie denvoyer une enveloppe au Cameroun",2
Try sberbank югозападная,1
Thank you so much,1
null,1
Un billet en jouet,1
YaoundeDoualaMoscou,1
L'affaire des billets là peut être un bon business hein,2
massa,1
Chacun ecrit pour lui et publie seulement,1
Nous on aime lire,1
С'егtait pourtant facile,1
"Mark Rutte, ancien premier ministre néerlandais, prend le 1er octobre 2024 les fonctions de secrétaire général de lOtan",1
Israël lance Opération terrestre limite de l'Armée dans le sud du Liban,1
L'armée israélienne met en œuvre les plans qu'elle a élaborés au cours des derniers mois,1
"Selon Reuters, l'armée libanaise sest retirée d'environ cinq kilomètres de ses positions le long de la frontière avec Israël, en raison d'une possible invasion",1
Des combattants du Hezbollah ont tiré sur des militaires israéliens près de la frontière,1
Le  combattants du Hezbollah ont dit avoir frappé la base aérienne israélienne de Meron abritant un centre de contrôle des opérations aériennes,1
95 personnes ont été tuées et 172 ont été blessées en 24 heures au Liban,1
"En raison de la situation sécuritaire, l'Allemagne a décidé d'évacuer son personnel non essentiel, ainsi que les familles des employés de l'ambassade  au Liban et les ressortissants allemands présentant des fragilités médicales",1
"La situation est très grave ce soir, mais heureusement on n'en est pas encore là",1
"Le Pentagone a annoncé l'envoi de plusieurs milliers de soldats supplémentaires au MoyenOrient pour renforcer la sécurité et défendre Israël si nécessaire, notamment des escadrons d'avions de combat F15E Strike Eagle, F 16, A10 et F22 et le personnel nécessaire pour les soutenir.",1
"Le PM israélien Netanyahu adresse un long message au peuple iranien, intitulé Le peuple iranien doit savoir qu'Israël est à vos côtés.",1
"Netanyahu affirme que la fin du régime iranien est proche Les tyrans iraniens ne se soucient pas de votre avenir, mais vous, oui. Quand l'Iran sera enfin libre, et ce moment arrivera bien plus tôt que ce que les gens pensent, tout sera différent. Nos deux peuples anciens, le peuple juif et le peuple perse, seront enfin en paix.",2
les Houthi au Yémen annonce l'abattage d'un autre drone américain MQ9 Reaper au Yémen,1
"Selon le Président turc Erdogan, l'Assemblée générale des Nations unies devrait recommander le recours à la force, conformément à une résolution adoptée en 1950, si le Conseil de sécurité de l'ONU ne parvient pas à mettre un terme aux attaques israéliennes à Gaza et au Liban.",1
"Les Houthis du Yémen annoncent avoir frappé avec des drones des sites militaires à Tel Aviv et Eilat, en Israël",1
Le Hezbollah frappe différentes bases et colonies israéliennes dans le Nord,1
Le Hezbollah affirme avoir ciblé un rassemblement de soldats israéliens sur le site de Matla avec des obus d'artillerie,1
Huit personnes tuées dans une attaque israélienne contre un centre médical dans la région de la Bekaa au Liban,1
Plusieurs roquettes tirées sur une base américaine à Bagdad,1
Le mouvement de résistance libanais Hezbollah se dit prêt à rendre la vie dure au soldats Israéliens  si Israël entre au Liban par voie terrestre,1
Merci,2
"La Russie  condamne fermement l'attaque israélienne contre le Liban et appelle Tel Aviv retirer ses troupes du territoire libanais, a déclaré le ministère russe des Affaires étrangères",1
La durée du congé académique pour les étudiants étrangers peut être réduite à 120 jours,1
Massa,1
Quand on dit 120 jours la c'est pour résoudre quel problème pendant 120 jours,1
Donc vous vous croyez que vous etes plus intelligent que les Russes heiiinnn...,1
Dc 79525913298 est ds le grp ci??,1
Le CGRI iranien affirme avoir commencé à frapper des cibles militaires importantes avec des dizaines de missiles,1
Cest quoi cette rage,1
Vague massive de missiles iraniens vers les villes israéliennes.,1
Les gardiens de la révolution,1
Médias israéliens  plus de 100 missiles lancés depuis l'Iran,1
"Les responsables américains estiment que lattaque iranienne contre Israël sera plus complexe à arrêter que celle de ce printemps, impliquant peutêtre des centaines de missiles balistiques à longue portée, ainsi que des drones et des missiles de croisière.",1
Les alarmes sonnent à nouveau à TelAviv et dans presque tout Israël.,1
"Une fusillade a eu lieu à Tel Aviv, a rapporté le service de presse de la police israélienne.",1
Tel Aviv cest où?,1
Capital Israël,1
Le CGRI affirme qu'Israël sera confronté à des attaques dévastatrices s'il répond à l'attaque iranienne,1
"L'Iran est déjà  environ 400 missiles sur Israël, selon le Jerusalem Post.",1
Joe Biden a ordonné à larmée américaine d'aider Israël à repousser les attaques iraniennes.,1
Rapports  c'est le début des représailles iraniennes très attendues contre Israël  qui commence avec le tir de missiles balistiques,1
Médias israéliens  les missiles iraniens frappent Tel Aviv et Qods,1
"Le CGRI affirme avoir lancé  des dizaines de missiles balistiques  contre  d'importantes cibles militaires et sécuritaires au cœur des territoires occupés, dont les détails seront évoqués plus loin .",1
Vague massive de missiles iraniens vers les villes israéliennes.,1
Netanyahu et Poutine auront un échange téléphonique ce soir  rapporte Ynet israélien.,1
Les sirènes retentissent actuellement jusqu'en Palestine occupée,1
Au moins 5 colons tués et 20 blessés dans les tirs de la Résistance en cours dans la rue Qods à Tel Aviv,1
Je pense que ça devient déjà du spam mon frère. Diminues la cadence sil te plaît!,1
Stp informe nous aussi sur le NOSO. laisse l'autre la comme ça,1
Tu crois que toi tu es petit pour faire ça ? Vous êtes trop comme ça,1
Le quartier comme ça,1
Je suis petit grand,1
Le pays,1
Tu vas lire. Forcé,1
En 120 jours une femme peut tomber enceinte jusqu'à accoucher. This message was edited,1
79525913298 n'a jamais écrit dans ce groupe,1
Merci,2
le type ci,1
Sa fait souvent comment dans ta tête ?,1
Avant daccoucher mon premier enfant jai porté 10mois! Il ne sait mm pas,1
Aaaaa si c'est mon fils même 90 jours il sort mûre comme la mangue,1
compliqué à expliquer,1
Le deuxième sera x 2,1
Demandez toujours vos problèmes à Dieu comme ça,1
Ooooh,1
Elle a l'éducation de ma future femme. Voilà une vraie femme forte!!! Pas les indephhbgcckfkvn,1
Merde minimum une femme qui peut me porter comme la femme ci,1
On trouve le genre de femme ci ou?,1
La 3e guerre mondiale quon attendais en Ukraine vas commencer en Israël This message was edited,1
180 missiles,1
Faut qu'on aille en chine,1
A partir de la on trouvé des billets pour Yaounde et Douala,1
Не знаю,1
"Sur playstore, tu télécharges et paramètres d'après tes goûts",1
Je pense que cest scénarios de guerre mondiale qui commence déjà,1
Netanyahou,1
"Le siège du Mossad, situé à TelAviv, a été rasé par des missiles iraniens.",1
"Le département d'État des ÉtatsUnis qualifie l'attaque iranienne contre Israël  d'éhontée et inacceptable  et appelle  chaque nation du monde entier à se joindre pour la condamner , ajoutant que l'Iran a  défendu une organisation terroriste .",1
Donald Trump,1
Wall Street Journal,1
Ministère iranien des Affaires étrangères,1
Ministre iranien de la Défense,1
"L'Iran, en cas d'attaque des alliés d'Israël, frappera leurs bases au MoyenOrient, a rapporté l'étatmajor Iranien",1
Israël prépare un  plan de Riposte,1
La communauté internationale condamne les tirs de l'Iran sur Israël,1
Au moins 155 morts aux EtatsUnis après le passage de l'ouragan Hélène,0
"L'épidémie de fièvre de Marburg qui s'est déclarée au Rwanda en septembre menace d'affecter les pays voisins, notamment la République démocratique du Congo RDC, la Tanzanie et l'Ouganda. C'est l'Organisation mondiale de la santé OMS qui a lancé l'alerte.",1
Le matter cest que lIran à déjà le nucléaire de façon non officielle et tu connais bien les pays arabes ils sont pas dans le bavardage quand sa va cuire sur eux ils vont lutiliser,2
La 3e guerre mondiale,1
"Ce qui me plaît, est que le tour si. Si une guerre s'éclate, on ne viendra plus nous déportés de l'Afrique pour une guerre en Europe.",1
"Aujourd'hui, à 10h40, des sirènes retentiront dans toute la Russie. Le système d'alerte et les émissions de télévision et de radio seront vérifiés.",1
Bonjour Ya til un étudiant de МИФИ   Moscow Engineering Physics Institute MEPI ici ?,2
Je voulais savoir si tu connaissais un hôtel où je pourrais aller prendre une chambre pour une nuit pour qu'ils me fassent un enregistrement ?,1
Il y a un au métro taganskaya. Je vais essayer de le retrouver et tenvoyer,1
"79913266102 Yes qui peut imaginer qu'en hiver, un courrier est mieux payé qu'un médecin dans ce pays??? 79013886871 explique moi un peu",1
Pkw moi,1
Oui,1
"Lol le pays ci est un peu comme le Cameroun, parfois les métiers qu'on doit respecter, on les néglige au point où les gens en souffre. C'est pourquoi les gens n'aiment pas aller se soigner à l'hôpital gratuitement avec l'assurance ОМС, ils préfèrent payer une clinique privée, parce que même le personnel médical ne gagne pas grandchose. Il y'a aussi l'enseignement  quand on m'avait proposé dans mon Université de donner quelques cours, pour assister, même mon directeur de thèse m'avait dit à côté, que financièrement, que je n'attende rien dans l'enseignement, ici il faut seulement être un passionné",1
Laver les assiettes c'est 3500r la journée 30 c'est 105000r,1
"Je t'assure  parfois les gens sont en veste dans les bureaux juste pour le statut, sinon il y'a des gens qui font plus d'argent dans les petits jobs hein",1
800 milles au pays  salaire d' un député,1
C'est maintenant que vous comprenez que les travaux sales  c'est à dire où ne salit le corps paye tellement que les travaux de bureau ?,1
C'est la magie noooo,1
"On a compris ça depuis, sauf qu'on ne veut pas facilement intégrer ça dans nos têtes",1
"Continuez donc de ne pas intégrer et discuter  le poste de bureau avec le russe. Un laveur d'assiettes gagne généralement plus que le ménager dans la même entreprise et tu verras comment le manager va crier sur lui chaque fois. Pire si c'est une femme, et elle fera tout pour Niasse avec lui et se mettre en couple avec lui pour qu'il paye certaines factures chez elle.",1
Cherchons l'argent et la matière grise pour rentrer construire notre pays et continent .,1
"Non en fait en dehors du salaire, il y'a la carrière. Le salaire peut être petit, mais en fonction de ton expérience, tu peux prétendre à plus, et plus tu as de l'expérience dans ton domaine, plus tu peux te vendre plus cher, et c'est un plus.",1
On  ne compare pas les salaires des employés de pays différents car ces pays n'ont pas la même situation économique. tous les salaires sont faits en fonction de la situation économique de chaque pays les expat  sont payés en fonction de la situation économique leur pays,1
"Je ne penses pas qu'il faisait une comparaison concrète, il faisait probablement un rapprochement pour montrer l'équivalence que ça fait en FCFA, pour dire que c'est quandmême beaucoup d'argent",1
Je comprends sauf que dans ce pays c'est pas vraiment le cas. les Russes ont beaucoup à apprendre pour l'intégration des étrangers et en particulier des noirs. Ici c'est pas l'Europe ni les USA  système d'intégration.,1
Apres ça tu fais trois tour a Achan l'argent est fini,1
Voilà...,1
Pour celui qui veut la vie de luxe,1
Tu peux toujours tout garder et boire l'eau sucree,1
"C'est pareil au Cameroun aussi, une personne travaillant plus de 20ans dans la fonction publique ayant un salaire de 400000fcfa va en retraite sans terrain ni une retraite assurée. Tout dépend de comment tu gères tes entrées financières.",1
CNPS,1
Tu peux te ravitailler à fixe Price,1
Va faire un tour la bas et tu reviendras me dire.,1
lol donc cest lEurope et les États Unis qui ont des systèmes dintégrations?,1
Apres asecam va ouvrir les quetes pour un frere qui a une maladie la,1
Mieux je considère que j'ai lu ta question.,1
Donc c'est ashan qui vend des produits dont une personne ne tombera pas malade?,1
Genre les russes doivent ce casser pour nous rendre la vie confortable dans LEURS pays!,1
Posonsnous un peu les bonnes questions,2
Tu n'as rien compris dans mes propos.,1
Lesquelles ?,1
Je te prends un exemple un noir peut être maire en Russie même ayant le passeport Russe ? Et pourtant en Europe ou aux USA cela se fait n'ayant même pas leur nationalité. Je t'écoute.,1
"Oui mon frère, il y a des noirs maire en Russie. Si tu doutes je tenvoie les preuves",1
Je te prends encore un phénomène ressent que tu ne vois pas  n'as tu constaté que les nouvelles lois qui sortent ces temps si sont dans l'objectif d'annuler le passeport aux étrangers ?,1
Envoie stp,1
Évitons de faire peurs aux autres en racontant des trucs que nous ne maîtrisons point!,1
Je te rappelle lorsque tu es maire ton nom est inscrit dans le site demoteur de recherche et avec ta fonction actuelle et ou passée. Stp envoie ici et nous vérifions,1
"Un noir peut être maire, il y'a quelques années, j'avais justement vu une émission où un noir était maire dans une localité ici en Russie, je ne m'en rappelle pas, mais c'est possible",1
"Vasy, vérifies alors. Et il nest pas le seul sil te plaît",1
Je vais vérifier .,1
D'accord,1
Wikipedia,1
D'accord. Je vais vérifier,1
Pour l'instant c'est le seul d'après ce que je lis.,1
"Les frères et sœurs, SURTOUT LES NOUVEAUX !",1
On a le même Google conversion?,1
yeah,1
"Étudiez, aillez une vie active, apprenez la langue russe, intégrez vous et pénétrez des milieu qui daprès certains ne sont pas pour vous.",1
Ekiee  c'est quel restaurant stp? Je veux aller travailler làbas,1
Cherche. Il y'en a. Moi j'ai vécu cela dans mes débuts.,1
"Maintenant, aux soit disant Anciens qui ne connaissent absolument rien des vrais réalités de ce pays, sil vous plaît gardez vos conseils pour vousmêmes!",1
Je crois en avoir même parlé au séminaire de RUDN,1
Hum ta ligne éditoriale  est plurilineaire.,1
Mince mon petit un aîné t'a arraché la femme?,1
c'est trop doux,1
"Bien évidemment grand doyen Jaques, je parles ici des doyens autoproclamés. Parce que ces nouveaux considèrent et appellent nimporte qui quils on trouvées ici doyens",2
"Vois alors lautre, après tu iras danser en blanc blanc à Triple X comme Lazare ressuscité...",1
Cest de ses autoproclamés doyens que je parle.,1
c'est sur moi que tu arrives maintenant? On est en train de te parler làbas bro,1
Pour mieux attraper le poulet il faut lencercler. Dans ce cas pratique on encercle ton cerveau en tinventant un problème que seul le créateur peut gérer. Si tu es un fille un peu jolie tu connais la suite norrr,1
Cest la guerre mon petit. Met toi à couvert!,1
"je vous regarde, c'est entre vous les doyens",1
flo montre ou j'ai écris tout cela. Je pense avoir formulé une question et non fait une affirmation. Donc ne deforme pas mes propos pour te donner raison de grâce.,1
"On ne regarde pas, c'est comme ça un palestinien regardais les missiles iraniens tombé hier jusqu'à... toup, l'epave est Tombé sur lui",1
"Cest ce que jai compris de tes propos, si tel nétait pas ton intention,",1
"Il n'y a pas de missiles ici, c'est intéressant de vous lire parce que vous avez tous raison! Tu as raison, il a raison!",1
voilà c'est encore là. Et par la suite je t'ai dis que je t'écoute. Tu as mis une information et je suis allé vérifier. Et je suis revenue dire que je lis cela aussi donc ce que tu as donné comme information est valable. En aucun cas je me suis prononcé comme doyen et sabitou. J'aime être clair dans mes propos.,1
Compris,1
Merde  This message was edited,1
Voilà que tu expliques bien.,2
Je pense quil va falloir créer un comité de motivations et soutient moral dans Asecam.,1
Moi je ne condamne pas le pays totalement mais je dis que l'intégration des africains pour le moment dans ce pays est encore difficile comparée à ceux de l'Europe et des USA. Mais cela ne veut pas dire que tu vas rester dormir chez toi pour que le bonheur vient te trouver. chacun doit se battre pour avoir et mériter le bonheur qu'il veut. Partout c'est dur.,2
Pardon si c'est juste pour tchop les portes de mon domicile sont open h24.,1
Некрасовка c'est bon?,2
Бегу,1
Tu ignores quoi mon petit?,1
Yep,1
Écoutez,1
Ok j'arrive,1
On peut choisir le menu nous même? Je sais que tu as les bobolos,1
Oui on va relancer le grand débat pour cela,1
D'ici la fin de ce moi,1
Qui vend les bobolos ?,1
"Je ne sais pas qui vend ça ici, mais il y'a souvent des gens qui mettent des annonces de ce genre ici souvent",1
D'accord bro,1
Tu es a RUDN?,1
Non.,1
Si tu as une information tu me donnes stp.,1
"Non, je voulais te donner un ou deux bâtons de ma réserve personnelle",1
D'accord je comprends frère. Merci beaucoup de ton geste et  de ta volonté.  This message was edited,2
Cest la famille,1
Bienvenue  à notre frère JohnKevin,2
Merci,2
Où ça ? Je cherche un boulot de 3500r s'ilvousplaît la nuit si possible,1
Israël déclare le secrétaire général de l'Onu Antonio Guterres persona non grata en Israël et lui a interdit d'entrer dans le pays,1
L'Autorité israélienne de radiodiffusion rapporte que le cabinet de sécurité a décidé de mettre en œuvre une réponse sévère à l'attaque iranienne.,1
The answer is no.   Joe Biden refuse de soutenir une attaque visant les sites nucléaires iraniens.,1
La Russie  envisage d'annuler les visas pour plusieurs pays africains,1
Bonsoir . Quelquun a til le diplôme de traduction переводчик ici ?,2
Oui,1
Mais laisser à Rudn jai pas retiré,1
Il y a un gombo?,1
OuiOui,1
Oui,1
C'est pas le diplôme là qu'elle demande,1
Le diplôme là c'est pour quelqu'un qui a étudié cela à l'université dans la filière destinée pour ça...,1
Pour RUDN c'est le quartier c'est plus utilisé à l'international,1
On étudie sa à Rudn même diplôme de professeur de langue russe,1
À Rudn même pas lécole de derrière la,1
Oui mais y'a un là qu'on donne a tout les diplômés de RUDN c'est de l'autre là que je parle,1
Ok,1
"mais tu Chiba ton bon PTT tout à l'heure, c'est pas bon",2
Dors,1
Avec tous les garages que je vois partout là?,1
Hmmm,1
tu m'as snobé aujourd'hui,1
Moi ci?? Où??,1
"Ici, je t'ai laissé un message important dans l'après midi",1
Massa,1
Jai pas lu oh,1
Jai pas vraiment lu les messages aujourdhui pardon tague,1
Non ma femme m'attends  pas assez de temps,1
"Mon bon petit, moi j'ai le droit. Que celui qui peut essai aussi",2
Attend on a peut être la même femme hein...,1
Massa 2007?,1
La Russie doit déjà te payer einnnn,1
En réalité c'est une photo de 2010,1
L'anniversaire de RUDN AU KREMLIN,1
Please where is the Embassy of Cameroon in Russia Moscow...!?,1
Etoudi,1
Посольство Республики Камерун в Российской Федерации,1
23 kilos a vendre Moscou yde,1
79254221957,1
Mon chat me plaît que ma go. Mon téléphone mon camon 19 mon combat. This message was edited,1
Cote d'ivoire,1
"C'est un visa touristique?  les choses qu'on demande là, les étudiants peuvent avoir tout ça?  ou alors c'est une fiche générale pour tous les types d'entrées?",1
Cest sérieux?,1
Aiiiiiii chez eux la c'est meme plus difficile que le visa d'entree en France dehhh,1
79013886871 je te présente le métro de МГРИ,1
Si pour les ÉtatsUnis on a la solution c'est pas pour la Russie qui va nous dépasser. On gère tout ça à bonasse,2
Les dépôts des candidatures pour le quota du gouvernement russe commenceront le 7 octobre,1
Pour tous ceux ki auraient des amis nigérian il ya 23kg 2 en provenance de lagos pour l'Allemagne en date du samedi 5,1
Bsr!,1
Oui obligatoirement,1
Daccord merci. Jirai à lambassade demain alors,2
Bientôt 8h15. Depuis là tu nas trouvé personne?,2
Il fait froid,1
Tres froid,1
Mieux vaut rester au chaud même si on a faim This message was edited,1
Pour devenir quoi a la fin ?,1
"Si tu meurs dans le froid, tu vas devenir quoi?",1
Moi dabord je vois métro skobelesvskaya. Je déjeune à 800. Taxi retour 1300 car je serai bien fatiguée. Il reste 700. Je ne peux pas travailler une journée pour 700. En plus ds le froid This message was edited,2
tu fais à qui? Mdr,1
Tu manges beaucoup comme ça mais toujours skinny,1
Cest pas lambassade qui légalise le casier judiciaire du rvpo.,1
Travail de chantier la quon on met 2800 ça veut dire quon a coupé 200 sur chaque têtes?,1
Cest une longue procédure comme ça?? Et pkw personne na jamais bien expliqué ça ici ? Dc je dois renvoyer mon casier judiciaire au pays pour légaliser?,2
Oui!,1
Ok merci,2
"Cest une très longue procédure, lobtention du rvpo en général je veux dire. This message was edited",1
Qui descend au pays ces jours ci pardon?,1
Hmmm mieux je laisse mm. Toute façon je suis déjà en règles,1
À toi de voire! Mais je conseillerais à tout ceux à qui ils restent 12 ans pour terminer leurs études de lancer déjà leur procédure dobtention de rvpo,1
"Le Minrex uniquement, s'il est légalisé par l'ambassade de Russie au Cameroun. Plus besoin d'aller à l'ambassade du Cameroun en Russie.",1
Voilà la bonne information,2
"Okay merci, sûrement la procédure à changer. Jai fait le mien il y a presque 3ans",2
Partagez donc la bonne information actualisée à tout le monde,2
"En fait il y'a deux possibilités, mais le mieux c'est de légaliser à l'ambassade de Russie au Cameroun, ouis ici emmener cher le traducteur, puis chez le notaire et c'est la traduction notariée, olus l'original que tu emmène à l'immigration",1
Vraiment. On parle de tout ici sauf des vrais trucs,1
"Pareil pour ceux qui récemment on fait leur VNJ, partagez la bonne information pour tous.",2
Si linformation avait été partagée depuis je nallais pas faire venir mon casier judiciaire sans toute fois passer par le minrex  This message was edited,1
Il y'avait le rvpo il y'a 3 ans?  ou alors tu parles du casier judiciaire?,1
il fallait demander,1
question,1
Il y a presque 3 ans!!!,1
Jai demandé on ma dit juste il faut le casier judiciaire,1
Pourquoi tu aimes les discussions inutiles?,1
Il fallait dc que je prenne mon casier judiciaire pour demander la suite,1
бл,1
"Si personne ne pose les questions, qui saura qu'il y'a des gens qui rencontrent des pbs? Moi je fais tjr les efforts de répondre aux questions de ce genre dans plusieurs groupes, quand j'ai l'information, surtout quand il y'a le besoin",1
Maintenant si mon casier expire il va falloir que je dérange encore les gens au pays pour faire un autre,1
Le casier judiciaire a une validité de combien de temps svp ?,2
"Que de renvoyer Celuilà, mieux tu fais un autre et tu légalises directement.",1
"Je poses une question normale tu appelles quoi discussion inutile? Tu as parlé de 3 ans ou presque 3 ans j'ai voulu comprendre de quoi tu parles, tu dis que je discute? Donc on ne doit pas poser les questions, c'est qu'on fait les discussions?",1
"Les informations importantes, surtout dont le prikaz change à tt moment, écrivez ici et vous épinglez. Car les gens ont à la base un manque dinformations.",1
"Javais déjà commencé la procédure du rvp normal, avant de recommencer celle du rvpo dès que la nouvelle lois est entrée en vigueur.",1
3 mois,1
Moi 2. Le premier que jai fais a mm expiré avant que je ne récupère,1
Si une personne qui fréquente en cours de soir à l'obtention de son diplôme peut aussi le faire ?,1
Et je fais quoi de celui ci?,1
Il est écris dans ton prikaz очное обучение?,1
"Exactement, beta qu'elle fasse seulement un autre qu'on va légaliser directement  le truc là j'avais fait ça au moins 3 fois aussi à une époque",1
"C'est juste pour gagner en temps et en argent. Renvoyer ça au pays te coûtera plus cher, le temps également ne sera pas en ta faveur. Faire un nouveau te donne plus de temps et ça ne prend rien en termes d'argent.",1
Tt ça à cause du manque dinformation,1
"Je suis sérieux avec le mien. J'ai fait 3, on a volé le premier. Le deuxième s'est expiré Sans que mon nouveau passeport n'arrive , je ne sais pas ce que deviendra le troisième  This message was edited",1
Donne la procédure pour le vnj avec le rvpo alors!,1
Non,1
Alors pardon dites nous directement ce quil faut du  passage au minrex jusquau lobtention. Épinglez pour que tt le monde vienne voir de grâce,1
Очно  заочно,1
Attention!,1
Alors cest NON,1
Not possible with this form of study,1
"Mais il faut poser les questions, on ne sait jamais. Moi aussi quand je veux faire un truc, je demande, si quelqu'un a une information, ça peut aider. En général personne ne vient te demander si tu as des pbs pour telle ou telle chose  c'est le malade qui a besoin du médecin chérie coco",1
Donc il faudra que je m'inscrive en Master очно après le diplôme si l'on veut postuler ?,1
Jai posé la question avant mm de faire le casier. On ma dit juste de faire le casier cest tt,1
Cest pour ça que je dis donnez toute linformation pardon pas demi demi,1
"Après la réception du casier judiciaire, tu te rends sur le site du Minrex pour payer les frais de légalisation en ligne, après cela tu imprimes la fiche, le joint à ton casier judiciaire et te rend làbas pour déposer. C'est 24h pour légaliser!",1
"Il faut faire la différence entre les cours en soirée, et les cours du soir заочное. Généralement, cette question revient beaucoup, pour ceux qui sont en заочно, ou очноезаочное...",1
Merci. Ensuite? Et quelquun peut le faire au pays à ma place? Ou alors il faut nécessairement ma présence,2
Ta présence n'est pas nécessaire. Tu peux commissionner n'importe qui,1
Explique nous chef,1
"Je dois te chercher pour mon passeport euinn. Je cherche encore la femme, dès qu'elle tombe on commence la consultation payante",1
79913266102 et 79996751961,1
Je ne parle pas de ce que je n'ai pas fait,1
"Quelquun ici atil eu son VNJ après le rvpo, svp partagez la procédure à suivre!",1
Jusquà présent personne na donné la procédure totale. Après vous allez dire quon avait pas demandé,1
Bref,1
Chacun pour soit,1
Je me disais que peux l'ambassade de la Russie ici à Moscow pouvais faire ça. Mais je me rends compte que c'est pas le cas.,1
Lambassade ne sert finalement à rien,1
Absolument à rien!,1
"Si tu as déjà un rvp ou un rvpo, tu n'as plus besoin de casier judiciaire pour postuler pour le VNJ , tu postule sur la base du RVP ou RVPO qui, lui a déjà vérifié ton casier judiciaire. Ça c'est de façon officielle. Maintenant il faut noter que dans toutes ces procédures, l'immigration se réserve TOUJOURS le droit de demander des documents supplémentaires en fonction de leurs besoins.",1
Linformation générale là je lai déjà.,1
C'est,1
"Je n'ai jamais fait de RVP ni de RVPO, j'avais eu mon VNJ avec le diplôme rouge, mais je me suis très vite informé sur les procédures juste pour ma culture personnelle",1
"Merci beaucoup. Jai bien compris. Donc en gros le casier judiciaire on peut faire ça à la fin, puisque ça a une période dexpiration.",2
Merci de la clarification.,2
Exactement,1
Justement lorsque tu as déjà tout les autres documents.,1
"Quand tu demandes aux gens on dit seulement casier judiciaire. Tu fais le casier judiciaire, tu attends un voyage pour faire monter ça, après tu pars faire les examens médicaux le casier est déjà périmé. Tu fais un autre, le temps dattendre le diplôme de langue le casier se périme encore. Tu fais lautre, le temps de faire un petit truc le casier est périmé . Tt ça à cause du manque de la bonne information  This message was edited",2
Voilà,1
"Tous les autres documents, tu peux les avoir en une semaine. Le plus stressant c'est le casier judiciaire  This message was edited",1
Cest pas stressant du tt,1
ok maaaah,1
Voilà,1
Personne nexplique jamais comme ça,1
Les gens font seulement dans les bac bac,1
Comme ci cétait le voyage de mbeng quon cachait,1
Merci,2
Sans te demander de payer la consultation?,1
Mais c'était un Naija quandmême,1
"C'est au cas où tu n'es pas sorti du pays si je ne me trompe pas, au cas où tu es sorti il te faut le casier judiciaire à nouveau",1
"Oui, tout à fait, c'est très bien de le préciser",2
800 rub ?,1
Ca ne nous effraye pas,1
Bonjour Ya til un étudiant de МИФИ   Moscow Engineering Physics Institute MEPI ici ?,2
Bjr,1
Je veux ajouter quelquun de le grp pardon mais suis pas admin,1
Il faut mm quoi pour être admin ici . Je fais partie du bureau nor. Cest pas suffisant?,1
Je ne mange pas largent des gars. Je mange mon propre argent. Je veux pas les maux de tête après.,1
Ko ooo tu as mangé mon argent et je n'ai même pas fait un coup,1
Nn cest pas ça les maux de tête dont je parle. Manger largent nest pas synonyme de faire un coup. Si tu veux un coup à un prix va chercher une waka oklm,1
Je parle dautre chose,1
This message was deleted,1
Jai beaucoup de contacts làbas mais pas étudiants camerounais.,1
Moi seul je t'ai expliqué plus fois,1
Sil vous plaît quelquun peut me donner le liens pour remplir la carte sociale,1
Mos.ru,1
привет,1
là tu as toutes les démarches à suivre pour faire la carte d'après ce que je lui tu dois d'abord fait le snil aller avec au cabinet 373 pour les étudiants de Mgri il vont te mettre dans la base après cà seulement tu pourras faire la carte,1
79167533917 c'est pour toi? En cours du soir est il possible d'en faire? Avant ce n'était pas possible je ne sais pas comme les lois changent tous les jours là si cà changé,1
This message was deleted,1
Ehhh ces maintenant Que je vois le message sorry familie jétais unpeu offshore,1
Merci,2
Merci,2
Thanks,1
79774380461,1
Bonjour,2
Merci le quartier!,2
Great,1
Le schéma 237,1
Bienvenue 79684434756 !,2
Merci pour l'accueil.,2
16 Octobre YaoundeDoualaMoscou,1
This message was deleted,1
Well done.,1
This message was deleted,1
"Mesdames et messieurs, chers diasporas,",1
"Ladies and gentlemen, fellow Diasporas,",1
Good bless Cameroun,1
112mil rub disponible contre 720000frs.,1
J'ai besoin d'un appartement de deux chambres budget 45000roubes.. c'est urgent..,1
Bsr ici,1
Cest vrai quil ya un Camerounais qui est décédé?,1
De quel ville ?,1
Moscou,1
Massaaaaa,1
Waaa,1
Moi je suis dépassée . Mon étudiant. Jai appris ça ce matin,1
Vérifiez nous à Làbas les Gars. Cest pas possible,1
What happened please,1
I dont know,1
trop de morts chaque année,0
Merrrrde !!!!!,1
Quelle est la cause du décès?,1
Il s'appelait Rodrigue?,1
Gildas,1
Il était malade ?,1
Oui,1
Bonsoir,2
In,1
Ib,1
Terrible.,1
Minceeeeee,1
79266336253 мария,1
Il a eu quoi ?,1
Suite de maladie,1
ça fait mal de perdre un frère,1
C'est confirmé ?,1
Oui,1
Il était vraiment souffrant,1
Et ici en Russie il est allé à l'hôpital pour se soigner. Mais il ne m'a jamais dit exactement ce qui n'allait pas. Il c'est la fièvre mais à l'hôpital on ne voyait pas ce qui le torturais et ses parents ont décidé qu'il retourne se soigner au pays.,1
Il est mort au pays?,0
Oui,1
Waaaa,1
Bonjour,2
Déjà pris.,1
Bonjour,2
Salut svp besoin dune personne qui se trouve dans la ville de Rostov pour un travail,1
Bjr 15millions de roubles. Besoin de fcfa taux Google,1
This message was deleted,1
Ib,1
Je vais appeler la police merde,1
Vous prenez largent ci où?,1
Ib,1
Старт отборочной кампании 20252026 гг. на бесплатное обучение в России,1
Tu la consommes? This message was edited,1
Pourquoi vous nous frustrée non?,1
"Massaaaaaaaaa  le pays ci est devenu comme l'Allemagne à l'époque eeeehhhh seigneur, c'est comme ça qu'on allait veiller à la belle étoile devant l'ambassade de l'Allemagne",1
Woohoo,1
O pédalé.,1
Humm,1
"Taux Mozilla Firefoxx, tu prends?",1
Taux yandex,1
"Mince, meme taught Yahoo faut venir",1
Paul Biya est mort,0
On ne joue pas comme ça,1
Fake news Amba TV,1
How ?,1
ABS TV is amba TV,1
Donc il ne peut pas die ??,1
Tu as tout compris,1
"Quand il va réellement mourir, personne ne sera  au courant, personne ne va suspecter son phantome va gouverner pour aumoins 10ans encore",1
les gars veulent créer la panique. La vidéo est même monté,1
"À l'heure où je prépare mon entrée au RDPC, vous venez raconter que le papi est mort?",0
Pas possible,1
Tu ne veux plus rentrer au pays?,1
Non non,1
Uuh,1
Salu 2 Millions disponible besoin du rouble,1
"Quelle taux Yandex, Firefox ou Yahoo",1
Les tchèqueurs sont lourds les temps si,1
Tu ne vois pas 79013886871 qui a 16 millions de Roubles ?,1
"Ça se fait simplement dans n'importe quel МФЦ, tu as juste besoin de ton passeport et la traduction notariée du passeport, et il faut quandmême prendre ton enregistrement et ta carte d'immigration.",1
Merci j'ai déjà le СНИЛС,2
leur cacao a mûri,1
Yep,1
Quel sont les documents a avoir pour faire le CHNЛС,1
Il y'en a parmi qui compte quitté la Russie pour l'Allemagne en métro,1
"Passeport, traduction notarifié du passeport, enregistrement et carte d'immigration, les documents sont les mêmes que pour le инн",1
Les mêmes que pour le INN,1
Хорошо,1
Справка,1
OK on fait ca au Mфц?,1
Waaaah papa pourquoi tu parles fort coe ca,1
My document,1
Oui dans n'importe quel Centre МФЦ,1
Besoin de 4 filles demain pour nettoyer les vitres  9hr 17hr50 aux metro lesoparkovaya heur de rencontre 7 hr00 le boss vous prend ou metro avk ca voiture paye 2800,1
..,1
"Depuis que le pasteur s'est partagé les postes à l'église de Tsinga avec ses cousins du R, vous trouvez un autre moyen pour nous distraire?",1
Il marche avec le mauvais esprit hein,0
Le rouble est devenu comme certaines crypto monnaies tu go dormir en paix et tu peux te réveiller et attraper la crise cardiaque,1
saaiignaaaaiirrrr!!,1
"Mesdames et messieurs, chers diasporas,",1
Nous avions 4 jours pour remplir ces 3 matières. Nous nous trouvons dans le rouge.,1
Ont pars rester en Guinée cest ca ?,1
C'est toi qui le dis!,1
Tu dit tu  a trouvé solution la solution ces alor la qu'elle,1
Il faut convertir ton rouble en Franc Guinéen pour avoir beaucoup d'argent.,1
Et le fca Guinéen la es utilisé aux 237,1
Il vit au 237 nor?,1
Oui,1
Je suis un 237,1
Le coca cola demi litre c'est 50milles Franc guinéen,1
The art of explaining,1
Un passeport guinéen peut te sauver,1
Razak.vcf file attached,1
SVP qui le connait ?,1
Ça mère le cherche depuis 5 jours,1
Moi pourquoi ?,1
Ils est a Moscou ?,1
Son téléphone ne passe pas,1
Cest un camerounais  ou bien,2
"Ceux qui souhaitent la mort de Paul Biya comme il a dit en octobre 2004, rendez vous dans 20 ans.",0
Bsr ici. Svp qui partage lhuile rouge qui ne colle pas ds la bouche?,1
Donc c'est comme ca ici? Ok moi j'ai le tapioca  qui a le eru on gere,1
J'ai le sucre et les arachides,1
Ça ne m'aide pas,1
L'huile c'est ok?,1
C'est fleur qui veut l'huile pas moi,1
Toi tu veux quoi?,1
"Les Camerounais, yeeehh, tu as fini avec.",1
Le eru,1
Deja préparé,1
Mince les exigeance se ça,1
"Les amis, svp donnez moi un peu la démarche à suivre pour faire un bon gombo.",2
Qui est ton ami?,1
Tu préfères ça que d'avoir une femme chez toi?,1
Comme une go camerounaise de  25ans avec ses critères,1
"Donc tu me barre, jusqu'à même l'amitié tu me ndem? Je te dois?",1
Après l'amour c'est la haine,1
"L'autre là est plus compliqué, j'ai essayé, 79013886871 m'a barré en public. J'ai fait le dure, mais ça m'a fait mal, maintenant bêta je boch ça moimême",1
Je confirme,1
T'inquiète il va trouver.,1
Car il ya telleme les nouvelles.,1
C'est la vieille sauce marmite qui fait de la bonne sauce.,2
Tu as raison mais c'est a lui de faire son choix,1
Selon ce qui l'arrange.,1
Elles sont où non ma'aa  il faut même organiser une présentation de tous les nouveaux surtout les nouvelles,1
Elles sont la oooo Moscou et même hors Moscow. Je pensais que même dans ta ville il ya des nouvelles.,1
"Moi je suis là, bêta je cherche tjr à Moscou, ailleurs là, c'est compliqué.",1
Crie au secours à 79996751961 . Il  mieux placé pour te trouver une car elles sont nombreuses dans son secteur.,1
Je fatigué que tu me targue chaque fois et on te bar mon cher 79913266102,1
Je suis,1
Ma'am aide le il veut le bon dossier,2
J'ai déjà parler fatigué,1
79913266102 toi même il faut être bon hein parce qu'on peut voir comme sa que la faute c'est toi,2
Qu'il vienne sur place chercher,1
Car l'apparence est trompeuse,1
Et lui même  à validé,1
Ce qu'il fait actuellement C'est juste me déranger.,1
Je te donne le feu vert 79913266102  trouve d'accord et si elle ne sais pas cuisiner. C'est la où tu peux m'écrire,1
Je vais lui donner tout les instruments et non à toi,1
"Wallaye je suis très bon, on me barre justement pour ça, en disant que je suis trop bon, que ce n'est pas normal",2
Voilà,1
"Il faut m'envoyer le catalogue je vais faire mon choix. Si ça ne marche pas le tour ci, je vais fermer les yeux je vais prendre une mekat",1
Même happy d'éffoulane a dit qu'il est bon comme le bonbon et on voit,2
"Non moi je suis lucide quand je parle, lui il était sûrement sous l'effet du kior",1
Biensur c'est normal qu'on te barre un vrai homme dois montrer son mauvais. Et son bon côté. La personne qui est en face va perser et voir si elle peut te supporter. L'HOMME a toujours un bon côté et un mauvais côté,0
Laisse mon ami tranquille . Il est trop humble et simple comme garçon,1
Ne soit pas béni oui oui et sort de ta timidité.,1
Je peux le conseiller non  les nouvelles ont trop les dragueurs. Il attend mm deux ans avant de voir This message was edited,1
"Non moi je n'ai pas de mauvais côté, je ne cache rien, je suis trop humble, sauf que les femmes n'aiment pas les garçons sérieux",0
Trop même mais...,1
This message was edited,1
Les dangereux vont laisser les séquelles indélébiles,1
C'est pourquoi il te faut une femme qui doit te taquiner à tout moment et c'est toi seule qui peut trouver.,1
Et les rendre ensuite immariable,1
"Lol non pardon, moi je ne demande même pas beaucoup, mes critères de sélection sont très basiques",1
Justement,1
Prochain Voyage,1
"Bonjour la famille , je voudrais savoirs ce quil faut pour conduire une voiture en Russie avec son permit de conduire camerounais?",2
Oui !,1
Il faut avoir une traduction notariée de son permis de conduire.,1
Merci,2
Je crois quune nouvelle loi était sortie du genre ce nest plus possible maintenant ou je me trompe ? Et que tout le monde doit passer un permis de conduire sur le territoire de la fédération de Russie This message was edited,1
Tu te trompe,1
Je conduis tout les jours mollah,1
C'est pour tout ceux qui on le passeport russe,1
Aaaa ok je comprends maintenant,1
"Tu es russe, mais tu as un permis de conduire du 237?",1
400mil frcfa disponibles au pays je veux 63500p,1
Tout ça c'est la distraction... c'est pour que dimanche ça devienne un débat dans les différentes chaînes du pays,1
"Un pays du sisia. Un truc normal, qu'il faut même demander, on menace les gens, pour qu'ils n'ouvrent pas la bouche.",1
400mil disponible la personne veut 63mil rouble This message was edited,1
Ib,1
7G te gère ça chap chap,1
Les taux sont magiques les temps si chez nous,1
Envoie tôt Google et réception bon taux Feu,2
Le match cest à quelle heure svp,1
"17h00 heure du Cameroun, 19h00 heure de Moscou",1
Arrondissons je donne 70.000р,1
"Un menteur c'est jamais cru, meme lorsqu'il dit la verité",1
"Toi on t'est attendu à RUDN parler de l'état de santé du président hier, j'ai déjà mis ton nom sur la liste que j'enverrai à Atangana Nji ou se trouve déjà les noms de 79856189250 , 79913266102  et 79653368333  ...",1
Arrondir ?,1
le sicia là ne fait plus peur,1
Sil vous plaît le lien du match,1
Les inscriptions sont ouvertes!,1
Il n'y a pas le son,1
But,1
Hongla,1
But,1
31,1
Le Cameroun peut même battre le réal de Madrid actuellement avec 8 joueurs,1
On n'arrive pas à open chef,1
le Kenya cest pas une équipe,1
Cest la mis temps,1
Cest quoi une association?,1
Oui tu les vois souvent en coupe dAfrique ? This message was edited,1
"On les attends contre   le Congo, le Nigeria, le Maroc etc..",1
Bassogog est très fâché ce soir  on la trop insulté,1
Donc on sanction le pasteur et le Père n'est pas à la maison vous vous jouez bien ein ? Attendez voir!!,2
le pasteur la je le soutiens mais gar depuis quil nest plus derrière les joueurs on gagne mieux il stay gérer le work au bureau,1
C'est A se sion sont dans sauce,1
Utilise VPN,1
Merci Lise,2
Journée 11 Octobre,1
Bosso sort du village  This message was edited,1
La bipolarité des camerounais c'est la magie,1
Tampis pour toi mm le Arsenal on chicote,1
Bonsoir 600000 f au Cameroun besoin du rouble,2
Histoire intriguante!  Rire,1
"Que la vacance de pouvoir soit constatée, si le temps est arrivé pour les pilleurs et les tribalistes de payer pour leurs forfaits. Alors que cela soit ainsi",1
Oui oui je daccorise,1
Mon frère pardon.,1
"Joyeux anniversaire, NTONE RODRIGUE JOSEPH !",1
Ton nom a été ajouté sur la liste qui ira à Atangana Ndjie,1
Merci bien bro,2
Hbd to you,1
je veux voir mes enfants grandir boss,1
Thanks very much I Really appreciate,1
Hbd,1
450k FCFA o cmr besoin du rouble,1
Les gens ont l'argent ici dehors euinn,1
7g,1
Tété il y'a pour tes p'tits?,1
Qui est tété?,1
Le sein,1
lol. Je demandais qui est riche?,1
"Aaaaaaa si c'est en lait, la reponse est la meme",1
wouuh,1
On t'a répondu,1
"Bonsoir à tous , svp quels sont les conditions pour renouveler un passeport expiré à lambassade du Cameroun en Russie ?",2
DELIVRANCE DE PASSEPORTS ORDINAIRES,1
???,1
??,1
Bonsoir Svp quel est le coût de la carte consulaire ?,2
3850,1
Manager 1xbet et melbet . Dc tu es porteur hein,1
3850roubles,1
Massa on est quitté de 1890 à 3850 direct? Norn,1
Ok Merci boss,2
Porteur de sac?,1
"le ministère des Affaires étrangères de la Corée du Nord accuse, la Corée du Sud de lancer à trois reprises des drones audessus de Pyongyang, qualifiant cette mesure de provocation militaire et de violation de la souveraineté.",1
Kim  jungUn le leader Nord coréen instruit L'étatmajor général de la RPDC de déplacer  l'artillerie à la frontière  et qu'elle soit prête au combat,1
"le ministère des Affaires étrangères de la Corée du Nord accuse, la Corée du Sud de lancer à trois reprises des drones audessus de Pyongyang, qualifiant cette mesure de provocation militaire et de violation de la souveraineté.",1
L'armée sudcoréenne a déclaré lundi qu'elle était  entièrement prête  à réagir après que la Corée du Nord a ordonné aux troupes à la frontière de se préparer à tirer dans le cadre d'une escalade du conflit au sujet des vols de drones vers Pyongyang.,1
"Médias citant des renseignements  Kim jungUn de la Corée du Nord pourrait aujourd'hui demander à faire sauter les routes menant à la Corée du Sud et mènerait des opérations militaires à proximité de la zone démilitarisée,",1
"Plus tôt, ils ont écrit que les troupes de la RPDC Corée du Nord mettaient en alerte l'artillerie à la frontière",1
La RPC pratique également des frappes de haute précision contre des cibles clés.,1
"Pendant ce temps, la Chine a lancé de vastes exercices militaires près de Taiwan, sans date limite. Les navires et les avions approchent de la péninsule depuis des directions différentes",1
", les ÉtatsUnis envisagent de mener des négociations avec la Russie, la Chine et la RPDC",1
"Le ministre russe de la Défense Andreï Beloussov est arrivé à Pékin, où il tiendra une série de négociations avec les dirigeants militaires et militaropolitiques du pays",1
"Les ÉtatsUnis sont prêts à négocier sans conditions préalables avec la Russie, la Chine et la Corée du Nord sur la question de la réduction des armes nucléaires.",1
Dmitri Medvedev commente la volonté de Biden de négocier sur la réduction des armes nucléaires,1
"Burkina Faso un important cadre terroriste arrêté Adama Oumarou a été capturé le 10 octobre au cours d'une opération aux environs de Markoye, au nord du pays.",1
Guterres  les attaques israéliennes contre la FINUL constituent un crime de guerre,1
Un homme arrêté avec des armes en marge d'un meeting de Trump en Californie,1
"Le Chef d'ÉtatMajor Général des Armées confirme la neutralisation de Joulaibib AlAnsari de son vrai nom AlIza Ould Yahia avec plusieurs de ses compagnons lors de la vigoureuse réaction des FAMa contre l'attaque terroriste déjouée le 06 octobre 2024 à Ber, dans la région de Tombouctou.",1
Lien du match svp This message was edited,1
Offre plus disponible,1
Bonsoir svp quelquun connais une assurance qui peut assurer un véhicule appartenant à un étranger et ayant un permis de conduire étranger ?,2
Il garde seulement la place ou bien?,2
C'est la places nor. Ils vont tous dormir laba,1
Besoin de 04 personnes demain metro DOMADEDOVSKAYA sortie 1 bus 471e 10h17h  le travail consiste à porter les portes. Paiement 3000 après boulot,1
Merdeeee waaaa le pays ci a vraiment brisse comme ça?  massaaaa,1
Après avoir fait les nuits de veillées comme ça si on ne te gui pas le visa tu fais comment? This message was edited,1
A 20h,1
Massahhh,1
Si tu ne veux pas talligner tu nous contactes on recupère ton passeport et on fait le reste,1
This message was deleted,1
Il a fait quoi?,1
Mon  argent bro,1
Ok,1
Écrit il va te répondre,1
Deja fait mais le gar ignore,1
Va chez lui si tu connais,1
La  vous gérer sur place,1
This message was deleted,1
Faites souvent gaff lorsque vous publiez les images des individus cela est préjudiciable This message was edited,1
Il me dois de largent et je veux just recuper ce qui m'appartient,1
Mon petit soit sage,1
Good morning to all !,1
Tkt jai deja était rembourser  mon argent a été remit  et tous le monde va bien et etoo a raison,2
Mais tu n'as pas supprimé tes publications,1
Supprime sa photo alors grand,1
Ca va rester comme ca  pour mes autre frere ne tombe pas dans le meme piege que moi,1
On ne sait même pas lorigine du pb. Sil ta remboursé cest bon,2
Supprime son image,1
Daccord,1
Jai supprimé,1
"Ils avaient déjà commencé à mettre l'oeil dessus pour limiter les mariages fictifs. Actuellement on a envoyé cette loi en 3e relecture, ce qui veut dire que bientôt ça sera effectif de façon officielle...",2
Mais apparemment ils ont validé déjà norrr,1
"Lol non non, c'est en 3e relecture, et dans le cas où on validera ça pour la 3e lecture, il y'aura 90 jours pour que ça puisse entrer en vigueur. Mais généralement quand c'est en troisième relecture, ça veut dire qu'ils vont valider ça dans un bref délai",1
Avec des erreurs même  on sent un arnaqueur,1
Mon solde me faites tellement honte mm papa,1
Les sont prêts en vrai,1
les sousmarins matures,1
79999677471,1
Qui as pris ?,1
Besoin des bâtons de manioc,1
Toi même tu es un bon bâton hein,2
J'ai pas compris. 16 mengueck là ça veut dire 16 nœuds donc c'est plus que 12. Pourquoi 12 est plus cher que 16?,1
Parce que c'est 12 qui est à la mode actuellement,1
Ok je veux les 15 bâtons de 16 nœuds,1
Net,1
Cest finis une autre personne a pris ça ib This message was edited,1
"Le chiffre 12 n'est pas anodin. plus de 12 mengueck c'est les miondos. Le chiffre 12 est très spirituel, mystérieux et significatif. Tout comme les 12 disciples de Jésus, les 12 tribus d'Israël, les 12pays des BRICS etc",1
Hmmmmmm ok,1
Bonsoir pour tout vos problèmes dobtention des permis et cartes grise veuillez me contacter.,2
Actuellement disponible,1
50000 fcfa disponibles au pays,1
Brice Eddy B.vcf file attached,1
Ajouter le,1
Il a déjà rempli le formulaire,1
Ton nom cest ?,1
Quoi moi?,1
Tu t'appelles ?,1
C'est exactement ça. Je suis d'accord,1
Tellement ils sont laids n'estce pas?,1
C'est encore quel genre sa nor papa?,1
Tu es partout en même temps comme le st esprit.,1
50 000 fcfa pour le rouble taux Google,1
"Bien le bonsoir, chers administrateurs bien vouloir ajouter ce numéro 237 6 98 85 35 55. Elle a déjà rempli le formulaire en ligne.",2
79999677471 paraîtil que cest ta sœur,1
Hmmn,1
Qui ça?,1
Ajoutez également ce nouveau svp,1
C'est un homme ou c'est une femme?,1
"On veut équilibrer l'association, si c'est un homme il n'a qu'attendre encore un peu",1
Net net le commentaire que j'attendais,1
Je suis la pour ça This message was edited,1
Et la solidarité masculine ?,1
Ça Finit kan tu viens d'arranger ton problème avec ta go après un long silence  tu vends tous tes Nkombi qui ont mal parlé d'elle,1
Delateur,1
Merci Molière.,2
On ne peut pas l'ajouter dans le groupe je l'ai invité à rejoindre le groupe qu'elle suive le lien,1
Tu es parti guetter le dico,1
Pourquoi pas? J'ai la tête d'un académicien? On dirait que tu as toimême inventé ce mot  wandafout This message was edited,1
Académicien  oups,1
Ngue délateur,1
1 alors dans ton vocabulaire.  Dis merci,2
Don't fuckup bro,1
Je ris dans le vinaigre,1
Sois humble,1
Bro,1
Aucun Kmer n'est humble sauf si tu veux me faire perdre ma nationalité,1
Bon dis merci,2
Не за что...,1
Огоо,1
"Je suis sûre que demain a la 1ere heure , tu vas tout faire pour utiliser le mot  la",1
"Tu es en train de fuckup, le vrai boy est posé !",1
Daccord,1
Okay,1
Bye,1
Viens apologize à ma place,1
Bonsoir,2
même prière copiercoller,1
Bonsoir les gars si quelqu'un a le lien du combat de Ngannou pardon qu'il balance ici,2
Merci mon frère,2
Merci,2
Qui regarde?,1
Moi je narrive pas à ouvrir,1
t.meikzngannouferreira?livestream,1
Ca ne passe pas encore c'est un autre combat sur le lien là,1
Ce lien mène dans un chat sur Telegram,1
Le combat commence a 1h,1
Ah 1h,1
Le continent a encore gagné . Bravo ngannou  This message was edited,2
Voila,1
Le poids du koki et celui du burger,1
Besoin de 30.000 roubles. Contre CFA au pays ou Euros en France.,1
Je suis juste sous informé ou bien il y a déjà 6500 roubles  frais de dossier de bourse a verser dans le compte du Ministère des enseignement supérieur de  Fédération de Russie  ?,2
"Merde. Si vous voulez prendre les frais pour les business, prenez, mais dites au moins la vérité, ça va éviter les histoire où le gars va arriver et constater que c'est un mensonge, il va te traiter de tous les noms d'oiseaux  dis que je peux t'aider à postuler pour la bourse, mais tu me buy 6500r, et si ton dossier est concluant, tu peux obtenir la bourse...",1
"Ils n'ont pas besoin de raconter tout ça. Je te dis je gère à tel montant, si tu es d'accord tu paies au cas contraire cherche toi ailleurs  il raconte tout ça pour 40k? Un Faiblard",1
Les gars qui dosent 7 bâtons dans les procédures padfac pour la Russie ne parlent pas tellement comme ça!!,1
"Je t'assure, moimême ça me dépasse hein",1
Un génie,1
Salut a tous,1
Bonsoir,2
C'est bon merci,2
Ekieeee ! Rapide comme ça ?,1
Si la personne change d'avis je suis là,1
Bonsoir,2
Depart Le 1er novembre,1
chapeau mon commandant,1
Dernier délais le 05 Novembre 2024,1
Ah on va partir hein,1
Открылся набор в рестораны Бургер Кинг Беляево,1
Ceux qui veulent travailler Burgerking Auchan,1
Besoins de 20 personnes,1
En fonction de son emploie de temps,1
Sa a commencé,1
Première touchée,1
Salut besoin des roubles jai les FCfA. 400k XOF спасибо This message was edited,1
XOF cest le franc de la zone UEMOA Afrique de lOuest. Certainement tu veux dire XAF.,1
On sen vas làbas comme ça,1
Pourraiton avoir le contact de Laura si possible,1
Bonjour,2
Sil vous plaît si quelquun a un voyage MoscouYaoundéDouala pardon faites moi signe jai un document à envoyer au pays,1
Bonsoir,2
"Bonjour, besoin de recevoir un document depuis le Cameroun.",2
Ib,1
Longue longue a vue le feu  lors de ça torture au Cameroun,1
Bonsoir,2
IELTS no,1
Alright thank you.,1
One day one day.,1
Je mets 2 millions FCFA pour celui qui me livre une des têtes,1
La bonne musique,2
"Bonjour, svp je souhaite installer le système dexploitation Windows 11 .quelquun pourrait maider ?",2
79014013056,1
Merci,2
Voilà les histoires rocambolesques de l'aventure en Russie.,1
Bjr personne je vend les beignets haricot ici?,1
Personne ne vend ou bien tu vends ?,2
Oui oui,1
ne,1
Ne,1
Sur le iphone?,1
Massah,1
Bonjour j'en vends,2
ALLERTE TRAVAILLE,1
Aujourdhui?,1
Bonjour,2
Un bâton de combien de menguëg stp ? This message was edited,2
Si tu changes mon nom je t'envoyer vendrai je potentiellement un cinquieme d'une dizaine.,1
A partir de 12 menguëg svp,1
Samedi ou dimanche,1
Lol,1
Bonjour 1 million 500 disponibles au Cameroun besoin du rouble intéressés ib bon taux.,2
"L'ambassade du Cameroun en Russie  C'est uniquement pour renouveler les passeports, visas et cartes consulaires.",1
Des personnes horribles,0
Bsr 20 millions de roubles disponibles. Besoin du fcfa taux Google uniquement. Merci,2
Ib,1
Besoin d'un chauffeur,1
Comam,1
"Bsr les gars, besoins urgent de kilo, ya til une personne qui voyage DlaMoscou ces joursci?",1
Le 28.10 ib,1
Non is available in Russia,1
Alright thank you,1
Its really sad,1
1.430.000 fcfa disponible au Cameroun pour 226500.,1
Estce qu'on a d'abord l'argent là ?,1
"Moi je veux être le Salim du groupe, donc je cherche les futures veuves riches",1
Il n'y a que les filles foirés en Russie. Ne perd pas ton temps.,1
Les gigolos hein,1
Cherche  bien,2
Ashouè?,1
"Non, c'est Salim, pas de gigolos, les veuves là pourront aussi m'utiliser correctement au besoin, je suis encore bon",2
Il ne faut pas avoir,1
On va écrire ça sur les tshirt quon va porter à ta levée du corp,1
Il ment il ment,1
Un ministre qui ment,1
Uhh?,1
Ce qui fait mal cest quils ya des camerounais innocents qui y croient,1
Aucun Camerounais n'est innocent . Chacun est motivé par un truc qui se cache au fond de lui,1
Celui qui prend 2k du riz 1 fois chaque 7ans pour voter est aussi innocent?,1
Je veux dire il ya un camerounais dans un village qui peut gober sa,1
Celui qui a le doctorat dans une grande école de Paris gobe pourquoi?,1
Jamain,1
Massah,1
Une ascension fulgurante,1
2034 la plantation arrive,1
Quelquun atil un site de streaming gratuit pour film en français SVP?,1
French stream,1
Line please,1
Liens,1
Écris juste comme ça sur Google,1
4,1
Mince le compte est bon,2
10,1
Ils sont calmes.,1
Le 4eme jour Dieu créa le SILENCE,1
Mieux je ris,1
Tu seras retiré du groupe oooo,1
Hala madrid,1
Toi là et ta ton amie 237652314087,1
imminent voyage sûr sûr,1
Admin svp veuillez ajouter ce numéro 79506932234,1
"Joyeux anniversaire, KOUEPO CHOUMBOU Yvan desire !",1
Joyeux anniversaire frère,1
Merci Presi,2
Merci beaucoup,2
Hbd,1
"1200000 disponible au Cameroun besoin du rouble, nous faisons un petit rabais sur le taux Google",1
Joyeux anniversaire BF,1
Boy Friend ?,1
Merci  This message was edited,2
Hbd boss on bois le vin ou?,1
ALLERTE TRAVAILLE,1
Jusqu'à mettre femme et enfant en gage? J'espère que c'est juste pour amuser la galerie,1
Il a mit sa femme en gage?  ouiii tonton. Rien arrete le hustling,1
This message was deleted,1
La rapidité massa,1
Ekieeee là là là les 10 places là sont go?,1
Ça été rapide frère,1
Je confirme aussi non,1
Merde,1
Qui vend le kaolin ici. Bsr,1
Rudn encore mieux. Ib,1
This message was deleted,1
Warning  Depart imminent Douala Moscow ce 31.10.2024 Venez inbox pour vos documents important et leger colis,1
Ça va se savoir,1
Bonsoir jen vends mais pas du côté de RUdn,2
Oweeeeooooo,1
Les gens sont prêts,1
Tue le,1
Moi même j'ai donner les mains,1
Qui l'enfant ou le mari,1
On pense toujours à ses arrières avant d'agir fleur,1
Le mari. Tu le tues et on nen parle plus,1
Et vos enfants ?,1
Tu élèves. Avec le temps tu vas leur trouver un père responsable,1
En le tuant sa ne résout aucun problème. Plutôt tu t'enfonces davantage.,1
Ca tévite les maux de tête. On ne fait pas lenfant dehors,1
C'est ta philosophie.,1
D'autres font ils cachent,1
Il prend soin en cachette,1
Seigneur prend pitié...,1
Et tu constate seulement 5 à 10 ans peut plus.,1
Si tu ne découvres pas cava. Mais quand tu découvres et ce qui est sûr tu vas tjr savoir,1
Ds 5 ans là tu le tues,1
je confirme ta rage massa,1
D'autres te présentent 20ans plus tard,1
Même,1
Voici un habitat de Nkodengui  qui a le smartphone,1
Faire un enfant dehors cest tuer sa femme,1
Dc quand elle découvre elle te tue aussi,1
Donc quand je suis né la femme de mon Pete est morte?,0
Euiiiiill,1
Oui,1
Si on tuait tous les gens qui font les enfants dehors il ne devait plus avoir ce genre de sorcellerie,1
Si j'étais une femme je vendrai   nyass ton Mari le jour de ton mariage,1
Si cest elle qui vient le faire cest elle je tue,1
Ton Mari va trouver une autre femme et toi tu iras a la maison nkodengui,1
"Sil était consentant, alors je tue les 2 avant daller en prison",1
On perd tous,1
C'est vrai mais je pense que c'est souvent un manque de la maison familiale qui crée de nombreux enfants hors.,1
Pour la tuer il faut d'abord lattraper,1
Je vais la chercher eusseu cest  dur?,1
Que Dieu nous garde et que nos mari ne font pas des enfants dehors,1
Sinon certains vont avoir leur dose,1
Voilà comment vous faites après à 50 ans on entend à lèglise... que ooo seigneur envoi moi lonction du mariage,1
On ne doit pas prier pour ça. Ça doit être un fait normal. Un homme qui fait un enfant dehors nest pas normal tt simplement,1
Laisse le discours que les hommes aiment raconter pour influencer les gens là. Tt ça cest pour quon vous laisse faire ce que vous voulez This message was edited,1
Cest pas juste cest vrai. mais crier au meurtre? Cest diabolique,1
cest lui qui est diabolique,1
Laisse nous a 50 ans chercher le mariage cest pas un pb laba,1
On va aussi tuer ton fils quand il ira voir ailleur,1
Cest à sa femme de le faire pas moi,1
Si les hommes ont compris c'est bien,2
Au cas contraire tant mieux,1
Douala fine soteeeeeh  !!!,1
Euillllll,1
Tu as pris ma femme jai pris ta femme un but partout match nul,1
Fin du match sans prolongation,1
Mourir de rire,1
79653368333 ne mets pas les organes hein. On ne tue pas les gens  je prends le cœur où??. Les 9 mois de quelquune? Euy.,1
Hum,1
Yep le remède de lhomme cest lhomme,1
Ils savent alors avoir mal,1
Cest leur pb. Nous mm on a un cœur,1
Bonjour la Famille,2
Jai,1
La pension 690000roubles,1
Higher School of Economics,1
Moscou??,1
Merci pour ta recherches bro,2
Oui  c'est où j'etudie,1
Merde sinon la pension la cest high hein,1
Dans une autre ville pas possible?,1
Ekieee la pension c'est presque 1 million par an hein  c'est le président Vladimir Poutine qui enseigne làbas?,1
On n'a plusieurs filliere d'un million de roubles de scolarité chez nous,1
Un bon capital,2
Merde on injecte seulement le cours dans le cerveau làbas?,1
c'est lui même ehhh avec son ami Steven Seagal,1
Aaahhhnnn d'accord maintenant je comprends,1
1 million de rouble? Jesus.,1
Travail disponible comme femme d'accueil dans un institut de beauté de Moscou. 9h20h. Salaire de base 60mil  bonus. S'exprimer en russe et anglais.,2
Bonjour à toute la diaspora du continent !! Vraiment avec les jours fériés qui s' annoncent là comment va fonctionner l'ambassade? Je fais allusion à l'emploi du temps de l'ambassade à partir de vendredi. Merci d'avance pour le renseignement.,2
"Mon frère, appelle toimême lambassade et renseigne toi.",1
Tout jour férié au pays ou en Russie est aussi férié à l'ambassade je n'ai pas encore vu une exception à la règle This message was edited,1
Svp quels jours seront fériés?,1
25 décembre,1
1er janvier,1
"Lundi le 04 est férié, dans certains endroits ce vendredi on termine le work 1h à l'avance",1
"Vendredi est férié au Cameroun, c'est probablement à cause de la fête de tous les saints",1
Ok Merci,2
On peut au moins adopter ?,1
"Si c'est seulement pour avoir les enfants, bêta l'impuissance, mais si le Dagobert ne se lève pas carrément, alors bêta la pauvreté, parce que l'autre là est trop. Bêta on mougou et on boit de l'eau",1
Il ya que l'élève qui a choisi la richesse on sent la jeunesse dans ses propos. Mais garçon qui a déjà goûté à choisi la pauvreté,1
Hahahaha je te dis. Ceux qui connaissent le goût de l'affaire là ne peuvent pas choisir la richesse,1
On parle encore pour toi?,1
Tu parles pour toi ou au nom de tout le monde? Ekié ein,1
"Pardon moi je parle pour les autres, sinon toimême tu sais que je n'ai pas l'âge des choses comme ça",1
"Je parles pour les autres, je connais mes bro",1
Tu mens,1
Akaaa qui aime la pauvreté?,1
"Par rapport au mougouli, wallaye la pauvreté est bêta",1
la question serait plutôt  qui veut être impuissant ?,1
"Parceque même avec tout l'argent, si tu es impuissant tu n'es pas garçon",1
Après le mougouli quand la famine va vous gérer à deux tu vas dire mieux la richesse,1
"Non ooohhh quand c'est bien fait tu as seulement envie de dormir, donc on va boire beaucoup d'eau et beaucoup se reposer, on va même oublier la pauvreté là",2
"Il ya des hommes qui naissent comme ça on fait comment on les jette? Si en venant tu sais qu'il est impuissant, qu'il t'a lui dit sa vérité n'est ce pas vous allez prendre les précautions pour votre vie sexuelle This message was edited",1
"au début tu vas accepter, mais on connaît la suite",1
"On n'a pas dit stérile eh, mais impuissant",1
"Genre même se lever là, rien",1
Akaaa après tu vas avoir un petit pompier sur le côté pour gérer le côté là au calme,1
Tu deviens un guetteur international,1
il ya les hommes impuissants qui mettent des femmes alaise mieux que ceux qui ont tout qui fonctionnent,1
est ce que ça remplace le goût alors?,1
Étant conscient de sa situation il va se faire aider par d'autres outils  pour faire plaisir à sa femme,1
"Avec quoi la bouche? La mâchoire va faire mal et ça ne sera pas complet  la femme va commencer avec les jouets, mais après va vouloir la viande",1
wouer pardon,1
"Ça aide un moment, mais après la femme va demander la vraie viande sans os",1
Pardon évitons les détails!,1
"MDR ici c'est un langage professionnel, si quelqu'un comprend, c'est qu'il est gâté depuis",1
Merci,2
Moimême ça me gâte,1
Donc il ya les filles ici qui vont accepter la pauvreté et l'impuissance  on parle d'une pauvreté à vie einnn donc les mêmes vos enfants vont hériter de la même pauvreté,1
Donc toi tu vas préférer que ton gars soit riche et impuissant?  genre tu ne devras pas le tromper après!?,1
C'est toujours Dieu qui avait créé Eve et donné à Adam norn? Est ce que parceque on est enfant de Dieu on ne parle pas de sexe? Tu vas donc voir que ce sont des petits piments bien dangereux,2
Tu parles pour moi pa'a? Je demande seulement pour savoir d'abord quel sera le choix de mes coucoue avant de prendre position qui est bête?,1
"Florent, fils de Dieu à quitté le groupe",1
Vous les gens de groupe norn je vous donne les mains on dirait que quand vous sentez que c'est calme là vous apportez directement un truc mais quand le choix est dure mais je sais quand même le choix que je ferai si je suis fasse à ce genre de situation,1
Tu ferais quel choix toi?,1
"En plus même c'est pas une affaire de préférence le gars est déjà née comme, ca veut dire que ils n'auront jamais la joie d'être en couple un jour parceque la vie a voulu qu'ils naissent ainsi gars? Non eux aussi ils ont droit au bonheur This message was edited",2
Je ferai un choix,1
Bien sûr que je choisirai la pauvreté. Largent est la resultante dun travail accompli.,2
C'est bien pour toi en tout cas,2
"Chacun va trouver son bonheur probablement, mais ici je demandais ton choix en particulier, ça ne veut pas dire qu'il n'y aura personne qui pourra accepter l'impuissance",2
Pourquoi tu veux absolument connaître mon choix?,1
Un gar impuissant na pas de problème  le way ne lui dit rien . Donc il ne connaît pas ce que cest .,1
Ah ça m'interresse seulement non,1
Ekié comment ça?,1
C'est un piège?,1
Lol est qu'on peut te piéger?,1
Je sais moi? On ne sais jamais hein bon je vais répondre demain bye,2
Tu veux dire qu'il n'aura aucun problème quoi?,1
Si il est complètement impuissant il aura pas de pb avec le way,1
"Le way, hum! Dieu a cré des choses hein. Mais l'autre la, c'est la finale.",1
Hahahaha tu fuis? Tu as peur?,1
Pardon raconte nous ce que sa procure,1
Il ya les gens qui devaient être loin dans la life aujourdhui,1
Tu as raison lon frère.,1
Voila  ca sort deja,1
De quoi? Ou de qui? Non ohhh juste que je suis un peu occupée,1
"Le pb c'est que on utilise le way là n'importe comment, pourtant c'est un truc que si on utilise bien, ça peut aussi avoir un impact positif dans notre vie, puisque c'est un lien spirituel qu'on créé avec sonsa partenaire",2
"Ok, en ttk j'attends ta réponse ici sur place",1
Donc c'est pas mieux on va être riche et laisser ca se reposer?,1
Si c'est l'objet de temps de souffrance,1
"Estce que c'est ce que tu veux réellement? Ou alors tu penses que c'est ce qui est mieux, sans réellement vouloir ça",1
Gar ne ris pas.,1
Le premier intervenant c'est un woubi. Il peut vendre tout son pays pour du spaghetti,1
????,1
C'est seulement que? confusion,1
Good evening guys.,1
Boy or girl?,1
Get married young man,1
"79670757733 président maintenant qu'il y'a les bons bb partout au pays, vous ne parlez plus des fêtes de fin d'années? On a qu'à partir à l'église ?",2
It doesnt matter.,1
Im looking forward to that sir.,1
Jétais entrain de commander les greffes en Chine aujourd'hui pour toutes mes bonnes princesse. Il yà quelquun dans ce groupe que je jai forget je ne me souviens plus qui cest,2
Me voici,1
Il y a les garçons princesses. Ils sont aussi parmi?,1
C'est toi je cherchais mon puce!,1
waah,1
Warning  Depart imminent Douala Moscow ce 31.10.2024 Venez inbox pour vos documents important et leger colis,1
"Joyeux anniversaire, Dipombe Eboko Harolds Steves!",1
C'est 4 personnes? Joyeux anniversaire a eux,1
Yakoo,1
Good,1
"Je t'assure, pourtant d'autres supplient même pour qu'on leurs donne le réseau pour entrer dans l'armée",1
"Il faut aussi comprendre que certains sont mals informés. On les prend au pays en leur disant c'est pour l'armée et pourtant c'est pour le front, il ya une grande différence entre aller à l'armée et aller au front",1
"Bon pour ceux qui sont déjà ici c'est autre chose parceque eux je pense c'est si tu veux tu pars au front ou alors tu rentre dans ton pays mais, certains décident aller au front",2
"Ils sont juste stupide, donc ils refusent de faire l'armée dans leur pays pour venir mourir ici. Dommage !!!",1
"Même ceux du pays là, on te parle de l'armée dans un pays en crise depuis plusieurs années, tu t'attends à quoi? Parfois ils savent même tout ça, qu'on peut éventuellement les envoyer au front",1
Je te dis,1
Comment tu sais qu'ils refusent tu sais même qu'il ya les gens qui tchoko même pour l'armée au pays leurs noms ne sort pas? Quand les tchequeurs viennent avec le rêve devant eux de 15 millions le mois et dans 6 mois tu as le passeport ils vont seulement venir,1
C'est facile de faire l'armée au pays,1
"Mort à 10 000 Km de chez lui, pour quelque chose qui ne le concerne pas.",0
Je Wanda. Je préfère encore aller faire les champs au pays,1
"Bonjour ce qui est sur on va tous mourir quelque part, il y a un camerounais qui est mort au chantier à Maïkov .",0
Il est sorti de chez lui pour aller travailler et quelque chose est tombé sur lui même un ans en Russie,1
Hummm,1
"Donc du coup, autant mieux aller risquer sa vie en s'enrôlant dans l'armée russe pour aller au front, dans une guerre qui ne nous concerne pas?",1
Cest un événement certain cest le chemin de tous dailleurs nul ne se souvient du jour où il ou elle est sorti du ventre de sa mère.,1
Si cest le choix de la personne pourquoi lempêcher?,1
"Le choix de certains est très souvent motivés par les informations qu'ils reçoivent généralement par les tchèqueurs, mais ils ne prennent pas la peine de s'assurer de la véracité, donc il est important de multiplier les sensibilisations avec les bonnes informations afin de donner une petite chance à certains de peutêtre se désister.",2
La bêtise commence la ou la sagesse fini.,1
En Afrique ben c'est le paradis.,1
Peut être,1
Larmée au Cmr? Ça va te donner quoi?,1
"Les gars vivent tellement bien que, ce serait vraiment bête de devenir mercenaire en Europe",2
Oui c'est encore mieux,1
Non,1
Moi je préfère,1
Pas besoin de trop discuté,1
Ok,1
Chacun sait ce qu'il veut,1
La vie c'est un choix,1
Ne partager pas betement,1
Beaucoup poursuivent largent quand sa cuit il dit quil ne connaissait pas internet cest pour quoi les pages de kongossa seulement visa touristique encore on peut dire quils sont mal informé mais larmée papa tu pars que tu pars ou ?,1
Mieux larmé que je tailler par le desert,1
Beaucoup etaient déjà ici en Russie depuis des années ils sont dans larmée nor,1
J'ai répondu il m'a bloqué,1
Puisque mon commentaire était devenu viral,1
Il n'aime pas qu'on Vienne contredire ses pubs,1
"montre unpeu ton message, tu as répondu quoi?",1
Peutêtre que c'est le même qui avait retardé les troupes ukrainiennes pendant deux semaines que les mêmes media russe nous publient sa mort aussi,0
Une autre fois il avait publié qu'on force les étudiants a allé dans l'armée avant de supprimer,1
C'est un bipolaire ce monsieur,1
Non,1
Un vrai bipolaire,1
Its a two room and one room like parlor which I want it to be that way,1
"Im given the room for 27,000p",1
Please no commission,1
I just took this aprt today not far to the metro.,1
Anotole à prit une balle perdu,0
Maikop,1
"Les commentaires sous ce poste, c'est la magie. Kooo encore la Russie, un pays raciste, le dernier pays où il faut aller, beta rester avec Paul Biya",1
Ça fait fort pendant la nuitée,1
"Joyeux anniversaire, KENGNE NADIA !",1
Happy birthday,1
Joyeux anniversaire Nadia,1
Hbd 237679511056,1
Maikop c'est ou?,1
Merci president,2
Dans le Sud,1
Si ça peut au moins dissuader certains de venir,1
Bon après tout ce qui m'intrigue c'est que ce soit le MINFI qui communique cela,2
La douane relève de ses sous directions This message was edited,1
Ahnnn oui oui oui,1
Salut besoin des roubles jai les FCfA. 250k XAF спасибо This message was edited,1
Moi aussi,1
Je suis dépassé par la vie.,1
"C'est leur gâteau, Chinois, Russe, français! C'est la même politique !! Personne ne viendra développer pour nous",1
Pour une fois sois sérieux grand,1
Il se moque de nous les puceaux,1
Indeed,1
Si tu savais que laffaire la tue. Demande à 79996751961,1
Il ne veut pas notre bien,2
Enlevé Siuuuuuuu dedans,1
Le catalyseur même même,1
estce que je suis donc mort pour témoigner Big?,0
Ils veulent qu'on meurt tous,1
je briseu onong de Jesus,1
Les brisures de riz,1
C'était chaud hier avec Halloween à Moscou. Que Dieu épargne l'Afrique de ce truc  MDR,1
Sinon les têtes vont tomber,1
Le pb en Afrique c'est que meme les sorcier vont profiter pour go dehors seen avoir peur,1
"Exactement, ensuite certains innocents vont payer cher",1
Halloween c'est notre quotidien en Afrique. Surtout dans mon village avec la sorcellerie,1
Meme en ville quand les prix des denrées aliments se déguisent??? C'est la magie,1
Je peux avoir le livre la où ?,1
Au cmr,1
On rentre le lire làbas?,1
Mercy,1
This message was deleted,1
Merde tu supprime pourquoi norn?,1
On veut aussi travailler norn?,1
"Désolé , je me suis dit que c'est pas le groupe pour ça",0
Écrit encore,1
A job in Rostics is available,1
Et la partie du foot alors ?,1
C'est réservé à la deuxième bière,1
Ashouè ?,1
Bonjour,2
No,1
Pour le VNJ tu dois faire un propiska регистрация по месту жительства. C'est un cachet qu'on met dans ton VNJ,1
Cest pour un an ou tout au long du ВНЖ ? And is it done by your Lanlord too ? This message was edited,1
"Pour le faire, tu dois avoir",1
Ça dépend de ton договор.,1
"On peut te faire pour 1 an, ou pour 2 ans, si tu es alors à l'Université et au foyer, il peuvent même t'aider avec un propiska pour toute la durée de tes études mais toutes les universités ne font pas ça",1
Okay merci beaucoup,2
"Selon mon expérience personnelle, ce nest pas obligatoire de faire le prapiska.",1
Pas forcément. Tu peux faire un enregistrement ou un propiscat.,1
Ca nous sert pas à grand chose normal that he is asking,1
Ок carrefour Messassi,1
On va fouetter celui qui vous achète les smartphones,1
Lol,1
Bonsoir. Estce possible de faire le passeport avec le récépissé de la CNI ?,2
Oui,1
Parce que jentre les informations du récépissé ça refuse,1
Il y'a un numéro sur ton récépissé,1
Si tu as le numéro de l'ancien CNI tu mets sa,1
Ok,1
Merci,2
Le numéro de CNI quand tu as le récépissé cest le numéro du KIT cest ça ? This message was edited,1
Oui,1
Et quand ça refuse toujours tu peux sauter cette partie ?,1
Et aller jusquà payer ? Il ny aura pas de problème?,1
Essayé voir si sa ne marche pas tu pars à l'ambassade ils vont ressoudre sa sur place,1
Lambassade doù ?,1
Je suis au Cameroun,1
Ça ne dérange pas,1
C'est juste pour remplir le formulaire pour prendre rendezvous,1
Ok,1
Oui c'est plus obligé comme avant,1
Mets le numéro de l'ancien passeport,1
Ok merci Prési,2
"Bonjour et bon dimanche à tous ! Encore une journée qui se lève, Dieu fait grâce.",2
"Hello and happy Sunday to everyone! Yet another day is dawning, God grants us grace.",1
"Joyeux anniversaire, Lucianatchami!",1
Hbd baby 79532919646,1
Hbd to you,1
null,1
Désolé si ma capture enfreins les règles This message was edited,0
Les vidéos là c'est le vrai norpo hein,1
Merci,2
Il ya même le lien man,1
null,1
Cest qui ça ?,1
Il s'agit de quoi,1
Viens Ib This message was edited,1
Attention aux liens. Il ya déjà trop de virus,1
Le rouble qui ne fait que descendre si massah,1
Tu peux toujours conserver en cryptos car on se plaint pas.,1
Cest déjà encore trop bas,1
Bientôt on sera à 5 man,2
null,1
Merci presi,2
Envoi d'abord.,1
Chaque pays a son Bopda,1
Bonjour à tous,2
Svp j'ai une question il y'a une possibilité d'être remboursé en cas d'annulation de vol si le concerné décide ?,1
Si la date du vol n'est pas encore arrivée oui. This message was edited,1
mmmmmmm,1
Svp c'est de kel demande on fait allusion,1
"Tu dois imprimer la fiche signé , scanner et upload",1
Et on télécharge quoi au juste ?,1
Fais un clic où j'ai entouré,1
Une sorte de fiche avec toutes les informations que tu as au préalable remplis en plus de ta photo,1
Hello,1
Et cela prend du temps pour être traité si la réservation a été faite en ligne ?,1
Voici le vrai lien de prince aimé,1
Slt everyone,1
On ressent quelquun qui dort sur largent,1
La calebasse,1
Cest notre Ration pour 2 mois hein,1
Mince c'est ma pension d'un an en Master,1
Svp. Qui connait un centre d'examen de connaissance de la vue russe pour le dépôt du RVP? Merci,2
Il te faut une délivrance,1
DoualaMoscou 7112024,1
Les democrates vont vous sortir leur carte democratique de trucage et laaaa vous verez,1
Ça n'aura pas d'impact sur notre pays mais l'idéal serait que Trump gagne.,1
Hello,1
"1 rouble a 7,5 fcfa",1
Meme 2 milliard je fais,1
Ikiiii l'argent est bien hein massaaaa,2
RUDN,1
"Il faut bien m'expliquer le schéma ci, ça m'interresse",2
Stp l'adresse exacte. Merci.,2
Écrit РДНН sur Yandex chef,1
D'accord boss. Merci,2
Les democrats vont sortir quoi le tour ci,1
Juste rentrer à la maison,1
Trop tot.,1
Le même scenario a eu lieu en Moldavie,1
This message was deleted,1
"Trump bat Harris lors des élections dans l'un des États clés, celui de Pennsylvanie, avec un résultat de 50,89 , rapporte AP après le dépouillement de près de 90  des votes.",1
"Trump a déjà remporté deux États clés et est en tête dans les cinq autres, selon les données de l'AP.",1
"Donald Trump renforce son avance contre Harris avec 247 votes électoraux, selon les données préliminaires de l'AP.",1
"Trump bat Harris en Géorgie, le deuxième des sept États pivots, selon les données provisoires de NBC News.",1
"D'après l'Associated Press, il recueille 50,78 des votes après le dépouillement de 65,31 des bulletins dans cet État.",1
Le candidat républicain devra s'adresser bientôt à ses partisans à Palm Beach.,2
Ce que Trump a dit pendant la campagne électorale,1
Problèmes internes aigus,1
Économie,1
le Messi,1
"Une caravane de 3 000 migrants s'est dirigée vers la frontière américaine le jour de l'élection, rapporte le New York Post.",1
"Trump a déjà obtenu 267 voix des grands électeurs sur les 270 nécessaires pour gagner, selon les prévisions de Fox News.",1
"Le ministre israélien de la Défense, Yoav Gallant, a été démis de ses fonctions par le premier ministre israélien Benyamin Netanyahou, a annoncé le bureau du premier ministre.",1
"Un homme a été arrêté aux ÉtatsUnis pour avoir menacé de tirer en masse si Trump gagne, rapporte ABC.",1
"Le FBI affirme que des menaces à la bombe ont été signalées dans des bureaux de vote dans plusieurs États,  dont beaucoup semblent provenir de domaines de messagerie électronique russes",1
Trump remporte la course à la présidence pour la deuxième fois  The Hill.,1
"Trump remporte 277 voix au Collège électoral, assurant ainsi la victoire à l'élection présidentielle américaine  Prévisions Fox News",1
On va l'envoyer comme volontaire au côté ukrainien en front.  Il va bien tirer làbas,2
Finir la guère en Ukraine cest un plus,1
Le chef des républicains à la Chambre des représentants Mike Johnson a nommé Donald Trump Président élu des ÉtatsUnis,1
Trump c'est la victoire politique jamais vue auparavant dans l'histoire des ÉtatsUnis.,1
"Emmanuel Macron a félicité Donald Trump pour sa victoire sur le réseau social X, et se dit prêt à travailler ensemble.",1
Donald Trump a proclamé sa victoire politique sappelant luimême le 47e président des ÉtatsUnis,1
Le premier ministre israélien Benyamin Netanyahou a félicité Donald Trump pour sa victoire à la présidentielle américaine.,1
La victories tel qu'il n'ya meme pas moyen de truquer,1
"Svp tout ceux qui ont VK voter unpeu pour mon équipe de construction de RUDN de lannée passée Бригада 5,6 Блок",1
Конкурс на лучшую бригаду!,1
Mince 2 comment  vous travaillez mal ?,1
Lol on attend que ça monte encore plus,1
On attend 10 frs.,1
Aaahh attendons voir,1
Observons la scène,1
Les maîtres de la politique d'opportunisme sont déjà en train de réfléchir,1
Ça ne surprend que  ceux qui ont découvert le monde médiatique occidentale,1
Je te dis,1
Merci,2
Pourtant ils ont VK hein,1
Le lien et c'est qui qu'il faut voter?,1
Cest moi,1
Конкурс на лучшую бригаду!,1
D'accord,1
Merci,2
C'est fait,1
Merci,2
Cétait prévisible,1
This message was deleted,1
"La vie n'est rien, Dchang en Seuil",1
Deuil,1
Que chacun envoi une vidéo de lui de 5 seconde au front,1
Monsieur déclarer vos biens,2
Balthazar explique ce qui c'est passé,1
20000p disponible besoin du CFA au pays svp bsr,1
Quand tu envoie cest même au même taux,1
"Malheureusement, l' Europe sans la Russie ne pourra plus rien exporter vers les USA, car l' Europe a besoin des sources d énergie bon marché  de la Russie pour pouvoir faire tourner les industries de production et exporter de manière compétitive vers les USA et en Afrique. Voilà pourquoi d' une part la guerre en Ukraine arrange la chine, car la production européenne a chuté  considérablement pendant ce temps là Russie vend moins cher le pétrole a la chine qui fait tourner son industrie.... L Europe devient de plus en plus un marché de consommation et les allemands comprennent bien ça.",2
"L'objectif de Trump de vouloir arrêter la guerre, c'est justement par ce que selon lui la chine profite beaucoup, même si le complexe militaro industriel  américaines tourne bien grâce à cette guerre, Trump pense que une chine riche est un danger pour les USA, voila pourquoi, il va chercher a éloigner la Russie de la chine et le seul moyen de le faire sera de  négocier la fin de la guerre avec les  conditions de Poutine . Or  les relations internationales ne fonctionnent pas forcément comme le monde des affaires et il va vite comprendre cela",2
"Biensûr, Le même pétrole qui finance la guerre Russe en Ukraine passe par l' Ukraine pour aller en Hongrie et en Slovaquie...  .... les Ukrainiens ne blague pas quand Gazprom fait même un jour sans payer ses taxes",2
Lien du match svp,1
Hbd 79187024315,1
"Joyeux anniversaire, Cho Hansly Che!",1
"Joyeux anniversaire, Ondoa Mbede Harding Judicaël !",1
"Joyeux anniversaire, Ntol Gaston Didier!",1
"Joyeux anniversaire, Naya Dzinko Vivian!",1
Merci presi,2
4 anniversaires collés collés,1
Joyeux anniversaire aux anniversaireux du groupe,1
Le dollar dépasse leuro?? This message was edited,1
Yess,1
Le rouble danse l'assiko,1
Joyeux anniversaire  Boss,1
Joyeux anniversaire  Hansly,1
Vivian cest toi qui ma fait comme ça?,1
Ca va de soit. Si le dollar hausse le rouble fera pareil,1
Joyeux anniversaire hansly,1
Tu es le parrain peux leurs motiver.,1
Joyeux anniversaire au 3 autres compatriote,1
Tout ça c'est vraiment du folklore,1
3100???,1
Ça arrive parfois,1
La valeur d'une monnaie varie en fonction de la situation politique économique et sociale d'un pays.,1
Analyse fondamentale,1
"Donc la situation economique, politique et social du 237 n'a pas changé depuis que je suis né, quoi.. This message was edited",1
Le CFA n'ai pasune monnaie nous sommes parrainer par l'euro qui garantit une convertibilité sur le plan mondial.,1
Laissez les cours la je veux le lien pour aller en guerre,1
Bientôt je serais hero national,2
La guerre va bientôt finir il faut vite flex,2
Jai même pas besoins de formation,1
Scan le QR code sur les affiches nhhh,1
Même les affiches je vois plus,1
Il yavait souvent les recruteurs dans les métro eux même ont disparus,1
Cest le meilleur moment dentrer dans la guerre,2
Avance on arrive...,1
This message was deleted,1
Bonjour  famille j'espère que vous allez bien. s'il vous plaît je recherche une chambre Dan's Moscow entre 8000ruble 20000rubble max. Merci pour votre compréhension,2
10 kg disponibles  départ Moscoudouala le 20 novembre  900pkg . Document 1000p,1
Sa c'est un autre cas,1
Hum,1
Bnjr,1
Padfak a rudn cest combien ?,2
45005000,1
This message was deleted,1
This message was deleted,1
This message was deleted,1
Il faut quon arrêt un gars ici on le livre unpeu à la police,1
"Cest juste parce que les gens ne portent pas plaintes , mais on punit  pour cela",1
Des tintins.,1
"Laisse dabord les kilomètres ou kilogrammes disponibles, on mange et on boit où? Le tour ci tu vas méchapper",1
79187024315 ça ce passe ou?,1
Ah oui oui il ny a pas dexcuse,1
je connais dab trop la nage,1
Il faudra seulement te transformer en poisson  parce que si tu lèves la tête de leau tu me verras présent comme un mauvais esprit,0
79187024315 les mêmes gens heinn,1
A yarkutsk,1
Ekié elle est déjà ici?,1
Philo est bien là,2
C'est que c'est grave alors,1
Lol pourquoi?,1
Qui ça ? Tata Philo?,1
Oui ehhh,1
Elle cherche qui ici estce que Balthazar reside ici?,1
Il y'a les Balthazars ici jusqu'à,1
Ewééé la Sibérie en téléchargement. Attend moi j'arrive.,1
10 kg disponibles  départ Moscoudouala le 20 novembre  900pkg . Document 1000p,1
imminent voyage sûr sûr DEMAIN,1
Bonjour  ya til quelquun qui voyage le 911 2024 . Pour le Cameroun?,2
Tu ne sais plus lire,1
....,1
parfois nous sommes là à cause de nos malheurs,1
Un géni,1
Merde,1
Jai apprécié,1
Balthazar voit ça il rit lui seulement,1
Je prend,1
Ou estce qu'on trouve ce café donc ?,1
C'est sûr commande,1
Passe ta commande et je fais venir,1
Ça va alors tuer hein,1
Merde ça donne hein,1
Surtout au medzang,1
Net moi dans 10 ans,1
Lalcool a déjà bourré le cerveau,1
Est ce qu'il connaît la famille là,1
Les nerfs,1
War papa War papa trop les nerfs trop les nerfs,1
"Joyeux anniversaire, OLEMBA KOUNG Hector Wilfrid!",1
Il a mit les organes weeeeehhhhh,1
Lien de demande de bourse,1
J'ai même une connaissance qui a fuit le Canada pour ma Russie,1
Je suis seulement dépassé. Apparemment il ya le pognon hein gar,1
Je te dis juska vouloir pleurer,1
STUDIO A LOUER. METRO NEKRASOVKA.  1 ARRET EN BUS,1
Покажи фото пожалуйста,1
Завтра покажу,1
Je ne suis pas labas actuellement,1
Mince les videos de nyass de la femme de Balthazar sont dehors.... eeeeee femme qui es tu....,1
Cest le meilleur couple,2
Cest pas elle,1
Desolé la mère le tour ci tu as ndem l'affaire est deja au parquet,1
"Joyeux anniversaire, Obam Ella Donald Junior !",1
Hbd compatriote,1
Mais où est passée notre dignité africaine?,1
À quoi te serviront les vidéos là ?,1
"On est sensé être une famille, si vous avez des informations capitales et vous ne partagez pas avec nous estce que c'est alors bien?",2
"En famille, on est sensé s'entraider.",1
Aidezvous avec les vidéos. Peut être que ça aidera que le rouble puisse grimper.,1
Je te dis hein frère,1
"Bon laissons nos semblant d'hypocrisie. Depuis quand l'homme est fidele, laissons le coté Africain et Europeen.",2
Jouons plutôt de ces seins hein ?,1
Estce à dire qu'on ne doit rien décrier ?,1
Cest parceque vous normalisez linfidélité que même les fidèles croient quils sont anormaux. Veri gourde,1
Que celui qui est fidèle le soit devant Dieu et pour Dieu.,1
on parle tous dinfidélité que tu connais warrrr justification sur nous mainon doyen,1
De ce que je sais chez les bantous  on parlait d'infidélité en général que pour la femme on parlait d'infidélité de l'homme lorsque celuici couchait avec la femme de son frères de même village.,1
Excessif je pense. Jésus Christ  par exemple décriait les mauvais  comportements de tous les hommes partout.,0
Je vais justifier quoi? Est ce que cest au bar je vais venir dire que boire nest pas bien?,2
Toi seul sais de quoi tu parles.,1
Eva sur nous mainon,1
Je suis aussi Bantou. Et ma réponse est le feu sur ça,1
Il a été lavé par qui??,1
Ce qui ménerve sur les nés de nouveaux  cest quils aiment dire que eux ils sont fils de Dieu et nous non. qui vous a dit ça?,1
Je n'aime pas ce genre de débats. Restons sur ce qui est.,1
Je suis contre 79653368333 mais aussi contre ceux qui pensent comme vous,1
Je prie et Dieu exauce mes prières donc je suis sa fille. Je nai pas besoin dêtre lavée par la personne dont tu parles là. Chacun sait cmt il gère son côté religieux This message was edited,1
"S'il y'a un homme pour chier en public, il y a un autre pour ramasser,  un autre pour se taire, et un autre pour décrier.",1
Oukouuu,1
Sans doute.,1
Ikiii,1
AMEN AMEN,1
Ouvrons léglise une seule fois,1
Lui il parle un peu comme un congolais,1
"Toi alors, ta part sort seulement un genre, un genre.",1
ta dernière phrase là me fait mal aux yeux,1
Mais cest toi 79684434756 de la communauté saint Louis de Moscou nor,1
Bien sûr.,2
Oki,1
Très clair.,1
Alleluia. Amen,1
branlage,1
Hum,1
Tu crois en la fidélité même après l'histoire de Balthazar?,1
Bien sûr,2
Balthazar cest lunité de mesure?,1
Infidèle que la femme existe?,1
Ya les femmes infidèles et ya les femmes fidèles,1
Non plutôt les femmes là  celle qui était mbele c'est le virage,1
Cest a force de faire croire que toutes les femmes sont infidèles que les femmes fidèles se croient anormales,1
La fidélité de la femme s'arrête le jour qu'on l'attrape,1
Okay cest bien,2
Osf... Mieux vaut accepter qu'elles sont comme ça que d'être surpris,1
Merci grand boss,2
Le garçon trompe et accepte mais la femme nie jusqu'à pleurer. Me'ebii,1
Continuez donc de normaliser. Bravo,2
voilà pourquoi certains pays refusent de légaliser les tests d ADN,1
"Il y a la vie qu'on rêve et ce qu'on vit. L'infidélité de la femme est flagrante, Celui qui ne veut pas croire verra de luimême",1
On souffre,1
Vrai!!,1
Toi tu es quoi?,1
Normale,1
Fidèle ou infidèle ?,1
Normale comme la norme  wéééér Big tu ne comprends pas à quel niveau,1
On a demandé fidèle ou pas fidèle,1
Le choix est simple,1
Fidèle même comme c'est le prénom de mon grand,1
"Si aumoins dans les 400 X de Balthazar 5 des femmes étaient célibataires, j'allais pas comprendre quelque chose...  Pfff",1
"Si vous êtes toutes fidèles, les hommes vous trompent avec qui donc? Tsuippps  les longs discours",1
"Bonjour la famille, svp je recherche un appartement de deux chambres. Mon budget 40.000r . Si quelquun peut maider  même  avec une application ou un site pour la recherche se serait bien.",2
Moscou oblast minutes de Bus du metro,1
La photo de profil de ça alors c'est la magie,1
Svp je ne comprends pas,1
Départ imminent,1
45 minutes de Bus pour le metro,1
départ le 20 novembre   .,1
Départ imminent,1
"Joyeux anniversaire, Ngambi Mooh Marcel Nicolas!",1
Ministère de la science et de l'enseignement supérieur de la Fédération de Russie,1
Très bonne chose.,2
Tous ce que nous demandons à nos dirigeants,1
"Joyeux anniversaire, ATEUGONG NAHOUNG JORES JUNIOR!",1
Joyeux anniversaire,1
Si chacun travaillait a son niveau ce que nous ne sommes pas dehors,1
Hbd,1
Bâton de manioc en vente 200r,1
Yuzhnaya 12k3,1
Combien de meugeuk?,2
92,1
Si c'est pas 12 tu laisse,1
Pâte d'arachide aussi en vente?,1
Mingok,1
12 mengeuk,1
C'est comme si c'est 14 ou c'est moi qui compte mal,1
Tapioca aussi,1
Je veux larachide grillé,1
100k pour 15900,1
Intéressé ib,1
Ou nous on fait mm quoi ici oooo Dieu seul sait,1
Chacun joue son rôle et on ne pleure pas.,1
C'est interdit de pleurer.,1
50000 FCFA disponible au pays pour 7900r sans frais de retrait 8000r avec frais de retrait,1
Bsr ya til un voyage Douala Moscou ces jours ci?,1
79187024315,1
si on pouvait aller à pied,1
Bientôt tu vas entendre quelle a été déchu de ses fonctions,2
Gaus a les meilleurs taux. Demande lui,2
This message was deleted,1
Сообщение от МВД,1
Fake je pense,1
Informons nous plus sur les sites officiels... Les messages de masse comme ont souvent un autre objectif que de vouloir sensibiliser...,1
J'ai pris dans le groupe de notre immeuble groupe des russes,1
Ce message particulièrement à été signalé par le ministère de l'intérieur comme étant un faux. Une autre vérification peut aussi souvent se faire en copiant le message et coller sur yandex et des commentaires ou interventions vont confirmer la véracité du message...,1
Aahh je vois,1
Prend le message que tu a poster et colle le sur yandex et lis les résultats...,1
Le résultat dit quoi fait le résumé pour moi en français stp même dans un voice.,1
79999813624,1
Tu n'as même pas essayé d'ouvrir le lien,1
Ca ouvre pas chez moi j'ai essayé pourtant,1
C'est peut être toi qui ne comprends pas chef,1
Voilà,1
Ce lien et elle disent la même chose en tout cas,1
Bien relire...,2
"Ceci veut dire que, le message qui circule dans les réseaux sociaux n'est pas correct. Il explique plus bas qu'il n'y a eu aucune plainte par rapport a des agents qui font ce que le message dit.",1
This message was deleted,1
Bonsoir,2
21Novembre  YaoundeDoualaMoscou 400kilo disponible,1
400??????,1
Haaaaaannnnnn?????,1
Éwééeeeeeeeee,1
les professeurs en pièces détachées,1
"Hum, est ce qu'on se cache encore. Il dit ce qu'il veut. Ce sont Ceux la qui applaudissent qui me font mal",1
Et pourtant ils sont conscients,1
"Bref la chèvre brute là où elle est attachée, il a bien fait de préciser que Mvôo Meka cest la terre promise",2
Nous avons vraiment touché le famille fond,1
null,1
Ekieeee  c'est encore quoi comme ça?,1
666 avec la caméra de 100 rouble,1
Je te dis bro,1
Vraiment,1
Et ça a lair très normal pour elle,1
Je ne comprends pas cmt on fait pour en arriver là,1
Toi même tu a pris ça ou noh boys?,1
Oh mince qui ma envoyé regarder,1
HANSLY VOYAGE,1
Mon Dieu c'est sa mère ou quoi?,1
Qui est boy ici ?,1
Ah désolé ma cherie,0
Ça gâté ma soirée. Il ya les gens qui méritent la mort  moi je tue ça Dion,0
Il y'a quoi làbas ?,1
Je voulais ouvrir mais vos commentaires me déconseille fortement,1
Faites le résumé de manière écrite abec,1
"Une folle qui verse sa m sur un bébé, puis lui fait avaler ça",1
Elle lui a fait avaler ?!,1
Une femme fait ses selles sur un bébé,1
Tas pas eu le cœur de regarder jusquà la fin!?,1
Des quelle a commencé jai coupé mon point faible ce sont les enfants,1
T'as pu tt regarderj'ai arrêté jusqu'à supprimer,1
Massah,1
Seul Dieu protège nos enfants. Tellement choquante cette image,1
Moïse cherchait la terre.,1
De qui se moque ton?,1
Ce pays c'est la brocante. Voilà tout un gros ministron des tas qui parle une langue je ne sais laquelle lors du rassemblement d'un grand parti!!!,1
L'enfer c'est les autres,1
150000frs disponible pour du rouble,1
voilà alors la pâte d'arachide venez ib,1
Combien?,2
Slt everyone,1
Bonsoir à tous. 20500 fcfa disponibles pour 3200 rouble,2
"Joyeux anniversaire, Endjeu Tchouassi Gabin Junior!",1
Joyeux anniversaire,1
Hbd,1
Bonjour à tous. Svp combien de temps ca prend maintenant à lambassade pour faire un nouveau passeport? This message was edited,2
Quelquun a til fait son passeport récemment?,1
Bonjour !,2
Donc si le prochain voyage cest dans 3 mois je vais devoir attendre 3 mois ?,1
Happy birthday to you,1
Mais généralement ça ne prend pas plus d'un mois !,1
Je vois. Estce que cest possible de faire lenrôlement ici et quelquun récupère pour toi au pays et tenvoies ?,1
"Je pense oui,mais pour plus de certitude faudra vérifier ça à l'ambassade.",1
Impossible,1
bonjour à tous 20500 fcfa disponible au Cameroun pour 3200 r,2
Bonsoir à tous,2
You deleted this message,1
500k au pays besoin du rouble au taux google intéressé inbox,1
250millions au pays. Besoin du rouble taux Google,1
Ib,1
Soit sérieuse,1
Ok,1
Cest le srx,1
7fcfa 1rouble,1
1000 million au pays besoin du rouble,1
Ib je ne veux pas les blagueurs,1
Tu ne connais meme pas compter et tu parles d'argent,1
Tu voulais dire 1 milliard?,1
Wouaaaa papaaaaa Ashouaii,1
Vraiment. Ngeu 1000millions. On sent un bleu,1
Un blaguouillon,1
Wouaaaar mama Ashouaiiiiiii,1
Wouarr les riches on sexcuse,1
On ne dit pas mama on dit Meuuumaaaah,1
Wouaaarr papa,1
Ici alpha le bandit eat encerclé,1
Wouaaa papaaa,1
Meme chose ... Peuuupaahhh,1
Wouaaa papaaaa le correcteur,1
Wouaaaaar on sexcuse,1
250.000 million   soyez humble dans ce groupe et ne traumatisés pas la sensibilité des pauvres comme nous.,1
Heinnn,1
La racine du mot HUMILITÉ c'est humiliation noooorrrrrr,1
"8.000.000 de roubles dispo, je prends 50.000.000 de FCFA directement  ne venez pas me proposer les miettes, juste du concret",1
Tu voles aussi l'argent. Dans les boîtes de crypto? Hummm,1
C'est l'argent de l'armée,1
Paix à ton âne!!!,1
Lâne vient chercher quoi ici?,1
This message was deleted,1
Meilleur taux gagne,2
Jaurai tt vu,1
"Bonsoir à tous, boulot de nettoyage dans un fitness clubs 70mil par mois, intéressé ib pour plus d'informations",2
Uuhh?,1
Paapa?,1
Certaine danse de chez nous  on avance on recule mais l'essentiel on reste sur place,1
Slt,1
Le chancellor Bafia,1
This message was deleted,1
25000 fcfa disponible,1
Ok,1
Chouba.,1
Kie,1
Nick u aimes trop les bêtises,1
Un sauvage heinnnnn,1
Mm toi,1
Je ne suis pas le genre la,1
"Cest triste , voilà le résultat de la médiocrité de notre système",0
Les vrais génies sont bloqués en master 2 ou en école doctorale pour les plus chanceux pendant longtemps,1
A ce que je sache le système commence à changer davantage .,1
Cest tellement triste,0
Ministre depuis 20ans.,1
Après on va nous demander d'aller développer ai pays,1
Bref nous serions comment développer le pays ssi les dirigeants actuels nous donnent ce pouvoir.,1
Au cas contraire il suffit seulement d'arracher .,1
Votre ministre est dans les analyses vernaculotheologiques de l'existence du Dieu d'étourdi. C'est vous qui pensez à l'éducation,1
"Assez excessif. A ce que je sache, mêmes les pontes du régime ont des enfants avec un Q I très élevé.",1
Paul Biya horii 2035.,1
Dans la Paul Biya Higher Educational Vision PBhev,1
Tu as tjr largent au page my brother,1
Voilà pourquoi je disais la dernière fois que chacun à son niveau peut encore apporter sa pierre à l'édifice du changement.,1
Donc c'est kamto qui n'est pas ancêtre ein. Hmm,1
"Il n'a pas 90 ans et a un programme qui implique tous les camerounais, et c'est le seul qui reste cohérent. Ce n'est pas le Messi, et il est probablement celui qui ouvrira la porte, pour ensuite laisser les autres jeunes prendre les choses en main.",1
Lol,1
"Mieux Frank, mieux Libi, mieux même toi. Toute la génération là doivent nous laisser tranquille",1
"Lol le fait n'est pas de mettre quelqu'un seulement au pouvoir, le fait est de mettre quelqu'un capable de relever le pays avec un programme bien précis. Sinon c'est bien beau de dire les jeunes par ci, les jeunes par là, mais quel jeune a réellement un plan assez intéressant?",2
Pareillement pour kamto. Donc laisse le là où il est làbas pardon. C'est un faux gars,1
"Mon Cher, ton kamto et notre grand père sont les enfants d'une famille et d'une même fratrie, rien ne changera s'il venait à prendre le pouvoir à son aîné au contraire les choses seront plus pires comme c'est le cas actuellement en Côte d'Ivoire, le Gabon d'Omar Bongo et j'en passe ...",2
"Chaque pays a son histoire, à l'allure où les choses vont là, on tend malheureusement vers une potentielle guerre civile avec tous les clans qui se forment et chacun avec une partie de l'armée. L'idée ici et de tout faire pour avoir une transition Pacifique, et pour cela, il faut reconnaître que de tous les prétendants à la présidence, le plus cohérent reste Kamto.",1
Mon frère laisse les mensonges de la politique aux leaders,1
Coup d'état avec une armée tribale dont le recrutement est effectué sans éthique?,1
Paul Biya 20252032 Pour un nouveau  décollage du Cameroun,1
20182025 c'était pour quoi?,1
Pour un Cameroun des grandes opportunités.,1
Sauf que le moteur a coulé,1
Boza,1
Les opportunités étaient tout le monde fuis le Cameroun Ok.Il a réussi son mandat .Ayop Ayop Ayop,1
"On est entrain d'arranger  le moteur en février 2025, il y'aura un moteur  flambant neuf qui ira à la vitesse de la lumière.",1
Le Boza fait partie de la stratégie.,1
Seule une poignée de camerounais est prêt pour le changement. Malheureusement ces derniers n'ont carte d'électeurs et sont convaincus qu'on rien faire. D'autres n'ont seulement pas le droit de voter puisqu'ils ont acquis une nouvelle nationalité pour ceux de la diaspora.,1
"President Kamto, mon œil oui. Tu as mobilisé qui? Pti indique. Va dire ça dans la rue ici il y'a des personnes réfléchis. Les plus de 100 milles camerounais inscrits dont les empruntes sont montés et descendu qu'est ce que tu en pense?",1
Bonsoir les gars svp le groupe a une charte et respectons la.,2
"Tu ne me connais pas. Mes combats, tu n'as aucune idée. Parle en ton nom propre, ne dis pas, nous, tu n'as aucun mandat.",1
J'attends ce message depuis.  C'est pourquoi je suis klm. Lorsqu'un message est à l'encontre du système en place . Les règles font surfaces.,1
Klm toi frère.  Et relis.   il faut faire justice avant le pardon  si tu a quelque chose à te reprocher soit prêt.  La justice fera son travail.  Pas de violence.,1
Bien reçu.,2
Comme de l'eau potable.,1
"Je suis devenu apolitique. Seulement nous devons être concentré, surtout la Jeunesse.",1
Nice braids,1
Thank you,1
Nice braids,1
plus pire,1
Suis davis,1
Tu crois alors qu'on en manque des connaissances en francais?,1
Ou est le pain sur ça?,1
jai pas dis ça,1
Pourquoi tu lui corriges sur ça?,1
Uuhh?,1
J'ai que dis ma part noorrr.,1
Minceu,1
Thank you,1
Oui oui mon frère.,1
Ojouk ?,1
Bravo làbas. le prétexte parfait,2
A partir de mainnan j'ecris comme mon doigt veux,1
Nous quoi?,1
Entre temps je suis plus pire que toi ein,1
C'est bon en toi?,2
Oui oui,1
"Mon frère, il y a même quoi non? Ce n'est pas alors vrai.",1
C'est français ça? Oui oui,1
Plus pire que moi? Hum eeeeeeeewh Dongfack Moliere,1
Reçu 55,1
C'est le girophare,1
Si vous suivez bien lactualité Cabral libi est le véritable opposant pour 2025,2
Je là a dit la même choses l'autre jour elle a doutée,1
Il est plus mieux que tout le monde la,1
Mm pas en rêve. Sil devient mm ministre seulement je quitte le pays,1
.,1
Donc tu croyais que RUDN est à Mbouda,1
Nn cest à babete,1
Donc tu quitte Moscou et tu rentres au Cameroun quoi...,1
Nn. Je quitte le Cameroun pour un autre pays,1
Doc tu sais arracher les dents?,1
Euy. Noo papa suis pas stomatologue,1
Lui déjà cest un sorcier,1
Chacun comprend à sa manière,1
"On te repette encore, ça la tu as deja fait! Trouve quelque chose de nouveau",1
"Akié, De Moscou à Ngambe Tikar?",1
Toi tu exagérer.,1
164 milliards de dollars en trois ans... la pauvreté est ou ici...,1
Et pourtant juste 2 milliards sont suffisants pour éradiquer boko haram et le terrorisme dans le sahel en Afrique,1
Vous riez heiiinnnnn...,1
79013886871  j'ai un service à te demander,1
Vas y papa,1
Fais moi mal,1
Warr comment ils font ça,1
Jotodi,1
Le papa là m'a découragé,1
Ekieee. Vas y mon amour de frère,1
Frère là c'est pour m'achever une fois,1
ekieee,1
On t'a mis hors jeu come Mbappe,1
Bon vas y,2
"C'est ma sœur en Christ, aucun hors jeu",1
Non c'est bon,2
Petit ce sont les soeurs en Christ qui servent mieux le Salut,1
Je ne suis même pas sur si la france sans les Etats unis peut supporter même 2 mois de guerre,1
2 Mois c'est beaucoup,1
"Les 200mil avec les PD, transgenre, etc...",1
Les hommesfemmes et femmeshommes,1
This message was deleted,1
S'il vous plaît quelle est la procédure pour certifier les diplômes russes?,1
Si cest pour lApostille Attestation de la véracité de la signature de lauteur du document et qui confirme officiellement la validité juridique dudit document dans un pays signataire de la convention de la Haye tu vas à Мой Документы МФЦ,1
"Je ne sais pas pour maintenant, mais en 2021, on m'avait orienté vers le МИД, et au МИД ils m'ont demandé d'aller au ministère de la justice avec les traductions notariées, et là ils font l'Appostile et avec ce document, tu te rends au МИД. Au ministère de la justice on demande pour quel pays tu veux légaliser, parce que chaque pays où tu voudras l'utiliser a ses critères, par exemple pour les USA, c'est différents pour la France. Et ils le font en 2 semaines je penses.",1
Ok Merci beaucoup,2
"Уважаемые агенты, присылающие паспорта граждан Республики Камерун! В связи с введением уголовной ответственности за содействие нелегальной миграции временно введены строгие ограничения на работу университетов и оформление приглашений.",1
Yes trop de tchequage maintenant ci les gars vont visser,1
Grave,1
Deux jours,1
"Non non , la liberté d'expression est une des fondations de mon mandat chef, tu es libre de dire tout ce que tu penses, la seule condition est que ça soit fait dans le respect de ton interlocuteur et dans nos valeurs dicté par le bon sens",2
Mais les espions sont ici.,1
"S'il dit sous couvert du respect sans injure et autres je ne pense pas que c'est un problème, même dans les débats télévisés au Cameroun il y'a une pluralité d'idées autour d'un modérateur",1
Le plus important c'est de faire passer son message de manière compréhensible chef,1
"Bonsoir à tous,  besoin dune personne qui va pays?  à Douala précisément, jai un colis à envoyer au pays This message was edited",2
10kilo maximum,1
Ils ont dit que c'est maintenant 2000 comme année de naissance,1
Meme master ? Ou seulement licence ?,1
Il ya demain,1
Ib,1
Master je ne pense pas,1
Un université cherche les étudiants qui on fait agriculture master pour fait la padfac et le doctorat pour enseigner bakalav en Français c'est dans la ville de Cheboksary,1
Le lien alors boss,1
Cest vraiment approuvé ?,1
Oui oui,1
A Kazan c'est 2000,1
A tcheboksary c'est 1994.,1
Je comprend pas,1
Quoi?,1
L'âge de dépôt des dossiers pour étudiant,1
L'année de naissance des gens qui sont autorisés a recevoir une invitation au delà de l'âge la impossible d'obtenir l'invitation,1
Pour le niveau licence,1
Oui cest quel université ?,1
Enfaite je parles par rapport à ce message,1
Ca ne va rien empêcher,1
Si quelquun est né avant 94 et quil veut linvitation il aura,1
Contact ЧГАУ,1
Lâge là cest zéro,1
Je connais cet université.,1
En vrai noooo,1
Il ya quel différence entre ce qu on enseigne RUDN 10000 dollars et ce qu'on enseigne dans cette ville,1
Wow. Les gens souffrent quoi à rudn avec le stress du renvoie mm?,1
Je ne peux plus stresser à rudn quand il ya les bonnes choses dehors,2
Wouaaa mamaaaaaa ashouaiiiii!!!!,1
Tcheboksary est moins cher pour les études mais le travail est difficile pour trouver.,1
Il ya le travail où?,1
Ayaaaaa cest la magie maintenant,1
Tu es vieux?,1
2000 ou 2005 ou 1994 ca te dépasse? This message was edited,1
Je suis dans lintervalle encore,1
Mm si tu nes pas tu es déjà en Russie,1
Ça peut cuir à tout moment nor,1
Douala Moscou,1
Ta mere ton univers,1
"Joyeux anniversaire, Obam Ella Donald Junior !",1
Joyeux anniversaire,1
Happy birthday to you,1
Hbd compatriote,1
Hbd,1
Bonjour SvP  il ya quelquun qui quitte le Cameroun pour Moscou,2
"Bonsoir. Svp quand on paie pour un nouveau passeport avec MOMO, compte MOMO doit porter le nom du demandeur de passeport?",2
?,1
Non,1
"La ou cest écrit nom, je mets quel nom ? Le mien ou celui du propriétaire du compte MOMO ?",1
???,1
Personne ne sait ?,1
"Si possible, demande au monsieur qui reçoit pour les demandes de passeport à lambassade.",1
Personne na Le lien du match ?,1
C'est terrible . Aucune région n'a pu atteindre 80. Où va l'Afrique,1
"Je t'assure frère, c'est terrible  où va l'Afrique? On doit remettre le mariage polygamique au centre",1
Mieux je,1
Il n'y a que ces valeureux pour sauver ce pays de ce déclin démographique  Donc mes 10 femmes sont légitimes?,1
"Un homme recherche un logement, collocation ou  appartement. Si vous avez des propositions veuillez mécrire ib svp This message was edited",1
Daccord merci,2
Tonton c'est Ron passeport nooor,1
Polyandry cest combien? Comme ça je choisis bien ma région pour chercher mes 2 maris,2
Tu as d'abord un seul ?Qui va même d'abord t'accepter pour en 5eme position comme femme ?,1
Je ne veux pas de position. Je veux 2 maris car un ne me suffit pas,1
Il faut d'abord avoir un...,1
Jai déjà un,1
Va dormir,1
Pour que les qui boivent le vin ?,1
On ne parle pas de ton frère. On parle d'un mari Eva,1
Yep,1
Exact et cest très facile même donc faut pas tenkieter,1
Bonjour à toute la famille sil vous plaît quand tu es contractuelle en Russie tu dois toujours avoir largent sur toi obligatoirement ?? Si oui le minimum cest combien?,2
Quand tu arrives à laéroport,1
Il Nya pas un minimum mon frère le tout dépend des agents d'immigration,1
Daccord,1
D'autre avec minimum 1500 dollars se sont vu refoulé,1
Donc cest lagent dimmigration qui décide enfaite,1
Cependant la personne doit au préalable se rassurer d'avoir suivi toute les instructions avant son arrivée sur le territoire,1
Si tu nas pas encore payé dans scolarité et que tu es un peut âgé il te faut de loseille par prudence,1
On peut te demander jusquà compter biellet par biellet comme on ne peut pas,1
2 000  et luniversité étant informé de ton arrivé est une maximisation de chance avec lexpérience daccueil des étudiants que jai eu,1
Sans oublier un billet davion ou de train pour les Villes de plus de 3h de Moscou en montant,1
Ok,1
même bocoup de russes on des pourcentages dorigines camerounaises,1
This message was deleted,1
Il es Mbouda si lon creuse encore bien,2
Alekò,1
Le plus important est quil soit Camerounais de souche le reste cest toujours le Cameroun,1
Le Cameroun est dabord bénie pour celui où celle qui comprend Il faut bien préciser à haute voix,2
Jotodi. La mediocrité,1
A,1
Vous faites quoi pour ne pas aller défendre,1
Ca fait quoi?,1
Honnêtement les barcelonais venez dites moi pourquoi avec Kyky et Vinicius deux camerounais de souche Jouant au Réal de Madrid vous parvenez à trouver un moyen dêtre supporter une autre équipe si ce nest pas la méchanceté cest quoi?,1
79013886871,1
La sorcellerie non,1
Le réal est nul eux mm sont nuls. Le barca cest la meilleure équipe. Pkw on devrait supporter une équipe qui nest pas meilleure?,2
Jallais oublier Aurélien tchouameni,1
Tout dépend du potentiel de chaque équipe et leurs foi et détermination.,1
Et bientôt Baleba,2
Je me demande ce que ça va changer ds ma vie? Vrai ou pas  ça fait rien du tt,1
Ton cas alors mieux tu renais de nouveau peut être tu pourras mieux comprendre que dans lhistoire du football le Réal de Madrid occupe une position délite 1er sans 2ème,1
Ca signifie que tu as encore à apprendre,1
Argument contre argument allons y,1
Le gagnant gagne,1
Le Réal de Madrid cest,1
2. Compétitions Internationales,1
79013886871 on continue ???,1
Tu ne comprends pas que tu es seul dans le débat ?,1
"Elle demande ce que ça lui apporte dans la vie, tu cites les réalisations du réal",1
"Façon tu aimes débattre, il faut réorienter ta spécialité sinon un jour tu vas te retrouver en train de débattre avec les patients  à l'hôpital This message was edited",1
"On ne dit ça, je me fache",1
Au fait,1
c'est n'est pas de la coche big.,1
Elle a trop le cardio,1
Tu as dabord commencé quoi?,1
lol,1
Avec qui?,1
Qui te crisse? Je cherche les problèmes que je vais acheter,1
Cherche tjr tu trouveras,1
Donc tu es sérieux que tu va te discuter avec Eva par rapport au ballon ?,1
Je suis dépassé,1
"Les faux débat hein Eto'o, Alexandre  song et umtiti n'était pas camerounais ? Ils n'ont pas jouer au Barça?  les madrilènes ci  vous oubliez vite hein",1
Salu tous 300000 au Cameroun besoin de 46500 roubles,1
Prend sur la table a manger,1
Le tara ci est sérieux su'il fait toutes les recherchesci pour 79013886871 ?,1
Cela n'a jamais empêché les gars supporter le Real de Madrid et même de serrer les fesses forts sans possibilité de laisser le l'oxygène d'entrer par le bas lorsque  le Real menait le Barça à l'époque.,1
"Le portemonnaie de Monsieur TITA PENN ACHU, a été retrouvé et déposé au bureau du Consul de notre Ambassade. L'intéressé est prié de passer récupérer son portemonnaie.",1
Prochain voyage 25112024,1
Intéressée,1
"НГТУ  это ведущий технический университет России, лидер программы стратегического развития университета Приоритет 2030. НГТУ реализует более 130 образовательных программ бакалавриата, магистратуры и аспирантуры по таким направлениям, как IT и искусственный интеллект, радиотехника и телекоммуникации, энергетика и электротехника, высокотехнологичное производство, материаловедение, авиастроение, физика, экономика и управление, гуманитарные и социальные науки.",1
Vraiment la route ci a fait tu ne pouvais pas draguer une go de Nkolmesseng.,1
Maintenant est ceque meme les filles de Bastos peuvent porter les habits blancs des gos de Nkolmesseng?,1
"Non.Pourtant a Nkolmesseng il ya les secteurs comme  Petit Paris, Colombie,Bordeau,safari et MomBelinga This message was edited",1
Les petits paradis,1
Meme petit Paris a deja le Goudron massa,1
Les relations inter secteur de nkolmesseng vont finir,1
Maintenant les gars d'Odza sont 2424 sur les motos au lycee Bilingue.,1
Le joueur.,1
La ville des minces routes,1
Je suis de Petit Paris mon petit,1
Ma part est toujours compliqué,1
Quand j'ai vu ça j'ai directement pensé à toi,1
415000FCFA besoin de 64000roubles.,1
Disponible en federation de Russie,1
Je te dis moi même javais perdu mon portemonnaie comme ça mais je navais pas eu cette chance  This message was edited,0
pendant ce temps,1
Attend cest par mois ou par an ?,1
Par an forcément,1
Ya dénormes trous entre leurs intervalles. This message was edited,1
Meme si on a quun seul laptop ? This message was edited,1
C'est un bien noooor,2
Hahahaha,1
Bsr svp il faut combien pour faire le passeport au Cameroun en FCFA,2
1million,1
"Faut préparer 120k, 110k pour payer en ligne et 10k pour légaliser les documents",1
Un jour je vais t'appuyer le cou,1
Ok Merci et quels sont les documents a légaliser?,2
Ils sont sur le site,1
СанктПетербургский государственный университет начинает прием документов для участия в Олимпиадах для иностранных школьников и студентов для поступления на бюджетные места в рамках квоты Правительства РФ,1
Le lien pour la rencontre de demain c'est où Hansly,1
Dans le groupe Telegram,1
Asecam?,1
ASSEES,1
Suis pas dans le groupe,1
Ici on légalise les documents à 10000 roubles plus 3750 roubles pour la carte consulaire yeush  This message was edited,1
Merci,2
Cest mieux,1
Bonsoir les gars.,2
"Si oui, quelle est la procédure à suivre?",1
Pas possible,1
Juste demander la bourse a Zéro,1
Mince,1
Ashouaiiiiiii,1
"Sil avait choisi médecine à la base, ça en vaut la peine . Quil prenne mm un truc comme littérature ou langues étrangères . Il évite économie aussi car les temps ci à rudn la filière là ne joue pas",1
On vice en économie ?,1
Très mal mm les temps ci.,1
Chez nous c'est possible,1
Apparemment ça sera partout hein,1
"Si sûr le Направление cest écrit биология, ça veut dire médecine?",1
On lance souvent ça en fin décembre,1
Биологиябиология,1
Nn,1
Ou bien biologie cest genre biologie pûr pour pharmacie?,2
Okay ça me rassure déjà que cest pas médecine,1
Normalement biologie cest la faculté des sciences.,1
Pas de médecine,1
La personne voulait faire informatique mais celui qui était chargé de faire le dossier à plutôt choisi biologie,1
Okay merci.,2
Oki. Mais jaurai conseillé de faire son informatique au lieu de biologie,1
Comment donc changer là maintenant?,1
Cest ça la question,1
Genre biologie est plus dure?,1
Argent dabord et après on va gérer. Ashouaiiiiiii,1
Oui,1
Je ne comprend pas bro,1
Elle back noooh à moins que cest GOD qui insiste quelle va sauf que doù XA,1
Genre donner largent? Négocier?,1
Faut  se renseigner au département africain. Il peuvent gérer ça comme ils peuvent refuser This message was edited,1
Non mon papa je parle de son tchèqueur,1
"Hmmm la personne est déjà ici en padfac, back où encore?",1
Ca dépend de leur humeur,1
Daccord,1
Non mon papa je parle de son tchèqueur,1
Le type qui est làbas ménerve,1
Très problématique,1
Le tchèqueur on sen fou des besoins primaires du client. Le but on fait tout tu montes dabord et quand tu open les yeux tu es déjà noyé,1
This message was deleted,1
This message was deleted,1
La Russie a changé les cœurs mon papa. 85 des Africains vivants en Russie iront en enfer  et je serai là pour compter . Si ta personne te dit quil a fait 5 ans en Russie  il faut se poser un tas de questions. Repentez vous les gars,1
Tu est fou tout le monde nest pas comme toi,1
Tu défends ta place hein ok mon papa.,1
Moi je serai là pour veiller à ce que tu sois présent si non je me plein à GOD,1
Il ya pas dinjustice làbas en haut  mon papa,1
Oui partout c'est devenu très complet Économie,1
"Daccord je vois, merci.",2
Mince,1
"Dollar 104,5",1
C'est vous qui faites que ça diminue.,1
Quel banque paye à 104?,1
Afirmal City 103,1
Confiance,1
Tu ira làbas il te demanderont des documents supplémentaires a moins que tu veux changer 100,1
Si on peut changer fe sexe la filière peut dépasser qui?,1
Sur tes 1000  par exemple il vont changer même 6 billets et le reste tu vas marcher comme le mauvais esprit a Moscow pour changer,0
Heureusement que 7G SERVICES est là pour changer les billets refusés par les banques,1
Et si je dessine un billet 7g va changer?,1
Si 79013886871 juge que cest changeable on change,1
Aaaaaa si c'est Elle qui juge. Mieux j'emballe Les beignets avec,1
This message was deleted,1
79017018382,1
Renvoie,1
Encore les histoires de Tchèqueur là??? Mettre les enfants des gens dans les problèmes ici.,1
Gaius il semblerait que les tchekeurs utilisent ton nom pour tcheker maintenant. Ils demandent 500.000f   à leur proie soit disant pour  les payer au Président des étudiants de Moscou en précisant que c'est obligatoire,1
Jy étais déjà pour le cas de cette petite fille ils ont dis décrire directement au ministère de lenseignement supérieur de Russie,1
237698329022,1
Pardon c'est qui comme ça ?,1
Tu as son numéro ?,1
On vas venir te porter chez toi un jour,1
Donc si il a Tchéqué 10 personnes il a mes 5 millions Massah,1
Send moi un peu seulement le numéro du grand mètre la voir je mets les points sur les i,1
Les chequeurs ont trop le faux courage.,1
L'histoire de mentir les enfants des gens vont finir,1
Bro allons réclamer tu ignores rien le chantier au village nes pas fini,1
Mais ne joués pas aussi trop innocents dans ce groupe hein,1
Mieux ils l'appeler et gère directement le partenariat,1
Que de faire le faux semblant.,1
Au nom du président,1
Ont fait les prêt dargent où ici???,1
Il ne faut jamais toucher son argent propre quand tu veux faire des grands projets. Ont réfléchis en mode banque. Jattends les propositions en inbox,1
15.000.000 fcfa en passant,1
Meme toi tu es un bon tchequeur dans le silence,2
Svp votez pour mon moussa,1
Il ya tchèqueur et tchèqueur. Toi tu parles de quel type bro ??,1
Parce que si tu dis que mon président est tchèqueur alors sache que moi aussi hein. Donc explique bien,2
Vient prendre dans ma bouche. Il connaît 4batons qu'il a pris a une fille.  On vous donne les mains  champion.,1
Donc tu es aussi ?,1
Oui oui,1
Fais attention avec les blagues hein,1
Gaius stp donne moi seulement 50kolo,1
50 kolo fcfa??,1
"Si tu dis les blagues, comment faire attention ?",1
Oui,1
Cest rien il va te balancer ça,1
C'est le boss.,1
Cherche la position du bitcoin et tu libère le frère bro,1
Le message si cest pour toi même comme tu a ignoré président,1
Tsiuup,1
Cest Eva la banquière du quartier chef,1
Le bâton est propre et très bon je viens de commander,2
Send moi aussi nooorrrr,1
79653368333 c'est ici que ça se trouve le père,1
Donc je viens chez toi?,1
Non,1
Chez le vendeur,1
Hum,1
"Avec raison, c'est un président",1
This message was deleted,1
Metsmoi dans la gamelle,1
Ton message ci masssaa This message was edited,1
On te met dans la gamelle comment frère?Pour le kilichi Papa?,1
"C'est codé chef, elle a compris.",1
Weeeeehhh seigneur,1
Cest même quoi ce mauvais cœur?,0
79187024315,1
He is in a hostel somewhere in Moscow.Got him a place to live and a job daily payment 3500roubles with transportation and he left with reason been that his spirit says he should leave the place.His paid his rent for one month but prefers to live in az hostel paying 700r everyday,1
So he intends to stay in Moscow?,1
As conclusion he is old he should go back to Cameroon,1
Does he know about that conclusion?,1
It's just an advice,1
He has NO choice anyway. Else hell be forced to sign a contract for the army and die there.,1
79187024315 était parmit!??,1
Non,1
Daccord,1
"Joyeux anniversaire, Elise azar !",1
Joyeux anniversaire à toi Élise je te souhaite le meilleur la miss.,2
Joyeux anniversaire 79999677471   This message was edited,1
C'est 79999677471,1
J'avais pas prêté attention merci,2
Hbd 79999677471,1
Московский государственный юридический университет имени О.Е. Кутафина МГЮА осуществляет прием граждан на обучение.,1
Très bien,2
Merci beaucoup à tous pour vos souhait,2
Donne à boire,1
Bonjour à tous.,2
Bauman,1
C'est à Moscou ?,1
La scolarité peut être combien en 1ère année grand,2
Oui МГТУ,1
You deleted this message,1
Regarde ici,1
Ok grand s'appelle comment en Russe ?,1
C'est Bouman ici nohh?,1
Apparemment c'est la plus grande université technologique de la Russie,1
Ont te recrute dans la fonction une fois fini??,1
Merci président mais je ne vois pas ça dans la fiche,2
Un trader es bien làbas hein . Je dois préparer un voyage,2
13.04.01 This message was edited,1
Slt!,1
On ne vend pas ça ici,1
This message was deleted,1
En ce moment il y en à tyoplistan,1
Tu es chiches apparemment,1
ekiee avec koi,1
Ok merci,2
ekie,1
Donc il en a?,1
"Papa calme toi, la femme demande le plantain, toi aussi tu fais pareil? Où va le monde?",1
Ekieee ce n'est pas le plantain qu'on mange avec la bouche?  je m'excuse beaucoup hein,1
Donc tu disais qu'il est chiche avec le plantain qu'on ne mange pas avec la bouche?,1
Je sais qu'on mange le plantain non mur et non mur. Sa dépend du choix et du complément,1
L'accompagnement au temps pour moi,1
Toi tu voulais manger le mûr ou le non mûr?,1
C'est qui est agréable,1
Ikiiiii,1
Hmm. Le retour de la neige ci va faire fort ein,1
C'est sa qui est bien,2
Okay oh,1
Donc froid a déjà commencé à agir? Merde il faut aussi que je commence à me blinder hein,1
Massah,1
Le truc ci va finir par être égale au FCFA hein,1
Cest que le  va mappeler très rapidement,1
"Lol j'ai vu les appels manqués du Canada, je n'ai pas rappeler, mais je dois prendre ça au sérieux",1
Qui connaît où on fait le test de langue anglaise ici?,1
Il faut prendre ces appels très au sérieux désormais,1
Il n'y en a pas,1
Aucun test de langue anglaise en Russie?,1
Salut,1
Non aucun,1
Bjr,1
Kelkun sais si lambassade travaille aujourdhui ?,1
LundiMercrediVendredi,1
On ma envoyé. Jarrive,1
Attends au moins je t'accompagne,1
19,1
15,1
Expliquer vos réponses,1
9,1
9,1
19,1
29 This message was edited,1
Je me demande bien cmt quelquun fait pour trouver 9,2
Давайте решим задачу.,1
19,1
2,1
Ahhh jai pas preter attention aux mini caractère à lintérieur,1
3.       15,1
je voulais déjà te dire ça,1
?,1
Ответ 19,1
Réfléchi bien,2
La seul réponse qui existe,1
Ayah ya,1
Owooooo,1
"Hummm il faut être attentif, c'est un cassetête qui est assez bizarre.",1
Viula quelqu'un qui mérite son bacc,1
Tu est un bon mathématicien,2
Dans ce cas il va falloir faire bcp de suppositions.,1
Je te trouve à l'hôpital je sors en courant,1
Ayah papa,1
Que ooh je ne sais pas comment quelqu'un fait pour trouvé 9,1
On verra bien qui a raison,2
Il faut faire des énoncez je pense et chacun peux avoir sa réponse.,1
Même la réponse sera fausse,1
On verra bien. On verra bien,2
Oui oui je ne comprends pas cmt quelquun trouve 9. 12 en montant encore on peut accepter. Mais 9???,1
C'est une affaire de logistique et d'attention,1
Dans l'équation 2,1
Cest la logique pas la logistique,1
Bref tu as compris,1
Yandex ответ?,1
Mourir de,1
Ahnnn ouii le détail,1
Dc cest 9,1
"Nous de la faculté du Théâtre, attendons la réponse juste",1
Tu as déjà échoué,1
Même la vraie réponse finale sera fausse.,1
Reviens l'année prochaine,1
Selon moi la réponse juste c'est 19,1
Phœnix ответ,1
Moi au moins je regarde et je calcule. Toi tu as déjà vu la réponse quelque part,1
Jamais Mme j'ai calculé ça exactement comme celui qui a répondu 9 c'est un bac c plus 14 qui parle,1
79670757733 Presi cest toi qui a organisé laffaire ci vient arbitrer This message was edited,1
Vous direz que le 19 est la vraie réponse parce que la majorité pense ainsi. Mais désoléeeeee tout ça est fausse,0
Je peux m'expliquer,1
Selon ma réponse.,1
Ousss désolé,0
Explique mama,1
Tu as signé sans lire,1
La bonne réponse sera fausse,2
"Déjà pour commencer, nous avions sur cette photo la tête du cochon qui est 1",1
soit fière comme jai validé ta réponse,1
Euy. Pkw 1 maa,1
Tu as le choix ?,1
"Il n'y a pas de bonne réponse, il y'a de bonne démarches, mais ici ça sera subjectif, surtout en ce qui concerne le dernier membre de la dernière équation, c'est à dire le bus sans le chauffeur..",2
parle maintenant a notre niveau grand,1
Nos têtes chauffent maintenant pour rien,1
Réponse finale 8.428,1
Je vous reviens je gère d'abord mon bissness et j'explique terre à terre,1
Une tête de cochon   Kenfack,1
9,1
79013886871 a dis que nohh?,1
77721,1
4159,1
Bref,1
Comment le porc peutil porter le chapeau de la soutenance? Il manquait la toje,1
Bref  7 au temps pour moi. 9erreur,1
Jusquà il est même au volant,1
"Vraiment, personne jusquà présent na mis la réponse correcte",1
Voilà,1
9 débat clos,1
72619,1
. Javais pas vu le dernier detail. Toi nor cest seulement moi que tas vu ici,1
Werrrr papa. Depuis on dit cest faux tu insistes,1
La réponse cest 9. Gaius ne veut pas seulement dire,1
Je viens darriver,1
Ça ne peut pas être 9 j'ai calculé s'en vois les images bien ces17 et je peux expliquer,2
Okoooopapa explique,1
En mode Balthazar,1
Moi je ne connais pas ehh,1
Jai vu ça dans un groupe la,1
Et jexplique en mm temps pkw cest 9,1
Les Russe discutaient trop,1
Engonga,1
Ah ça va je viens de voir  il ya les ptit characters .,1
Jai envoyé ici pour savoir,1
This message was deleted,1
Ligne 1 Le cochon avec chapeau  7 par conséquent 77721,1
Le chapeau cest un élément appart,1
Oui,1
Docta est venu,1
Massa  cochon sans chapeau 72!,1
pour éviter les questions et les discussions,1
C'est faux,1
This message was deleted,1
Je connais pas,1
Mais pour le moment ya plus de 9 que de 19,1
79309676574 donnes nous le corrigé,1
Je voulais écrire,1
Dans 200messages personne na trouvé la réponse ?,1
J'attends pour toi,1
Dans la première équation il ya 2 inconnus,1
Fumé,1
Voilà la bonne réponse.,2
Moi même j'ai rater dans la précipitation.,1
"Sur la première ligne le chapeau à une valeur de 2 et  le cochon une valeur de 5 raison pour laquelle nous avions 21.2eme ligne cochon à une valeur de 1 ,le chapeau valeur de 6 voiture valeur de 5 raison pour laquelle nous avions 19.3eme ligne cochon valeur de 5 où il à le chapeau et valeur de 1où il est dans la voiture  chapeau valeur de 2 ,voiture valeur de 5 raison pour laquelle nous avions 15.4ligne pour commencer la multiplication est prioritaire. Le cochon a la valeur de 5 chapeau valeur de 2 et la voiture valeur de 5 ce qui veux dire 52515",1
Comment le cochon et chapeau changent de valeurs dans le même exercice,1
Chacun fait ce quil veut,1
Donc cest moi qui ai donné la bonne résolution,2
Yep,1
Waa papa j'ai donné ma part d'explication et tu as donné le tiens.,1
Il y a erreur sur l'exercice,1
Tu es brute que Robert Mugabe dans les punchlines,1
This message was deleted,1
166854840,1
77721,1
Qu'est ce que vous fabriquez même depuis franchement? This message was edited,1
je regarde seulement,1
Frere tu pars chercher cela où ?,1
Wanderfout,1
"Tout laisse, la journée a été stressante, le froid etc. au lieu de reposer la tête pour prendre les forces pour demain, vous êtes ici à faire une équation qui ne va rien vous apporter, sur quoi tout le monde rate .... Shesshh",1
C'est l'esprit de Pythagore qui s'exprime en lui,1
C'est son idée nohh je ne vous pas le mal ?,1
Il donne sa contribution au problème boss,1
J'ai pas dis qu'il y a du mal mais juste façon de dire qu'il a été inspiré.,1
This message was deleted,1
Cest samedi notre grand débat ASECAM nous attendons les nouveaux visages,1
Bientôt on sera a 1,2
"Bonjour à tous,",2
"Être en règle, c'est le minimum.",1
Envoie seulement l'adresse je commence aujourd'hui,1
Bientôt le Fcfa va même dépasser,2
Le rouble est déjà devenu le PMUC,1
79154746837 faut commencer à trader le rub en futures. Cest mieux que btc,1
Cest que tu veux menvoyer au village,1
Estce quil sait de quoi il parler . Il veut donner la diarrhée à quelquun,1
Mais cette chute es en faveur des traders . Et nous les traders voulons que ça arrive à un,1
Poussons. Envoyons la force comme dans songoku,1
Tu buy les futures sous condition que ca va descendre. Lorsque ça descend tu gagne.,1
Papa Cest le business je ne Suis pour rien. 500 50.000 rub mecdeee Cest le bonheur  on dirait le camer,2
50 et plussss,1
Les étudiants en Russie sont bien ooohh papa envoie moi 100 mille fcfa. Le soir ils sont xx,2
Ça cest vrai ???,1
quoi?,1
Cest pas possible,1
Qui fait les procédures du canada ici ?,1
Vous aimez vivre avec le stress eh,1
15 000 fcfa disponible au pays pour le rouble,1
Qui vend les bons bâtons moins cher ici. Ib,2
Il ya 450roubles pour toi,1
Nous sommes tous les descendants dAbraham oh,1
100 000fcfa disponible,1
Comme le rouble a diminué là ça va maintenant vite hein This message was edited,1
Les temps si cest pour vous hein,1
vraiment,1
100k les temps si te donne la ration même de 6mois ici,1
400000fcfa disponible au pays besoin du rouble,1
20million au pays besoin du roubles,1
Les temps si tu veux seulement payer lécole qui coûtait 900k au par avant avec 400k hein,1
Vous blaguez déjà,1
On vas se réveiller demain la trouver le rouble a 4,1
Taux Google j'allais oublier,1
Je change dabord mes euros,1
Ceux qui supportent le réal vous ressemblez au rouble.,1
Moi,1
Hum,1
Ce n'est pas nouveau,1
Des batards vraiment ils sont pleins dans les pays des gens Europe à la débrouillardise,1
Cest vrai mais le pb cest souvent le ko ci quand tu regardes  en profondeur,1
"Claire et nette, ils ont un genre de haine on dirait lAfrique a eu une histoire qui datte avec leur pays",1
Bro je comprends ta colère,1
Leur insulter engendrera plutôt plus de haine,1
"Vous nous êtes sommes une grosse menace et resterez toujours, pour tout ces gens. Retenez le une fois pour toute. Vos capacités, votre être, votre ADN, vos origines, et tout seront toujours supérieur. Et c'est ce que  le faible va toujours déplorer s'il ne veut pas l'accepter. Donc restez confiant les gens. Restez très très serein même dans la souffrance",1
Selon la vraie histoire l'Afrique a tout fait pour eux. Un jour chacun va bien comprendre que même l'homme le plus populaire du monde Jésus a toujours été noire,2
Euxmêmes le savent.,1
Chef parlons peut parlons vrai et laissons le Fanatisme et le Patriotisme,1
"Ça ne sert à rien de se sentir mal dans sa peau, les trucs là existeront toujours. Même entre communautés de la Russie.",1
"Nous sommes là pour apprendre, comprendre et si possible entreprendre.",1
"Même placé dans les mêmes conditions comme au États Unis par exemple, compares les 2",1
Terrain très glissant,1
"Laissons le fanatisme à part quelque rare graine de la race noir qui touches les sommets auquel fait partie les membres de ce groupe , la plus part vie dans lanalphatisme et la promiscuité",1
"Formons nous, apprenons et rentrons développer nos pays",1
Les filles Russes ne sont pas attirés par notre intelligence en général cest par la taille de nos kiki,1
"De même pour nos sœur avec les gars Russe, cest à cause de leur Ndombolo",1
C'est de leur faute alors?,1
"Vous connaissant mon patriotisme et mon amour pour mon pays, mais vous connaissez aussi mon intégrité",1
Ce sont des mots pour justifier léchec,1
"Cétait juste pour dire que je ne vois pas sur quoi le blanc doit envier la race noir , du moins aujourdhui",1
La France a elle seule a géré plus de 16 pays à lui seule et décidant de leur president pendant 50 ans,1
L'échec a quel niveau,1
Nous incitant à faire la guerre entre nous,1
tu as choisi la violence ce matin hein,1
"Parlons peut parlon bien avec tout ton espériance de lécole primaire jusquà aujourdhui et en fonction de tout ceux que tu as côtoyé, combien on pu simposer sur le plan mondial comme toi ?",2
Tu rencontres combien dans les conférences que tu donnes souvent ?,2
Ou notre seul élément de mesure est le sport ?,1
Jaurai préférée 100 Simo à 100 Francis Nganou,1
Car je suis sûr que le développement suivra,1
Pour finir les Russe auraient pu envier ce noir si cétait lui le propriétaire et non le videur ou le classeur,1
Désolé pour les messages Je voulais juste vous faire comprendre que le  encore est long,0
Facts,1
Malheureusement très peu de noir. This message was edited,1
Ils y a que 79004836301 et 79964698995 que je vois bousculer.,1
On va tous se baigner dans la rivière de haine la... On ne peut comprendre l'autre que si on traverse les mêmes situation que lui,1
Hahahaha tu vas ten sortir dans leur pays?,1
Exactement nous avons le talent mais le problème cest que nous ne lexploitons pas et ceux qui lexploitent le font du côté obscur comme les Niger Le scams,1
Du coups on ne peut vraiment pas nous valoriser,1
Avec les ВНЖ en Russie vous pouvez devenir ИП  entrepreneur individuel combien y ont pensé ?,2
Je conte pas n'on plus vivre leurs vie a un moment donner je vais rentrer chez moi... Tout es question de respect mutuel,1
Je te comprends. Le respect ça ne se quémande pas aussi.,1
Nous devons nous démarquer comme Gaius le dit aussi.,1
Pour toi il faut qu'une personnes lambda te fasse quelques chose pour que tu le respect ?,1
On ne va pas passer notre temps à se plaindre et pleurer.,1
Je suis D'accord avec ta vision... mais c'est pas tout le Monde qui a cette opportunité,1
"Moi je te comprends mon frère, je parle ici avec un regard communautaire.",1
Moi je parle du point de vue général si tout le monde pense de cette façon nous serons pas different des russe et autres,1
"Je suis daccord pas tous, alors bâtons nous et canalisons notre energie, notre rage dans la bonne direction.",2
Comme ça ils vont nous respecter hein ??  la majorité des russes qui detestent les noirs nont pas dexplications du pourquoi mais plutôt une haine inexplicable et peut importe ce que tu vas faire devant ses yeux tu restes ce quils pensent,1
Bref vous êtes chez eux.,1
Oui La je suis daccord avec toi on est nulle part si mieux que chez soit moi même je vais bientôt tirer ma révérence,2
"Mais comme 79259217245 le dit aussi, lorsque tu es en territoire hostile il faut juste tadapter et ne pas tattarder sur les détails",1
Tu avances juste et tu prends ce que tu es venu chercher et puis tu quitte la Scène,1
C'est tout,1
Et aussi nos frère ne nous aide pas non plus...,1
Tu viens seulement mettre le piment,1
Chef On attend pas les opportunités on les crées,1
"Cherchons nous et mieux développons le chez nous car , ceux qui ne nous aiment pas ou nous detestent ne vont pas changer",1
I share that opinion,1
Et à moi de te prendre un simple exemple.,1
"Le véritable problème en Russie cest que nous africains agissons en Capitaliste pour la plus part , on nest pas communiste ou socialiste généralement on ne veut pas se protéger et investir pour que une communauté futur en profite",1
Je suis très loin d'être fanatique. Le patriotisme dans se  contexte ne semble pas être adéquat toutefois j'aimerais te répondre en  te demandant de m'aider à répondre à la question  en quoi esce que le blanc est supérieur au noir?,1
"Je suis daccord avec toi , juste que ton précédent message était comme ci en faisant tout ça on devrait gagner du respect en retour , cest pour ça jai dit  nous nallons pas changer au yeux de ceux qui sont racistes même si  on portait la terre sur la tête",1
C'est quoi l'essence de la vie?,1
Je te déconseille fortement cette approche,1
Quand tu parle d'analphabétisme de quoi parle tu frangin ? De la transformation de ta pensé et ta manière de vivre? Du conformisme ? Tu sais d'où vient l'ellettrisme qui est le contraire de l'analphabétisme ? Nooon laisse ce débat. Laisse frère,1
.,1
la majorité des Russes  qui détestent les africains cest,1
Chacun a son essence frère.,1
Pour moi aussi,1
Parce que malheureusement c'est là où se limite leur pensé et leurs personnalités... Chacun est attiré par sa limitation de voir plus loin que son nez...,1
"Je suis pas très fort pour utiliser les gros mots tapent chef , je tassure que je nai presque rien compris à ton message",1
"Gaius je penses quil faut compléter la liste là et la partager dans les groupes africains hein très bon travail, je valide",2
Moi je parle juste pour que la personne moyenne mécoute,1
Ce qu'on a voulu te faire comprendre et accepter depuis ton enfance... Et ce que tu va transmettre à ta prochaine génération si tu ne te ressaisi pas vite frère,1
Pour le faire il faut être dans le bon milieu et être bien entouré,2
"Chacun a effectivement son essence. Cela n'empêche que tout peu se résumer en un grand ensemble. Définitivement je pense aussi que c'est laisser un héritage. Mais tout dépend du genre d'héritage. Tout ce que tu as aujourd'hui est un héritage, ta manière de penser, ton ADN,etc. Même le fou laissé un héritage. Choisissons donc de manière intentionnel l'héritage qu'on laisse.",1
Le fond de mon message était que le Russe nest pas jaloux de nous,1
IL EST FATIGUÉ DE NOUS,1
Si tu avais lu mon message tu aurais compris ma position et ma détermination,1
On supplie pas quelquun de pleurer le deuil de sa mère.,1
C'est toi qui as utilisé ces mots frangin. Pas moi  j'ai juste rebondi pour répondre selon tes termes et dont je pense certainement va nous faire comprendre le fond de notre débat si on fait un peu de recherche par rapport,2
C'est tout a fais normal puisqu'on est içi pour notre avenir c'est beaucoup plus personnel,1
Fabrique donc ton écosystème nohh cousin ?,1
"Abraham Ganibal est larrière grand père de poushkin, pas son père.",1
Non non,1
Moi je parle comme dhabitude,1
C'est très amusant si tu parles de sa,1
C'est facile a dire qu'affaire bro,1
Oui oui sorry error,1
"Parlons de ton premier point par exemple , ce nest pas toujours le noir qui est fautif , prenons par exemple un noir qui a un enfant avec une go russe , il nest même pas à jour , et il ne peut pas se mettre à jour sans sortir , bon admettons certains sortent et reviennent se mettre à jour , ils restent trouver un bon travail est dur , en dehors de laver les assiettes, porter le ciment , ils restent là et cest chaud , location , factures et tout ça  décident de rentrer chez lui , si la femme ne veux le suivre en Afrique avec lenfant , il fait comment ??? Et tu ne peux pas prendre lenfant , on dirait partout que tu as abandonné ton enfant",2
.,1
"Les Mauvais Russe et Ukrainien qui ne sont pas ambassadeur de tout les  Russes,",0
Ils disent ce qu'ils font ou bien ce que nous faisons ?,2
"Mais ton raisonnement est aussi bon car tu comprends que les Russes nous détestent parceque beaucoup pensent comme toi , comme un africain a fait tous on est pareil",2
237698329022 le système va te tuer frère. Think out of the box. Tu deviendra une grosse marionnette. Ceux qui pensent que réussir c'est d'avoir les millions et ce genre de truc pourvu qu'ils soient... This message was edited,1
"Tu parles de la drogue ??? Faut laisser , plus grand consommateur et vendeur que eux il yen a pas bro dans ce pays , est ce que les africains se droguent même ??? Même la cigarette combien en fume ??",2
Non non,1
Je suis d'accord.,1
Je vais vous laisser la famille,1
Réussir cest créer développer et léguer à ta descendance,1
Hier encore j'ai reçu un appel ou on m'a proposé de faire un travail ou je vais gagner 30000 roubles en deux heures et je vais travailler 8 heures par semaine.,1
Cest pourquoi je dis tu ne me comprends pas depuis,1
Voilà,1
Je Wanda,1
"Dans le monde entier la Russie a pour réputation très célèbre dans la prostitution, la mafia ... Bref tout ce qui est mauvais.",0
Je parle de richesse,1
Cest très très différent,1
"La richesse existe sur plusieurs formes, et elle est avant tout intellectuelle",1
Donc comprends bien mes mess boss,2
"Tu parles aussi de céder la place au métro ??  je te rappelle que la majorité  cest les noirs qui cèdent les places et après il refusent de sassoir et ne te calcul pas parfois même , le reste sen fou russe comme cheveux noir",1
Le plus important cest lintention,1
Il faut leur taper sec que nous sommes des solutions pour eux et ils sont des problèmes.,1
Prend ton djass,1
Tu peux être intelligent et ignorants. Je préférerais tu dise sagesse,1
"Sérieux depuis que je suis dans ce pays cest vrai ils sont développés, infrastructures et tout ça mais niveau de vie je ne voit pas en quoi ils sont si avancé au point de nous voir comme des choses , la majorité dentre eux narrive pas à manger 2 fois par jour",1
J'ai tellement de cas,1
Papa mince jusqu'à tu vas voir un endetté te regarder comme un mouchoir meckde,1
Ils sont nombreux comme ça ils ont linterdiction de sortir du territoire à cause des dettes,1
Femme russe même si c'est gratuit jamais,1
Je suis très d'accord au point que les hommes et femmes demandent de l'argent aux noirs dans les métros.,1
Ils ont un préjugé sur les noirs,1
Voilà,1
Même seulement ils sont frustré... C'est normal que nous sommes détestés,1
Vraiment je suis tellement de même avis que toi. Très bien parler,2
Ils ont déjà voyagé un jour pour l'Afrique ? C'est normal qu'ils restent dans leur coin ici a s'imaginer tout et rien sur les noirs,1
Biensure. Ils se posent la question comment tu fais pour payer un iphone 25 .,2
Tu as tout dis. Et les enfants métissés,1
C'est toujours le noir qui peut répondre à une insulte avec gentillesse. C'est pourquoi notre dignité sera toujours bafouée,1
"Vous partez loin même , les africains payent des pensions ici dont les étudiants russes sont étonnés,",1
"Ils connaissent seulement Moscou , st Petersbourg, Sotchi et Kazan. C'est tout. Même leur propre pays ils ne savent rien. Ils sont trop bornés",1
Voilà le premier élément dont je mets sur une discussion avec eux .,1
L'autre a commenté qu'ils ont raison!,1
Comportement du mouton  réaction du Berger.,1
"Dans les commentaires il ya un russe qui afroaméricain et lautre vient dire нихуя , cest negre et non afroaméricain  pourquoi tant de haine ?",1
En tout cas moi je ne leurs donne aucun lait. C'est du tic au tac,1
C'est toi qui pose cette question ?,1
Ah oui.,1
"Si tu insultes la communauté arabe, on va parler du sémissisme,  de la discrimination raciale et religieuse, xénophobie mais quand la communauté noir, c'est toujours un noir qui vient justifier les injures. C'est triste!!! L'autre m'a prouvé fatigué que le mot  nègre n'a aucune connotation péjorative . Yessss Africa",0
Tu te trompes tellement. La race blanche envie tellement la race noire. Sauf qu'ils le font de manière hypocrite pour ne pas montrer cela aux yeux de tout le monde.,1
Tu es sérieux qu'il t'a prouvé cela? C'est de la sorcellerie en plein 08h du matin,1
Voilà pourquoi les Africains sont discriminés par d'autres communautés noires. On prend tout à la légère dès lors qu'on a un petit rien à gagner...,1
De la vraie sorcellerie,1
Personne ne va nous prendre au sérieux si nous même n'imposons pas du respect à nous même.,1
Est ce que nousmêmes avons découvert leur pays en voyageant? Il n'y a aucune excuse pour la haine raciale!!! Nous n'utilisons pas les mêmes moteurs de recherches sur internet?,1
"Je Wanda même , même parlant dêtre instruit là , le mal est aussi profond ici hein  la Russie ce nest pas seulement Moscou et quelques autres grandes villes",1
Les études ils ne sont pas dans ça.,1
bref je suis également pas cultivé. On va se faire ça entre illettrés,1
C'est pour eux làbas. Pas besoin de connaître l'histoire d'une personne pour la respecter,1
Même les enseignants sont racistes,1
C'est aussi parcequ'ils ne sont pas instruits?,1
J'avais demandé à un homme et une femme dans l'entreprise devant leur directeur de me définir  MANAGER . PERSONNE A DÉFINIT CELA ET POURTANT CHACUN ME DISAIT QUE JE SUIS MANAGER.,1
Beaucoup viendront démontrer comment cest faut,1
Je te dis,1
Vérité,1
Même les enseignements sur l'Afrique c'est du faux que on leur donne,1
"S'ils sont ici pour combler leur manque d'affection, moi pas! Ils peuvent continuer à   dire ça aux autres",1
son titre de chercheur agrégé vient d'où..? Qui lui donne quoi?,1
"Chaque année on chante des nouvelles lois mais sur le terrain cest zéro , beaucoup dafricains sont deportés chaque jour même étant à jour  juste parce quils ont été pris entrain de travailler, on te prend on ne cherche à rien comprendre, amende tribunal, déportation, les gars ne te calcule même pas par que celui qui ta pri ne veut même pas te voir This message was edited",1
personne n'a sa place assurée. Les mêmes entrent en Afrique sans visa et vivent sans limite sans justification ni titre de séjour.,1
Je me pose la même question.,1
Création toujours bien de laisser des bonnes traces à ses descenants,2
QUELLE FRUSTRATION TOTALE ET ILS VIENDRONT DIRE QUE ILS AIMENT LES NOIRS КАКОЙ NOIRE ?,1
Je comprends pourquoi les benguistes quand ils sont au ko si un blanc ndem ils sen chargent  de le concasser personnellement,1
Ils font ce qu'on appelle au mboa  le rappel comme à la fonction publique.,1
1 le reste cest dans lhypocrisie,1
"ekieeu. Il faut inclure la référence, c'est intéressant",1
"Biensure. De toute façon certaines personnes ont déjà subis le lavage de cerveau raison pour laquelle il a la peau noire mais n'est pas africain, tu ndem c'est lui qui te dénonce aux russes et on te traite bien.",2
Pour celles ou celui qui est concentré et déterminer l'hypocrisie ne peut pas l'affecter dans ses objectifs mais c'est quand même un élément à améliorer chez nous les africains,1
"Ils se mentent à eux même , chacun connaît dans son cœur",1
Étant en Europe ou en Amérique ou en asie  c'est pas tout noir qui est africain.,1
"Ils aiment la richesse des noirsressources, sexe, joie etc rien d'autres",1
C'est Vous qui aviez acceptée qu'on vous mange cuit,1
"Eux maman,  moins moi.",1
Bonne arrivée boss,2
L'autre m'a prouvé fatigué que le mot  nègre n'a aucune connotation pejorative,1
Tous ceux qui parlent d'enfant métisse abandonné vous connaissez comment c'est femme se comportent à la base,1
Oui un africain dans un groupe d Africains en Russie,1
C'est pas tous les africains élise.,1
Mais la majorité sont comme sa. On dirait qu'ils ont honte de leur culture,1
"Jai lu vos messages plus haut. Vous avez tous raison. Jaimerais apporter ma contribution. Le racisme avant dêtre interpersonnel est dabord structurel, institutionnel et systémique. Le citoyen lambda suit seulement la cadence. Notre génie a toujours été étouffer par lhomme caucasien pour nous empêcher de rebâtir une civilisation forte comme cétait dans le passé. Personne ne naît raciste, cest en cour de route quils le deviennent. Le respect ne se donne pas dans ce monde, il se mérite ou bien sarrache. Avant le chinois était aussi marginalisé et discriminé comme nous mais aujourdhui cest lui qui dicte ses lois à ces gens. Tout dabord parce quil ne sest pas lancé dans la victimisation comme nous les noirs le faisons si bien mais il sest mis au travail. Un russe ne dira jamais a un chinois rentre chez toi. Et sil le faisait le chinois rentrerait car chez lui cest beau, cest fantastique. Nous les noirs on préfère mourir ici, prendre les miettes quils nous donnent que de rentrer chez nous. Doù le retour au cœur du problème qui est le sous développement de nos pays. Des leaders corrompus et une population aussi qui nest pas sans reproche car cest elle qui élit des leaders pareils en échange dun pain et dune boîte de sardine ou en échange dun billet de 10.000 Fcfa que ce soit au Cameroun ou au Nigeria avec Tinubu ou en Côte dIvoire, cest la même chose. Quelquun plus haut a dit que ces gens ont des préjugés sur nous hors quils ne sont jamais venus en Afrique. Bon quand leurs blogueurs viennent en Afrique et postent des vidéos de leurs séjours ils voient. Ils constatent la misère dans laquelle nous sommes. Quelquun plus haut a dit que les russes aussi sont miséreux et que certains narrivent pas à manger. Cest faux. Le niveau de vie du russe qui na rien est toujours à envier parce quau moins il peut se nourrir et envoyer ses enfants à lécole. This message was edited",2
Le problème cest quils se comportent comme si ils ne vivent pas dans les pays des autres,1
Tout les milliardaires vie sur le credit cest le meilleur système,2
Soignons nos raisonnements mes frères,1
"La solution serait de nous développer. Mettre au pouvoir des leaders avec une vision et un plan politique. Des gens qui auront à cœur le bien être des populations. Si le russe demain vient au Cameroun et voit que cest un beau pays il va nous respecter et plus nous considérer. Nallons pas loin même entre nous, combien respecte lautre parce quil vit dans un bel appartement, parce quil a une belle maison, une belle voiture, etc. Au niveau des pays et des peuples maintenant ta maison cest ton pays, tes avoirs ce sont tes infrastructures etc. Le racisme existera toujours, à nous de faire ce quil ya lieu de faire pour quil ne soit plus diriger contre nous. La connotation littéraire du mot nègre nest en rien péjorative car elle vient du mot latin niger qui veut dire noir. Les anglais disent negroid race, le russe негроидная раса. Donc un représentant de cette race est un negro ou негр. Maintenant nous nous sentons offensés à cause de lhistoire derrière ce mot et sa mauvaise utilisation dans le passé. Mais le mot en lui même na rien de mauvais This message was edited",0
Ils sont là première puissance Nucléaire selon toi parceque leur ingénieur cest Jésus ?,1
C'est ton avis que c'est le meilleur système.,2
On discute mm quoi ici?,1
"Merci beaucoup, reviens nous vites je te dois une bières",2
Ne me fait pas rire. Mon environnement ici sont les russes et non les russes ivrognes. On compte les russes qui fréquentent.,1
Si vous avez à dire allez écrire ds les commentaires. Ils ne lisent rien ici. Faut aller insulter chaque russe dans les commentaires qui a rabaissé notre communauté,1
Ils sont pleins aussi comme migrants ailleurs ses noyaux This message was edited,1
pardon m'a paix psycjologique...,1
Et le but ds la plus part des messages nest pas dinsulter les noirs. Mais ils disent que le magasin en question ne paye pas bien ses employés cest pour ça quils ne travaillent pas. Et là dautres ont profité pour verser leur haine sur nous car cest à cause de nous qui acceptons les miettes que Магнит na pas lintention de payer normalement,2
Faux. C'est pas la majorité des russes qui envoient leur enfant à l'école.,1
"Il faut savoir que si un noir écrit un commentaire désobligeant et est interpellé, c'est lui que la justice va poursuivre et déporter mais pas le russe  donc allez commenter mais préparez vous à ce qui peut arriver",1
Notre Presi est allée nous défendre,1
Faites pareil que de bavarder ici,1
La patrie.,1
La patrie nous a vomi,1
Moi j'ai déjà écris là bas ce matin.,1
Se défendre nest pas synonyme de racisme,1
Presi la vérité est que en terme de performance la nouvelle génération est très loin de l'ancienne qui pouvait taper la poitrine et se venter d'être si ou ça. Ils se glorifient des réalisations de leurs prédécesseurs. On dirait le Cameroun 2.0 quand on  parle de football,1
"Arrêtons de débattre avec les émotions svp. Le fait que lécole chez eux soit gratuite cest un plus. En Algérie aussi lécole est gratuite, en Libye aussi ça létait au temps de Khadafi. Je naime pas les débats dans le vide. Regarde le taux dalphabétisation en Russie et dis moi. Sais tu quen Russie tout enfant doit au moins finir 9 classes? Au cas contraire ses parents peuvent avoir des problèmes avec la justice. Maintenant regarde le même taux dans ton pays. Arrêtons de nous emporter. Si notre pays était bien on ne devait pas être ici. This message was edited",2
Homme fort,1
Tu as tout résumé comme moi.c'est exactement de ça qu'il parle,1
Lécole ne coûte pas chère au Cameroun,1
Je ne débat pas avec les émotions. Mais je parle de réalité.,1
C'est moi ici . This message was edited,1
Mon message est assez clair. Mes propos tu peux les vérifier. 9 classes dans notre système détudes cest la première,1
Le taux d'alphabétisation chez nous est de 89 en 2022,1
Bon cest quoi le pourcentage de personnes qui atteignent au moins la 1ere ?,2
Des vrais souffreteux,1
Si à chaque fois quils nous insultent on se verse sur eux comme ça il vont tourner leurs langues mm 7 fois prochainement avant de parler This message was edited,1
Au Cameroun lécole aussi est Gratuit si tu ne savais pas,1
Gaïus laisse,1
Massah,1
"Renseigne toi nohh bro, lécole et luniversité détat est gratuit au Cameroun",1
Sauf le lycée est payant,1
Ne me parlez pas des 50 000 xaf de pension qui nest quune caution quon rembourse lannée suivante au cas où tu passe,1
Bon sur le papier,2
A moins que les ministres ne sortent les astuces pour détourner This message was edited,1
Merci,2
Défendez vous les  gars,1
La chèvre brute où elle est attachée...,1
Luniversité nest pas gratuit en Russie ma mère,1
Ya juste quelque place budgétaire sur concours,1
Le restes paye la pension comme toi et moi,1
Et si tu n'as pas 12? C'est toujours gratuit?,1
"S'il devient un héros au Cameroun c'est n'est PAS parcequ'il est venu avec cela de la Russie, c'est le Cameroun qui l'a rendu tel en lui accordant des privilèges qu'il n'accordera point au Camerounais de souche plus instruits et productifs que lui!!",1
Hmmm terrain glissant,1
Donc si on avait la neige on devait mieux développer nos infrastructures ?,1
Ce qui me Wanda ya toujours les gens qui trouvent un moyen de les supporter et dire que ce na pas du racisme,1
C'est combien déjà le SMIC en Russie,2
C'est n'est qu'un africain qui peut justifier une injustice commise contre lui. Ça ne se vit pas ailleurs,1
Bomjé cest quoi nohr frère stp,1
"même au village, combien peuvent?",2
Leur pension ne valent rien,1
Ce sont des russes qui ont grandir dans la rue,1
Voilà,1
Et qui ont cherché à être quelqu'un de bien par eux même.,2
Nous on fait alors comment ?                Pas de soutien pas de boulot rien,1
240 000 rub économie a  МГРИ ils payent la même chose que nous,1
Je ne sais pas si c'est pareil à RUDN,1
Laisse rudn tranquille. Rudn cest lécole des noirs donc ce sont les russes qui doivent venir payer la pension,1
Les ecoles des pauvres,1
On sait que tu es à HES. Laisse nous,1
Donc même làbas ils payent donc ?,1
Oui puisquils sont étrangers,1
Dans mon université si je nétais pas boursière jaurais payer 512000r de pension pour ma filière pourtant ma camarade de classe payait 1300 pour la même chose et elle disait que se chères,1
Cest 20 max selon la loi,1
La différence,1
Mais 80 des universités garde la même scolarité,1
Cest nous les contractuels nohh ?,1
Miss cest quel filière stp si cest pas secret,1
Jai jamais été boursier dan sec pays donc cest un domaine que je maîtrise,1
Et pourtant Arsene a le réseau de toutes les bourses?,1
Hmmm,1
La différence de pension entre un Russe et un étrangé ne doit pas dépasser 20 selon la loi et 80 des universités proposent le même pris pour les 2,1
79187024315 a publié un document de scolarité ici dernièrement,1
On a mm fait cmt pour arriver sur lhistoire des pensions ci?. On parlait des russes qui nous insultent. Finalement vous avez dis quoi par rapport? Vous êtes allés nous défendre ds les commentaires ou pas? Laissons dabord la pension,1
les discussions du pays,1
War Elise je ne dis pas que ce que tu dis est faux,1
Les Russes et les Étrangers payent généralement la même passion et lorsquil ya la différence ça ne dépasse pas 20,1
La poule ne parle pas les choses de les gens.,1
Noooooooooo. J'ai pas encore ouvert ça,1
79913266102  a alors mis les organes labas hein merde gars tu as pris combien de temps pour rédiger ton test là? Moi j'ai pas le coeur pour tout leur expliquer celui qui m'énerve je le lave bien warrr mon coeur a trop chauffé hier,2
"Ne mets pas Les organes, bro.",1
"Des grosses prostituées mon frère, à un moment donné arrêtons d'être des soumis je ne vais jamais trouver une excuse à ce genre de comportement, nous n'avons pas choisi de naître noirs il n'est pas question que quelqu'un me piétine volontairement à cause de ma couleur de peau. Ca aurait été un noir dans un bureau qu'ils auraient toujours insulter la preuve dans plusieurs commentaires certains disent même  que même dans les hôpitaux ils y sont déjà  vous comprenez que le problème c'est pas le lieu où le gars travaille. Ces gens vivent comme des Pacha chez nous en aucun moment on n'a manifesté des comportements racistes envers eux",1
C'est pas tout qu'on doit accepter et acquiescer This message was edited,1
Je te dis,1
La publication  au départ c'était pour le travail d'autres viennent avec les histoires d'enfant abandonnés comme quoi il n'y a pas de femme russes avec des enfants qui ont été abandonnés par des russes? Parfois ces filles même après avoir fait l'enfant avec le noir le chasse parceque elle voulait juste le métisse d'autres sont insupportables à cause de leur sale comportement,1
Il ya d'autres qui tant qu'elle n'a pas fait le tour de tous les noirs d'une communauté elles ne laisse pas pour après aller verser leur frustration partout,1
L'autre ci je ne vais jamais laisser désolée mais j'ai pas encore atteint ce niveau de maturité,0
Je t'assure.,1
Quand j'aurais le temps je pars encore insulter certains,1
Exact,1
Mais les gens veulent nous montrer donc nous sommes les fous alors,1
Wanda,1
"Un russe veut s'égarer dans ce contexte avec moi , je ne le ratte pas et jamais. Je l'arrange correctement au point qu'il a honte encore d'être russe et avoir la peau blanche. Tout mon entourage connaît déjà cela  chez moi.",1
Je te dis juste a côté de petit pays.,1
Oui,1
"Je suis choquée que certains veulent défendre cà. On ne dit pas que tous sont mauvais parmi il y en les bons je suis d'accord, mais à un moment donné faut arrêter d'être des moutons beh beh qu'on dit ci tu dit d'accord c'est de notre faute à nous, déjà que certains blancs ce sont indignés et nous ont défendu mais nous même trouvons qu'on ne doit pas réagir parceque c'est de notre faute ca sert à quoi que d'autres s'indignent à nous défendre pourtant nous même refusons de réagir? On a pas dit de les attaquer physiquement non mais un poste pareil si autant de noirs possibles réagissent sur ces gens ils réfléchiront par deux fois avant d'écrire certaines choses This message was edited",0
Bonjour. Svp université qui on la padfack moins chère à Moscou ? Merci beaucoup jattends les réponses.,2
Envoiemoi les prix une fois nohr frère,1
Je suis intéressé,1
cest combien de valises  comme ça siouplait?,2
Vous livrez par la poste,1
Bâtons De Manioc.vcf file attached,1
Jhony Love .vcf file attached,1
Contactez ce numéro pour les bâtons de manioc,1
Massa.,1
Je ne connais pas la personne j'avais acheté chez lui donc pour facilement retrouver le numéro j'ai enregistré comme ça,1
C'est 250rub apparemment,1
200 000 fcfa disponible,1
Je vois,1
C'est fort hein,1
Je dois dabord changer mes dollars quils attendent dabord,1
Calme la rage bomboo,1
"Tout cest la guerre dans le pays ci, même la monnaie This message was edited",1
Une expérience de collecte de données biométriques auprès des migrants débutera le 1er décembre.,1
"Bonsoir à tous . Sil vous plaît la bourse de Rudn , ils la lancent généralement à partir de quel mois?",2
Janvier,1
Merci,2
Bonsoir,2
Je pense que la poste pourra aider et ce pas chère,1
null,1
Okey merci,2
Stp envoie normalement,1
Ca peut heurter la sensibilité,1
Non envoiemoiib,1
Ma mère mon univers jenvoie,1
Merci bb cest pa sensible  cest amusant,2
Bb?,1
Humm!!!,1
Tu es un garçon ?,1
"La fleur, garçon? Masculin?",1
Beuuuhhhh,1
530000 fcfa disponible besoin du rouble taux Google This message was edited,1
Ikii,1
Tu blague trop,1
Dc vous ne dormez jamais??,1
Dors,1
Je dors le weekend,1
Que j'ai déjà réussi dans la vie?,1
Toi tu vois ça dans quel Google même,1
Google de la planète Mars,1
Humm eh ah,1
Son google aime l'argent,1
Massa,1
"Tantine, Je suis sûr qu'avec ta publication, tu as obligé chacun qui lit ton message à vérifier la conversation sur Google, contre son propre gré.",1
Il faut être sélectionné a la première étape,1
D accord !,1
Stp,1
Après le 15janvier,1
Merci bcp  .,2
200 000 fcfa disponible au Cameroun,1
Warning  depart  Moscou Douala le 1er December heure 22h 15 ko disponible inbox pour ample informations ℹ,1
Le weekends prochain cest Nodale celui qui senregistre déjà,1
500 000 fcfa disponible,1
Bonjour ma chérie ici en russie ?,2
Le texte est adressé au citoyens camerounais au Cameroun,1
D'accord merci,2
Hello people i have a problem.,1
Л,1
Mince,1
Voilà ce que les entrepreneurs subissent,1
"1 рубл а 7,5 fcfa",1
Внимание участникам отборочной кампании 20252026 гг. на бесплатное обучение в России,1
Le Cameroun était le premiers en Afrique l'année passé avec le plus grand nombre de postulant sur 120places il y'avait près de 800dossiers,1
Moi koi dedans ma cc,1
Нготе,1
"Cette année c'est pire, on a postulé que le Nigeria",1
Tu Mens,1
faut demander à tes gens daugmenter mm à 5mill. Voilà pkw les russes se plaignent quon ne paye pas assez mais les africains acceptent les miettes,1
Moi perso je ne peux pas souffrir 12h sous la neige à faire un travail aussi lourd pour 17mill fcfa en mbeng. Sauf si je suis un homme et ma femme est enceinte This message was edited,1
Pour l'africain tout est cadeau. Même quand il travaille... Pour lui le salaire est cadeau,1
Vraiment,1
Même la bouche fermée on lave les assiettes ein,1
Lopposant de 2025,1
null,1
Cest moi seul qui narrive pas à lire?,1
Après le discours les débats suivent et enfin on tourne la page de qui je me moquenton,1
Je le suits bien depuis,2
This message was deleted,1
Massaaa anti lecture,1
Je vois bien tous les messages sauf ca,2
Cest pourquoi jai demandé,1
Je ne comprends pas,1
Peut être cest mon téléphone,1
Connectes toi slmt demain à 20h,1
"Joyeux anniversaire, Nana Kouemo Audrey !",1
Joyeux anniversaire Homo,1
79998372264 hbd a toi,1
Écrit bien le nom,2
Vraiment,1
Vous êtes un Bantou monsieur,1
Hbd 79998372264,1
Hbd 79998372264,1
Joyeux anniversaire Madame  NGUEPKAP,1
79998372264   HBD,1
This message was deleted,1
"Il a dit que son parti était un parti de proposition et non d'opposition , vous ne pouvez pas forcer l'opposition en lui",1
"Cest un politicien , il joue bien son jeu , il mange après il devient traître , même le vieux là fait avant .",2
Ok grand,1
Warrr papa warrr papa,1
Un jeune camerounais qui fait confiance à Cabral libii,1
Ekie,1
Te jure c'est un autre aveugle voyant avec tout mon respect,1
En tout cas faut nous mettre au parfum bomboo This message was edited,1
Tu fais comment pour croire qu'il peut être une potentielle menace pour le parti au pouvoir ?,1
Et le débat est lancé,1
Mais parcque cest lopposant avec le plus de représentants dans les communes .,1
Je ne débat pas la personnalité,1
Cest pour ça quil fait le bruit comme ça,1
L'actualité au Cameroun C'est comme le rouble aucune confiance que du folklore,1
Mieux encore tu vois ton match,1
Je suis  au niveau des effets que cela apporte... Avec ça elecam va modifier le code électoral?,1
Qu'il continue son populisme,1
Bah on verra,1
mbref okay,1
"Il a été acheté depuis, c'est l'un des opposants aimé par le le RDPC",1
A mon avis tous son des pions du parti au pouvoir,1
Jai dis que même le président actuel était un aimé,1
Warning  depart  Moscou Douala le 1er December heure 22h 15 ko disponible   pour ample informations 7 989 6039184,1
"Le président actuel n'avait jamais voulu ou même aspillé à ce poste. On l'a déposé làbas Parce qu'on avait détecté en lui un personnage faible et facile à manipuler, cela ajouté à son cursus en France. Il faisait un vrai pion!  Les effets sont palpables",1
Exactly,1
"Cabral est dans son show politique pour l'argent et la gloire. Au fond de lui, il sait qu'il ne sera pas!",1
Politique sur nous matins bonheur.,2
Jamais voulu? Humm cest pour ça quil a fait 40 ans nor okay,1
le seul et vrai  opposant au Cameroun aujourd'hui est connu de tous même si  on a pas l'honnêteté de souvent l'admettre.,1
Je ne suis pas dans lémotion politique,1
après il va crier émotion!!!   Papa tu dois laisser tomber...,1
Gar la nest pas le débat,1
Si c'était toujours l'actualité tu allais me citer les effets de la forte représentativité du parti de Cabral après presque 2 mandats,1
Il faut suivre les débats à la télé on explique sa la ba,1
Le résultat est connu.,1
"T'as suivi moi pas, partage avec moi!",1
Moi je suis pas dans lémotion bro,1
laisse tomber... Attendons les résultats des élections 2025. On verra qui est émotif dans sa perception! This message was edited,1
Ya encore plein dévénements qui surprendront avant ça . Lets stay tuned,1
On a beau chanter cette phrase a 2018. Le grand maître Atangana Clément a tranché ça avec un coup de marteau  irrecevable,1
Je suis dans le sense genre qui sera le représentant du rdpc,1
ekieeee quand les mélomanes chantent partout que Paul Biya père de la nation est toujours chaud gars? Tu vis sur quelle planète?,1
"Le candidat naturel du RDPC est encore debout,  on ne succède pas un roi vivant chez les bantous. Il sera candidat en 2025!!",1
Ngue njiii ???,1
Meme Joe Biden à boudé au départ,1
Candidat vainqueur pour la petite précision parce c'est crucial,1
Tribalisme au ÉtatsUnis?,1
je suis dépassé,1
défends toi,1
Jai pas encore mangé le matin,1
On sens qu'aujourd'hui c'est la journée fériée chômé de Didier . Il veut seulement nous faire bavarder  This message was edited,1
"si c'est toi ki paie, allonsy.",1
suis sérieux cotisons on part man,1
non je veux qu'il comprenne que personne ne boude le R dans ce pays.,1
Jai pas barré,1
Mieux ça me surprend,1
Qui reste au pouvoir celui qui peut et non celui qui veut. Sinon même Momo Jean de Dieu serai notre PR,1
"Je suis  très d'accord vieux, c'est pourquoi certains sont devenus pire que Hitler pour y rester aussi longtemps car tous les moyens sont bons",2
Toi la  restons en Afrique man,1
bref,1
J'espère que je serai récompensé,1
Et cela partout dans le monde. Le Cameroun est au très très très très bas de l'échelle car les camerounais aiment naturellement leur PR a l'instar du système et de ''son entourage'' This message was edited,1
Tu m'as compté Parmi ces Camerounais là? Je veux savoir,1
Estce que tu est camerounais bro,1
Heureusement papa,1
Ceux qui l'aiment pas parfois perdent aussi leurs passeports,1
On a rien man.,1
Tu laves les assiettes en Russie pour déclarer tes revenus au Cameroun?,1
Même les Étudiants ?,1
Donc on veux que on garde nos statut d'étudiant a vie.Ok c'est bien,2
"Nombreux sont ceux ici qui ont des terrains, des maisons, de l'immobilier. Faites les déclarer. Sinon.........",1
"A mon avis les discours de Cabral est souvent aussi creux que celui de Popol , aucun engagement, ça sent la démagogie à plein fouet , quand tu écoute les autres présidents ou opposants dans dautres pays tu sens de lengouement et de la dévotion, on ne peut mentir tout un peuple tout un temps mais on ne peut pas mentir tout le peuple tout le temps",1
Oui oui,1
j'ai mon vieux laptop de depuis 2017 comme bien je vais déclaré,2
oui oui c'est toujours un bien,2
"Man mes immeubles, mes terrains et autres biens  sont dans ma tête. Je ne sais pas si je dois déclarer ce qui est encore dans ma tête.",2
Il faut y ajoute ma brosse à dent et la serviette laissée par ma grand mère.,1
Merci à tous  pour vos souhaits,2
This message was deleted,1
On veut les bilolo,1
L'impôt c'est juste un abonnement annuel pour vivre dans ton pays et l'enfance c'est l' essaie gratuit..,2
null,1
Corrigé c'est peut dire bro... c'était un massacre,1
Well done !,1
"C'est très bien, voilà vraiment comme on corrige cette jeunesse en perdition. Je suis sûr qu'elle va se rappeler de ce moment toute sa vie.",2
Mieux tu vole le millions on te tape comme ça...,1
C'est de la barbarie ça,1
"Non, comment cà, ce n'est même pas a la hauteur de ce qu'elle a fait. C'est bien corrigé",2
En la publiant nu aussi?,1
On avait besoin de la déshabiller pour la corriger?,1
"Si c'est qu'elle a choisi ce chemin, même l'enfer ne va rien changer. Tu sais combien de fois on a bastonné Shakiro à Douala?",2
Tu viens faire comme ci tu es contre pourtant c'est vous donnez la force à ces pages  tu commentes keep on going,1
Ichiiii c'est trop violent,1
Balle perdue lba,0
c'est au delà de la correction man,1
"Non non bro, il faut souvent ça, mince faut voir comment l'extravagance des mœurs des jeunes filles aujourd'hui a pris de l'ampleur. This message was edited",1
Connecter vous,1
Connectez vous svp,1
Connectez vous,1
s'il vous plaît ce contenu est immoral et inhumain.,1
Merci à tous pour votre présence aujourdhui nous étions 28,2
Merci de bien vouloir supprimer tout simplement,2
"oui, bien sûr, je l'ai déjà supprimé. mais je veux que les gens qui partagent du contenu comme celuici sachent que tout le monde n'est pas d'accord avec le contenu immoral et inhumain. même si tous les membres du groupe sont d'accord avec ça, je ne suis pas d'accord avec ça.",2
Ne télécharge tout simplement pas,1
"Moi je ne vois rien d'immoral là, le fait qu'un parent fouette sa fille pour une déviance a quoi d'immoral, a mon avis cette vidéo est plutôt instructif et dissuasif pour toutes celles qui voudront un jour a l'avenir s'essayer a cette pratique. This message was edited",1
Bonsoir la famille Nadegda Service lance le Challenge de Rocky Boxer  prix a gagner  2500 p fille et garçon . Nous attendons vos vidéos priez de me contacter pour plus dinformations,2
"Bonjour à tous. Je n'ai malheureusement pas pu assister, faute de temps. Néanmoins, y t'il un enregistrement fait pour regarder après?",2
"900k fcfa, besoin du rouble au taux google.",1
Le taux Google est die.,1
Chacun fixe son prix  maintenant selon les efforts fournis pour avoir son argent  This message was edited,1
J'ai envie de manger le ikok des Bassa'a  79653368333 Big c'est dimanche non  la tradition chez nous c'est le ikok le dimanche non,1
Abec bro ecris bien ma tchop préfère abec,2
Je préfère pour le cancer du sein,1
J'ai bien écrit non bro,2
Noooh bro c'est okok des bassaaaa,1
Lol non moi je veux le ikok  c'est la version des Bassa'a bro,1
En faite sa a plusieurs appellations mais la plus répandue C'est okok saler,1
Chez nous on appelle ça ikok  le okok c'est dans la région du centre,1
Tu as fait la science de la nourriture,1
Avec les ignames douces ou le taro un bon manioc ou le baton de manioc,2
"Eeeehhhh donne moi seulement la position, même en blaguant",1
Missionaire,1
Waaaaa,1
Merde,1
C'est comme tu as demandé que j'ai dit,1
Bonsoir sil vous plaît ya til un départ pour le pays cette semaine ? Si oui svp ib,2
Bonsoir la famille,2
"Salut la famille, un frère a besoin d'une chambre pour 3 mois DécembreFrévrier.",1
Stivo l'amour toujours la pour vous servir avec moi la satisfaction du client est une priorité,1
"2.5 Millions dispo au Cameroun, besoin du rouble",1
"Joyeux anniversaire, NKO'O Joël Lyrian!",1
Stivo l'amour toujours la pour vous servir avec moi la satisfaction du client est une priorité,1
Slt stp j'ai 150 mille au pays j'ai besoin du rouble ici urgent 25000r,1
Jai 700,1
Fermer,1
Départ douala Moscou pour le 4 .,1
Ma cc vient ib es ce que cest comme ca que je gere le business ??,1
Bonjour,2
This message was deleted,1
65 .000 f disponible au pays besoin du roubles  svp,1
Bonjour chef,2
Apparement tu nas pas rempli ta part de dyke,1
de Deal ?,1
Jai une plainte inbox contre toi,1
This message was deleted,1
bonjour les gars 900000 fcfa disponible pour 150900 roubles.,2
Jusqu'à j'ai même enregistré ton numéro avec le nom qui apparaît question d'avoir plus d'info sur toi rien,1
C'est un voleur. Soit prudente,1
"Vous êtes dans les groupes avec plusieurs numéros ceux que tout le monde connaît et ceux avec lesquels vous essayez d'organiser les gens, et comme tu as vu écrit sur mon front doum tu t'ai dit que tu peux essayer en tout cas la prochaine fois mets au moins un numéro sur ton affiche.",1
"Je sais norn je les détecte à des kilomètres , heureusement que moi si je ne te connais pas je ne vais jamais envoyer l'argent en premier.",1
En plus il met le délais avant disparition de conversation,1
C'est déplorable qu'on se fasse ça dans la même maison. Sans cœur! Sans scrupules!,1
"Ici il ya toute sorte tu ne sais pas cà? On s'attend à tout juste faire attention, vous ne connaissez pas quelqu'un personnellement m'envoyer pas votre argent en premier",1
"On vient ici pour se chercher, au lieu de s'entraider, on vient se voler.",1
"Estce que les ancêtres vont alors remboursé ton argent? Le problème est que ici  on est tous mélangés et c'est comme ça que parmi il ya des personnes de mauvaise foi. Un conseil vous publié pour un échange d'argent quelqu'un vous contacte vous ne connaissez pas la personne exigez que le transfert soit fait par cette personne en premier lieu, c'est comme ça que fonctionnent tous ceux qui font dans les transferts d'argent c'est seulement quand je sais que Aka c'est tel ici je lela connais que je ne me casse pas j'envoies l'argent en premier.",0
C'est la fin d'année il ya les fêtes dehors trop d'obligations familiales où sa go lui demande seulement quelle genre de perruque comme ça ohhh je ne sais pas,1
L'intrigue même c'est son nom qu'il a mis sur son Whatsapp ca ressemble plus à un nom étranger c'est pas Camerounais cà,1
"Toi, alors, tu aimes les jeux brutaux..",1
Hmmmmmm il faut vraiment être prudent,1
alors qu'en fin d'année 7G SERVICES est là avec les taux sucrés,1
"Bonjour à tous, il y a t'il quelqu'un  qui se rendra à l'aéroport de Domodedovo aujourd'hui ?",2
Franchement,1
Pose publicitaire,1
Oui oui,1
Bonjour à tous svp si une personne souhaite changer 725  en roubles il obtiendra cmb ?,2
null,1
Peut être ya des endroits avec de meilleurs taux.,2
pourquoi effacer une info qui peut aider plusieurs ici?,1
79670757733,1
"Avant de publier une information, essaie de savoir les règles du groupe, les publications qui sont acceptées ou non...",1
Astu vu le trading dans mon message?,1
Il a demandé où changer largent en rouble. Jai indiqué un kioske ou le taux est bon This message was edited,2
"Avant deffacer les messages des gens, prends le temps de lire.",1
Tu connais la définition de trading ?,1
Oui,1
"Si oui, prouve le",1
pardon si on trouve le gars moi je veux seulement voir le visage de mon bandit svp,1
où est le trading dedans?,1
?,1
Cest le cours déchange de ce kioske,1
Ok tu as raison,1
79774372675 donnes les formations il t'expliquera mieux ce qui est trading Yoh,1
C'est la deuxième plainte que j'ai sur lui,1
La Petite si aussi c'est fait anarqué par lui hier,1
Christabel m'a écrit pour ça,1
C'est évident que c'est la même personne avec le cas de Clémentine This message was edited,1
Soyons prudent avec ses histoires de transferts d'argent au TG TROP D'ARNAQUEUR,1
"Le pb aussi c'est que vous n'affichez pas directement les gens qui vous arnaquent, pour au moins alerter les autres. Si 79999813624 ne faisait pas le poste là aujourd'hui, estce qu'on allait même savoir qu'il y'a un bandit en serie dans ce grp!? This message was edited",1
Ah oui,1
237655826893. Gutemberg nangmo,1
"Les choses là ne se gèrent pas ib, en back back. On te frappe tu affiche d'abord, surtout si le gar te bloque",1
L'adresse est où Boss,1
En bas de limage,1
Dcr merci d'avance,2
"D'autres part aussi, c'est parce qu'on aime trop profiter aussi. On a des gens qui font le business là officiellement, tout le monde connait, mais comme on veut seulement économiser quelques 100200 roubles que ces gens prennent comme commissions, on recherche des les taux Google chez des inconnus et ils finissent par nous laver.",1
7gservices par exemple,1
100200 roubles? Hmm,1
Avec lui pas de mots de tête.,1
Non faut pas dire des trucs pareil parceque sur sa pp WhatsApp s étais un logo que j avais l habitude de voir circuler des les différents groupes et du coup  sous la pression j ai juste pas vérifier c est tt,1
Ok je fais ça,1
"C'est un exemple chef. L'idée est qu'on prend des risques inutiles parce qu'on cherche trop notre propre avantage pourtant les gens font de ça un business, il ne vont pas le faire gratuitement aussi. S'ils garantissent la rapidité, la fiabilité, pourquoi ne pas fermer les yeux aussi sur les détails.",1
Tu as parfaitement raison. Vaux mieux payer des frais de 5mil roubles que de prendre le risque de tout perdre,1
"Je te comprends, mais moi je parle des personnes que tu connais personnellement, pas juste des logos. Si quelqu'un vient avec un logo que je connais, je cherche la personne qui gère le business directement, je vais me rassurer que c'est effectivement cette personne qui est responsable. Quand on fait les transactions des grosses sommes, il faut mieux chercher la sécurité et la fiabilité plutôt que l'économie, donc il faut être méticuleux",1
"Et surtout que les frais n'arrivent généralement pas à ce niveau, mais l'idée est là",1
On sent que tu n'a pas beaucoup fait les transfert avec 7G. C'est maintenant qu'il fait l'effort et on confirme,1
mon cher je veux juste voir le visage de mon mignon bandit c est tout  l argent est déjà go,1
.,1
"Voici un petit qui veut recevoir son argent de l'école on lui a dit 140000 rouble sur Google c'est 153900 il me dit si c'était 5000 qu'il perdait il gérait mais c'est le do de l'école il a tenu compte du taux actuel sachant qu'il pourrait gérer et avoir toute sa deuxième tranche. Parfois les gens qui gèrent aussi c'est pas parceque ils veulent trop gagner mais le taux peutêtre ne l'arrange pas. Comme tu dis les gens qui gèrent les transferts c'est leur business donc eux aussi ne vont pas vouloir perdre, lorsque c'est comme ça la personne cherche d'autres alternatives.",1
L'équation ci est trop dure je viens de regarder massa il ya plein de sous marin ici plus de 100 personnes ont vu ça hier,1
Filtre a partir du moment ou tu as reçu le message du voleur...,1
C'est ce que j'ai fait ils sont nombreux,1
Adressez une plainte au SED à ce nom This message was edited,1
Cest pas compliqué,1
Mon frère tu dis 100200 roubles?,1
Ne fait jamais une transaction avec quelqu'un qui a un numéro Camerounais,1
Dabord,1
Tu vas au SED ils vont gérer sa,1
Meme si la personne qui a reçu largent  ny est pour rien,1
Au sed ça se gère même avec les fausses identitées,1
Toi d'abord je prie depuis pour qu'on te tape un coups francs,1
Président ne crie sur moi,1
Jai même pas peur de Sa,1
Ekié on est arrivé labas,1
Le gars fait toujours ces transactions au calme sans gérer 7G. Et des costauds montants ein,1
Le numéro que tu as fait le dépôt dessus au pays tu peux localiser ça depuis le Cameroun,1
Si c'était même 200k tu pouvais chassé sachant que tu peux récupérer même 100k,1
"Mais tu peux toujours essayer le surnaturel, tu le donnes même une diarrhée compliqué",1
Ma tante peut gérer mais je veux pas trop qu'elle crie aussi sur moi,1
C'est pour cette raison que moi quand la somme est un peu forte je ne publie pas dans les n'importe quel groupe et hier comme par miracle je n'ai que publié ici donc coûte que coûte le bandit est ici. On lui envoyer les abcès il va encore voler,1
La nature et les ancêtres sont de ton côté donc tu es en position de force pour chasser le naturel au galop,1
non juste paix à son âme,1
Et ca passe vite hein. Joel a le nton,1
C'est le seul gars qui rivalise tout les business de transfert là,1
Il est très chanceux ce gars,1
Peux être parce qu'on le paye toujours en dernier aussi,1
Je ne dis pas pas quon ne peu pas me prendre,1
Le gars varie les montants. Même quand il a besoin de 2mil ça sort massa,1
Je Wanda mon frère les mbenguistes qui volent comme des bandits,1
Aaahh je n'ai pas constaté que c'était toi,1
Quel mbinguiste même? Les jongleurs,1
Chaque jour on vous dit pour éviter l'arnaque éviter le risque.  Même s'il faut perdre de l'argent. Vous connaissez déjà Vert qui vous devez vous tourner pour un 100 fiable.   Chaque jour les  du mbolé mais demain on recommence,1
"Lorsque tu fais les affaires, la perte dargent la cest ton bénéfice",1
Hmm et où sont les pleurs? C'était pour sensibiliser que j'ai envoyé ça. C'est pas comme ci nous n'avons jamais fait des transferts chez ces gens qui font des transactions,1
Tu appel koi gagner?,1
Donc on ne peut plus avoir des camerounais sérieux qui décident déchanger mutuellement largent?,1
En quoi est le problème?,1
Faut le laisser,1
Si nous pouvions en avoir sauf que certaines profitent de sa pour faire du n'importe quoi comme celui que clémentine a publié.,1
Au cas contraire faites des transactions avec des services fiables.,1
Dans ce groupe par exemple exemple nous avons 7gservices et Nadège services,1
Moindre erreur nous sauront comment prendre.,1
Les développeurs russes prévoient de remplacer complètement YouTube par le service VK Video d'ici un an.,1
J'ai acheté des produits qu'il m'a demandé de donner à son frère. Soit disant la personne qui voyage pour Moscou quitte le 1 décembre,1
J'ai même avancé de l'argent car il disait qu'il ne peut pas prendre mon colis sans que je ne fasse une avance,1
Quelq'un connait la personne ?,1
This message was deleted,1
50 000 fcfa,1
Face Auchan Беляево,1
155k xaf au pays besoin de rub ! This message was edited,1
Cest chaud ils ont fini largent du pays,1
Le moment de prendre son passeport russe hein,1
La fameuse  phrase si on enlève pombyan on va mettre qui ?,1
Ashouè !!!,1
Largent est finis partout,1
Lorsque quelquun est foiré il devient rigoureux  il commence à chercher les gens qui lui doivent les 100 roubles,1
Pomba a gâté le pays pufff vraiment,1
Mais je ne comprends pas bien où sera le blocus car c'est possible a 3 étapes,2
"Surtout les parents Naïf là, même le pousseur de l'aéroport va demander les documents là, les plus naïf vont payer même sur 4 places",1
Car à cause de la pression du vol les parents auront peur...,1
Étudiant paye impôts?,1
Sur ma cni et passeport cest étudiant? Donc sur les frais de lécole il ya les impôt sur cela aussi ?,1
"On dit que même l'impôt se paye sur tout même le patrimoine, même si tu as terrain que tu as hérité ou une poule en t'a possession tu dois signer",1
Signaler,1
"Il appelle cela , la déclaration fiscale",1
Le plus important c'est de signaler à ce qui paraît mais tu peux également mettre zero au niveau des biens,2
Cest exactement cela mais on connaît le pays cest juste une autre mangeoire quils viennent comme ça douvrir pour la police de L immigration et les gars des impots impossible nest pas camerounais noublions pas cette phrase . This message was edited,1
Les étudiants sont exonérés,1
J'y ai pensé longuement à ce zéro en passant moi même j'ai mis  mais je pense que c'est un gros piège et étant une économiste tu comprendras,1
"Ça veut dire que demain si tu avais un bien comme un terrain ou un appartement à louer laisser par tes parents et que tu n'as pas mentionné, cela veut dire que si tu as un conflit familial...",2
Moi aussi je me dit. Mais tu sais qu'on aime bien le raccourci,2
Ta déclaration pourrait te condamné,1
Car toi même tu as signé que tu n'as rien,1
Tout ca est un peut problématique ou tu as acheté un terrain au pays et que tu as écrit que tu n'as rien et après ta un litige dessus,1
"Et si jai un terrain aujourdhui que jai signalé et demain je vend , je dois retourner changer ?",1
Ça se passe comment expliquez moi aussi svp,1
Jattends la déclaration de Brenda Biya comme exemple,1
Point barre,1
"Cest de trop wallay, après on va dire , on doit payer lair quon respire aussi ?",1
Tu dois donner pour lEtat sur la vente du terrain,1
Je ne connais pas le pourcentage exact,1
1030,1
Le notaire gère cela déjà,1
Tout laisse,1
Ça cétait avant,1
Je parle de la nouvelle lois,1
Létat a son pourcentage sur toute transaction,1
Même orange Money mais ceci cétait depuis janvier,1
Cest pourquoi les frais avait augmenté,1
Et je gagne quoi de lEtat en échange ?,1
La CNI,1
Il te protège contre le grand banditisme et tu es Camerounaises,1
Par elle mais lacquéreur,1
Les deux,1
Un peut comme dans le monde professionnel lemployeur et lemployé paye les impôts,1
Cétait juste un exemple ehh et même le plus simple,1
Car les bailleurs seront plus dans le dure,1
Si tu ne signales pas et quun locataire ne paye pas son loyer,1
Tu vas seulement prier,1
Même le mettre dehors tu ne pourras pas à moins que tu passes par le naturel,1
Dans lacquisition dun terrain seul lacquéreur paye les taxes sur le terrain chose qui seffectue devant le notaire qui est le mandataire de cette déclaration de vente This message was edited,1
waa papaaa tout les nerfs,1
Louis Paul motazé et sa bands ont déjà declaré pour eux pour ne pas aller voir plus loin chez celui qui fini notre petrole et bois du pays ils ont laissé SUNRON partir avec les milliards au calmer jusquà leur accompagner dans leur,1
Paaaa ce sont les deux juste que cest comme largent est dans la mains de laquereur que tu penses que cest lui seul,1
Si tu veux dans le deal largent de la taxe doit sortir et cest calculé en tenant compte du vendeur et de lacheteur,1
Maintenant forcément celui qui vend na pas loseille cest pourquoi cest celui qui achète qui couvre pour les deux en tenant compte de cela dans la négociation,1
Bref,1
L'impots sur tes études. C'est un bien que tu vas exploiter plus tard ou bien,2
Le temps de lire l'heure arrivé mon frère.,1
DEPART PRÉVU LE 30 DECEMBRE,1
Hein chef,1
Mince les bâtons qui viennent en Russie sont de plus en plus mince yeuuuucchhhh,1
Il faut qu'on fixe le poid officiel du baton et en fonction du poid la son prix sortira,1
Cest dabord trop petit,1
"je recois les paquets jusqu'au 28 Dec, venez remettre en journee svp!",1
Le poid?,1
Moscou douala  12decembre,1
Не знаю,1
Pour plus dinfos veuillez me contacter en Ib.,1
Now on veut le poid. On a plus confiance.,1
Mola quand tu envois la photo du zizi au chat. Tu filmes ça avec un bon raccourci pourqu'elle croit que c'est plus gros.,2
40 000 fcfa disponible,1
Je sais que maintenant pour tuer une poule c'est 250 XAF  la taxe,1
C'est pas ça membre ?,1
"C'est Cabral Libi qui verse tout, c'est le seul vrai député Camerounais parmi les 180, 79015277640 a fait jusqu'à je commence déjà un peu a l'aimer",1
"Ses raisonnements sont très pointilleux, C'est le deuxième Camerounais à me choqué par sa politique",1
Celui qui m'a le plus choqué c'est Wilfried Ekanga  du MRC,1
Le futur ministre de ladministration territoriale,1
C'est un génie Massah,1
J'ai remarqué que les albinos soit ils sont très intelligents soit ils ne le  sont pas,1
Genre il y'a pas le millieu làbas,1
je suits juste lactualité sans fanatisme,1
cest grave ein,1
ils sont entrain de tester la  si ça passe,1
Ils préparent les élections,1
La stratégie,1
Comme ça rien ne va s'améliorer... On aura l'impression que tout c'est amélioré et a changé alors qu'ils ont simplement annulé ce qu'ils on institués il ya 1 an et on revient au statico,1
Et ils ont choisis la bonne période massah,2
Tout le monde passe à la caisse,1
Les calculs des vieux là ne joues pas,1
Tout le monde même celui qui a dit qu'il n'a rien à déclarer,1
La tête de la poule qui cours sur la véranda la dorénavant tu paie 250frs pour ça ... Maaaassssaaaa nnooon café,1
un sauveur luimême mort!,0
"Joyeux anniversaire, Dorcas Seunou !",1
Joyeux anniversaire à vous! This message was edited,1
C'est abusé,1
Façon tu connais les anniversaires de tout le monde ici jespère que tu connais aussi pour moi hein,1
Les gars qui prennent les meublés même vont payer ehh,1
Tu ne peux pas utiliser ça à la maison avec ta femme?,1
"Et il ne veulent pas statuer sur la double nationalité. Même pas faire des concessions, mais des qu'il y'a l'occasion on nous appui correctement",1
Je tassure,1
Jai pas maison au pays,1
Je vais lamener chez mon père ?,1
Bientôt on va nous montrer où le coq urine dans ce pays,2
Ils ont pensé à tout !!,1
"Ils disent qu'ils ont investi sur le voyage, il est de récolter",1
Joyeux anniversaire à toi dorcas,1
Joyeux anniversaire également à Julie,1
"Aéroports du Cameroun. Dès 2025, les frais de timbre refont leur apparition dans nos aéroports. Désormais en plus du billet d'avion, il faudra s'acquitter d'une taxe pour embarquer depuis nos aéroports pour des destinations hors CEMAC.",1
Bonjour à tous,2
Non,1
Il est obligé de quitter le territoire donc !,1
Oui,1
Au final les gars veulent retenir les restes au bled,1
50 000 fcfa disponible,1
Hbd à vous les filles,1
Joyeux anniversaire à vous les filles,1
L'aéroport est une entreprise. La taxe n'as rien a voir avec la gestion de l'aéroport...,1
ADC c'est encore quoi nor chef,1
ADCAéroport du CamerounC'est le nom de l'entreprise qui gère les aéroports au Cameroun,1
En fait c'est la taxe sur la bordellerie,1
Yes,1
C'est pour les camerounais seulement ou toute nationalité ?,1
Peut être il est temps de prendre le passeport Russe la,1
L'information est vérifiée aussi ?,1
L'aéroport international de Douala vers 500 000 passagé l'année,1
Je te dis gar,1
Ça m'étonne,1
500 000  40 000 XAF  20 000 000 000 milliard l'année,1
Largent du pays est fini man,1
Les caisses sont vrai vrai vide,1
Départ confirmé,1
"Les gars pour ceux qui ont Instagram, allez un peu lire les commentaires",1
Je vais mourrir de rire,1
Et jai mon meilleur pote qui a eu la bourse pour venir étudier et devenir prêtre orthodoxe,2
Quelquun a écrit,1
La Russie cest la magie,1
Lautre a dit,1
"O nom du père, du fils et mthafucking  saint esprit",1
"Non sérieusement,",1
79154639963,1
Moscou douala 12decembre,1
Et les vendeurs de poule  alors dans tout ça?,1
Cest comme ça quil faut souvent faire! Cacher toutes es informations personnelles et laisser seulement le nom et le visage.,1
Les gens quand ils trouvent un passeport ils affichent seulement tt,1
null,1
Évite de partager les trucs de source non officiel qui peuvent créer une panique inutile dans la communauté,1
Cest officiel si cétait pas le cas je ne le ferai pas,1
Ta source à contacter ne létait pas,1
Envoi un lien dun site officiel voire alors,1
Plus besoin le message est passe il est officiel,1
Il s agit de quoi send moi je veux voie il a effacer avant que je n entre dans le groupe,1
Gar j'ai pas lu,1
Stp je veux aussi savoir de quoi il s'agit,1
Les oblast de Moscou où il est interdit d'aller travailler,1
null,1
Donc Dimitri donskovo est officiellement la capitale de L'Afrique a Moscou,1
Si le VP a supprimé c'est mieux de l'écrire d'abord en inbox,1
Calmetoi mon ami,1
Jai trouvé loriginal,1
Ce sont des trucs qui sont publiés depuis 2021 mais ne sont nulpart valide,1
Je crois que beaucoup dentre vous vivez dans les territoires des régions de Moscou depuis et se SANS PROBLÈME,1
ÉVITEZ de partager des informations inutiles qui vont créer de la psychose dans le groupe,1
Merci!,2
"Pour ceux qui voulaient aller lire, allez y donc",1
C'est vrai VP mais tu ne trouves pas que peu être c'est mieux de publier et dire que c'est faux ?,1
Cest pourquoi je lai fait,1
Mais fallait démentir avant,1
Je lui ai demandé la source officielle mais il na pas pu la fournir,1
Enh oui je n'avais pas vu désolé,0
Tu as parcouru tous les sites officiels? Minceu moi je connais mm pas un seule site officiel ici. Envoie les liens de tous les sites officiels stp,1
Prends juste le message et tu cherche sur Yandex browser,1
Ce que je suis d'abord aller directement sur telegram,1
Télégramme sur quel site?,1
Partage donc,1
Moi mon problème cest davoir LA BONNE INFORMATION This message was edited,2
4.5k ne fait pas de toi un site officiel,1
Правительство России,1
Vos influenceuse là ont leurs lignes directrice à elle. Prenons linformation à la source,1
"Si sa parle de Migration, cest que ça concerne AUTOMATIQUEMENT ces gens ci",1
"Encore je ne refuse pas que linformation peut être vraie, je demande juste davoir la bonne source ou un ПРИКАЗ This message was edited",2
"Moimême je cherche encore et je partagerai LA BONNE INFORMATION, comme ça on sédifiera NOUS TOUS",2
ECONOMIE ET POLITIQUE,1
URGENT URGENT,1
Abonnons nous au maximum pour soutenir le frère,2
Il faut souvent donner tout le détail svp parce que je ne fonctionne pas en mode vpn et si je dois le faire il faut un ne bonne raison,2
J'ai compris ooo,1
Waa le continent partout,1
Tu le connais personnellement ?,1
Je voudrais aller voir ses combats. Quil nous donne les dates et on viendra soutenir This message was edited,1
T'inquiète il nous dira.,1
Je dis ehh les gens là veulent seulement finir avec la diaspora ou quoi ?,1
Ça sera introduit peut être directement dans les billets d'avion c'est possible,1
Moi quon abondonne le pays et leur enfants mangent après,2
Ça veut dire que si les billets des vols pour le Cameroun ou avec le départ pour le Cameroun montent vous connaîtrez pourquoi,1
Bro. c'est comment,1
En tout cas que la tête commence et le reste du corps va suivre,1
Une place disponible pour garçon à 10 min du  métro Nekrasovka.,1
Bonjour sil vous plaît quelquun ici à un billet où une pièce de fcfa ?,2
Explique c'est pourquoi ?,1
J'ai beaucoup de billets et des pièces.,1
J'ai 1000frs,1
Une présentation à luniversité,1
Tu en a ?,1
Tu vends les pièces comment,1
Tu remets après ?,1
null,1
Une seule pièce nor,1
Non le prof vas prendre,1
Viens chercher,1
Non non patrimoine national,1
Free Webinar Scholarships at HSE University.,1
Man dans tout ça la cible la plus visée c'est la diaspora.,1
This message was deleted,1
"Tu ignores quoi, les élections arrivent non?",1
Des groupes armés sont entrés dans la capitale syrienne Damas.,1
Le correspondant de Press TV affirme que tous les instituts et installations officiels à Damas ont été évacués,1
Le Premier ministre syrien se dit prêt à travailler avec tout gouvernement choisi par le peuple.,1
"L'armée syrienne quitte le centre de Damas, des militants occupent le bâtiment de la télévision nationale, rapporte Al Jazeera",1
"Le gouvernement d'Assad est tombé, annonce Reuters citant des officiers de l'armée syrienne",1
Commandant des groupes armés en Syrie Toutes les institutions gouvernementales resteront sous la supervision du Premier ministre Jalali.,2
Le commandement de l'armée syrienne a annoncé la chute du gouvernement de Bachar alAssad,1
"Des rapports font état d'une avancée de l'armée israélienne vers Qunaitera, dans le sud de la Syrie",1
"Médias israéliens  Les forces terrestres du régime, accompagnées de chars, entrent sur le territoire syrien.",1
"En Corée du Sud, le président Yoon Sukyeol poussé vers la sortie par son propre parti",1
Groupes armés de l'opposition syrienne  Nos forces avancent vers l'oeust de la ville Deir ezZor.,1
Médias israéliens  L'armée du régime continue de creuser de profondes tranchées le long de la frontière syrienne.,1
"Dans la nuit, la Russie, l'Iran, la Turquie ainsi que cinq pays arabes ont prôné la fin des hostilités en Syrie et le début d'un processus politique",1
Situation en Syrie. Les choses sont allées très vite cette nuit. Récapitulatif jusqu'à cet heure,1
Comment peuxtu d'abord aller dire néant avec un iPhone 13?,1
Passport perdu retrouvé. Qui connais le Mr SVP ? Bonjour.,0
"Bonjour à tous , sil vous plaît qui connais quelquun qui vie dans la ville de Kirov ?",2
Bonsoir à tous,2
Bnjr asecam,1
Bonjour,2
Ou est tous le monde dans se group norr,1
Jai une important information,1
Bonjour,2
Bonjour oooo,2
Chaque jour ça ne fini jamais ???,1
Boss,1
"Non justement parce qu'il y'aura toujours des nouvelles venu en Russie, qu'on arrivera à embobiner avec ça.",1
Ça va finir demain?,1
La blessure est assez profonde,1
"Je me marie le 11 janvier à douala bonapriso , dont si il ya des membres asecam qui seront au paye cette en cette periode, et veulent assister à mon mariage , svp écrivez moi e ib",2
Très,1
"MDR, le laboratoire la Est High euinn. Pourquoi il ne peuvent pas faire le taff à distance. Le vrai scamer travaille même dans le métro! Il n'a pas de bureau",1
Wow mes félicitations,2
Merci,2
Je t'en prie,1
Ma par de femme est où norh massa  ?,1
Ou bien elle n'est pas encore née,2
Tu es demandé la main dune fille ici elle a refusé ?,1
Il faut d'abord se connaître,1
Gar lauraine tu as un secret ?,1
Très important,1
Cherche largent,1
Tous le monde dans asecam dis que jaime largent norr,1
Tu valides alors,1
Toi même tu vois comment,1
Quand lhomme as largent la femme viens,1
Même prince aime connais ça,1
OK j'ai pris note,1
Pour l'argent ou pour l'homme ?,1
Mais tu doit avoir bcp a offrir pas seulement largent,1
"Lol pour largent norr , mais cest lhomme qui détermine o elle reste ou st fuit",1
On souffre hein,1
Et la femme alors ? Elle offre quoi ?,1
Xa vas dépendre de ce que tu trouve au marché,1
Il faut juste cherche une bonne femme,2
Car il ya tout les qualités sur le marché à lui de choisir ce qui l'arrange,1
Exactement,1
Cherchons,1
"Si tu veut que le slay queen oo , ou le house wife oo ou le melange Xa dépends de toi",1
"J'espère qui n'ya pas les femmes des gens ici, comme 79998435637",1
Généralement cest bien dappeler son univ si il a un visa . Cest facile de le retrouver ainsi .,2
moi j'aime alors les mélanges. Je suis mort,0
Bonne chance,2
Yh yh exactly,1
So we deliver,1
Thanks,1
Lauri mes petites avec qui tu étais à tiko veulent aller à ton mariage  envoie le billet pour elles .,1
Tu mavais envoyé à Tiko ?,1
Beua,1
Ou Tiko,1
Je me rappel plus,1
Lol pas buea,1
Fin bref,1
Mais je sais que tu sais,1
Call center,1
"Quand tu veux connaître, l'autre épouse derrière!!!",1
Cest la magie,1
"Parce que quand on vous parle, vous dites que vous maitrisez",1
"Façon l'argent de ce truc est sucré, si on te parle n'importe comment, tu ne peux pas quitter de toimême",1
Intervention militaire,1
L'argent du vole ? Sucré ?  Moi ça ne passe pas dans ma tête,1
Largent de la malhonnêteté est toujours sucré mais sa donne la constipation maintenant faut alors assumer.,1
En vrai. Ils ne jouent plus avec ça.,1
"On venge nos ressources pillées, l'esclavage, la colonisation etc! Tu appelles quoi vole?",1
Voilà.,1
Sa veux dire simplement vous n'êtes pas vous n'êtes pas compatible et vous ne pouvez pas vivre ensemble. Car tout dépend de vous deux.,1
"En vrai, même pas la police simple hein les militaires même même",1
Après l'opinion des autres,1
Man cest ton choix faut voir les gars si en BT,1
Aucune constipation,1
C'est ça que tu appelles vengeance. En escroquant des vieux Mr et vielle dames ? Easy.,1
Cest toujours largent,1
C'est donc tout ça.... ils font souvent quoi avec tout  cet argent,1
"les plus escroqués sur terre sont les Africains, nous attendons toujours la justice divine! Même le karma a ses limites",1
Ceux qui nous escroquent en procédures la ou dans les chantiers cest quoi?,1
Quelquun arrive en BT ils dépensent toi même tu es dépassé man,1
Largent cest largent sale ou propre,1
OK  Chacun sa vision des choses.,1
Ca ne vas ni leurs donnez chauds ou froids au cœur tout dépend de létat desprit,1
"Bientôt la taxe sur le chequage, les awasheurs , le piiiiiiiiii .",2
C'est pour ça que tu vas extorquer tes frères et sœurs ?,1
C'est bien ca.,2
Notre gouvernement qui nous escroque la.,1
Laissez chacun faire son choix,1
Et chacun assume ces conséquences,1
Tu vis en fonction des autres ?,1
Cest tout,1
Cest bien comme tu lis mes msg,2
Moi je bois seulement pardon,1
Moi même je dois chercher le couloir du call center la,1
On me déporte on me déporte This message was edited,1
Ekié qui vous arrête ?,1
Vous dites que largent la fait mal au ventre comment?,1
Pourtant cest même bien bon,2
A chacun son choix ooo,1
Net,1
Il faut bien des voleur et bandits... pour qu'il y'ait des policiers c'est comme ça la vie,2
Voilà,1
Voilà,1
Mais largent là est dabord trop sucré et cest beaucoup,1
79259217245 on part norrr man,1
Aller Où?,1
Travailler le bon argent,2
Au call,1
Le gars de mon ex dans la vidéo. On l'a arrêté,1
Waaaar papa,1
Moi je mange seulement ce qui ne me constipe pas ohh,1
Mourir de rire,1
Jure?,1
On veut le voir,1
non on l'a déjà vu.,1
fais le screenshot man,1
Apparemment il anime juste la galerie,1
je veux le féliciter,1
Qui a dit? Il m'avait détourné la fille au 3X avec une bouteille de Don Perigon  This message was edited,1
Femme qui es tu,1
Assia papa,1
"Répète après moi, femme, qui suisje",1
Lauri vous a Deja dit. Cherchez largent,1
Mais pas largent des scamma là,1
Cest pas différent de largent de la secte,1
Voilà mama pas le scamma,1
C'est pour toi làbas d'autres vont toujours préférer,1
Cest leur choix,1
Tu as déjà vu un billet de banque avec l'insigne de la secte inscrit sur ça?,1
Jusqu'à dire b tu n'es pas allé au travail aujourd'hui,1
"Mm les gens qui proposent le porte monnaie magique, yen a qui sont intéressés",1
toi la... Mieux je ne dis rien,1
Cest pas là la question. Largent de la secte cest largent sale. Peu importe cmt vous voulez justifier ça,1
Toujours jusqu'à ils supplient,1
Merci la bas,2
"Il n'y a pas d'argent sale, aucun argent n'est facile sauf que chacun choisit travailler en sa façon! Tu peux supporter les conditions de la secte?",1
Cest sale. Il ya largent sale.,1
"Tu es déjà dans la secte ? Si c'est le cas, dit le nous. Juste pour savoir",1
"Voilà certains qui ont mangé, c'est maintenant que le travail commence",1
Justement je ne veux mm pas avoir a supporter une sale condition. Ceux qui supportent les sales conditions sont sales et acceptent largent sale,1
Papa laisse l'argent de la secte est un argent à par entière,1
Ne mélange pas père,1
C'est leur façon de travailler pour eux,1
Et cest pas bien,2
Bref...,1
Oui mais ne dit pas que c'est un bon argent,2
MDR!,1
Vraiment. Il fait tt pour mélanger et pourtant on sait tous cmt cest.,1
Le bon argent c'est la banque centrale de chaque pays qui en fabrique!,2
Il faut comme s'il ne comprend pas,1
OK papa,1
"C'est bien pour eux!  Quand vous mangez l'argent des hommes que vous aimez, c'est différent du fey? C'est bien?",2
On ne parle pas de la forme mais du fond. Et cest sale. Donc oui la banque peut fabriquer des billets et les gens les gagnent de manière sale et cet argent devient sale,1
Non non non et non!,1
la tu commences déjà à toucher les sensibilité des gens,1
On mange largent que tu nous donnes de ton propre gré. On ne ta pas forcé ou alors on na pas rempli les conditions sales. Si je te souri et tu me donne largent où est le pb?? This message was edited,1
que oohh l'argent sale,1
Alors,1
C'est l'arnaque! Ton sourire flatteur n'est pas différent d'un crypto man qui drague le client pour avoir son dépôt,1
Non. Mon sourire na rien a y voir avec son mensonge et son escroquerie,1
"Quand on va manger pour toi, il faut revenir mettre le cœur rouge",1
C'est sincère?,1
"Oui. Et mm si ce nétait pas sincère, tu sais que cest pas sincère mais tu donnes quand mm car tu te dis que tu vas mavoir ou alors tu kiff tt simplement voir une jolie femme sourire. Ça te donne la bonne humeur",2
Moi j'aime sa confiance . Elle sait que juste avec son sourire elle peut faire tomber un homme,1
Eweeeeeeee,1
"Toi tu te joues de sa bonne intention, naïveté pour raser ses poches! C'est le fey.",2
Le haut niveau du Fey papa,1
Lhomme est naïf?? ne me fait pas rire,1
Le Fey ou tu sais que c'est le Fey mais tu donnes quand même  This message was edited,1
Voilà,1
"On as vu des gens qui ont tuer par lépée, des centaines de personnes ce sont confesser et sont encore envie depuis des années",1
donc tu tues en sachant quaprès tu vas aller te confesser hein. Veri gourde This message was edited,1
Toi va alors faire pour voir un peu,1
Cest juste parceque ce travail deviens de plus en plus dangereux dans ce pays mais meme actuellement ou on parle il yen a plein qui sont dans ce groupe,1
Et que je connais même,1
toujours à prendre des cas isolé pour généraliser,1
"Merci, Parce qu'un péché est pardonnable 99 fois",2
Alors,1
c'est ça.,1
"Moi je connais quelqu'un qui est allé au call center la pour son 1er jour, genre entretien et c'est la que les gars ont fait la descente, et on l'a pris .",1
Pardon papa cite,1
Pardon cest le choix de chacun,1
Au émirat arabe làbas aussi ça joue pas call center,1
"Chacun sa vie, ya des gens qui pêchent toute leur vie et ça va. Mais d'autres qui essayent seulement et ça cuit sur eux",1
Exactement,1
Comme barabas et Saint PaulPaul de Tarse,1
On va travailler dans nos chambres,1
Ce qui mamuse cest que toi tu parles comme ça mais tu ne fais rien de tt ça,1
Entre vite,1
Alors la secrétaire de ma vie a parlé,1
Tu as peur des vrais bandits de ce groupe ?,1
"79013886871 façon je suis d'abord foiré ces temps ci, si un call center me recrute, je vais descendre des familles, briser des générations",1
Cest chaud hein,1
Justement la majorité des hommes aiment les femmes qui ont confiance en elle.,1
Humm même dans le chantier ?,1
"Je ne peux pas manger du poison dans le tapioca!! Que m'arrêter au chantier, mieux au call center",1
Les femmes qui font semblant genre elles n'aime pas l'argent elles mentent.,1
"Nooo, moi je préfère celles qui doutent delles",1
"Oui. C'est la base.  avoir de la confiance et de l'estime de soit. Que ce soit en relation, au travail et partout ailleurs",1
Donc tu aimes aussi l'argent,1
Ce qu'elle va te faire faire tu ne vas jamais pardonner elles sont parfois stupide.,1
Ma go ma dit quelle naime pas largent donc elle me mentait ?,1
Il faut juste marié et tu vas comprendre de quoi je parle.,1
toi t'aimes d'abord jouer avec les cerveaux des gens donc...,1
Elle n'aime pas l' argent quand elle constate que tu es foiré mais a trop de visions! Elle mange ailleurs en attendant que tu deviennes riche,1
je suis psychologue ? !,1
Ma'a calcul ma'a plan  Elle a vue le potentiel latent,1
Elles ne sont pas différentes de celles qui vendent le piment mieux encore celles la même. Parce celles qui se dit calment tu vas même prendre soin des enfants qui ne sont pas les tiens sans savoir. Tu saura le jour que vous êtes en dispute.,1
Une femme qui te supporte dans la galère a probablement consulté ton avenir chez un voyant,1
Bref à chacun son choix,1
Je préfère vivre en santé,1
c est simple reste célibataire broooo,1
"7 ans déjà et je suis très heureux, déjà que même quand j'essaie, on me barre toujours.",1
T'inquiète tu auras ta part.,1
Wokooo la masturbation va te tuer..7 ans papa,1
Soyons clair que le teste de paternité sera pour nous de cette génération un Automatisme,1
"Cette année dans beaucoup de chantier on deporte , papier ou sans papier deportation, le juge ou la juge que tu es étudiant et tu nas pas le droit de travailler",1
Non non moimême je ne veux plus,1
Humm,1
Oui oui exactement parceque qu'elles détectent en toi un........ Donc c'est Normal,1
Tu vas me tuer,1
Ça s'est passé quand?,1
Il y'a quandmême les gens qui ne savent pas mâcher leurs mots euin. C'est très louable,1
Appelons chien chien,1
c'est elles qui perdent en tout cas! Moi par contre on m'a perdu depuis,0
qui est le chien ici maintenant,1
Qui t'a énervé ?,1
Elle est de nature nerveuse,1
Je suis pas énervé je ce que je vois.,1
Je dit ce que je vois,1
Parfois tu te dis ta femme alors que tout tes frères et cousins connaissent mieux ta maison que toi et compris les boys du quata,1
D'accord. Mieux vaut être avec une Bordelle vierge qui s'assume ouvertement que d'être avec une sainte vierge marie deviergé qui se cache derrière les jupes et robes du Vatican.,1
Vivons seulement oooo,1
Massaahhh,1
Mami'ii za'aaa tu as les dossiers lourds.,1
Car la vie est belle,1
Ça cest une ancienne vidéo,1
Tu bois quoi,1
Dit nous mamiza,1
Père laisse seulement parfois c'est mieux de,1
1759 petite Guinness,1
Bordelle vierge ?,1
Tu ignores quoi?,1
En vrai,1
ok  je attend à la dernière station du métro ligne 16,1
D'accord bro.,1
Doctorant en faculté de la violence.,1
J'ai été un blessé de guerre.,1
Les effets sont palpables,1
Ça me rappelle des souvenirs oooh GOD,1
Quand on cherchait notre route sétait pas facile hein,1
J'ai envie d'avoir cette sensation,1
Avec la tête,1
sorry,1
Je ne souhaite pas ça à mon pire ennemi,1
Assia,1
Meme ton cerveau doit être sécurisé sinon tu vas comprendre pourquoi L' AVC est uniquement pour l'homme .,1
Moi on avait botté ma tête mon esprit est tombé au cameroun,1
Ça a du être chaud gar,1
Lautre a dit quil veut vivre la sensation. Les ukrainiens ton déjà pris en otage au front de guerre  imperator??,1
Tu vas revivre comprendre la traite négrière bro,1
Tu étais làbas ?,1
Bien sûr il faut étudier lenvironnement quand tu arrives dans un pays,2
Je suis daccord,1
On a tout fait avant de se posé et prendre dautres chemin ms,1
Si cétait lexamen tu as déjà 0020 grand This message was edited,1
Faite le chantier si possible les gars et éloigné vous de ce couloir. Le plus important cest pas de gagner beaucoup dargent en fin du mois mais regardez sur du long terme,1
Wouaaa,1
Je mens ??,1
Je sais moi papa,1
"Maintenant les gars du call center discutent les chantiers , laver les assiettes et nettoyer la neige avec nous.",1
Jai posé une question,1
Aaaah ça !!!,1
La question cest dabord quoi??,1
Tu vois alors ??,1
Ça va boss,1
This message was deleted,1
Tu demandes si jétais sur le lieu ? Parce quil ya eut plusieurs cas similaires,1
Et jai vécu lun de ces événements et cest nétait pas oufff. Jai dis on a botter ma tête mon esprit es bac au pays tu ne comprends pas quoi,1
Je te comprends papa,1
Te fâche pas,1
Façon tu écris tu mélanges déjà langlais et le français je sens que tu as activé le mode   camerounais,1
Moi je me demande comment civiliser les nouveaux qui arrivent et comment mieux leurs orienter . Mais présentement nous travaillons sur un programme pour aidez les jeunes africains vivants sur le territoire de Russie   comment gagner sa vie honnêtement,1
Même les russes gagnent leur vie malhonnêtement chef,1
This message was deleted,1
Parce quil faut avouer que 80 des africains sont malhonnêtes en Russie  et les camerounais à eux seul 30. Dont il ya beaucoup de travail à faire et je comprends que cest pas de leurs fautes en majorité !,1
Ça jai pas de données congrès pour affirmer cela! Mais ce sont eux qui recrutent donc tu peux répondre à ta question,1
Je parles en connaissance de cause .. les camerounais en général s'y plaisent car nous y sommes habitués des le pays ..,1
C'est le même sentiment que j'ai eu frère,1
Qui.ils sont en congé.c'est comme une drogue.Ils ne peuvent rien faire appart ça.,1
Actuellement non c'était la Russie d'avant néanmoins si tu connais plus de personnes malhonnête qu'honnette.,1
Moscou douala 12decembre,1
En vrai,1
Il faut faire lexorcisme sur eux cest une possession de paraissent. Moi celui qui avait botter ma tête mavait exorcisé ou le bomm là était que raciste ohh moi même jai pas compris. Depuis lors je me suis concentré à fond dans mes activités et aujourdhui je dis merci à cet botte papa..,2
Il avait vrai vrai botté ta tête ?,1
Toi là même je parle chinois,1
il faut chercher le monsieur là et tu donnes son jus  parceque grâce à lui  tu as été délivrée,1
La maîtrise,1
Ou ma tête était que le ballon  ohhh. Je sentis un truc bougé,1
Je te dis bro,1
C est la paresse qui fuyait,1
Tu es bro depuis quand,1
Jétais à plat ventre lmes narines  faisaient connaissance avec lodeur du sol et mes yeux plongés dans une obscurité forcé . Lenfer de 12h  a 3 h du matin,1
Moi même j'ai d'abord cru que c'était un bro,1
Toi tu connais qui se cache derrière la téléphone ?,1
Vrai  c'est quel rage ça ?,1
Si ton vécu ne taide pas à taméliorer alors sache quon ta vendu au village,1
Lautre a dis quil veut vivre cett sensation,1
79996751961 je vais chercher un call center uniquement pour toi j'aimerais moi même je veux te voir ressentir cette sensation et tu me dira comment tu te sens,1
Aïe la fille ci,1
C'est pas vrai chef,1
l'émotion change même le timbre de ta voix,1
Je dis hein boys c'est qu'elle voix ça,1
Les pleures,1
Un témoignage digne d un film d horreur  Yako papa il faut un peu boire quelque chose parceque plus tu racontes plus la tension augmente  This message was edited,1
Assia papa,1
Tu nous fais vivre l'action en vrai,1
Cest un blagueur,1
J'ai un million au pays je veux le rouble au taux Google,1
Ont leurs parlent ils ne veulent rien comprendre. Et ceux là même qui sont déjà les colonels et généraux dans le Game nont pas encore mis un business sur pied pour laisser ça,1
Ne pas envier dans la vie,1
Je veux dabord être père noel man,1
Et surtout si ton gars te donne 1000 roubles,1
"Au lieu de finir marié comme 79998435637, tu seras botté comme 79774372675",1
Pas mal lba l'okok a cuits un côté  This message was edited,1
Oui Cest lune des motivations pour laquelle je suis trader rentable et crois moi cest la meilleure chose qui me soit arrivée au final.,2
Parfois GOD a different façon de vous orientez,1
Courage CHRISTIAN  GREY'Y TRADER,1
Merci  ma grande,2
L'histoire du CallCenter ci hein  on va finir par tourner un film pour ça ici en Russie. Regardez aussi la vidéo,1
qui avale une noix de coco fait confiance à son anus,1
voilà pourquoi je disais qu'aucun argent n'est facile. Parfois tu manges avant de travailler après.,1
"je peux meme témoigner, on mangeait le pain plein de ciment à la pause",1
Après Teleperformance nous a sauvé,1
Waa LE PARCOURS,1
Exactement,1
Même sur RT France c'est passé This message was edited,1
Du ça peut aussi alerter les français là à ne plus se laisser berner This message was edited,1
Départ prévue le 30 Décembre,1
Cest très sérieux hein,1
Ah oui oui,1
Je me vois seulement làbas . Ce business est très profond les gars sa finance le marché noir,1
Quand on leurs parlent ils disent maîtriser,1
Vous étiez laids hein,1
Massah les archives,1
Les vieux père,1
Les gars vont prendre la route de la forêt  maintenant,1
Il y'a la route làbas? La route de la lecture de l'heure,1
"Unpeu sérieux comme réponse, mais avec beaucoup de démagogie et de contrevérité.",1
je partage juste pour que nous soyons informés,1
Très bon travail mon frère. Je donnais juste un avis après avoir regardé ça.,2
Ib,1
On va t'envoyer au front hein,1
Je casse tes dents  viens me taper,1
Ils iront donc aussi se faire esclave en Sibérie. Et se venger au front. Comme pour eux cest la seule manière de venger les ressources pillées de la colonisation. Tristesse !!!,0
Le RDPC est le seul problème de ce pays!!!,1
"Les tonneaux vides, toujours prêts à tout pour distraire les autres des vraies questions This message was edited",1
C'est leur choix,1
J'ai un million au pays je veux le rouble au taux Google,1
Олимпиада ТГУ для поступающих в магистратуру,1
Can you please send the link of registration ?,1
Check on telegram,1
Traduit maintenant pour les français bro,1
Thanks,1
La devise c'est get rich or die trying,1
Tu as payé l'impot de ça?,1
"Joyeux anniversaire, Nas Manga!",1
Merci Presi,2
Hbd mon boss le moins méchant,1
Joyeux anniversaire Nas! Le premier Camer en Russie que jai connu,1
Merci le Champion.,2
Merci .,2
Connu que connu ou alors connu que connu?,1
Mince donc je vais rater le poulet ci?,1
Les 2,1
Hbd to you,1
J'ai un million au pays je veux le rouble au taux Google,1
Va d'abord declarer ça au minfi,1
C'est comme si la guerre contre les call center est lancée enh,1
Oui un grand nombre de call center sont utilisés pour financer la guerre en Ukraine,1
Ce secteur est très risqué maintenant,1
Terrain très glissant.,1
This message was deleted,1
This message was deleted,1
This message was deleted,1
This message was deleted,1
This message was deleted,1
This message was deleted,1
This message was deleted,1
This message was deleted,1
This message was deleted,1
Boss la pub !,1
Je ne fais pas la pub boss jaide les gens un logement cest très compliqué à Moscou tu sais!!,1
Cest où ça ?,1
Quel métro,1
Place disponible pour fille dans une maison de deux chambres salon,1
Et nous les hommes on a pas droit au logement ?,1
wouaaa papaaa c'est juste un pote qui voulait partager son espace,1
Déportation en téléchargement,1
Eux même ils partent ou dabord depuis les vidéos circulent partout tu vois ça tu as le courage de sortir de ta maison pour y aller et chaque mois de décembre cest pareil .,1
Mince les montant la,1
J'ai reçu des menaces en ib via cette vidéo jusqu'à me dire d'enlever en statut.,1
Oui moi aussi j'ai suivi ça.,1
J'ai Gan Gan. mon intention n'est pas de nuir quelqu'un. Au contraire que tout ceux qui travaillent làbas soient prudent,1
Ekié,1
Un africain ?,1
Oui,1
Mais pourquoi tu publies ça ?,1
Non non tu dois supprimer cest pas normal,1
Tout le monde est au courant,1
Supprime seulement,1
Ça peut te porter préjudice il faut éviter,1
Quand on va dire qu'il y a certains d'entre nous qui sont des vendus...,1
Son problème est où ?,1
Il t'aime trop ?,1
C'était juste son introduction avant le corps du devoir pour draguer la ngo après,1
Affiche celui qui a oser te menacer,1
cette stratégie est bête bro.,1
Je Wanda même bro,1
Envoie le numero ma grande,1
Jáchete ton problem,1
Les gar se croient tout permis ici dehors,1
Est ce qu'il voit cela comme ça ??,1
tu n'es j'amais serieux haha,1
Il veut d'abord sissia l'enfant d'autrui. On lui a dit que c'est le quartier ici ?,1
Comment tu peux dire ça noooo?,1
Il a encore nkoabang dans la tête,1
C'est une femme ooo,1
"Il go lui sissia ma soeur en plus, mieux de lui",1
quelle déception,1
Apparemment c'est elle gar,1
Entre femmes sa peut pas me dépassé,1
Bon je ne cherche pas les pb aux femmes... si c'était un boy je pouvait gerer,2
Mes félicitations par avance ma chère  je te souhaite beaucoup de bonheur,2
Oui oui la tu peux gérer,1
J'ai confiance,1
Merci,2
Oui oui,1
Bonsoir à tous. Svp qui ici connaît les prix de légalisation de documents à l'ambassade?,2
Pour le passeport?,1
Non le diplôme,1
Ah okay,1
Les femmes,1
tout ce qu'on demande à Dieu c'est de nous remettre nos côtes...,1
Cherche donc celle à qui on a donné ta côte tu reprends,1
50mil si j'en me trompes pas,1
Donner et reprendre c'est un peché comme il ya déjà le phénomène de woubi vous reclamez maintenant vos cotes il n'y a rien,1
Non je veux légaliser ici en Russie à l'ambassade . ce sont des diplômes russes,1
C'est simple,1
Estce que on a d'abord donné leur Côtes? La seule cote qu'on a donné c'était pour Adam,1
Voilà,1
"Ça continue hein, en tout cas, prévenez tous ceux qui sont encore dedans...",1
C'est la magie au pays.,1
Quelquun qui ose dire la vérité,1
Donc On l'applaudit pas,1
Ouiiii le vieux tu as le cardio pour dire des choses aussi vraie dans un calme absolu,1
Pour avoir les pbs after,1
Il a déjà vécu.. sa part quoi,1
Certains ont aussi vécu mais veulent voir les enfants de leurs enfants Grandir,1
En tout cas,1
J'ai un million au pays je veux le rouble au taux Google,1
Bien,2
Chaque jour tu as un million au pays?? Tu prends ça où,1
La fille est seul dans la chambre?,1
Je braque,1
Tu braques au pays étant en Russie ? Tu es marabout ?,1
Biensure  j'ai un complice làbas,2
Il fait le call center au pays des crypto,1
Moi je veux seulement les machines confisquées laba. Cest trop la guerre,1
Va d'abord declarer ça aux impots,1
Sil vous plaît qui connaît le nom de lattachée militaire du Cameroun en Russie,1
"Je ne connais pas, mais je peux t'envoyer le contact de son chauffeur, tu pourrais le lui demander.",1
Merci,2
This message was deleted,1
S'il vous plaît qui connaît cette université,1
Place disponible pour garçons,1
"205mil xaf au pays,  besoin de rouble!",1
Publie ça dans le groupe camerounais de ta ville chef,1
????,1
Bonsoir pour tout besoin de permis de conduire camerounais veuillez me contacter ib,2
Комитет Мисс  Мистер Какао объявляет набор заявок на конкурс Мисс  Мистер Какао  Россия 2025 который состоит 10 мая 2025.,1
J'ai un million au pays je veux le rouble au taux Google,1
Hopeuta,1
Chaque temps Chaque temps,1
Un jour un jour ça va finir,1
Les agences de transfert la appliquées vos lois pour l'aider,1
tu fuis que qui va rester entretenir ça? This message was edited,1
Minceu,1
Interdit fuir on va bien se faire sa entre nous. Car ailleurs c'est pire donc soit sage,2
Est ce qu'on a alors le genre de fille qu'on peut envoyer dans ce genre d'evenement?,1
Vous mis pour qui ?tu es camerounais  donc nous,1
Départ confirmé,1
Stivo l'amour toujours la pour vous partager l'amour et la bonne humeur,2
Stivo l'amour toujours la pour vous partager l'amour et la bonne humeur,2
Bonjour,2
Free Webinar Scholarships at HSE University.,1
Stivo l'amour toujours la pour vous partager l'amour et la bonne humeur,2
Tes 70.000 fcfa ont été  declarés aux impots?,1
Blyaaa,1
L'amande s'élève à des millions,1
De Frs,1
Si tu as la nationalité russe tu payes encore les taxes au Cameroun ?,1
Paye  un peu pour voir si on va refuser This message was edited,1
200 milles roubles disponible besoin du CFA svp,1
Orpeutha,1
C'est le prouving mama,1
Tu mens,1
Tu fais à qui ?,1
Les agitations là c est pourquoi ?,1
"Bien vouloir décliner votre identité, MrMme",2
Venez avec les armes une fois c est mieux,1
Tu fais quoi dans le groupe ci? Faut aller dans ASERU sors de ASECAM,1
"Bye, je vous laisse",1
Les armes comment nohr?,1
"Nous sommes habitual, Longue Longue et Valsero sont aussi parti. Nous on a pas l'argent de transport",1
Une sagesse Bassa'a dit que,1
Waaar les gars ci,1
Ou encore CE QUI DONNE L'ENFANT NE TUE PAS LA FEMME,1
Enfin tu vas arreter le vol,1
Si je me retrouve dans le groupe c est parceque j avais envoyé tous mes informations à un administrateur du groupe et c est pas de ma faute si j ai pas été enregistré,1
En anglais,1
Présentezvous encore alors,1
Vous les hommes la Vous aimez dire que les enfants des gens volent. Pourtant c'est faux.,1
On t'a déjà dit ça une fois mama ?,1
Dit au moins mes félicitations même si tu n'es pas contente,2
Que la personne va se placer par où pour me dire sa,1
Sa tire a balle réels içi hein,1
Est ce qu'on savait alors?,1
Je suis jaloux et je felicite?,1
Garde ta jalousie pour toi,1
Elle vas se marier et elle a bien fait de venir nous inviter.,2
Départ obligatoire,1
Donc ne dis pas que tu n'avais pas reçu l'invitation.,1
C'est ton ex papa?,1
Mon chéri aime bien lol dont je narrête pas lol,2
J'ai pas dit que c'est bien mais si tu donnes l'occasion. Elles vont te faire sa propre,2
Ouiii ze baby,1
Beaucoup de courage le père sa va aller,1
50 000 fcfa  disponibles IB pour léchange,1
Stivo l'amour toujours la pour vous partager l'amour et la bonne humeur,2
Personne ne quitte dla pour Moscou ?,1
Fleur,1
Oui boss,1
Quelle bosse? J'ai koi?,1
Ne membrouille pas hein,1
je reçois,1
Les bosses sur la tête...,1
Stivo l'amour toujours la pour vous partager l'amour et la bonne humeur,2
Stivo l'amour toujours la pour vous partager l'amour et la bonne humeur,2
Bon dimanche,2
Aaaaaaaah,1
Non non non tonton arrête ! Arrête vite stp,1
La mascotte zombo  девушка красивая,1
Au moin il évite les chantiers en devenant artiste,1
Youtube n'a pas sanctionné ça,1
Na weti this,1
Quand tu n'as plus rien à perdre dans ta vie,1
On a un nyangono en Russie maintenant ?,1
Cest la mascotte,1
De qui ?,1
Les russe ont mm vue ca,1
Je te dis la honte...,1
Et de sur koi il a les danseurs,1
tant que tu payes y'aura toujours des gens prêt à faire des conneries,1
Бляд,1
That is my man,1
Cest un camerounais,1
Ça va péter,1
Il est au front,1
"j'espère qu'elles le yamoo vraiment, Parce qu'ici, aucune n'a vraiment aimé!",1
chacun a sa chance.,1
", il n'a pas attendu la chance mais il a saisi l'occasion !",1
En vrai,1
Stivo l'amour toujours la pour vous partager l'amour et la bonne humeur,2
Stivo l'amour toujours la pour vous partager l'amour et la bonne humeur,2
Bsr,1
Stivo l'amour toujours la pour vous partager l'amour et la bonne humeur,2
Stivo l'amour toujours la pour vous partager l'amour et la bonne humeur,2
5000,1
3.5k,1
Le marché de concurrence pure et parfaite si,1
Conseil de la semaine,1
"Frère il faut éviter de mettre ce genre de pression aux étudiants. Au contraire, les parents doivent même encourager leurs enfants à se mettre à fond dans les études, et après ils auront la possibilité de bien se positionner dans la société.",2
Je suis du même avis.,1
Tokoss,1
Beaucoup d'étudiants n'arrive pas a ce concentré dans leur études a cause de cette pression initule,1
Il faut dit au parents d'être prêts a payer les scolarité pour au moins 4ans avant d'envoyer les enfants en Russie particulièrement,1
Bien dit,2
"Ce n'est pas la pression, ceux qui sont sous pression, ce sont les parents qui sont au pays. Parfois, il faut des petits gestes d'amour et d'encouragement. Prendre la décision de faire plaisir à ses parents avec 2500 roubles par mois n'est pas une pression. Et si tu ne peux pas offrir un bonbon quand tu as 100 f, ce n'est pas quand tu auras 10 000 que tu feras des miracles. Et puis, il faut voir ceux que tu appelles étudiants dans les boîtes à Moscou, ou bien le sacrifice extrême qu'ils font pour mettre leurs copines ou copains à l'aise... Il ne s'agit pas de rationner ou de financer la famille, il s'agit d'un geste d'amour, de reconnaissance pour faire plaisir à ses parents. De manière triviale, donner une bière à son parent pour son sacrifice.",2
Je me sens visé,1
Évidemment que le Parent n'attend rien de l'enfant. Peutêtre juste la réussite.  il faut parfois apprendre déjà à être soimême sous pression.,1
100 agreed!,1
N.B On attend toujours quelques choses de quelqu'un Encore plus les parents. This message was edited,1
Bizarrement je suis d'accord avec vous deux,1
Je suis d'accord . Mais je dirais plus que ce doit être un geste spontané venant de toi tu ne dois pas ressentir cela comme étant une obligation.,1
tu penses que tu ne dois pas te sentir obligé parce que c'est à ton tour de rembourser!,1
Nous sommes obligés bro,1
Non je parle du cœur. Même la façon de donner compte.,1
Si ça devient une obligation tu te mettra des limites.,1
"Ca doit être  la même chose en amour  avec ta femme ... Le copinage la c'est autre chose, tu dois donner par amour et non par obligation.  Et la tu vois, tu lui feras plaisir parce que tu l'aimes pas parce qu'on te demande et que tu te sens obligé.",1
"C'est la façon de dire qui diffère. Tu donnes Parce que tu es reconnaissant! C'est nettement ce que je dis.. tu dois te demander que si tu ne le fais pas, qui doit le faire à ta place! Devoir moral",1
Tout le monde a raison,1
Tout le monde a raison,1
Tout le monde a raison,1
Tout le monde a raison,1
Bonne journée,2
bonjour la fleur,2
"Question philosophique. Les femmes aujourd'hui préfèrent le donner uniquement avec amour ou pas, elles prennent et en font bon usage  Si tu doutes, il faut essayer un peu.",2
Je ne doute pas. Même un peu bro.,1
"Voilà, donc laisse ta poésie là, ça fonctionne dans les livres uniquement",1
Bjr oh,1
Bonjour tété,2
Comment tu vas ?,1
C'est une tété hein,1
C'est l'ex de mon bro,1
"Oui elle a un peu, dans sa tête et dans ses poches",1
Ekié  et ça à quoi à avoir avec moi ? Ou toi ?,1
cool,1
Place toi bien,2
donne moi alors la place,1
Regarde alors lembrouilleur là,1
Fini comme les funérailles et toi?,1
Ekié... Qui ou quoi t'a fini comme ça ?,1
ekieu,1
Lécole ci,1
Ah ça va aller. L'affaire la veut la peau de tout le monde,1
Tu as dit que tu veux trois doctorantouras nor?  Tu n'es qu'au premier,1
je veux 3 maris que je vais habiller comme les triplés. Pas 3 diplômes This message was edited,1
C'est la fille de Professeur Bahebek ?,1
Anti  ça commence tôt hein,1
"Hum les jeux Cassables, que le tout puissant éloigne de mon esprit les pensées suicidaires",1
minalmi,1
Tu peux supporter 3 maris ?,1
Mm 4,1
En même temps.,1
Oui,1
Oui mama. La sœur de la chakala et kongana réuni,1
Toute la bouche là pourtant tu vis dans une tokophobie constante,1
Ou est le corps la ?  Tu n'as pas pitié de toi ? 79013886871,1
Une quoi bro,1
Cest le corps qui fait les maris?,1
Jai dis 4 je gère,1
c'est le corps que les maris doivent malaxer,1
Toko ekambi,1
Ils vont relaxer. Chacun son tour. Ou alors les 4 à la fois ça ne dérange pas,1
Tu penses que ce se sont les œufs que tu vas frires hein. Laisse.,1
Wokooo Mia Khalifa. Ouiiiiiii mama,1
Les trous de ca sont où ?,1
Les trous de quoi,1
"Comme tu comptes les gérer avec moi la, Ça va...",1
Ikiii,1
Merci.,2
"We thank the Head of State, H.E President Paul Biya.",1
"Mon Dieu , je ne te connais pas mais je suis touchée.",1
Elle venait d'accoucher,1
Ici en Russie,1
Quelle triste nouvelle!,0
Stivo l'amour toujours la pour vous partager l'amour et la bonne humeur,2
Stivo l'amour toujours la pour vous partager l'amour et la bonne humeur,2
Que Dieu acceuil son âme et qu'il repose en paix.,1
Old news,1
Merci gar,2
Bonsoir bonjour à tous. Prière de voter pour ce camerounais qui  qui a besoin de vos voix pour gagner un prix à l'université d'AMUR. Le vote s'arrête le 20. Il suffit de liker sa photo. Ça ne prend pas 5 secondes.,2
"Рello! My name is Gadzhi, I represent the Start in Moscow project. We have received your resume and are very glad that you are interested in our project!",1
23 Kilos disponibles quitte Moscou demain IB for details,1
Bonsoir a tous,2
Bonsoir,2
Oui koi bro,1
J'aime mon président,1
Départ Douala  moscou,1
Mince c'est déjà a ce niveau seigneur !!! C'est grave,1
Oui ouiii,1
Cola et bitter cola du pays disponible. Intéressé ib,1
Les femmes de cette maison... décembre est dehors pardon seulement,1
Pardon qui sales batons a rudn,1
Bravo mon frérot mais ont mange seulement européen bro? Je pensais à   camer,2
Revois un peu le menu et fait la différence mais déjà félicitations pour le courage,2
C'est un restaurant universel mais le chef cuisinier c'est un Camerounais,1
Humm,1
"If youre fluent in English, French, or Spanish, weve prepared a list of great job offers for you",1
79996751961,1
Présentement elle est à la polyclinique de RUDN,1
Merci  beaucoup j irai le récupéré demain,2
Ah okay merci encore!,2
Elle demande si tu  peux venir maintenant,1
Elle travaille jusquà 20h,1
Depuis que j'ai perdu mon passeport. On ne m'a jamais appelé!,0
Vos marabouts sont puissants,1
Donc cest son marrabout qui ma touché hein?,1
Oui oui j'y vais de suite,1
Les liens sont sur le groupe telegram ASSESS,1
Je viens de le récupéré merci,2
Le lien pour le groupe ASSESS là ...,1
Quelquun vend til les kilos ?,1
Yaoundé Douala Moscow le 23.12.24 et le 30.12.24,1
Quelquun atil déjà gérer avec le facilitateur?,1
"Présentes toi stp, nom , école et photo",1
Déjà gère et il est reglo,1
Merci les gars,2
Oui il livre toujours les colis,1
"Good evening yes severally....he's  a very trustworthy person, patient and understanding...he makes sure your parcel arrives on time and in good condition.",1
"Bsr mon Billoa, biensure que nombteux d'entre nous l avons deja fait, genre traiter avec le facilitateur, c est un gar de confiance, sa reputation le precede, j ai EU a faire BCP de transaction avec lui, et j ai toujour ete satisfaite mon gar, ne doute pas lance toi. C est un gar cool.",2
Juste qu'à preuve de contraire c'est la référence en terme de colis à mon humble avis!,1
Découvrez les saveurs magiques de Noël avec AZAR Délices !,1
Спасибо за отзывы,1
Just the truth,1
Pourquoi ne suisje pas à Moscou pour manger ma part sur çà ?,1
Programme tu viens seulement mangé.,1
Wouaiii sorry,1
Bonsoir bonjour à tous. Prière de voter pour ce camerounais qui  qui a besoin de vos voix pour gagner un prix à l'université d'AMUR. Le vote s'arrête le 20. Il suffit de liker sa photo. Ça ne prend pas 5 secondes.,2
Bonjour à tous svp besoin de kelke kilo Dla Moscou,2
"Bjr, j'ai 23 kilo MoscouDla",1
79888341550,1
Je suis honoré.,1
Départ le 22.12 Moscoudouala,1
Départ Douala Moscou,1
Combien le kg??,2
1000rkilo,1
Ok ok,1
10kg c'est possible,1
Le 30.12 oui,1
Service impeccable continu ainsi,1
Comme les commentaires sur les faux produits de wild berries,1
Big on a reçu aucune invitation pour Noël.,1
Invité moi aussi nor,1
"non on ne peut pas te déplacer ce jours, entre nous on sait ke c'est impossible",1
Si tu connais déjà sa va,1
"Par contre, tu peux déplacer les sans galons CME moi",1
Père easy. On se calme d'abord,1
On part alors à l'église? Avec 79013886871 aussi,1
Elle même Elle va te répondre.,1
Vous avez déjà pourtant utilisé nos services si je me souviens bien.,2
Restons posés!,1
Le village attend,1
Svp qui connaît une université de médecine à Moscou où l'on peut étudier en Anglais ?,1
Il ne doit pas mettre le cœur,1
РУДН...,1
Ah bon ?,2
Il n'ya pas le russe ?,1
si,1
but you can choose from what I was told,1
"even me in management, I was asked if I wanted to study in English or Russian, both for free",1
What about schechenov,1
OK c'est cool je pensais qu'ils avaient juste quelques matières en anglais,1
I don't speak about what I don't know,1
What did you choose?,1
Simple question grand!,1
Russian of course,1
бро я просто не знаю,1
Its better right ? This message was edited,1
Waaaar papa Waaaar papa  Tu enchaîne seulement en russe ?,1
It's a punishment for ears to listen to them speak English...,1
"Mon clavier est en anglais et russe, je suis fatigue de mal ecrire lol",1
"Вот, сейчас лучше как ответ брат",1
Waah papa,1
sorry bro... все хорошо,1
Voilà  c'est comme ça entre homme.,1
Also English n Russian,1
"Вот, thanks",1
Il faut aussi conseiller en fonction de largent,1
If ur planning to pay I think its even cheaper than rudn now,1
L'argent a déjà dit dans la poche de qui que me voici?,1
Les deux sont bien chers,2
Ohh not me anyways but they!  Do I look like someone who can exerce in medicine?  This message was edited,1
Jai pas dis que un était moins chère,1
Jai juste comparé les deux universités,1
You only do chemistry?,1
Okay mm comme sechenov est plus chers mais cest la même sauce,1
Nuclear weapons,1
I thought about cocaine but nuclear weapons is okay too,1
Both are related!,1
Sent toi invité,1
Мгмсу,1
600k,1
Oui,1
Merde en Fcfa c'est déjà même 5 millions,1
Les universités quon ta donné la cest le million de rouble et plus,1
Merde même pas 2 millions,1
Sechenov c'est 1.1million de Roubles en anglais,1
Dans la ville dOrel possible,1
Toujours à Moscou ?,1
Да,1
"Médecine moins chère c'est Cheboksary,Lipetsk,Nalchik, Pyatigorsk....",1
Boss ce n'est pas grave si tu write en russe hein,1
Hmmm,1
"Bonsoir a tous, besoin d'une chambre pas loin du métro urgent svp. Bien vouloir m'écrire en ib si vous en avez",2
tu rejette l'invitation?,1
je me sens seulement invité comment boss?,1
Nooo,1
"Voilà, on t'attend",1
Ndakorr,1
Bonjour à tous.,2
Menu de demain,1
Ням Ням,1
"Mince, on va construire?",1
Si ton argent ne suffit pas pour construire fait comme moi,1
tu as fait comment,1
Mon frère tu veux avoir tout mes secrets ?,1
", faut manger pour avoir la force de chercher les fonds pour construire",1
Mangez d abord venez venez,1
Je confirme ma présence pour le menu de demain on a quoi s'il vous plaît ?,1
Oui ça peut  m'orienter,1
"Merci bcp le facilitateur, ne doutez plus , essayez pour voir, les délices de chez nous , Eru couscous, Beignets haricots, et comme dessert la Macédoine, comment la dit le facilitateur, venez , mangeons et buvons du bon vin, a nous revoir demain donc",2
Quelquun vendrait til les batons???,1
Si ton argent suffit déjà tu construis dans le cas contraire mange d'abord,1
Terminé,1
"C'est quand Noël approche que tu cherches les bâtons,  grand? Pourquoi tu veux te salir les dents?",1
Il y a de la non concordance dans ta consommation et la période choisie,1
Tu me off,1
Les filles là faut respecter la parole de Dieu,1
Elles ne sont pas prêts Elles sont habitué à recevoir seulement.,1
Après elles vont dire que le gars la est chiches hein  comme si c'était obligé qu'il donne son argent,1
S'il vous plait besoin de confirmation pour cette information,1
Elle est déjà РИА НОВОСТИ?,1
Ce sont les pays  anglophone je pense,1
Parce que ci on tente de permettre ça pour le Cameroun hein,1
DÉPART IMMINENT.,1
"Bonjour à tous, jespère que vous allez bien. Pardon javais une préoccupation. Comment estce que ensuite mes condoléances un Russe?",2
мои соболезнования,1
C'est comme chez nous,1
Примите мои соболезнования,1
Pas de condoléances sans pleurs,1
Weeeeee,1
Daccord merci,2
Tu offres un bouquet de fleur à chiffre paire . Tu peux offrir la rose.,1
toi t'es grave...,1
Akiée,1
Les russes meurent ??,1
Ce sont pas les personnes ordinaires,1
Témoignage  ELLE FUIT LE CAMEROUN APRÈS SÊTRE FAITE VOLER PRÈS DE 60 MILLIONS POUR DES VOYAGES À LÉTRANGER PAR DEUX INDIVIDUS,1
"Okey okay deja prets oo, pour ceux qui n ont pas encore l argent pour construire ooo, manger d  abord et chercons l argent de construction apres, passez vos commandes , sa cours deja",1
Ça se voit que cest bien fait mais la caméra du téléphone là ne ressort pas le goût du eru,2
Fleur,1
"On va supprimer le weekend dans ton calendrier, tu as trop souvent le temps",1
Non ils sont immortel. Ils aiment juste beaucoup jouer à se faire enterrer ou incinérer,0
Werrr prenez moi comme une petite sœur,1
Daccord tata 79996751961 va acheter pour moi et ramener à la maison,1
5f j'ai?,1
Ceux qui ont le RVPO et croient que ça sera facile davoir le VNJ là PARDON FAUT PRIER,1
Mm rvpo on na pas,1
Bonsoir à tous qui vend les bâton svp?,2
Conseil,1
"2 si vous pouvez, cherchez un travail officiel",1
"Honnêtement, cest même mieux.",1
La Mafia,1
Pour le travail on ne demande pas un  VNJ ?,1
Hein???,1
Parce que le niveau de dépenses que tu vas faire pour avoir les documents là nohr,1
Après avoir bien marché,2
Je suis à plus de 80 kolo alors que je vie à lobshi,1
"À l'heure où je parle j'ai 3 extraits de casiers judiciaires périmés sur moi, on m'a tourné comme la chaise du coiffeur!!!",1
C'est seulement pour quel documents norh vieux frère,1
"On sera étudiant éternellement! On a plus de vie après le Master, on va rentrer en licence",1
"Je voudrais savoir svp comment trouver le haricot du koki !?  ceux qui cook souvent le koki, ou utilisez quoi svp?",1
80k fcfa?,1
Chaque employeur a sa politique personnelle mais par mon expérience personnelle  on ma demandé la preuve que je fréquente et que mon emploi du temps des cours me permet de travailler à temps plein.,1
On sen fous de ton rvpo pour le work,1
Je ris,1
Moi mm jai fais les casiers mais je nai mm pas bougé avec,1
Roubles bien sûr,2
On vend ça au magasin,1
C'est trop la magie!  Trop de prétexte làbas...,1
Ya le magasin indien à Rudn ya ça laba,1
On appel ça comment? Tu peux me trouver une photo stp? Dans quels magasins c'est disponible?,1
Ah ok.,1
OK bro,1
"L'année prochaine, je vais fréquenter en Sibérie. Dès que je prends les papiers làbas. Je fuis et je reviens ici",1
Conseil trois,1
D'accord bro,1
On commande depuis le pays,1
avec trop de précision,1
"D'accord, merci beaucoup",2
4,1
Sinon j'ai le koki déjà lavé eh,1
C'est wildberries stp,1
Merci bro,2
"Voilà ça que je donne les conseils, quand quelquun va tomber sans papier, ne dites pas que vous nétiez pas au courant",1
Bonsoir tu as fait ta procédure jusqu'à obtenir tes papiers? Si oui ça t'a pris combien de temps ?,2
Je suis passer par une agence comme jai dit plus haut. Jai essayé de faire moimême et on ma tellement renvoyé que jai donné les mains,1
Questce qui ma pris combien de temps ?,2
"Là je parle du VNJ, javais fais le rvpo moimême mais le VNJ est trop compliqué",1
"Ikiiiii pa personne personnelle, donne un peu je goûte",1
Pour le rvpo ça t'as pris à peu près combien ?,2
Pourquoi ma tête réfléchit beaucoup comme ca,1
"Je me souviens plus et les prix ont déjà changé. Entre les trucs à but au pays minerex etc , lambassade ici, les examens médicaux et autres",1
Que quelquun qui la fait récemment toriente,1
OK gar,1
Cinquième et dernier conseil !!!,1
5 Vos camarades et connaissances Russes à 98.9 ne sont pas vos amis,1
Rigolez et passez du bon temps ensemble mais vous êtes en majorité que des le mot en N pour eux!,2
ekieu. Est ce que c'est déjà préparé pour goûter ?,1
vois alors,1
C'est bien si tu sais déjà ça,2
il est pressé de détacher le koki,1
On parle toujours de la même chose?,1
Je pense,1
À tioplistan Les cheveux noir là vendent cà,1
D'accord,1
Je veux aussi le koki lavé et préparé et attaché la,1
Papa donne seulement le contact stp,1
Oui,1
Comme Gaïus et Nikita,1
Y avait il préparé et attaché dans ma phrase?,1
On mange ça cru ?,1
Je ne sais pas préparer,1
Jai laissé 1.1 il y a des exceptions,1
ok,1
"Oui mais Nikita est ds les 98,9",1
"C'est finalement le métro qui va connecter Moscou à Berlin! J'espère qu'en 2035, on ne sera pas trop fatigué pour profiter.",1
Salut la famille,1
Très très bon,2
"Ça non un homme qui tient sa parole frère,il est très très fiable",1
Donne ma part moimême je vais me débrouiller à cook  je veux même apprendre à cook ça,1
Ta pp mintéresse on fait cmt? Tu es mon goût net,1
Moi je ne suis pas un homme facile hein,1
Bonsoir à tous.,2
Cest koi comme sa ?,1
C'est située ou ?,1
Une confession religieuse,1
Jai crue que cétait une ville .,1
Tu sais que la Russie est trop grand !,1
"Bsr, L' Eglise adventiste, je ne pense pas que ça existe en Russie, mais vous pouvez faire le culte a la Paroisse   Évangélique de Moscou, j'oublie le Métro, quelqu'un pourra vous aider certainement",1
Ça existe,1
Ça existe,1
"Ah d'accord, désole, je ne savais pas  aidez la soeur avec l'adresse",1
"Malaya Gruzinskaya Ulitsa, 2713, Moscow, 123557",1
"Нагатинская ул., 9, корп. 3",1
Le CLCMКомитет Читателей комментариев Москвы est inquiet,1
Voilà un homme qui assiste constamment aux réunions du syndicat. Nous sommes le 21 décembre en plus !,1
Qui a créé ce comité bro,1
"bref, l'historique est connue par les membres.",1
"Je croyais que j'étais le seul chômeur ici, j'ai finalement un concurrent",1
Oui,1
"depuis des années tu as toujours eu ce petit manque de respect ou c'est la petite barbe qui pousse la, ou c'est la salle de sport, toi seul tu sais... Mais Je vais te couder hein",1
"ekieeeee donc sur les 300 membres de ce groupe, toi seul t'es senti visé?",1
Blyyaaard,1
ok fait ton malin,1
Départ imminent confirmé,1
50 000 fcfa disponible,1
Jesus,1
Gaspillage de péchés !!,1
C'est vrai l'affaire ci? This message was edited,1
Gar je suis choqué,1
C'est gaspiller le péché ça!,1
Ce sont des petits sorciers,1
Celui là c'est même déjà un père de famille dans leur monde,1
"Le gar n'a pas peur, entouré de ces aînés",1
Triste,0
Mince c'est devenu si compliqué que ça ?,1
Alors que la vague de l'année passée était mieux,1
Ils ont durci gars,1
Mince,1
je l'avais déjà appris à mes dépends,1
"Racontes gars, je croyais que 79013886871 blaguait",1
"non lui il m'a aidé sur plusieurs choses quand même, ils m'a aider à débloquer certains de mes comptes bancaires quand j'ai eu les blocages",1
C'est vrai que son réseau ne passe plus depuis,1
Courage man,1
Merci je vois les voiratre,2
"Assiah seulement, du courage",1
"Ceux qui ont le passeport Camerounais, un visa et  espère qu'ils auront le RVPO puis le VNJ, rassurez vous que votre visa n'a pas encore expiré.",1
4 contacts.vcf file attached,1
Pour tout conseil sur rvpo et VNJ nhésitez pas à la contacter.,1
Elle assiste vraiment,1
"Si jamais il y a un problème, mon ib est toujours ouvert pour tous",1
Ah oui ? Appelle moi quand tu peux j'ai une amie qui a fait une fois on a prit ses documents grâce à un avocat si tu veux je vais vous mettre en contact,1
Personne n'est inspiré pour le grand débat de samedi ?,1
Personne n'a un thème à nous présenter ?,1
C'est quoi le concept ?,1
79651705331  Jerry a aussi presenté un thème sur les bourses,1
Tu es nouveau dans ASECAM ?,1
Bref si tu as un thème que tu penses que cela peut nous apporter un plus que ce soit sur le plan scolaire ou sociale tu nous fais une présentation pendant 10  15 minutes,1
Ah d'accord.,1
Après tu réponds à nos questions s'il t'en a,1
Webinaire...,1
Sur Zoom,1
"La vie est un rêve pour les Sages, un jeu pour les fous, une comédie pour Les riches et Une tragédie pour les pauvres,",1
Bonsoir à tous et à toutes. Svp qui peut avoir les informations de cet homme où il se trouve en ce moment ? C'est urgent. Merci.,2
"Военный учеб, pour les étrangers?  Bonsoir",2
Tu veux dire Quoi?,1
"Il y a vraiment quel travail officiel post diplôme qui intègre les étrangers en Russie? Peutêtre que c'est nous qui cherchons mal! Il faut nous renseigner, stp  chef!",1
Oui bro à Briansk,1
Yen a plusieurs,1
"Yandex, Ozon, Lavka, Camakat et autres...",1
Là je parle des job officiel qui ne nécessite pas de formation,1
Sans parler de job dans ton domaine d'étude,1
This message was deleted,1
Salut besoin de 16000ru pour 89000xaf taux Google,1
Salut,1
Massage,1
cest sérieux man,1
C'est possible,1
Pour ceux si on connaît et tout le monde n'a pas la force physique que sa demande surtout en temps d'hiver,1
Je vois mieux maintenant,1
Infos svp,1
Voilà leurs лучшие перспективы будущее  qu'ils nous réservent un peu comme lea grandes réalisations du renouveau au pays,1
Je connais un kmer qui est programmeur làbas  This message was edited,1
Yandex,1
Il faut dire que le domaine de formation compte si tu veux un poste un peu considerable!,1
Vrai,1
Service client anglais est mal payer a Yandex.,1
C'est mieux ?,1
Quels sont ces jobs?,1
Le call center,1
Gars vas donc compétir je ne sais pas quoi te répondre,1
Tout ce que je dis cest toujours de mon expérience personnelle .,1
"Mais dans mon domaine de lénergie et lingénieurie en général, cest dire de trouver un emploi puis se que ce sont des domaines  stratégiques   on ne te prends pas làbas si tu nas pas la nationalité russe",1
Donc pour trouver un job il faut cibler  des entreprises qui recherchent des étudiants étrangers et seront prêt à te former encore et taider à tintégrer.,1
"Bref,  Le cadavre du gibier ne craint plus les coups de machette!! Nous sommes quand!!?",1
Toujours avec les proverbes des vieux notables,1
Oui j'en ai,1
"Pour devenir prêtre catholique , si la personne est au Cameroun, pas besoin de venir en Russie  sauf si c est le shema.  bien vouloir se rapprocher d' une communauté religieuse ou d' un prêtre pour se faire accompagner dans son discernement",2
Il faudra dejà penser à payer les impots.,1
J'ai déjà fait,1
They Dey pay fee for go worship God ? Wonders shall never end,1
Format ohh!!!,1
StartinMoscow,1
Well there are costs involved in securing venue and flight and logistics of the guests artists and its an honour to be part of such historic events.,1
Bsr Bsr Juste pour savoir si RUDN ou autre université accepte les diplômes IDE  soin infirmière du Cameroun pour entrer en  Master en santé publique ou dans d'autres filières,1
Yes! Of course,1
"Рello! My name is Gadzhi, I represent the Start in Moscow project. We have received your resume and are very glad that you are interested in our project!",1
Are you not paying your bible?,1
Oh  je ne suis pas dedans ?? Svp tell that you got  the bass guitarist for such things  je ne suis pas chers les temps si.,1
"Biensur cest un artiste, il vit de sa . Au pays on invite les artistes gospel congolais  dena mouana  pour 20 millions de francs.",2
Wanda même,1
Alright,1
Le diplôme ide nest pas un diplôme universitaire. Cest une formation. La personne doit obtenir une licence en soins infirmiers avant de venir.,1
Avec Richard Bona...,2
"We will see how to contact you for upcoming events but for this particular one, we already have musicians from the church who are volunteering",1
.,1
"Donc si ils veulent que ça sonne propre je suis là , je fais également de la direction artistique,",1
D'accord mon frère.,1
Merci,2
Bonjour svp besoin dune personne qui voyage douala Moscou. Si possible avant vendredi. This message was edited,2
Le talent est au rendezvous,1
"bonjour à tous, 18000 roubles disponibles besoin du fcfa 115000  intéressé ib This message was edited",2
Besoin d'une place pour fille au métro ou alentours de nekrassovka,1
Ib,1
Merci big,2
Merry Christmas,1
Rbles are available for 700.000 f cfa today.,1
Bonjour je t'ai ib,2
Thank you,1
Un certain Mendy pouani a confondu son sac à l'aéroport et est allé avec le sac de Tsamo brenda. S'il est dans le groupe de se signaler,1
Cest déjà bien comme ils sont tous camers,2
Cest faux,1
Bonjour,2
Yep bonjour bro,2
Sil vous plaît qui connaît combien coûte le timbre à lambassade?,2
Genre si on demande de timbrer une demander.,1
La philosophe médicale  défend ton point de vue.!,1
79774380461,1
Oh le fort,1
"Стефан С.М, je  veux ton point de vue. Selon moi c'est TOTALEMENT FAUX.",1
C'est vrai. Je suis un exemple !,1
C'est une bonne chose je ne suis pas contre ce genre d'investissement,2
L'argent de fotso Victor a  semé la zizanie et la haine dans sa famille après son départ! Ainsi que pour kadji.,1
Qu'estce qui est faux exactement?,1
Donc selon tout ce qui est écrit ici tu as d'accord avec ?,1
"Joyeux Noël bro, welcome back! ça fait longtemps.",1
"Joyeux Noël bro, laisse moi seulement, maintenant là avec la fin d'année et les occupations c'est la magie",1
"Force à toi,",1
100000 FCFA disponible au pays pour 15000r,1
Même au taux Google cest impossible mieux tu dis 16k This message was edited,1
Pardon? J'ai le FCFA,1
Personne ne va aller fêter au pays? J'ai un petit paquet de 2kg à envoyer,1
"Les chrétiens toujours le SCAM, le schéma pour ne pas dépenser!",1
Ce n'est pas un peu fort? Comment ça le Scam norn?,1
Ekié,1
C'est le SCAM,1
Voila,1
Tu est a Moscou ?,1
"Le paquet est à Moscou, je me suis déplacé pour le travail",1
79187024315,1
La personne par a shemeretievo a 23hr,1
Aujourd'hui?  massaa il n'y a personne d'autre? Parce que j'ai laissé le paquet à une amie qui est actu à une cérémonie,1
Le 30 il ya deux vpyages,1
Dis moi alors tout bro,1
Rome a existé avant Jésus,1
"En plus c'est ici que ma préoccupation se trouve, tu parles du Scam des chrétiens qui ne veulent pas dépenser je ne comprends toujours pas le rapport avec l'image que tu as envoyé This message was edited",1
Aller à l'église c'est le SCAM au lieu d'aller boire du champagne,1
On va fêter l'ascension làbas,1
Bref c'est la différence qui nous fait vivre.,1
J'ai juste donné ma position,1
Tu aimes trop la position là,1
"Qui a dit que aller àl'eglise empêche d'aller boire le champagne après? Quand j'étais au pays lorsqu'on allait à la messe le 24 décembre c'était on continuait en boîte juste après, la messe d'après ce que je sais n'a jamais empêché quelqu'un de bien manger ou de boire du bon vin sauf pour des personnes qui sont avares avec elle même et c'est pareille pour des non chrétiens",2
Vous avez adapté l'évangile à la vie courante  c'est religieux pas chrétien!,1
"Je comprends ce que vous voulez dire  il est vrai que beaucoup de gens dépensent parfois audelà de leurs moyens pendant les fêtes, ce qui peut causer du stress après coup.",1
Bonnes fêtes à toi également,2
Comme pour aller commencer par l'entrée quoi?,1
Dépenser quoi par exemple?,1
Et ils scam qui?quand quelqu'un a son propre argent qui ne dépense pas?,1
Merci,2
Donc on faîtes la naissance du soleil quoi?,1
On dit officiellement fixé donc c'est par convention nohh clémentine,1
En plus avec l'hiver si estce que c'est vraiment possible que Jésus soit née cette période ?,1
Bonsoir. Sil vous plaît Il ya til les étudiantes de Мгри ici qui vont danser demain à la cérémonie dans ce groupe ? This message was edited,2
237698329022,1
"Vers très vrai même moi même je voulais ouvrir le snack pour les fêtes mais j'attendais un argent là, c'est pas venu",1
Je suis très d'accord avec toi au niveau du rassemblement bro,1
"C'est une excellente question, presi t'as raison de demander si Jésus a vraiment pu naître en hiver, vu les éléments mentionnés dans la Bible, comme les bergers dans les champs et les conditions climatiques,",1
C'est a dire qu'on a construit une fêtes sur le mensonge ?,1
"Je suis totalement daccord avec toi, et ce que tu dis est vraiment touchant. Lamour, lamitié et la reconnaissance ne devraient pas se limiter à des périodes comme les fêtes. On doit les exprimer chaque jour, car la vie est imprévisible.",1
Pourquoi ne pas donc appeler cette fêtes la commémoration de la venu de Jésus sur terre  ?,1
"Il est vrai que la Bible ne donne pas de date précise pour la naissance de Jésus, et selon les historiens, il est peu probable quil soit né le 25 décembre. Cette date a été choisie par lÉglise au 4ᵉ siècle, principalement pour remplacer des fêtes païennes populaires comme le Solstice dhiver et pour attirer les nouveaux convertis au christianisme.",1
tu écris beaucoup comme ça Pkw?,1
"En réalité, Noël na pas été créé pour mentir sur la date de naissance de Jésus. La Bible ne donne pas de date précise, et les historiens pensent quil est peu probable que Jésus soit né le 25 décembre. Cette date a été fixée par lÉglise au 4ᵉ siècle comme une manière de commémorer la venue de Jésus sur Terre, en remplaçant les fêtes païennes de cette période.",1
je veux être sûr de bien expliquer chaque point et de répondre à toutes les facettes de la question.,2
C'est ton interprétation !  C'est du pur satanisme sans vouloir offenser les religieux!!! Pourquoi avoir choisi le terme Noël également?,1
Tu as décidé qu'on ne doit pas aller à l'église aujourdhui puis aller manger la vie après? War papa,1
"Le mot Noël vient du latin natalis, qui signifie naissance. Il a été choisi par les chrétiens pour désigner la célébration de la naissance de JésusChrist. Bien quil y ait eu des influences culturelles et des récupérations modernes, Noël, dans son essence chrétienne, est un moment de foi, de paix et damour. Il na rien à voir avec le satanisme. Ce qui compte, cest le message que chacun choisit de vivre à travers cette fête.",2
"Je les appelle religieux car si on va dans le sens purement biblique, sur 300 membres de ce groupe on retrouvera difficilement un demi chrétien! Pourquoi imposer au christianisme des éléments non bibliques?  Il y a des pratiques dans 98 de vos églises qui n'honorent en aucun cas les enseignements de Jésus Christ",1
"C'est de la récitation, on n'est pas sur le mot mais la fête que représente le mot dans son contexte historique!!! C'est quoi la place du père Noël?",1
"Moi également, je suis né en avril, c'est Noël comme Noël veut dire naissance...   Tsuippps",1
"Voilà pourquoi je vous qualifie de religieux  tu finis de dire amen, tu VAS danser avec 17 garçons dans une même boîte de nuit, la même soirée! C'est toujours le christianisme??",1
"Tu soulèves un point important. Il est vrai que certaines pratiques dans les églises aujourdhui, comme les grosses croix ou les images, ne sont pas mentionnées dans la Bible. Beaucoup de ces éléments ont été ajoutés au fil du temps pour des raisons culturelles ou historiques, mais cela ne signifie pas quils sont toujours conformes aux enseignements de Jésus. Jésus a luimême critiqué les traditions humaines qui prenaient le dessus sur lessence de la foi Marc 78.",1
tu reviens à ce que je dis depuis jesus christ luimême a critiqué les traditions qui prenaient le dessus sur l'essence de la foi...,1
Au lieu de dire foi simplement tu aurais dû dire foi chrétienne parce que toutes les fois ne sont pas orientées vers christ,1
"certaines églises aujourdhui tolèrent des pratiques non bibliques ou adoptent des compromis avec la société moderne. Ces déviations ne viennent pas de Dieu, mais de limperfection humaine. Par exemple, la pédophilie est un crime abominable que Jésus condamnerait fermement Matthieu 186. Quant à lhomosexualité, bien que la Bible la considère comme un péché Romains 12627, cela ne donne pas le droit de haïr les individus  lobjectif est toujours de les amener à la repentance. Concernant la polygamie, Jésus a clairement enseigné que le mariage est une union unique entre un homme et une femme Matthieu 1946. Cela montre que certaines incohérences dans les églises actuelles reflètent davantage des influences humaines que les enseignements bibliques.",2
Ton observation est un appel personnel à tous les chrétiens de revenir...,1
Jesus est né le 25 décembre et on va fêter chaque 25 décembre,1
"Déjà que le Christ est réel d'après vous, pourquoi débattre sur la date de sa naissance. C'est évident qu'il y avait un calendrier même antique chez les orthodoxes c'est vers le 15 janvier et chez les Romains  c'est décembre.",1
79013886871,1
Please it's not a church here.,1
Cest leur pb. 25 décembre naissance de Jésus,1
"il est vrai quune autre date, comme le 1ᵉʳ mai, aurait pu être choisie. Cela montre que cette décision était davantage une stratégie pastorale quun élément fondamental de la foi chrétienne. Aujourdhui, cette origine historique peut parfois prêter à confusion. Ton observation est donc une invitation pour les chrétiens à revenir à lessence de leur foi  adorer Dieu, glorifier Christ et vivre selon les enseignements bibliques. Ce qui compte, ce nest pas la date ou la tradition, mais le sens spirituel que nous donnons à nos pratiques.",1
Irrecevable!,1
Ngeu irrecevable!,1
Irrecevable aussi,1
Tu connaîtras la vérité et la vérité t'....,1
Qui ta dc dit que cétait la vérité ? Cest ton point de vue,1
Aucun point de vous. Faites la volonté de Dieu et laissez la vie de la rue. C'est anti biblique,1
Fêter Noël le 25 décembre na rien à y voir avec la vie de la rue,1
On va seulement fêter et ça va rester comme ça,1
Cest la naissance du christ que ça vous arrange ou pas,1
Le président du conseil constitutionnel,1
Jai déjà envoyé le cadeau de mon gar. Je ne vais plus reprendre parceque 79996751961 a dit Que cest la rue.,1
Fêtons donc  ensemble  mais laissez Jésus tranquille,1
Noooo cest son anniversaire. Il doit être à lhonneur,1
"Je vais marrêter là, afin déconomiser mes energies pour les examens.",1
C'est mieux pour toi bro,1
Fête la Pentecôte et l'ascension,1
Et surtout la naissance du Christ,1
Ds Asecam on discute sur la date de Noël. Dans un autre grp Camer ça fait une semaine quon partage largent de fête aux membres du groupe,1
Joyeux Noël à tous et toutes que le toutes puissant faites de nous ce nous désirons être etc...,1
Merciiiii joyeux Noël ooh,2
"Te calcule plus, ma femme m'attend",1
À moi aussi?,1
Quelle femme? dc tu as la femme?,1
Jusqu'à 3,1
Hmm,1
À ceux qui fête,1
Je ne savais pas que tu as une femme,1
Tu suis sa bouche ?,1
Ekieeu elle est lelé?,1
Lol. D'accord ib,1
ChatGPT dans nous mainon,1
Ça tire à balles réelles,1
"Pas besoin de se cacher derrière les claviers, Pour moi, la progression est un processus continu, et je suis convaincu que les compétences intellectuelles se renforcent aussi par lexpérience et lapprentissage constant. Je répondrai à ton invitation pour te faire plaisir.",1
Es ce que Jesus cétait un benguiste,1
Cétait un africain,1
Un gar de ndokotti,1
This message was deleted,1
Daccord,1
Cest ce que nous même on était entrain de dire ici,1
Euil jai pas sû désolée,0
...?,1
J'en comprends pas. Inviter ou et pourquoi ?,1
.,1
Départ imminent confirmé,1
Merci et joyeux Noël également,2
Merci idem,2
"Jerry,",1
This message was deleted,1
Bientôt ce sera les seins endommagés pourquoi pas le sexe endommagé,2
Besoin de 100mil frcfa au pays pour 15500 rouble,1
Bonsoir chers frères et joyeux Noël.,2
Bonsoir svp javais vu dans le groupe la brochure dune fille qui fait dans le service traiteur. Est ce que l un de vous peut encore lavoir svp?,2
"Chercher toujours comprendre ce que vos grands parents sont venus trouver, quelqu'un va devenir fou ici un jour en voulant tout comprendre.",1
Bonsoir quel type de job?,2
Bonsoir maaa ce qu'il trouve sur la main,2
This message was deleted,1
Déjà lu,1
"Vas dormir djo, cette nuit c'est pour nous",1
"Bonjour, j'espère que chacun de nous a bien dormi.",2
"As of 1 January 2025, the new regulation of SIM card circulation",1
Gos uslugi just to get a SIM card ?,1
"À compter du 1er janvier 2025, la nouvelle réglementation de la circulation des cartes SIM",1
1000000 de fcfa disponible au pays vous avez du rouble contactez moi.,1
on mettait sur l'avant bras,1
Ici sa sefface vite,1
Donc toimême tu as fait ça???,1
Bonsoir besoin du roubles au taux Google contre 1millions de franc CFA,2
"C'est toi qui voulait le travail ici là nor??? 1million, on trouve ça où?",1
C'est une connaissance qui en a besoin.elle n'est pas dans le groupe,1
Ah d'accord !,1
Urgent  départ de Moscou pour Yaoundé le 09 janvier 2025 23 kilos492 kilos à vendre ib pour plus de détails,1
"Cest pas toi qui cherche le travail, maintenant tu veux convertir largent  This message was edited",1
Bonsoir,2
Deuxième plus grand mathématicien au monde.,1
avec tous ces génies. Que t'estil arrivé Cameroun ?,1
elle se moque de nous les chômeurs,1
"Je ne suis pas doyen, mais je peux clairement lui dire de conforter sa place là bas au pays, il a même un salaire stable. Peut être c'est un fonctionnaire de la fonction publique ce qui signifie qu'il a un matricule, et il a même l'intention de laisser cà pour venir ici. Pardon frère reste au bled tu seras mieux là",1
S'il a moins de 30 ans et ce salaire je le conseille fortement de rester,1
Avant la retraite il sera à 500 000 XAF,1
Tu peux aussi le conseiller de diversifier ses revenus au Cameroun,1
Moi même 35 ans ne peut pas me trouver dehors,1
Dès que le gouvernement là quitte le pouvoir moi même je cherche a rentrer,1
faut lui rappeler que le smig au pays cest 40 kollo et que 260 k cest pas loin de la catégorie A2 salariale de la fonction publique. en grossomodo il est un homme riche au Cameroun. This message was edited,1
Raison pour laquelle il devrait se concentrer sur son boulot au pays,1
Qu'ils reste au pays,1
"Quil reste au pays , sinon la dépressif va finir avec lui ici",1
On ne conseille pas un gar au désert,1
Le gar voit lAlgerie devant tu lui demande de rentrer,1
Apres 32 ans on garde le pays bro,1
Moscou douala Yaoundé 69 kg encore disponible départ le 9 janvier 2025,1
"Si ce gar veut venir, qu'il vienne, mais qu'il sache qu'il devra braver plusieurs difficultés et peut ne pas s'en sortir facilement. Toutefois, la Russie c'est 18 millions de km2, il pourrait demander une partie au gouvernement et faire ses champs de gombo et de patate.",1
1000000 de fcfa au pays besoin du rouble. This message was edited,1
Tu travailles au call center mamah?,1
Non ohhh est ce que ca paye encore? Je fais un traffic là.,1
Tu trafiques seulement les relations amoureuses?,1
"79013886871 joyeux Noël tété. Je suis entré dans le coma le 23 matin, je  viens tout juste de sortir.",1
Merciii ooh boss. Joyeux Noël à  toi et bonne année par anticipation,2
Massa toi la vraiment,1
Car il risque un infarctus dont il va se réveiller seulement le 9,1
Voilà,1
Mon rêve dépouser 3 maris est entrain de bien se tracer,2
"Good evening guys, anyone selling bobolo here?? please just IB me.thanks",1
N'es pas,1
Pareil pour nous ?,1
Les familles qui reçoivent trois dots sur une seule femme vont également l'utiliser?,1
tu dis qu'il y'a eu quoi?,1
Oui,1
Je sais pas,1
En Tout cas tu sais,1
"Moscoudouala Yaoundé  départ prévu pour le 09012025. 46 kilos encore disponible, je répète 46 kilos encore disponible",1
I rebuke in the mighty name of Jesus   feu sur toi,1
Just read this and think again,1
Ma vie dans ce pays est comme le king of fighters,1
LES 71 CHOSES QUE LE CAMEROUN A PERDUES DEPUIS 1982,0
Slt svp besoins de 3 kg Douala Moscow pour le 30 ou 31 décembre 2024,1
"Pour la fête de fin socapalm na jamais été 100 Camerounais, cet entreprise depuis sa création est détenu à plus de 70  par le groupe français bolorè logistique",1
S'il vous plaît comment on fait pour accumuler les miles ici en Russie ?,1
C'est quoi les miles,1
Très bien!!!!,2
Ca c'est une des cartes les plus populaires pour les states... This message was edited,1
"Soit tu nous donnes la source, soit tu supprimes ça mon frère !",1
Cest à toi daller mieux faire les recherches sur lhistoire de ton pays et lindustrialisa du Cameroun propulser par le président Ahidjo dans les année 1972 .,1
null,1
"Je suis à plus de 5 livre et au moins 10 documentaire à ce sujet , je dis encore vas lire et viens pas rediculiser ici .",1
Apportenous la preuve historique stp nous n'avons pas besoin du bavardage,1
"Tu as fait trop de recherches, c'est admirable cependant donne nous la source de cette information concrètement parlant.",1
"Je ne soutiens rien , je corrige une information erronée, faut pas te sentir frustrer .",1
Donne nous les sources on ira voir et lire comme toi car chacun peut dire j'ai lu j'ai visionné. Ce qui m'a marquer c'est la date que tu as donné alors que j'étais enfant quand on annoncé la privatisation de socapalm et l'écho a bien retenti car j'avais deux voisin qui y travaillaient et la cadeau était le congé technique sans fin This message was edited,2
une capture d'écran de 5 secondes envoie ta lecture éternelle balader,1
"Quand le président Ahidjo décide de propulser léconomie du Cameroun , la FranceAfrique est à son apogée au Cameroun ce qui lui permet de crée des entreprises sur les façade des géants français tel que socapalm et Alucam .",1
Maintenant bonne année et porte toi bien .,2
Vas donc dans votre église continuer ton évangile!  Sûrement tu es aussi un fidèle de tsinga .,1
B  A  BA,1
Bonsoir svp ya t il quelquun qui voyage  du Cameroun pour la Russie avant avant le 31?,2
Bonjour recherche d'un chauffeur qui est pret?,2
Tu as oublié le CNIC Chantier Naval et Industrielles du Cameroun qui était l'une des plus grandes plateforme de réparation navale d'Afrique. Tout type de bateau accostais  au Cameroun,1
2035 c'est demain,1
"Bonjour, cest pour quel tâche ?",2
Todays menu  If interested call and place your order,1
Un avion de ligne s'est écrasé en Corée du Sud aujourd'hui,1
Un autre avion a effectué un atterrissage d'urgence au canada,1
Crash d'un troisième avion aujourd'hui a Oslo,1
"Bonsoir besoin d'une place pour fille , propre et non loin du métro si quelqu'un en a il ou elle me ib merci .....",2
cachez les informations personnelles comme le numéro de carte didentité par exemple.  Avec le nom et la photo juste on peut reconnaître une personne,1
Quelle tragédie  !?!,1
C'est une situation vraiment dévastatrice... la peur  de voyager.,1
Dans le groupe que j'ai vu c'était comme et comme ça,1
Bonsoir,2
C'est du canada pour la Russie que tu veux dire ?,1
"Non, lopposé.",1
Je connais quelqu'un qui peux faire ca ...,1
Besoin 3 kilo,1
Tu ne ma pas demandé bro,1
Okey,1
C'est Wilfried d'hier qui est déjà devenu wilf of wallstreet?,1
"Joyeux anniversaire, Lobte louis Fofeyin !",1
"Joyeux anniversaire, Lobte louis Fofeyin !",1
Pourquoi copier le même message et renvoyer,1
Est ce que cest pareil?,1
Tu as mis un sticker,1
Ça fait la différence,1
Non,1
La vie et ses tournants!!,1
Départ imminent confirmé,1
Ta part a seulement les virages,1
Queen .vcf file attached,1
Ajoutez la svp,1
Demande quelle remplisse ça,1
Ok,1
Comment le fait pour un autre homme de coucher avec votre femme nest pas une menace pour votre vie ?,1
Tu fais de lui ce que tu veux.,1
Soit tu le laisse partir avec ta femme si tu as peur du VIH.,1
lol bonne idée hein,2
"voici quelqu'un qui publie les voyages et que nombreux ici connaissent, il est vrai que je n'ai jamais traité avec lui mais les personnes ici on témoigné de sa loyauté alors vous qui quand vous écrivez pour envoyer les colis soit de la Russie pour le Cameroun soit l'inverse et quelqu'un vient vous écrire en Inbox là faites attention, on constate malheureusement que dans ce groupe il ya pleins de numéro des personnes malsaines. Je n'ai pas été victime d quoi que ce soit c'est juste pour mettre les uns et les autres en garde. Tu veux des kilos quelqu'un te contacte il n'a ni photo ni vrai nom sur son profil whatsapp renseigne toi auprès de certains au préalable et même si celuici a une photo et un nom parceque certains font même dans l'usurpation d'identité pour vous arnaquer. Vous allez donner un ordinateur et des téléphones à quelqu'un que après vous n'aurez plus aucune nouvelle. Il ya également 79187024315 qui a souvent des voyages pour vos kilos le reste là renseignez vous avant parceque les pleurs d'après là ont va commenter avec vous mais ca ne va rien changer vous aurez déjà perdu. Parfois on écrit comme ça d'autres disent qu'ils n'aiment pas les long textes ou alors les discussions des groupes c'est pour les chômeurs quand le feu vous brûle vous revenez ici, en tout cas un bon entendeur s'aligne.",0
"J'ai un 10.000 roubles là, je prends 61.000 FCFA",1
Merci à tous ceux qui essayent de mettre un peu de patriotisme dans les services entre compatriotes,2
Bonsoir Jai 1 million en cfa svp je veux le rouble,2
100 000 fcfa disponible pour le rouble,1
30mil rouble disponible,1
Celui qui peut tout prendre viens,1
6 Janvier Yaoundé Moscou,1
Je ne peux me prononcer sur le sujet parce que je n'ai pas les éléments objectifs.,1
237652314087,1
Rembourse moi mon argent,1
Trop de scammers dans ce groupe,1
MDR. Tu as fait le choix nor,1
Le choix de perdre?,1
"Je devais faire ailleurs, c'est toi qui a insisté eh",1
Scammer,1
Ta scammer préférée,1
ASECAM n'organise pas la fête cette année?,1
Issouglu,1
"L'année passée on est allé à la fête d' ASECAM écouter les discours. On dirait, c'était le salon entrepreneurial de Claudel Noumbissie",1
L'année n'est pas encore finie eh,1
Laisse les choses de la honte,1
La fête c'était le 8mars 2024 eh,1
Ou tu flippes encore ?,1
Bro il faut sécher,1
aumoins pour ça je peux voter le RDPC l'année prochaine.,1
ouais le fuckup qui se justifie,1
Le Président a signé une amnistie pour les migrants illégaux en Russie.,1
null,1
Organisons encore,1
Les jeux Cassables,1
Les jeux brutaux,1
100 000 roubles disponibles pour 600 mil franc This message was edited,1
Celui qui n'aime pas lire viendra déposer les pleures ici,1
"Bien le bonsoir à tous, jai une préoccupation par rapport à une transaction frauduleuse Мошеннические операции Lorsque ton compte bancaire est piraté, estce que la banque peut retracer les fonds et te les remettre dans ton compte ?",2
Au calme,1
Si tu signale rapidement à ta banque je ne connais pas exactement combien de minutes après la transaction mais c'est possible,2
Daccord merci bien,2
Si tu avais payer l'assurance,1
De rien,1
Après ton message un bon camerounais doit absolument consulter son compte,2
Non,1
Ton téléphone séteint seul puis quand tu le rallumes tu vois seulement les messages qui affichent que tu as fait des transferts à des personnes que tu ne connais même pas les noms bizarres même Brefs chers frères et sœurs !contrôler toujours vos téléphones.,1
Donc même comme jai appelé la police là cest la paperasse que je vais remplir gratuitement sans suite,1
Oui,1
Ils ne peuvent rien quand les fonds sont déjà partis,1
Même si il ya 45 roubles dans le compte ?,1
"So ce genre de choses t'arrive constamment, la prochaine fois tu payes l'assurance pour ton compte",1
Et si cest la carte de lentreprise ou dune organisation quelconque affiliée à une banque fautil encore payer lassurance ?,1
"Il mettait arrivé une fois ce cas,",1
Daccord merci frère,2
Départ imminent confirmé,1
Bonsoir boss j'ai 13kg disponible je quitte à Yaoundé ce soir pour l'aéroport de Douala demain,2
Mon vol par à 14,1
Bonne année,2
Bonne année a toute la famille ASECAM,2
Merci le big des big. Meilleures également à vous et à tous les membres de ASECAM.,2
"Joyeux anniversaire, Nassou yakoubou Mokokol !",1
"Joyeux anniversaire, Nassou yakoubou Mokokol !",1
Merci,2
Hbd les gars,1
Hbd à tous,1
"Chers étudiants de Russie,",1
Merci le Presi des Presi,2
2025 tu voulais dit,1
Tu nous fait retourner en arrière mon frère,1
Bonne année grand,2
Cette fois ci c'est copier coller,1
Lessentiel cest de leur souhaiter hbd nor This message was edited,1
Bonne année à la famille ASECAM Aillez lannée que vous méritez,2
Bonne année Florent,2
"On mérite quoi bro, toimême disnous",1
"Chacun selon ses efforts personnel, et ses projets.",1
Bonne année à toi Mr Arthur et bonne année à Mme aussi,2
спасибо,1
Bonne année Président,2
Bonne année oooh,2
Quelle bonne année bro?,2
À peine commencé. ?,1
Si tu as la santé c'est l'essentiel.,1
"Chaque être humain vit avec minimum 10 maladies, qui a dit que je suis en santé?",1
C'est encore qu'elle femme bro ?,1
Femme clair m'a sauté le   spaghetti hier avc les clous de girofle,1
En vrai. Si sa ne te tue pas tu souhaite au fuir et à mesure,1
Et si tu te laisse aller temps mieux.,1
Conserve la mon frère pour qu'elle n'aille pas refaire la même chose chez un autre gare,1
je suis aussi l'enfant de quelqu'un non?,1
Bro garde bien ta go du courage avec Elle,2
hoooorsss,1
"Avc tout ça, vous venez souhaiter bonne année",2
"Joyeux anniversaire, Kue Michael!",1
Merci et bonne année à vous aussi,2
"Joyeux anniversaire, Kue Michael!",1
Merci beaucoup,2
vous a retiré e de 2024 ONLINE 4C2,1
Hmm,1
vous a retiré e de 2024 ONLINE 4C2,1
Merde je me demandais déjà ma vie deviendra koi sans ASECAM! Bro ne fait plus,1
Même en 2025 tu ne changes pas avec les pleurs ?,1
C'est l'année qui a changé pas mes problèmes,1
J'ai peur de perdre ce groupe que ma go,1
1 rouble a 8 fcfa meme si vous voulez un milliard venez,1
.,1
Bye  après faut venir m'aider à supplier,1
qui ? Je vais laider à partir,1
Car le but c'est de récupérer le gars après,1
Moi quoi. J'ai dit je fait a 8 celui qui veut vient. D'ici le 30 janvier nous serous a 10...,1
Un gar comme 79996751961 ?? Non merci la maison va brûler seulement,2
Donc je n'ai pas aussi droit au bonheur?,2
En préférant le grp à ta go hein,1
10 comme ça mm je gère,1
Bizarrement j'ai pensé à la même chose,1
Peutêtre que le groupe impacte ma vie qu'elle,1
L'annee ci il n'yaura pas la fete?,1
Restez concentré.,1
Tu parles comme Atanga Nji,1
Je suis sa fille,1
Bien ou mal grand? J'ai hurlé,2
dead,1
C'est mon nom qui est gâté sinon je suis un gars bien,2
Moi mm je vois ça,1
supporte seulement,1
79670757733 la fete c'est quand nooor papa?,1
Ultérieurement,1
On sera prêt le jour dit.,1
Mince les vrais enfants de Paul Biya. Meme pour repondre a une question simple les gars utilisent les figures de style... hum vos Onomatopés ne me font rien,1
je suis entrain de draguer les agents du R qui sont dans ce groupe depuis un temps.,1
En français stp,1
Use your translator,1
La publication est en Russe ça ferme dabord mes yeux. Je veux mm lire la traduction cest encore en anglais,1
Qui a le temps là?,1
Quand vous draguez et on vous barre vous ecrivez partout... le jour ou on va te donner un leger tu vas te taire. Et tu vas nous cacher le reseau,1
"Il n'a pas traduit, il a commenté!",1
Les bourses sont disponible pour tout les contractuels celibataires,1
je ne suis pas si nulle en anglais que ça.,1
Ma traduction ne te plaît pas?,1
Du tt,1
"J'ai trop les couilles tonton Jacques  et j'affiche toujours mes coups même si c'est pour un soir. Si j'ai accepté déjà, c'est bon!! MDR",2
Merddd,1
Fait alors ta part!,1
C'est a cause du fait que vous m'appellez tonton que Eva m'a barré. Faut revoir ça ta mère c'est ma Tata aussi,1
"Кто не хочет, дверь открыта",1
Eva barre seulement tout le monde massa?,1
Noo papa pardon,1
Depuis la tu affiches ou nooorrr. Nous on a pas encore vu,1
Dans les lieux adaptés,1
Un proverbe Guiziga dit que,1
This message was deleted,1
OnlyDtchangs?,1
À Dschanghai,1
Donc tu veux alors dire que Eva est la souri ou bien l'oiseau?,2
C'est dépend de la qualité d'oiseaux qu'elle veut être. Celle que le piège attrape ou celle qui emporte le piège?,1
"Donc soit la pintade, soit le vautour... aiiiiii",1
Pkw cest seulement mon nom que vous avez vu,1
Laisse ma voisine tranquille Grand,1
Est ce qu'on parle de toi? On parle de la go qui donnait les pommes aux hommes à Eden,1
La police russe peut facilement pénétrer dans les domiciles des migrants,1
J'ai éclaté de rire bro,1
Heureuse année à tous,1
This message was deleted,1
"Voilà les fêtes qui sont entrain de se terminer, personne n'a rien organisé à ASECAM",1
Le doyen 79653368333 va bring les bâtons,1
Et tu vas brings Quoi nor?,1
"Toujours le vin non, je suis d'abord très galant",1
"Si on disait que les hommes viennent avec la boisson, et les femmes cook, n'estce pas c'est qu'on mange ensemble",1
Donc quand je buy les bâtons toi tu comptes seulement... heeeeeww,1
Voilà ma fille frappe me le,1
Pardon mieux tu brings l'eau. Le Vin en carton de 5 litres avec le robinet pardon avez pitié des gens,1
Honnêtement c'est pas suffisant pour des grandes personnalités comme nous,1
"Bon il faut quoi alors? Il faut nous dire, il y'a les bôbô dans le grp, ils vont faire la main levée",2
Je n'existerai pas en vrai,1
Il faut acheter la nourriture et payer les gens pour préparer. Nous inviter et payer nos taxi on vient manger,1
Ikiiii,1
Quoi,1
Donc vous acceptez commencer l'année avec la nourriture de la dernier dans vos frigos? Estce que c'est normal?,1
On ne voit même pas ooo achète et nous envoie Стефан,1
Toujours avec les pensées des filles scammers.,1
Pardon fermez le groupe.,1
Comment sa père !,1
"Les fêtes sont finies, allons se reposer!",1
Avec qui encore ?,1
Laissons le groupe respirer,1
Vous allez faire d'aucuns vont croire qu'on a vraiment rien à faire dans ce pays,1
Pour moi moi nous sommes en famille donc il ya des personnes qui ont choisi de rester silencieux.,1
Non ils ont bcp à faire,1
Moi par contre je parlerai toujours lorsque j'ai cette possibilité,1
C'est bien!,2
vous a retiré e de 2024 ONLINE 4C2,1
Encore toi,1
Même by force je ne sors pas.,1
On me retire ici je viens habité chez toi,1
Il faut même venir hein maaaa,1
Plus que les qui ?,1
vous a retiré e,1
Plusque nous bro,1
Il devient ridicule à la limite,1
"Tu vas confirmer quand il va prendre le Canal d'or, puis on va l'inviter chanter au palais",1
On attend l'argent de beignets sinon leur travail est sans effet,1
C'est qui?,1
Ninja de Bonas,2
"Tu ne vois pas la femme claire à côté qui lui pousse à le faire , tu as parfois des allures misandres...",1
"En vrai tété, parfois c'est le problème de connexion. This message was edited",1
Je l'aime bien,2
Moi il me fait tjr trop rire avec ses concepts,1
Ya pas les anniversaires aujourdhui ? 79670757733,1
14 Février probablement on cale encore tous avec la salle avant de faire l'annonce,1
Je peux venir avec mon gar nor. On fête une fois la saint Valentin laba,1
C'est pas mieux qu'on loue une Datcha?,1
Cest mieux. On aura les chambres,1
N'oublie pas tes beaux parents. Venez vous tous,1
On verra bien mon Doyen,2
Jespère que cette fois ci il naura pas le match de Nganou ce jour,1
Et les discours. Pardon supprimez les discours,1
Ou le film de quelquun à regarder pendant des heures,1
Xaxaxaxaxaxa pour les gens qui viendront avec leur gars.,1
Ecrit Inbox a celui a qui tu fais allusion,1
Je n'ai rien compris sur le film la,1
Je parle surtout à  danser sous la pluie   This message was edited,1
Et son frère tradeur,1
Les figures de style . Encore toi .,1
Hummm,1
Départ,1
J'y serais juste le billet du mariage envoie,1
Ib là,1
MoscouYaounde,1
MoscouYaounde,1
Quand la personne si rentre faut nous faire signe. Son prix est bon,2
Bonsoir !,2
237652314087 donne moi le koki non,1
C'est le koki simple ou bien hmmm?,2
Si elle même elle vient demander le plantain,1
Waaaa moi je parle du koki qu'on mange avec la bouche,1
"De nos jours, on mange tout avec la bouche",1
Pourquoi tu es comme ça non bro?,1
Moi je Wanda seulement!,1
"79002693886 on m'a dit que tu as le koki, pardon donne moi ton adresse je viens prendre",1
Tu sais où je reste nor?,1
"Oui oui, si tu me donne le ok je viens prendre",1
Ok,1
Ikiiiii,1
Il faut que je fasse le tour pour prendre beaucoup.,1
Tu veux koi chez lyse? Le pistache?,1
Je veux aussi le koki,1
C'est fini. Ce que j'ai n'est pas beaucoup,1
Oui oui,1
Et c'est déjà réservé,1
Tu ne vas pas préparer avant de lui donner?,1
Non oh,1
Il va cook lui même,1
Qui est sa cuisinière ?,1
Il faut souvent aller en brousse didonc. Mieux tu prépares tu lui vends. Tu donnes le koki cru à un grand monsieur comme ça?,1
MDR. Ngue grand Mr. Il t'a dit qu'il ne savait pas cuisiner ? Avant de parler il faut souvent te renseigner,1
D'accord Boss,1
Ce qui est mieux pour toi est mieux pour moi,1
Laisse ça. Ki parle de savoir préparer ou pas,1
Tu me donnez seulement la position,1
Apparemment luimême si je me trompe pas,1
S'il ne veut pas le cru il laisse nor,1
237652314087,1
Xa me concerne ?,1
J'ai dit je ne cuisine pas,1
Voilà,1
"Soit tu as ton gars ici et tu caches, soit tu ne sais pas ce que tu fais",1
Je m'en fou eh,1
Le concerné même ne parle pas comme toi,1
Qui ne dit rien consent,1
Jusqu'à c'est ici que je vais avoir le gar,1
pour dire koi?,1
Quel mépris nzambe,1
Balle perdue sur nous...,0
Bois l'eau tu dors,1
"Merde il y'a des gens de ASECAM valables, on est entrain de me donner la boisson ici au poi t où je ne sais même pas si je vais retrouver la route de la maison  This message was edited",1
Bon boivement boss,2
Bien pour toi,2
Merci patron,2
Donne moi aussi alors non  tu es avec les cheveux noirs là?,1
Donne aussi,1
Je marche avec les cheveux noirs?,1
Au lieu de nous mettre dans les vrais projets,1
Ekieeee tu avais un gar cheveux noirs non  donc c'est bolè?,1
En vrai,1
Je vous ai dis ça ?,1
Elle a dit ke ses goûts varient selon les saisons,1
Aaahhh ok je vois maintenant,1
"Donnez moi même une bière à la Cabana, comme ça je viens prendre une fois le koki chez Anne hein",1
Bonne Année 79013886871,2
Merci Nas ! Bonne année à toi,2
Pourquoi les gars de ce groupe aiment te déranger comme ça ?,1
Moi mm je ne sais pas surtout 79996751961 et 79913266102,1
Faut les avertir,1
Faut leur donner un défi,1
Le meilleur gagne,2
Tu ne peux pas averti un homme émotionnelle.,1
Cmt ça,1
C'est notre miss cacao 2025,1
C'est à toi de voir,1
"Joyeux anniversaire, Awoussa Marie Albert!",1
Joyeux anniversaire Marie Albert,1
Marie Et Albert joyeux anniversaire a vous deux,1
Merci,2
"Besoin de 150000Fcfa au pays aux taux Google, intéressé ib",1
call center,1
Hi  guys we sell raw African products and cooked African meals,1
227500 fcfa disponible au Cameroun besoin du rouble.,1
Il y'a pays plus sauvage dans le scheguen que la Russie. Nous allons enregistrer les blessés ici,1
"Joyeux anniversaire, Feudjio Zambou Melainne Seychelle !",1
"Joyeux anniversaire, Feudjio Zambou Melainne Seychelle !",1
On souhaite mm joyeux anniversaire aux gens ici ils ne répondent jamais,1
Je wanda seulement père,1
Faisons un concours prochainement tous les membres du groupe cautise 50p chacun pour offrir un cadeau aux anniversaireux je pense que sa pourra changer quelque chose.,1
Bref c'est juste une proposition,1
Partante,1
Tu ne pars pas souvent dans koi,1
227500 fcfa disponible au Cameroun besoin du rouble.,1
Départ confirmé,1
Slt,1
227 500 fcfa disponible au pays,1
INFO,1
QUEEN STAVINE.vcf file attached,1
Ajoutez ce numéro svp.,1
"Message de bonne volonté Chers tous,",2
Wrong info please,1
President c'est vrai ?,1
Bonjour et bonne Fête.,2
Bonjour et bonne année.,2
"C'est vrai, mais il y'a certaines nuances qu'il faut biensûr éclaircir avec votre avocat ou juriste",2
Путин разрешил нелегальным мигрантам легализоваться до 30 апреля 2025 года,1
"Non non, il y'a réellement cette loi qui est entrée en vigueur le 01 Janvier 2025, et jusqu'au 30 avril, il y'a une possibilité de se régulariser, suivant certaines conditions. Plus haut, il y'a plus de détails en russe",1
Ok mais dans le détail que je viens de lire il faut,1
Non.,1
Le gar qui parle là cest quelquun aussi hein,1
This message was deleted,1
Salut,1
This message was deleted,1
Sinon cmt cela marche,1
This message was deleted,1
Mais on demande les premiums,1
This message was deleted,1
This message was deleted,1
This message was deleted,1
Les vidéos font kw lá,1
Ils demandent photos ou vidéos de toi,1
Courage aux gars qui cherchent les filles russes.,1
Après on ne veut pas seulement entendre que oooh,1
Les femmes russes sont des sucres,1
Ndakorr,1
Vous aussi vous êtes des sucres particulièrement toi,1
Euy,1
Sérieux,1
Merci,2
Je t'en prie,1
Quel métro ?,1
"La viande rose, c'est la magie surtout quand tu manges le premier choix.",1
Merci à toi. Tu as le réseau des filles russes faciles? Surtout celles qui ont les grosses lèvres là,2
De quel levres parlent l'auteur?,1
Les scama,1
Horizonvertical,1
Ndakorr,1
Nooo merci. Allez manger les lèvres injectées. Vous allez boire tout le liquide qui a été introduit à lintérieur This message was edited,2
Apparemment ils n'ont pas constaté.,1
C'est différent de vos perruques avec quoi?,1
Les pêcheurs se moquant des autres pour avoir pêché différemment. Ou va le monde,1
Donc c'est arrivé làbas,1
Accepte et que ton cœur reste ouvert,1
Mince... la rage de noël,1
Noël mm est étonné,1
On sens les mots d'une gars qui n'a pas mange le poulet spaghetti a Noel,1
jai mangé le pain haricot,1
Avec le foléré?,1
Piooonnnn,1
Envoyé nous ça,1
Ib,1
Kie,1
Tu as déjà reçu combien de ib bro ?,2
"Cool. Si et seulement ça peut servir la cause, il n'y a aucun mal. Nous sommes républicains et voulons tous que les choses avancent.",1
quelque.,1
This message was deleted,1
La valeur est en euros,1
Vous parlez mm de quoi comme ça,1
On parle des surtaxes Républicains à perpétuité qui n'ont jamais servi la république,1
"NTongo Onguene a été condamnée à 50 ans pour avoir détourné 2millions de FCFA, What's the FC?",1
Je ne connais rien de la politique,1
Tu as la phobie de la lecture mon cher? au point de conclure avec un anglais américain façon façon,1
Vas soigner les dents,1
je ne suis pas encore docteur,1
"Je n'avais pas encore tout lu, tara.",1
Mais tu as conclu,1
"Zacchaeus Mu.. , plus de 130 milliards de FCFA ? Ces chiffres sont exagérés. On nous a portant dit que c'était Gérard Ondo Ndong, ancien DG du FEICOM qui avait battu le record.",1
"Tant que tu n'as pas de source pour tes pincettes, je vais supposer que tu fais le congossa politique.",1
"La liste est très longue mon frère, j'ai envoyé une seule partie. Il faut que je te rappelle encore que ces chiffres sont évalués en euro",1
Le congossa quoi?,1
"Vivent, si je pouvais avoir tous ces montants pour écrire ma note d'orientation économique.",1
"On continue d' imposer les taxes pourtant le SMIC reste l'un des plus ridicules du monde. Les détourneurs qui célèbrent les anniversaires VIP en prison. Comme ça ne suffisait, il y'a toujours des bon républicains et patriotes comme toi qui viennent dire si c'est pour l'avancement de la République, alors pourquoi pas. C'est très ridicule à la limite",2
Internet est accessible pour tous ! This message was edited,1
Tu réfléchis avec chat dpt?,1
"Entendons nous bien,  je dis ceci, l'impôt en luimême, ne saurait constituer un problème soit. Le problème, est ce que l'on en fait. Si la  de développement local peut aider  les communes et les régions de chez nous, à mieux nous servir, je ne vois pas de problème.",2
"Chat Gpt ou chat dpt? Bref peu importe, je n'ai pas recours à ce dernier.",1
This message was deleted,1
Je veux les infos du TCS,1
tu récites les livres et les  documents. Je te parle de ce qui se vit!!! Tu aurais dû comprendre que je m'interroge sur ce qu'on fait avec l'argent des impôts!! Je n'ai prétendu nulle part que payer les impôts est mauvais.,0
Je parle bien des détournements à perpétuité qui interviennent une fois les impôts payés,2
"Ton raisonnement prouve à suffisance que tu as les affinités làbas. A défaut, cherchesen   vous avez des visions proches",1
Okay,1
"Je recite les livres et les documents, ah bon?",2
"Les détournements à perpétuité,",1
"Zombification spirituelle... Si , si !!!",1
oui c'est mon parrain This message was edited,1
Faut manger et dormir. Peutêtre demain tu seras un peu lucide. Je te dis que ça fait 42 ans qu'on paie et ça n'aboutit à rien. Toi tu réponds si on paie et ça sert.... Ton monde rentre plutôt comme le développement du kakakistan,1
Je ne verse pas dans la gadoue mon frère. Je n'ai pas été éduqué ainsi.,1
Tu as été éduqué à voir le contraire des évènements quotidiens?,1
"Peut être que tu me donneras quelque chose à manger, puisqu'apparemment tu en as et moi pas. Il faut aider un frère en détresse ou alors c'est l'argent détourné des impôts du Kakakistan que je devrais aller demander.",1
"Si c'est l'argent des détournements, je peux t'en donner un peu. Envoie moi ton sber",1
C'est sûr que tu monteras d'un cran pour dire que c'est l'huile de la sardine.,1
Pas la peine. Il est écrit l'on mangera à la sueur de son front.,1
Cest pas sa fille,1
"Jugement d'intention, c'est une autre sorte de manque de lucidité .",1
"On connait le schéma. Tu as commencé par zombification, puis tu monteras.",1
L'expression de votre propre réalité généralement déconnectée de la réelle laisse involontairement croire que vous vous moquez des souffrances infligées au bas peuple.,1
OSF,1
"Si le pays est trop bien pour toi, faut y retourner làbas bien vivre. Cesse de gazouiller inutilement ici",2
"Tu me feras un cours de sociologie politique et économique du Cameroun désormais. Toi, tu es connecté et moi je suis déconnecté, c'est quel culot ça ?",1
Tous les Camerounais viennent à l'extérieur parce que le Cameroun est mal dirigé?,1
Tsuippps,1
Courage à toi,1
"D'après la sociopolitique dont tu fais mention, la notion du vote ne peut être associée à des régimes autoritaires. C'est une énième cacophonie et une autre bêtise de ta part",1
Tu vas respirer fort cette nuit! Continue,1
"En temps que vérificateurs de toutes informations publiées dans ce groupe, bien vouloir me transférer  les photos pour compléments denquête",2
"Il est 5h ici. Toi, me faire respirer fort, tu n'es pas né.",1
Ça s'exprime de plusieurs façons. Tu pleures beaucoup dans tes messages,1
J'attends ta réponse. Laisse les réchauffés que tu écoutes à la ciativi et mets tes méninges en travail.,1
Je ne veux juste pas abîmer petit marteau que tu utilises. En plus le groupe n'est pas conçu pour ça.,1
Blabla,1
Tu viens de t'en rendre compte?,1
Hmm je croyais en toi hein. Mais on te perd un peu un peu,1
"Tara, laisses moi aller bosser. Toi, au moins, Tu manges l'argent des impôts que tes amis du régime te donnent. Moi je ne compte que sur mon boulot. Si je ne pas pas bosser, je n'aurais rien à bouffer.",1
Donc je vérifie seulement mes nouvelles lois ici hein?,1
"Personnage mélangé, mesquin et peu malin",1
Bon vent et bonne nuit.,2
"tu y es depuis, peutêtre qu'une autre personne écrit pour toi!",1
"Si tu veux un débat d'idées, organisons le dans un cadre propice, et on verra. Ne te jette pas les fleurs.",1
En chemin dan le bus.,1
"79259217245 d'après les données, tu confirmes ou pas ?",1
C'est toi qui le dis.,1
le comité des Commentateurs s'impatiente,1
"Si tu veux un débat, je ne suis pas contre mais rassure toi que tu ne viendras pas faire la récitation des discours communs.",1
Moi j'ai mis les mains sur la tête.,1
"ASECAM, mon Livre Unique dHistoire.",1
Hmmm,1
. Déjà tu es camerounais ou centrafricain?,1
Avant je croyais que tu étais centrafricain,1
"Avec toi, impossible de sennuyer",1
C'est la secrétaire du comité des Commentateurs de Moscou. Elle a décroché sa nomination cet aprèsmidi!,1
Et questce qui te faisait croire que jétais centrafricain ?,1
Moi mm jignore,1
Mais tu as crue,1
Un ressenti,1
Qui crée la confusion,1
"Joyeux anniversaire, Michael Kué!",1
"Joyeux anniversaire, Michael Kué!",1
Toi pareillement,1
Laisse moi nor frère  t'as pas dit bne nuit depuis? Ou bien tu chômes aussi comme moi,2
"C'est mon travail ici, occupetoi",1
1 million au pays,1
Besoin du rouble taux Google,1
"1.5 millions disponibles au Cameroun, besoin du rouble au meilleur taux.",2
Humm!!!,1
Our latest publication.,1
You and who,1
Cameroon Policy Analysis and Research Center. It is a think tank man. A team. I ain't working alone.,1
"cool,  where do you sell your findings?",1
"I will also be glad to know where this work is publishedjournal, website etc This message was edited",1
You can visit our website. There you will find all our publications.,1
Super,2
The think tank is funded by African Capacity Building Foundation so it's non profit.,1
Salut,1
Les avions,1
Non profit organizations are organizations that destabilizes countries.,1
I don't believe in non profit organizations because their agendas are more than what they say. This message was edited,1
Ça m'a vacciné pour St P la semaine dernière,1
Ola,1
They are the real criminals.,1
"Cest quoi, je ne comprends pas",1
"Envoyez aussi au président svp, l'histoire là n'est pas claire je dois mener mes propres enquêtes",1
Ok president.,1
"À partir du 1er septembre 2026, toutes les universités russes passeront au nouveau système d'enseignement supérieur",1
Mince c'est le dernier niveau,1
Je dois faire les prières de jeune,1
Vraiment,1
Les Prix des vols,1
Envoyer au conseiller svp,1
Ça chauffe déjà partout,1
Hmmm,1
Tu as fait comment pour notre truc là?,1
Je dois avoir l'approbation du Président.,1
Tu as déjà fini de regarder les vidéos?,1
Tout ça a cause de toi. Viens on va discuter,1
Waaar,1
Oui oui c'est la magie,1
Tu viens nous embrouiller ici pourtant tu as une bruleuse de patates chez toi. Même prière grand maître. Copier coller,1
"Pas les nous, notre couple est seulement bien au restaurant",2
Bonsoir c'est juste un choix de vie.,2
"Tu choisis, la vie te donne le contraire",1
Bonsoir,2
Est ce qu'on t'a obligé de te mettre avec elle ?,1
"J'avais demandé à Eva de faire aussi un truc comme ça pour augmenter sa date, elle a refusé",1
Wanda,1
La peau blanche ton combat  beaucoup de courage pour la suite .,1
Brûleuse de patate  comment nohr bro?,1
La lecture de lheure,1
Ils veulent les bb blancs,1
Donc tu insinues que 79013886871 notre tchadienne du groupe cest une brûleuse de patate,1
Tchadienne cmt nor,1
Merde Tchadienne comment non ?,1
Il refuse de te respecter hein,1
Parceque jai dis quil était centrafricain,1
Maintenant suis devenue tchadienne,1
Akaaaa toi aussi tu ne l'avais pas respecté hein,1
"La tata si a quel problème même? Tu m'as dit que tu es célibataire, j'ai refusé? Hopeutahh",1
C'est une belle fille hein  si elle sait aussi préparer le gombo pistache comme 79774380461 bro il faut la doter,1
Et toi tu dotes 79774380461,1
Toi as cherché les femmes noires dans toute la Russie tu n'as pas trouvé ?,1
"Elle est très sûre que je me suis mis avec une russe et ça a mal tourné . Non mais sérieux??  Je suis vierge, bien pour le mariage",2
Tu es célibataire? Gagnons en temps,1
Bonne nuit oooohh grand frère.,2
"Elle est déjà occupée, un Vaillant gars a déjà fait le toquer porte, maintenant on l'attend pour la dote, il va mettre la main dans la poche en vrai",1
Grand frère cmt nor,1
"Minimum ce franc parlé pour 2025, droit au but  !!!",1
"Vrai vrai, il faut prendre le bro au sérieux, dans ASECAM il y'a beaucoup de mariages prévus en 2025, ne passe pas à côté de l'opportunité, 79996751961 est un homme qui a les pieds sur terre wallaye",1
Je suis daccord. Le premier mariage cest ds 3 jrs,1
79996751961 naccepte pas la bro zone là,1
"Oui oui, donc maintenant on ne joue plus, une fille est seulement un peu prête, on l'épouse seulement directement",1
Toi que je connais là,1
Ekieee tu as à me dire?  moi j'épouse maintenant vrai vrai,1
Le jonglage est fini,1
Elles sont où alors . Elles sont en mode sous marin,1
ceux font l'adultère la c'est quoi ?,1
Faut les récupérer à laéroport. Celles qui ont déjà fait un an ici sont perdus This message was edited,0
Attend le prochain arrivage,1
"C'est ça le véritable pb ici dans ASECAM, les bonnes filles qui connaissent faire le koki n'aiment pas parler, elles pensent qu'on va les épouser comment même?",2
La viande fraîche,1
Pourtant elles sont tout sauf timides .,1
À 35ans il faut être assez conscient pour savoir que,1
Mais en même temps celles qui ont déjà duré connaissent les réalités et les difficultés à se mettre en couple jusqu'au mariage.,1
Il y'a aussi les pas bonnes très calmes. C'est la technique de la terre brûlée.  Tu tombes on te mange,2
Elles ont un peu honte de s'afficher,1
Ce que tu veux que je dise là je ne vais pas parler.,1
Elle le sait très bien,2
ikiiiiii,1
Anti,1
Les réunions des hommes célibataires sont toujours bizarre bizarre,1
Tu fais comment pour savoir ?,1
Moqueries sur nous maintenant hein notre célibat finira bientôt,2
Ame amen amen,1
Amen,1
négligé nous bien. Un jour un jour.,2
Vous même dabord vous êtes sérieux ?,1
"Toi t'es supposé être une viande fraîche, mais tu t'es un peu trop vite adapté",1
Pardon concrétise mon rêve,1
"Viande de porc, boeuf, singe, lièvre, serpent bois ou pangolin ?",1
"Tout ASECAM peut témoigner, même 79259217245, 79996751961 peuvent témoigner. Plus sérieux que les garçons célibataires d'ici, ya pas.",1
Les Baltasars,1
Aka pardon !!!!,1
Net !!,1
J'avais déjà le fax,1
Tu as d'abord essayé ça n'a pas donné ?,1
Surtout si j'attrape ma Russe en guitare. Elles vont souffrir le goumin de ma relation,1
Ah ça !!!,1
et le respect,1
Donc les camerounais sont alors sérieux ?,1
Aussitôt tu as déjà testé le poutoulou importé?,1
Ce qui est marrant est que vous partez chez les russes elles Vous casses la tête puis vous revenez vous voir,1
Toi seule sais de koï tu parles,1
"Ikiiii 79996751961 voilà alors la vraie déclaration, concrétise alors ine fois, si 79684124766 ne répond pas favorablement, tu attrape ici et tu doutes seulement bro",1
assia,1
"Ils sont exclaves auprès d'elles,",1
ya les mauvais rejetons partout.,0
Toi.,1
Tu manges tout ça ?,1
Elles leurs demandent daller balader le chien à 23h sous le froid,1
"Pardon. J'aime la chaire, et la nourriture  ya pas mon goût la bas.",1
Vous ne prenez jamais vos sœurs au sérieux,1
On veut savoir de quoi tu parlais,1
Ah bon ?,2
Ouiiiiii,1
This message was deleted,1
Ça reste a vérifier,1
Est ce qu'ils peuvent les bourder?,1
Comment ??,1
Demande a imperator il connaît,1
Vous n'êtes pas très différente lorsqu'on vous donne un peu de pouvoir hein...,1
Il faut prier Dieu n'oublie pas ses enfants,1
Hummm ça la sort encore d'où ?,1
Est ce que vous aussi vous pouvez supportez un gar dans sa simplicité  et accepté de souffrir et grandi avec lui  ?,1
Vous  aimez le déjà près !!,1
Mdr. L'homme aura toujours la possibilité de se refaire même à 80ans. N'ayez pas peur,1
Owooooooooohhhhh,1
qu'il vienne nous dire,1
Ouiiiiiiii,1
En cherchant,1
C est simple attend juste tes 80 ans alors,1
Elles ne peuvent pas. Le bavardage seulement,1
Depuis que tu es en Russie toutes celles que tu as tabassé parmi elle aucune n'était sérieuse ?,1
"On a les échos de vos sœur au Canada, usa, Belgique et autre ...",1
Biensûr.,2
Tu as mis le cœur. J'ai dit à tout moment. Pas à seulement à 80ans,1
Nous sommes better en Russie.,1
Elles se cherchent encore,1
Tu affirmes déjà des trucs. J'ai tabassé qui? S'il ya quelqu'un ici qu'elle parle,1
Ou se taise à jamais,1
Oui y'a pas encore les lois des fous de ces pays la,1
Hummmmmmm garçon qui n 'a rien est trop infidèle,1
Toi tu dois aimer Balthazar hein,1
Eh aaah,1
El professor ? Le maestro?,1
J'accepte et mon cœur reste ouvert mais rassure toi de ne pas dire du n'importe koi pour plaire à ton âme,1
Ça sort d'où cette théorie ?,1
Donc j'ai raison hein  le long long et gros gros là  This message was edited,1
Mal. Elle a tout vue,1
Explique tes propos,1
Les scammers,1
Je suis encore bb oooohh Wilfried mon grand frère le sait,1
Il y a école demain hein allez dormir,1
Ton grand frère hein,1
Oui oui vous êtes tous mes grands frères.,1
Parle !!!,1
Hummm. Je ne peux pas mettre ma main au feu pour toi,1
Il faut tenter de te déshabiller devant quelqu'un ici tu vas confirmer,1
"Laisse moi, mon année a bien débuté",2
Jamais !!!,1
Bientôt la fête annuelle dAsecam.,2
Apparemment tas des choses à me dire,1
Elle m'embrouille norh. Elle ne sait pas que je peux être son mari demain,1
Vous n'êtes pas fatigué du sexe avec tout ce que les russesses vous donne ?,1
Qui ta dit que je suis célibataire ??,1
Tu vas loin la bas ?,1
Vraiment sur les i,1
C'est la même chose? Tous les trous ne se ressemblent pas. D'ailleurs je parles même des choses comme ça que j'ai déjà l'âge là?,1
Oui oui oui,1
Donne d'abord. Après on verra si on est fatigué,1
Imperator et reine c est bon allez ib   le premier couple vient d'être,2
Vos discours ont plutôt gâté les couples en vue la dernière fois. J'ai acheté 3 billets filles VIP mais aucune ne m'a accepté  à cause de vos discours,1
tu fais donc quoi dans les causeries des célibataires ?  Tu sais que combien avaient déjà des plans sur toi ?,2
Never,1
Acheté un biellet ne veut pas dire quon Va taccepter !!!,1
Parle !!!,1
Ils ont gâté le mood tu ne comprends pas koi?,1
Tu ries,1
237698329022 envoie ton feedback à lhomme qui nous a appris à Dancer dans la pluie,1
Beware of scam,1
Elle veut te consoler,1
... OK,1
Le mauvais cœur femme qui es tu?,0
Les gars mon heure a sonné,1
Les célibataires là vous faites même comment pour vivre ?,1
Estce quon drague une femme avec un billet ??,1
Tsuip,1
Toi qui parle là tu es en couple ?,1
Ça m'aide sans ce froid ?,1
L ange gardienne de ton portefeuille,1
Les gens mariés partaient déjà dormir This message was edited,1
"C'est une créature vraiment... Depuis la genèse, elle a donné la pomme à Adam pour ne pas mourir seul. Ça ne te dit pas déjà tout.",1
Le Seigneur est notre berger,1
Tu veux encore augmenter quoi sur toi ?,1
Ilan,1
Ikiiii  Anti,1
Anti Zamba,1
Toi seulement il est fatigué d être ton berger,1
Merde donc vous aviez à dire comme ça ici? Il a fallu le poste de la nourriture pour vous réveiller hein  79774380461 tu vois alors?,1
Je  danse sur le célibat de sa pluie depuis  ce jour,1
Hummm tu te fais rare,1
Tsuip toi la fille en couple ci même. Va réchauffer ton gar pardon.,1
La nourriture ?  je dirais plutôt le celibat,1
"Génération Riche en téléphone Android, perruque mais pauvre en manières",1
Balthazar n'était pas seul hein. Y'avait son amie de sexe féminin plus grave que lui. Elle alors mangeait de tout.,1
Maintenant c est la bafle qui t 'attend,1
C'est arrivé làbas,1
La conclusion c'est quoi après tout ce vacarme ?,1
la violence ne résout pas tout mama,1
Que les filles d'ici veulent seulement  nous embrouiller ou nous utiliser et nous jeter après,1
Tu connais la chicotte de Dieu pour les célibataires têtu,1
La meilleure défense c'est l'attaque,2
comme les  Florent ? 79259217245,1
Je sais pas mais si c est lui le célibataire têtu alors c est que c est lui,1
Tu as trouvé ta part?,1
mais 79996751961 c'est le boss des têtus hein... Qu'on commence par lui,1
La fille avec qui tu parles actuellement n'a pas de gars et en a besoin. Prends moi au sérieux,1
Hmmm ce que tu cherches là moi je suis déjà un homme presque marié,1
Je ne cherche rien moi même actuellement je suis gravement enceinte,1
Ekié  tu es maintenant proxénète ?,1
Elles expriment leur besoin dans la brutalité et la blague pourtant au fond c'est sincère,1
ouiii papa je respecte,1
"Ne cherche pas à comprendre, crois seulement.",1
donc tu fais déjà ?,1
Je suis un garçon fidèle,1
"C'est bien bro, nous ne sommes pas des garçons faciles.",2
Nous sommes tous fidèle,1
Tu fais à qui ?,1
Fille occupée peut écrire dans le forum jusqu'à 200 pour indexer les célibataires?,1
Non moi je suis TRÈS fidèle,1
Qui est célibataire  je vous invite au voir bb,1
Moi je suis fidèle quand je n'ai pas les pbs avec ma go,1
Ça fait partie des symptômes de la grossesse.,1
Ikiiii papa,1
"On a pris ta candidature en compte, celle qui envoie les histoires de Balthazar depuis... Pareil... Attendez les réactions",1
"Bon bonne  nuit,mon bb  me demande  déjà de  dodo     This message was edited",2
Va faire avec le père du bb tu nous laisse pardon,1
79800198418  tu vois qu'elle ne refuse pas nor? Continuez à venir jouer ici,1
C'est toi nor bro,1
OK j'ai pris note,1
Ekié  Pardon hein.,1
Par Bluetooth?,1
Tu as d'abord négligé une petite Camerounaise très jolie ici. Depuis je la vois seulement avc les voyous congolais. Toimême là j'ai ton mal,1
Les congolais et nos sœurs...,1
toi même tu attends quoi  Mr l'entremetteur ?,1
Je Wanda,1
Tu veux les détails précis sur ma situation matrimoniale et conjugale?,1
Ma vie te regarde?,1
C est elle que tu veux dis là vérité le diable quitte derrière toi,1
toi tu en sais quoi de la mienne ?,1
Qui ça?,1
tu parles de 79203495219 j'espère,1
Parle maintenant,1
En présence de mon avocat,1
Elle est dans la de mon cœur,1
Tu penses que tu fais à qui ?,1
"T'en sais rien, ma femme est quelque part bien emballée avec papier cadeau  elle m'attend",2
pleure,1
L essentielle c est que tu arrêtes d être le père des célibataires  This message was edited,1
Tu as mon mal hein,1
Estce que tu me cherche?,1
Aaaahhh donc c'est ça hein,1
objectif de la soirée atteint This message was edited,1
Tu lui as fait quoi ?,1
On se comprend,1
OK le couple ci. Faites vite vous vous réconciliez,1
Toi et qui? Je ne te connais pas,1
je sais que tu as mon mal !!,1
Le passé cest le passé,1
Passé simple? Je ne sais pas de quoi tu parles. Ne gâte pas mon mariage,1
Il mavait barré,1
Tu vois ce que tu as organisé nor bro,1
Tu l'avais barré tu veux dire,1
Il mavait barré et mavais bloqué !,1
Jai les preuves,1
Pourtant je ne savais pas que c'est ce que ça allait entraîné hein,1
79996751961 toi aussi,1
Vous vous aimez encore. Faut quitter ici avec votre amour la,1
Tu aimes le trucage des films indous,1
Moi cependant,1
"Bonjour bonjour, estce que quelquun quitte le Cameroun pour la Russie dans les prochains jourssemaines ?",2
"Bonsoir à tous, quelqu'un pourraitil m'aider.",2
Merci.,2
Wandayance,1
"Bonjour à tous, pour ceux qui veulent étudier à МИСИСMoscou dans le cadre de la bourse de la Russie Education in Russia, pour l'année académique 20252026, j'ai un contact qui peut me faciliter certaines places làbas, vous devez créer un compte et vous enregistrer dans le programme Education in Russia, puis me contacter ib. Il faut noter que je vais demander une très minime commission uniquement quand on aura la confirmation de l'acceptation de votre candidature pour la bourse.",2
"Voilà un grand homme, voilà le genre de grand frère académique que nous voulons. J'aime votre franchise monsieur.",1
Qui leur a dit que tu vis à l'étranger,1
Il y'a t'il un âge limite ou une condition genre la personne doit déjà être en Russie ?,1
Famille oh bonsoir! Pardon ditesmoi à combien s'élèvent les frais de légalisation d'une procuration à l'ambassade? Merci d'avance !!,2
"Je n'ai pas eu cette information là, L'essentiel c'est de postuler d'abord dans le site education in Russia, puis m'écrire en libre je vais envoyer un Google forme que vous allez remplir avec les informations que vous avez remplies dans le site éducation in Russia. Il faut choisir МИСиС en première position et le reste on verra. Je vais envoyer la liste là à la personne et elle me dira donc si c'est approuvé ou non",1
Ok,1
Merci beaucoup !!!,2
La bourse concerne aussi ceux qui sont au pays.,1
Ok,1
La padfac a misis c'est 225milles roubles,1
"Mes amis, je ne suis pas une agence hein, j'ai seulement une relation à МИСиС qui peut faciliter, donc les gens qui me contactent, pour que je remplisses leur trucs, pardon je ne fais pas dans ça.",1
Aussi claire,1
"Puisqu'on doit mettre ton lieu de résidence actuelle dans le document. Si on dit Yaoundé alors tu es en dehors, on décèlera le faux ici.",1
Il te fond simplement l'arnaque mon frère,1
C'est de ça qu'il est question.,1
On va faire plus simple.,1
Bonsoir à tous,2
Boss lady,1
Humm,1
Tu vas encore payer les taxes sur quoi nooonnn la mère?,1
Fin de contrat est égal à fin des taxes déjà que c'est pas à toi de payer mais à l'employeur de le faire. Tu es dans un schéma très fort,1
Justement pourquoi recevoir les factures chaque mois,1
Wehh je me renseigne nor. Juste pour être sure que ce que je pense cest ça,1
"Oui je comprends, juste te dire que c'est pas faisable",1
Parce quon sait que tu es boss,1
Il faut donc arrêtez le taureau par les cornes et voir le propriétaire de la compagnie c'est comme ci tu as signé sans bien lire lorsque tu débutait a travailler dans cette compagnie mais comme 79996751961  a DIT LA C'EST ÇA,2
Je ne veux pas rester un jour on me dit que je dois payer une forte somme,1
79013886871  je vais confisquer ton téléphone,1
"je vais quand même demander, merci",2
Je pars comme ça chercher la veine. Si tu confisques mon téléphone je vais filmer la veine avec quoi?,1
La veine sur ki? Ton ex a chuté?,1
Pffffff,1
"Chaque individu qui a un INN et SNILS peut à tout instant vérifier ses redevances de taxes à payer ou bien excès déjà payés extrêmement rare, mais ça arrive dans son compte personnel de payeur de taxe ЛК налогоплательщика sur la platform nalog.ru ou bien dans lapplication mobile correspondante.",2
Les factures en ton noms?,1
Envoie le document de taxe quil te font payé si possible. Jaimerais y jeter un coup dœil,1
Tout dépend de la structure légale de lentreprise et de leur système de paiement de taxe.,1
89261067753,1
Or  79261067753,1
What about ?,1
La compagnie,1
Los Angeles,1
Merde Seigneur !! Cest une ville qui brûle comme ça???,1
Santa Maria,1
Jai lu quelque part plus de 2000 maisons détruites et 5 morts.,0
This message was deleted,1
Maintenant ça coûte combien ?,2
C'est le macabo ou le taro?,1
This message was deleted,1
Les 2,1
Donnes le vrai prix alors,1
Je ne vend pas. Je vous charmais juste,1
"Tu préfères le nsong, le panaris, l'abcès ou l'épilepsie?",1
Flatte là comme une petite sœur,1
"Fleur toujours dans son schéma, elle n'a rien de tout ça",1
Перезагрузка системы,1
"L'Ukraine, Gaza, la Lybie on brulé par la faute des memes gens.",1
Tu dors quand ?,1
Le sommeil c'est pour les gens qui ont déjà réussi dans la vie,1
En tout cas,1
Je mange déjà 3 fois par jour CME toi?,1
Moi je mange encore une fois et demie,1
Pardon je cherche qui va compléter,1
"ikiii, il va arriver!",1
"Mais tu es là nor, comment il va encore arrivé",1
je vais seulement tout prendre ici?,1
Pardon donne pour moi,1
"Il faut qu'on organise le casting, parce que 2025 doit donner au minimum 10 mariages ASECAM, on va aller danser comme Gaius avait danser au mariage d'Audrey.",1
C'est toi qui joues avec ta présence ici. J'ai déjà uni plusieurs CamerounaisCamerounaises ici  et je travaille à en faire plus This message was edited,1
Gaius aussi c'est l'homme euin,1
"Il faut sélectionner les filles sérieuses, il y'a trop de blagueuses déguisées ici",1
Si tu te néglige temps. Ton problème hein,1
Il faut dénoncer ces déguisées là. This message was edited,1
"79774380461 tu veux dire koi,  tu as une pour moi?",1
en vrai,1
Elles sont nombreuses dans ce groupe.,1
C'est pas mon problème bro! Que chacun développe sa façon de se protéger,1
ok,1
"Estce quelle parlent alors? On va savoir comment?  il faut dénoncer, on épouse seulement avant de voir le reste",1
il faut trier et nous proposer. Toutes les filles de ce groupe ne sont pas bien pour le mariage,2
Comment ça père,1
qui avait préparé ton nkoumnkoum bro??,1
C'est 79774380461 non,1
Ikiiiii  j'ai confiance. Pas les 237652314087,1
Chaque jour réunion des célibataires dans ce groupe   . Aujourd'hui c est quoi le thème svp???,1
Il faut même que je passe prendre le Koki que 237652314087 m'a promis hein  merde demain je suis à RUDN pour prendre,1
MDR,1
Bien lavé bro,2
"On cherche à quitter ce statut, on veut le mariage à partir de 2025 ci",1
Cherche moi seulement à partir du 30,1
"Le célibat, avantages de ne pas être avec les blagueuses",1
Qui va laver xa pour lui?,1
Waaaa  tu es seulement en lune de miel?,1
toimême tu es ma bestie mais j'ai peur de toi. Alors que ça doit être le contraire,1
Qui comment? Toi même tu vois que qui d'autre doit laver ton propre koki ?,1
En lune de miel avec mes cahiers oui. Je finis avec les examens avant d'être disponible,1
Je refuse l'autre la император Didier,1
Prends moi alors comme un candidat,1
"Tu as raison, là je valide à",1
donc je fais peur avec ma petite taille ci?,1
C'est que c'est bien,2
dis la vérité le diable te laisse. Tu as dormi où,1
Lui,1
Elle est bien!,2
Quand on lave l'enfant il se frotte .,1
il ne faut rien revendiquer oh. Je ne le gère pas,1
Au boulot,1
79913266102 tu as compris norh.  Il vaut laver,1
Même pas ehhje suis une petite terreur,1
Et tu es fière,1
fille bien qui finit deux plats de riz riz tomate avec 8 morceaux de poulet,2
Les graines de koki eh,1
"Je vais laver bro, ça ne va pas me dépasser",1
Reste alors célibataire pa'a,1
Jusqu'à  ça m'évite beaucoup de maux de tête,1
On avait compris pas besoin de préciser,1
Ekieee toi tu as déjà compris quoi d'autre comme ça?,1
si je ne mangeais pas on allait dire que je me prends la tête,1
un homme valable,1
C'est souvent nécessaire,1
Je t'ai dit que j'étais célibataire? Tu veux l'agenda de ma vie? Respecte moi dion,1
rien oh. Parfois il faut préciser,1
79774380461 tu vois norrr...,1
n'est ce pas hein.,1
on va se gérer entre malhonnêtes nor. Est ce qu'il y a un pb,1
Tu terroristes seulement le sucre dans les smoothie  Tsuippps,1
Ekié donc t'es malhonnête ?,1
"si toi tu as déjà peur de moi, ça me suffit eh",1
avec les malhonnêtes,1
un tueur de lion? Tu n'ignores rien,1
Maffffje ris dans l'eau,1
Père mangeons vivant. Qf je t'encourage.,1
OK,1
Voilà,1
il faut que je te laisse mon testament. Tu vas faire le témoignage à mon deuil si on me tue tu sais tout,1
je vais mourir njoh dans tes histoires un jour,1
Peutêtre qu'on me piège même déjà quelque part,1
bye,1
79203495219 ! 79800198418 te dit bonjour,2
Tu n'as pas dit bye ici ?,1
j'ai fini avec celle là,1
Je n'aime pas les femmes des gens pardon,1
C'est la femme de qui?,1
Tant qu'il n'a pas épousé tu peux arracher eh,1
ekiee accouche mon vieux,1
79203495219 bonjour,2
je sais ? Elle n'a pas dit qu'elle était en couple,1
simpapossibre,1
79996751961 m'a dit quant on lave l'enfant il doit se frotter.,1
Être en couple ne veut pas dire être marié,1
Oui c'est ce que tu m'as dit nor....,1
Voilà alors ta go,1
Estce que tu peux donc supporter les nerfs de ça?,1
tu penses que c'est dans le mariage la qu'on ne peut aussi arracher ?,1
C'est pas ta besti ?,1
Abon???,2
donc tu fais les choses comme ça et tu te plains du célibat ?,1
J'ai une seule bestie dans tout Moscou. Je suis un gars fidèle,1
annnh. Ok,1
Je voulais déjà te taguer,1
Laissez les phrases de la bordelerie. Laisse le couple tu pars te marier,1
Je ne fais pas ça justement.,1
Je n'ai pas encore fini de border,1
Souviens toi du mariage de moustique le charismatique,1
bokdè bokdè,1
Les 2 se cherchaient dehors,1
elle est belle comme nénette  MCI,1
tu vois alors ton comportement,1
Chacun ses problèmes.,1
Tout est vanité,1
Tout sauf ton célibat,1
horrrr j'ai éclaté,1
c'est toi qui est en couple et demande qu'on arrache la go d'un autre This message was edited,1
On va aussi t'arracher comme ça,1
Peutêtre qu'il faut que tu viennes voir mon épouse. Tu as trop les nerfs,1
C'est personnel ca,1
Mon petit j'ai ma petite soeur qui c'est enregistré. Elle est à Bryansk,1
Je suis en couple avec qui? Tu confonds eh,1
certaines ont siégé pour ne jamais me voir en couple bro. Je lui ai déjà dit fatigué que j'ai ma femme,1
donc toi aussi t'es célibataire Ekié,1
Toi aussi avec ta femme invisible la.,1
On te fait l'appel de balle tu ne comprends pas ?,1
C est seulement kongana?,1
tu l'as cherché,1
la chakala,1
c'est plaisant,1
Il ne veut pas ehh,1
Laisse ca. Arrête de te toucher seul. Va chercher un gar,1
Je m'en fous d'elles,1
Il est PD ?,1
si je jouis ça va,1
Nn hien je ne te permet pas de mal parler de la femme  de mon tonton hien,1
Il est en couple,1
regarde alors tes choses,1
Sortez avc ça,1
ça va alors,1
Tu vois alors ta vie?,1
Tonton Makala? This message was edited,1
il a aussi les doigts nor?,1
Je n'ai pas faim,1
Tonton ?  OK. Tente un peu de l'embrasser pour voir,1
vous allez me respecter un jour,1
Avec qui ? Il ment,1
Elle a dit qu'elle bloque facilement,1
Il ne ment malheureusement pas,1
c'est pour encourager quoi ?,1
Tu aimes pleurer einnnnhhhh,1
La jouissance à gogo,1
Laisseles se branler  Man know thy self. L'homme se connait,1
Tu en sais quelque chose apparemment,1
Eeeeeeeeh  mon grand frère toi aussi,1
Jusqu'à l'anglais est sorti,1
fait jouir aussi quelqu'un d'autre. C'est de ca qu'il est question,1
je n'ai pas le cardio,1
Ça cest seulement le mauvais cœur,0
pourtant c'est mon bon cœur qui va me tuer un jour,2
je dois arrêter parce que ton ami Balthazar s'est reposé un peu?,1
C'est son comme ca,1
Moi j'ai pas encore vu ton bon cœur hein,2
Les russesses là te font pleurer !?,1
237652314087 voici mon crush  de ces jours,1
ma personne est déjà venu,1
Moi que je suis fou ?,1
Parceque tu regardes mal,1
Oui oui,1
j'espère seulement que ça va s'arrêter là,1
Ce sont de très bonnes épouses pour vous,2
on doit seulement regarder comment ? Dans le miroir ?,1
Mets les lunettes de soleil,1
ta maire,1
Tu nous fuis,1
sur ta paire,1
Net!,1
Ikiiii,1
pour voir ton cœur... Ouiii mama,1
Je respecte,1
tellement il est éblouissant,1
Que j'ai encore qui à part vous en Russie !?,1
ne m'embrouille pas. Je veux aussi  voir le bon côté de ton cœur,2
Anti  Woukouuuuu mama,1
L'affaire que vous parlez bcp trop avec les femmes des autres dans le groupe là. Suis pas trop dedans. Bye,1
Je sais ? Peutêtre un russe ou un congolais t'a déjà emballé,1
Tu refuses de mettre les lunettes,1
ah tu doutes eh,1
dit moi bro. Qui est la femme de qui ?,1
ils sont où ? Je ne les vois pas,1
Toi en question,1
On met les lunettes comment ?,1
Je suis Thomas,1
Tu as un sérieux PB,1
Donc les congolais arrachent vos femmes ?,1
même ça on doit t'apprendre ?,1
Ce n'est pas bon,2
Ah... Est ce qu'on les voit souvent ? On entend seulement que tel est en couple avec un congolais,1
Je suis dépassée eh,1
Et les nigérians?,1
"On te schématise, que ooh à part vous j'ai qui",1
C'est vous qui vous faites arracher.,1
Oui vient m'apprendre,1
"si vous n'avez pas le courage de draguer, elles vont faire comment ?",1
Si vous êtes bien avec nous,2
C'est ta part la bas hein,1
dors la carte,1
On vous drague vous nous tournez,1
Vous ne parlez pas bien et vous aimez les faux rdv,2
Donc jusque là on n'a pas été assez bien,2
Niet vous ne savez pas mettre les lunettes,1
Tout ça pour finir ib,1
Je t'averti déjà que les retours de ces gens sont toujours un genre. Mieux un congolais qu'eux,1
Voilà un mariage déjà enregistré de ce côté là,1
Faux Rdv c'est à dire ?,1
Il faut que je vérifie quelque chose sur un congolais on ne sait jamais,1
Jamais moi je bloque slm  le désordre s arrête dans le groupe.,1
tsuip,1
Demande à 79996751961,1
Tu es aigrie ces jours euinnn... Plus tu es célibataire plus tu deviens méchant  This message was edited,1
j'accepte et mon cœur reste fermé,1
à chacun son expérience. Tous ne sont pas comme ça c'est un fait. Mais...,1
Nohooo,1
Go vérifier tu nous donne le rapport  peutêtre mon bonheur est caché làbas,2
Ekié. Pardon 79996751961 on te demande deja,1
Mais??,1
Tsuip  Je te demande tu m'envois chez un autre garçon avec les noyaux comme moi pour que je demande .,1
"Ne reviens pas avec l'acte de naissance, espace vide à la place du nom du père",1
il a fait comment pour être en couple?,1
Même leur bonjour est fécond ?,2
Ça cuit souvent. Surtout apres les enfants,1
donc c'est maintenant comme ca,1
Wait and see,1
Tu suis sa bouche ?,1
Laisse l'enfant là dans sa farce bro. Elles sont très belles pour nous This message was edited,1
C'est mon besti eh je suis bien placée pour savoir,2
On parle de toi c'est toi qui parle de vrai et de faux rdv,1
Tu blagues,1
Suis curieuse laaaa,1
Chacun son expérience.,1
et lui sait de quoi je parle,1
Justement. C'est toi qui veut généraliser,1
Ne gâte pas mon marché ici. Tu m'as donné une femme?,1
Je capture seulement,1
ok,1
tu veux l'enfant ?,1
Tu rendras compte,1
Ne l'écoute pas vieux,1
Oui oui,1
C'est toujours une bénédiction,1
Похуй,1
79996751961 faut expliquer  apparemment tu as des choses à me dire,1
Vous parlez de koï d'épuis,1
De ta femme,1
"Quand une chose arrive, 1,2,3... N fois dans une communauté, y'a récurrence.",1
Mais mon bonheur peut sortir làbas  le reste je ne gère pas,2
Ekié vite comme ça?,1
parfois non hein This message was edited,1
Vas au champ avc ça didonc,1
Pour toi,1
De faux et vrai rdv. Tu dois m'expliquer ce que cela signifie This message was edited,1
warrrr bro. You di tchop maîtrise,1
Je n'ai jamais eu un RDV ici frère. Peutêtre au pays,1
J'ai dit quoi? Chacun son expérience. Si ta ton petit Niger que tu veux kotopi faut ta chose oklm,1
je t'ai déjà dit que le plus important c'est la jouissance,1
Les filles te Moscou scannent spirituellement ta capacité financière avant d'accepter un date,1
ekieu,1
4 ans déjà sans faire mimi à une fille,1
avec quelqu'un,1
Merde kombi,1
Woukouuuuu.,1
Le plus important c'est la santé,1
c'est mieux,1
79800198418  bonjour,2
Bonjour 79203495219 ça va très bien  et toi ?,2
Ouais je vais bien,2
Ça veut dire que la nuit à été et que ta journée se passe bien,2
ce n'est pas le plus important,1
Le capital du jongleur,1
Je viens même de me réveiller,1
Tu vois alors. Est ce que c'est bien ?,2
Ikiii  la grâce matinée  t'es bien hein,2
évitons les maux de tête gratuitement,1
Ça donne aussi les maux de tête ?,1
Ekié,1
Et tu connais le pourquoi je fais ça donc parle slm,1
côtoyer quelqu'un d'autre oui,1
je ne connais rien en tout cas. soit tranquille ma grandmère,1
Ekié  donc t'as pas d'amis ?,1
Yaoundé Douala Moscou aujourd'hui 23kilos disponible,1
"ceux là, tu peux les bloquer tous les jours sans pb",1
"Ok, dès que le délai d'inscription à la bourse passe, je vais envoyer la liste à la personne qui gère ça à МИСиС",1
"Merde là là là que j'ai seulement tourné le dos, il 2y'a déjà 220 messages  donc vous avez à dire comme ça?",1
Moi même je respecte seulement.,1
La folie,1
Massaaaa,1
Tout ça c'est parce qu'on est célibataire,1
Le screenshot c'est alors pourquoi non ma chère?,1
Vous avez trop parlé en mon absence  This message was edited,1
Pardon ne fier pas je suis le derniers rempart de quelqu'un elle crois tellement en se que je vais lui dire,1
Oui oui jai vu un étudiant arabe en pharmacie plus de 40 ans jétais tétanisé,1
Pardon les autres données vos avis sur tout ceux qui sont en médecine,1
"Le pb cest le cardio , si tu nas pas le cardio tu ne pourras et il doit vraiment bosser 4 fois plus",1
Pour ceci elle m'a dit être prête,1
Lol c'est parce que tu nous a manqué,1
"Si elle est prête, qu'elle postule seulement, si l'Université accepte c'est une bonne chose, sinon, ce n'est rien, si tu dois lui dire une invitation, tu peux directement t'adresser à l'Université et ils pourront te dire si la candidature de la fille est intéressante",2
Bonsoir,2
"Généralement le site n'est pas actualisé, même en ce qui concerne le VNJ. Dès que la date à laquelle ils sont demandé de passer est arrivée, tu peux te rendre sur place",1
Merci,2
"Elle doit avoir une vision claire de sa vie, de ce quelle veut exactement. Si elle se voit faire ce chemin de 7 ans plus 25 ans de spécialisation alors pourquoi pas? Si elle a déjà une source de revenu, quelquun pour lépauler financièrement, une famille et que son rêve cest de devenir médecin alors cest faisable mais si elle veut faire ça avant de finir se chercher, et fonder une famille alors cest un choix un peu questionable",1
Bonsoir sil vous plaît je suis à la recherche dune université à Moscou qui fait encore les invitations padfack,2
"Bonjour 1000 000f disponible au pays, besoin du rouble",2
"79013886871 apparemment le weekend a bien commencé, ton b a les atouts que ton ex",2
C'est ton sticker préféré Einhhhhhh.,1
Qui a dit ça?,1
"Bonjour, bien dormi?",2
"Tu es très sereine et bcp concentrée. En tout cas, moi j'aime pas",1
Bien et toi même ?,2
Alhamdoulilah tout va bien,2
Cool,1
et le samedi,1
Je profite pour me reposer,1
Ekié. Tes musulman ?,1
nous on se repose chaque jour. No work in Moscow!,1
Je fais dans tsou bro,1
Tu vois ta vie ?,1
Normal,1
c'est mélangé comme les smoothie,1
En tsou cas! Mbattez vous euinn! On a trop donné! Chacun sait où il va,1
International online olympiad INGENIUM,1
Y'ah doctorat bro?,1
"Oui, si tu choisis un programme de doctorat de МИСиС et tu mets en première position parmis les universités, tu remplie aussi le formulaire que j'ai send. Je vais envoyer la liste",1
"bonjour, besoin de 25500 fcfa je donne 4000r",2
Slt,1
On ne donne pas,1
Est ce que tu sais que le taux google est different du taux de change interne la banque RUSSE.,1
Tu as la rage hein madame,1
Même si c'est différent de la banque mondiale. Mon gars a déjà dit taux Google. Point final,1
J'ai confiance,1
With all due respect,1
Je t'informais juste pour que tu knows. Mais comme nous on aime toujours être sur la defensive. Tu as cru que je te provoquais voila,1
Le meilleur taux c'est le taux youtube,2
c'est bon à moi,2
Merci,2
"C'est toi le gagnant dans l'histoire eh donc tu n'aides personne avec ton FCFA là. Lui il peut envoyer son rouble à taux Google partout, mais toi tu ne peux pas recevoir ton FCFA à taux Google partout",1
Ngue je peux demander les frais supplémentaires pour le FCFA que j'ai.,1
Au final ceux qui font les transferts d'argent sur quoi vous vous basez pour fixer la valeur de 1 Rouble parce que vous ne vous appuyez pas sur Google ni sur les banques. du coup sur quoi vous vous appuyez ? Ou alors c'est juste le hasard et à votre ressentijuste pour savoir .,1
Et aussi c'est toi qui est dans le besoin eh,1
Cet esprit ne nous avance pas,1
Ah bon donc la personne qui veut le fcfa est dans lexcès?,2
C'est toi qui a dit que tu peux demander les frais supplémentaires pour vendre ton CFA nor,1
Pas dans l'urgence en tout cas,1
Ils s'appuient sur le taux des banques et ajoutent leurs frais car tout travail mérite un salaire,1
Même à Orange les frais d'envois différent des frais de retrait,1
Les gens qui bavards beaucoup la te perdent le temps. Ils veulent t'embrouiller. Celui qui aura besoin va te ib simplement comme d'habitude. Arrêt d'expliquer les choses ici frère,1
Cétait une réponse à son message,1
Oweeee ooooo,1
Gars tout le monde a besoin du CFA mais tout le monde demande le rouble,1
"1 rouble c'est 15 francs chez moi. Meme si tu veux, transfered 100000000000 vient",1
Mola quand tu es dans le besoin demande et on te propose des variantes.,1
Qui a besoin?,1
Toi alors regarde meme ton l'huile est fini,1
Déjà seulement s'appuyer sur le taux de la banque la personne est déjà gagnante à tous les coups. maintenant les frais supplémentaires qui sont ajoutés c'est pourquoi ?? ah c'est le salaire en fait ok  j'ai compris,1
C'est mon l'huile frère et c'est son milion on va faire comment,1
Tu te vends moins cher on t'achète moins cher.,1
Je veux pas trop tirer long,1
"Actuellement en Russie, celui qui a le FCFA est plus dans le besoin que celui qui a le rouble. Celui qui a le rouble a la possibilité de prendre des commissions. Celui qui a le rouble et qui fait une transaction au taux Google aide en quelque sorte la personne qui a le CFA. C'est malheureusement la réalité",1
1 rouble a 100 fcfa?,1
Tu as quand meme raison mon petit. Pcq,1
Le rapport ?,1
Je prends mon temps pour éclaircir  ce sujet parceque cest une gangrène,1
Toi meme depuis la tu ecris bocou. Tu n'as pas compris qu'on te provoque?,1
"Fais maintenant une statistique des personnes qui ont besoin du FCFA et tu compare avec ceux qui ont besoin du rouble, tu comprendras pourquoi ceux qui ont le rouble on l'avantage et peuvent justement se dire qu'ils aident ceux qui ont le FCFA en acceptant le taux Google",1
Le big ci est un taquineur massaaaa,1
Mon frère je fais les transactions constamment jai pas besoin de trop débattre,1
D'accord champion  moi j'ai seulement donné mon point de vue,1
Mais tu debats quand même,1
null,1
Vous ne voulez pas voir vos enfants grandir,1
Wanda,1
La pleureuse internationale,1
C'est la tradition,1
Vraiment,1
Tu sais qu'on paye des gens pour cela ?,1
Tu as déjà réfléchi de qui viendra ton Kdo de la St Valentin?,1
Tj gagnes donc combien ?,2
79013886871 question valable pour toi,1
Non oooohh,1
Bizarrement ça te ressemble,1
Elle même ne peuvent pas donner ?,1
Oui,1
la chicheté n'est pas bien hein,2
Ki alors ?,1
Il sort d'où comme ça ?,1
"Si la femme te donne comme tu lui donnes, faut savoir que ta vie ne sera plus longue",1
. Pas faux,1
Les femmes offrent plus de cadeaux à leur homme,1
C'est faux,1
dans quel monde ?,1
Le monde actuel,1
Toi t'as déjà offert un cadeau à ton Gar ?,1
Tu mens comme tu respires,1
À par le bermuda ?,1
Biensûr tout le temps,2
Tsuip,1
Je te dis,1
le parfum assalamualaikum,1
79800198418 elle est en couple. On doit la laisser ici seule. Elle nous distrait,1
Jamais,1
Oui,1
C'était à l'époque,1
Avec qui?,1
Chez mon bon grand,2
Merde. Elle ne passe plus sur le marché  et elle ne nous le dit pas ?,1
devient ma femme je veux aussi profiter,1
Ton bon grand vie seulement ou norh mama,2
Avc ton gars nor,1
Tous les hommes de ce groupe sont en couple.,1
Ta vie donne comme tu veux jang,1
"stp demande à Impe,..",1
Même mon ami79859749817 ?,1
Moi même je n'ai pas cette information,1
? Même moi ?,1
Avec qui mama ?,1
Ce n'est écrit sur le front de personne,1
Oui oui,1
Balle perdue sur moi mainnant,0
Oui oui,1
Pardon hein. Libre comme le vent. Ne me met pas les relations sur le corps,1
Je ne sais pas qui a blessé la fille là,1
Mieux elle dit qu'elle est a la recherche d'un homme les célibataires vont se déclarer...,1
Et apres elle fait son choix,1
elle a honte ou peutêtre son ex est ici,1
Voilà. C'est même ça la vrai question,1
Il y'a un jeune camerounais libre en Russie ? J'y crois pas,1
Tu mens,1
votre cadeau favoris,1
Votre avec qui?,1
Il a trop les nerfs,1
Les filles,1
Sa existe ma cherie. C'est Juste que tu tombes pas sur des bons,2
Tu veux gâter son marché!?,1
Ah. Je suis un boy eh,1
Je m'excuse grand,1
Euy,1
Je peux aussi parler comme ça alors que tu connais tout ces couloirs hein,1
Je me suis excusé nor?,1
Ahh,1
"As of 1 January 2025, the new regulation of SIM card circulation",1
Nouvel procédure pour acheter une Sim card,1
C'est seulement pour l'obtention de la SIM où autre chose?,1
Jespère que asecam est bien représente,2
"Aujourd'hui, l'accord entre la Russie et la Biélorussie sur la reconnaissance mutuelle des visas, signé en juin 2020, est enfin entrée en vigueur !",1
Heureux ménage chérie,1
"Owoooo , demain que said dedans",1
Hello  Guys,1
Bonjour  les gars,2
Enfin tous les hommes de ce groupe dorment,1
Euillll Modibo!!!!,1
Tu feras les cauchemars Einhhhhhh,1
C'est ma photo que tu critiques comme ça?,1
Ekié,1
Ça c'est Pas la reincarnation de quelqu'un ?,1
Je me pose la même question,1
"Ne m'affichez pas, ma photo ci c'est ma plus belle",1
Tu fais encore quoi debout ?,1
C'est trop,1
Je t'attendais. Allons dodo,1
Allonsy,1
Oui vient Allonsy,1
Hummm vous allez faire ?,1
Oui,1
"C'est quel verbe ça,,?",1
Tu as peur du verbe faire?  il te fait penser à quoi?,1
Faites bien hein,2
Surtout que les jumeaux vont entrer,1
Tu dois aimer faire hein,1
À rien ooooooo je posais seulement la question,1
Oui oui,1
Lol ok les adeptes de Balthazar,1
"Faire même quoi eeeeeeh,,,?",1
Là où les jumeaux entrent là,1
merde,1
0000,1
Sleep,1
I have not sommeil,1
Va voir ton Gar,1
On a le même gars  donc c'est interdit,1
La personne qui veux me suivre entre le match entre réal de Madrid et Barcelone m'appelle,1
Le plus fort gagne,1
Le Barça va gagner,1
interdit comment alors que vous avez le même gar,1
On ne comprends pas bien,2
"Le réal, la maison blanche va gagner",1
J'ai bien dit le plus fort gagne,2
Nous Allons vivre en direct,1
Tous ensemble,1
ok,1
Où,1
"Envoie l'adresse, mon ticket 1xbet vient d'entrer",1
T'inquiète,1
Ekiee  le cœur sur le coup de rein là c'est pourkoi?,1
Vous ne dormez pas?,1
Prend seulement,1
Nous Allons gérer plus tard,1
Arrêté le por..o allé dodo This message was edited,1
On mange déjà trois fois par jour?,1
Tu n'es plus parti faire ?,1
merde donc tu étais la en sous marin,1
"Besto, achète le eru à ton ami, je peux supprimer une cousine pour te donner une place dans le famille",1
je ne suis pas scammer oh,1
Tchieee ne gâte pas ton nom,1
1000r le plat ehh,1
"Il faut manger pour évaluer , elle ne peut pas fixer ce prix pour rien je crois",1
C'est la ration d'une semaine bro,1
"issouklou, ke bro",1
"gère moi Dion, je suis en crise de la janviose",1
Xa ne te gère pas seul ohh,1
toute ta vie d'abord c'est la janviose,1
"Jusqu'à tu amènes quelqu'un manger, tu lui dis son montant en route",1
je ne dois pas aller laver les assiettes làbas,1
C est tres couteux?,1
Pour moi,1
"Quand tu  tchop avec ts les obstacles dedans , tu crois tt cela sors d ou frangin",1
Je n'ai pas encore mangé comme ça oh,1
Le eru au pays si nespas,1
500f le plat nor,1
Vous savez mm quil est bientôt  4h? Vous ne dormez pas? This message was edited,2
Ne Mets donc pas Les commentaires un peu bizare,1
On love,1
J'ai parlé pour moi oh,1
Massa,1
La personne qui veut payer va payer,1
Cool,1
A ngaoundere,1
Bafia,1
4h6,1
Allons gérer notre chéri ma petite princesse,1
Ouala,1
Vous partagez un chéri à deux ou bien,2
Tu as quel pb ?,1
Va dormir,1
Non j'ai le goumin.,1
Viens ib je te traité en une tiece,1
gratuit ou payant? Avc quel remède d'abord ?,1
On dit ke pour tuer la l'alcool il faut l'alcool,1
This message was deleted,1
Poutouloutesque,1
Va plus loin et tu saura,1
Ni bôme François ni poutoulou,1
Fille soumise alors? This message was edited,1
Tu n'ignore rien ooo,1
Si 79013886871 dit va je va,1
D'accord.,1
Observons,1
vous avez déjà fait vos cartes d'électeurs?,1
Salut chère tous.,1
Tu parles bien,2
Vous pouvez tout faire dans ce pays mais ne vous essayez jamais dans de faux reçu,1
Il a escroqué quelquun?,1
Humm,1
"Avant de faire le faux dans ce pays , soyez sage .",1
Vous imaginez que reçu est un faux reçu orchestré par un de nos frère,1
"Maintenant que la police et la banque sont sur le dossier pour faux et usa de faux , je pense que cela serviras de leçon au imposteur .",1
Les gars cherchent vraiment á salir le nom du Cameroun icic hein...,1
Reçu avec les fautes d'orthographes partout en plus. Meme pour tricher il faut etre un peut intélligent.,1
Ah cest mieux ainsi. Les gar abusent.,1
Voilà la tête gar,1
C'est très bien. Un m'a fait ça à Elista mais c'était un ivoirien j'ai détecté le faux reçu les bons Mr on remboursés 50k sur les 60k que j'avais avancé quand j'ai commencé à faire le bruit tout ça avec la complicité d'un camerounais un certain Stéphane les gars sont très méchant ici là chance qu'ils ont eu est que j'avais l'enfant de moins de 2 mois en mains j'aurai pris le train pour làbas ils devaient rembourser tous les 60k,2
"confiance, tu ne ris pas",1
N'ayez même pas pitié de ces gens ils sont bien méchant l'argent de quelqu'un qu'on avait envoyé pour que j'aide à faire u'e invitation à failli calé sur mon cou si je ne sortais pas les yeux,2
Ehhh faut même pas rire avec ces gens je t'assure en plus de ça le gars avait demandé une commission ce n'était même pas gratuit et la fille qui voulait faire l'invitation de son petit avait envoyé la commission qu'il demandait,1
Mais ça n'a pas empêché que les gars essaient de gonfler l'argent de la pension qu'on avait envoyé tout ça parcque les gars disent que làbas on paye sur place à l'école sinon j'aurai demandé la quittance et j'aurai payé moi meme,1
Et ici quand c'est déjà à la police il n'y a plus d'arrangement à l' amiable  ils vont vous dire que fallait arranger à l'amiable fallait pas venir ici. Si 10 font la prison pour ça et que leur collègues sont au courent ils vont sciencer,1
Faire le faux en Russie... vous avez le Coeur hein... Mieux Nkondengui,1
Si quelquun te dit  fallait régler à lamiable  envoie son message dans le groupe.,1
Moi j'en ai déjà,1
Bonsoir svp qui à déjà fait sa carte délecteur à lambassade ? Jaimerai avoir plus amples informations concernant les documents quon demande.,2
On demande ton passeport et ta carte consulaire,1
"Merci et dans le cas où tu nas pas la carte consulaire , ça coûte combien pr en établir une  svp?",2
3750r,1
Faisons une pétition pour qu'on réduit le prix du papier consulaire.on ce la nouvelle lois de finances?,1
Mince que la police n'ai pas pitié de lui. Chacune à déjà payé son lourd tribut à cause du faux que les gars la font et mettent les enfants des gens dedans,1
C'est quitter de 1875r a 3750roubles et on te donne un papier.,1
On t'a même donné le papier j'ai fait sa on ne m'a jamais donné bientôt on va me dire que c'est expiré,2
Déjà? non mais c'est exagéré quand même il ya quelques mois c'était 1800,1
C'est faux même a vue d'œil,1
C'est qui comme ça ?,1
Cberbank peut lui porter plainte et il go en prison au calme,1
"À cause des faux bandits comme celuici, on doit penser à mettre sur pied un institut de banditisme .",1
Pour combien est ce qui me tue le plus,2
"Il est tellement bête , il met MVD en plus , même sil est marié avec la fille de poutine il va subir",1
"Il a attaqué les institutions fortes. Quand Dieu veut te perdre, il te rend d'abord fou",1
Besoin de 5 personnes pour enlever la neige sur les tombes salaire journalier 5000 roubles si tu as peur faut pas me contacter,1
Je te facture ce stickers à 300rouble. 4 garages,1
C'est où et on travaille de quelle heures à quelle heures,1
18h à 22h,1
C'est trop beau d'heures de travail,1
Hummm mince  merci,2
Donc ça a une date dexpiration !?,1
3ans,1
Sûrement ils ont augmenté ça pour freiner ceux qui veulent faire leurs cartes délecteurs au niveau de la diaspora,1
Humm ça alors,1
C'est obligatoire quand tu pars faire le passeport donc veux ou veux tu vas faire,1
"Mince je vais seulement faire , je vais voter cette année Dieu voulant",1
3750  10 000 roubles de certifications de documents  Cameroun donc soit 70 000 fcfa  14 000p,1
Je dis les postes de police ont fermé?,1
Je ne sais pas si vous avez aussi vu ceci,1
This message was deleted,1
D'accord.,1
Est ce que moi je sais,1
Besoin  Urgent actuellement d' un soldat pour un petit boulot facile,1
Avant 12 heures chef ?,1
Close,1
Cest pas un pays ?,1
Bonsoir,2
Combien de kg?,2
Tu as?,1
Les truc d Awara à la poste centrale,1
bonsoir qui vend les bâtons?,2
79203495219,1
Je vend le manioc,1
237652314087,1
C'est arrivé quand?,1
"79013886871  quand je vois ton nom, ça me fait rire!",1
Elle a le bâton ?,1
Elle a tout,1
Tu vends comment ?,1
Je veux,1
79203495219 pardon viens,1
je veux mais qui va préparer,1
Tu as vu mon nom où ?,1
1000 rouble le kilo,1
C'est en Russie ??,1
Bonsoir grande sœur,2
Le kg à combien?t'es où ?,2
D'accord bonsoir,2
79996751961  tu lui dis que je vend le bâton pourquoi ??,1
Il te cherchait slmn,1
This message was deleted,1
On peu manger ça avec quoi ici svp,1
Ah ça !!,1
Pardon,1
Le kg à combien ?,2
Tu vends le bâton ?,1
Eeeehhhh saignairrrrrr  mon autre goût,1
Vient ib,1
Non boss,1
Il ya les âmes sensibles,1
annnh ok This message was edited,1
Au MVD,1
Et ce n'est pas faut,1
Cest déjà finis? Pardon pitié des gars qui ne know pas cook,1
c'est déjà fini ?,1
Tu aimes trop attaquer toi la,1
ekiee tu fais koï dans nos affaires,1
Hein???,1
??,1
Mange avec les oeufs,1
Pas mal merci,2
Ton nom n'est pas là bas?,1
Je ne sais pas,1
Poulet KFC,1
massa,1
Oui,1
En vrai,1
Tu n'as pas pensé à 79998757680 pourquoi,1
Tu tennuies ??,1
Pourquoi tu m'utilises pour faire ta conversation ?,1
Suis choquée,1
Gomcu yvan!,1
Hbd les gars,1
Départ confirmé,1
Tu sais que c'est pas possible,1
je plaide pour ta cause,1
Gomcu yvan!,1
C'est plus le 14,1
Nous sommes le 15,1
et cest la faute à qui?,1
Parceque moi qui?,1
Attendez cest lhomme que je vois sur la vidéo là qui cuisine tout ça ??,1
"Joyeux anniversaire, SALIMA Dave Cyrille !",1
Merci beaucoup,2
Il y'a quoi là bas,1
"Joyeux anniversaire, SALIMA Dave Cyrille !",1
Oui  oui ma chérie. Je suis dabord un cordons bleu à la basse,1
Normal. Ta mère ton univers. Donc elle ta tt appris,1
C'est ton gars cheveux noir qui prend la tangente sur la vidéo là comme ça?,1
Vraiment tous ses secrets,1
tu ne me laisse pas?,1
Waah mama,1
Merci Beaucoup Président,2
Thanks a million to you Eva,1
Merci infiniment,2
Bonjour à tous svp il y'a encore les établissements ici qui font les invitations ?,2
Ville?,1
Moscou si possible et si tu as un autre proposition ça me fera plaisir chef,1
Kirov et saratov,1
Comment faire pour vérifier chef ?,1
Demande le document orignal déjà  si tu ne las parce que la cest le scan ! Cest sensé être une invitation électronique ! Et avec ça tu peux  écrire à lambassade de la Russie au cameroun  avec une boîte email russe Yandex  et tu leur fais comprendre que tu as reçu une invitation et tu aimerais savoir si tu peux déjà passé pour faire la demande de visa ! Ils pourront vérifier et te dire,1
Voici leur adresse email consrussecammid.ru,1
La personne est allé et on a refusé de donner le visa,1
Est aller avec le scan là?,1
Ou loriginal ?,1
Effectivement il y'a pas svt le nom,1
Waaa mes frères sont décidés à salir limage du pays ici en Russie,1
Ni le numéro de passeport cest souvent les deux ou trois derniers chiffres,1
Dans ce cas !! This message was edited,1
Il ya le numéro de passeport mais il y a pas de nom,1
L'invitation n'est pas claire bro.,1
Le document la est truqué,1
Justement,1
Le fichier pdf,1
Il ya le nom du demandeur. Je ne comprends pas de quel nom tu parles,1
Chez moi toutes les informations y était,1
This message was deleted,1
null,1
Il veut dire que sur l'invitation on ne met pas souvent le nom on met juste ton numéro se serie d'invitation ta date de naissance et ton numéro de passeport et d'autres informations la,1
Voilà un exemple,1
Le moyen le plus facile c'est de contacter l'université,1
Oui c'est ça en fait,1
Bref ça dépend hein,1
Mais parfois il ya le nom,1
Контакты,1
Peutêtre avant...,1
Voilà le nom,1
null,1
Voilà les récentes,1
Ma part est plus récent et on a mis le nom.,1
null,1
C'est mieux de contacter l'université en vrai.,1
Il ya plusieurs immigration qui mettent le nom,1
"Oui ça dépend soit du service d'immigration, soit de la ville",1
null,1
"Celui qui a fait la procédure la, pourquoi il n'a pas mis la boîte email du demandeur pour que celui ci puisse recevoir directement sa lettre d'invitation de l'université ?",1
Mes frères Camerounais,1
toi aussi tu as les questions euinn,1
Bonsoir y auraitil une personne qui rentre bientôt ?,2
Jaimerais envoyer un petit colis.,1
"Il existe un service en ligne de vérification dinvitations délivrés par la Russie. Je nai jamais utilisé, ceux qui ont des invitations peuvent le faire. This message was edited",1
5 000.000 fcfa au CMR  besoin du rouble,1
Venez me tromper,1
Tu vas dabord expliquer doù ça sort,1
Le grand ci et le chiffre,1
J'ai payé les taxes de ça,1
Pardon partager vous la somme la envoyé moi le rouble,1
330к le porteur est capricieux,1
"Mince, fais moi mal",1
About Aflourish,1
Svp il ya une école qui fait dans la transformation du bois a Moscou si oui lequel bref une école qui fais dans le bois,1
Estceque c'est parce qu'un candidat a accusé un refus à l'ambassade que son invitation est forcément fausse???,1
Good evening from Novosibirsk State Technical University NETI!,1
СанктПетербургский горный университет императрицы Екатерины II приглашает  обучающихся старших классов иностранных образовательных организаций к участию в олимпиаде школьников Гранит науки.,1
Bonjour Qui vend les bâton ?,2
Il me reste 2 bâtons  je vend à 399r les 2,1
Donne moi ça,1
Je prends,1
Même comme le 99 la où ça cherche quoi sur le 300 la ohh,1
Je voulais 5batons au moins,1
Donne alors 400 une fois,1
Audrey donc c'est même toi,1
Bsr à vous,1
Vue sur le net,1
C confirmé ?,1
Lhôtel,1
Ou hôpital,1
Je crois que cest lui qui était à lambassade récemment il ya 3 jours,1
"Oui c'est confirmé. C'est un ancien camarade, un de ses amis vient de me le confirmer",1
C'est toujours ça comme ça là?,1
Marina Russie.vcf file attached,1
Hummm,1
Tu fais dans tout?,1
on va faire comment ?,1
Hum moi je Wanda seulement,1
Moi aussi,1
"28k with all billslight, water   included  caution 28k",1
Chambre à louer pour garçon. 810 mins du Metro Annino en bus.,1
Intéressés écrivez à ce numéro 7 991 7543562,1
Ням ням,1
J'ai un baton je vend aux enchères,1
J'ai 10,1
Bonsoir Svp besoin dune bonne carte virtuelle de,2
10 r une fois..... qui dit mieux,1
De quoi grand?,1
Bonsoir y auraitil une personne qui rentre bientôt ?,2
Un ancien en Russie ibeg,1
Jaimerais envoyer un petit colis.,1
79998631995,1
This message was deleted,1
Pour payement à létranger,1
"Bonsoir à tous , ya til une personne qui est au pays actuellement et revient sur Moscou dici la fin du mois ? Besoin urgent de faire monter une valise",2
Tu as fini avec ooo,1
c'est le boy qui entre dans le trou la que je veux le connaître,1
Bonsoir à tous et merci pour l'ajout,2
"Joyeux anniversaire, Amina Gbayafou!",1
"Joyeux anniversaire, Kombo Reine diffo!",1
Merci,2
C'est dans le groupe que j'apprends l'anniversaire de ma cousine même père même mère comment,1
"79203495219 heureux jour de naissance, tous mes vœux de longévité, de santé et de joie  This message was edited",1
Ekié c'est ton anniversaire mama,1
Tu es Virgile bro?,1
Merci chéri,2
Ouais,1
Joyeux anniversaire à toi ooh surtout santé et que Dieu te  bénisse dans ce que tu entreprendras durant cette nouvelle année .,1
Je regarde PH,1
Thank you,1
Je t'en prie,1
Didier tu écris quoi va dodo,1
"Le jour de son anniversaire, je lui donne 50k, quand ma part arrive. Elle met en statut un prince est né",1
Je ne mange pas encore 3 fois par jour,1
Ou sont les 50k là ?,1
Happy birthday,1
Merci,2
"Femme qui n'est pas romantique, quand tu vois tu sais",1
demande à mon gar il va te dire,1
Est ce qu'il peut dire le contraire ? Si non lui même il connaît les retombés,1
mekdeu ton anniversaire est fini?,1
Donc tu trompes ton bestie?,1
"non eh, il est honnête",1
Rendezvous en 2028,1
C'est pas à toi de le dire mais à nous d'en juger,1
Elle va punir l'enfant d'autrui mm trois jours,1
okiiii  on est ici. Ke ton couple là dure seulement,1
Je parle pour nous 2,1
donc c'est comme ça que tu me vois ?,1
Attends je t'envoie mes achievements de l'année 2024 en ib. Je viens de finir mon bilan,1
werrr je te dis bro. Tu vois le genre de punition ou la personne se couche à côté de toi  en tenu d'eve mais tente de la toucher,1
Eweeeeee,1
mafffffff ehh. Tu vois ta vie nor.,1
I'm waiting,1
C'est la bénédiction faut dire amen,1
Les choses sataniques là ne me concernent pas je me déshabille uniquement pour me laver,1
Surtout quand tu imagines que tu rates un potentiel comme pour ma bestie,1
"En tout cas, quand je vais me mettre en couple, ça va durer",1
Imbécile con ehh tu parles de quoi?,1
moi je te connais pas,1
N'est ce pas.,1
Ooooor comment tu mets encore quand  This message was edited,1
je dois utiliser quoi?,1
Gar vient me dire. Donc c'est une bibongèle ?,2
Bibongele c'est quoi?,2
This message was deleted,1
Dieu a dit allez et multipliez vous.,1
Tu es con eh,1
79996751961 vas dormir,1
Après seulement,1
Pain beurre chocolat,1
Ah. Le chocolat fait mal aux dents,1
Mama ehh  weeeer,1
Après quoi ?,1
Laisse nous ça. Ce ne sont pas tes dents.,1
Bro ya pas de pp je ne comprenais pas. Mais maintenant tu m'as éveillé. Je sais maintenant de quoi il est question,1
"Jusqu'à elle est sérieuse  Tsuippps 345jours365 au bars, 20h à l'école, 380 jours sur Facebook Etc",1
Estce que je mange déjà 3 fois par jour CME toi mah?,1
Ekié  C'est le programme d'un être humain ça ?,1
L'école,1
Bilan de l'année 2024. Ma vie c'est l'embouteillage,1
j'espère que tu rends visite à un dentiste au moins une fois par an,1
ok,1
du courage mama,1
Sans oublier tiktok et combien de jours dans les ib des go?,2
Le genre de forme bibongèle que j'ai vue la. Mieux je m'abonne déjà à un dentiste alors.,2
peutêtre le bilan de 2024 doit s'étendre sur 2ans. Les jours sont peu que ce que j'ai fait,1
ne me rends plus jaloux. C'est ma bestie,1
Tout ça c'est le manque de sommeil mon frère,1
épouse la alors didon,1
Tu vas me gâter mon mariage un jour,1
Merde,1
Rendezvous en 2028 eh,1
C'est toujours bien,2
Le célibat va bien vous montrer dans ce pays . Chance pour nous... Dieu nous aime qu'il a envoyé ses filles afin que...,2
il faut dormir,1
Nous,1
"Wilfried est quandmême timide. Il bavarde qu'ici! Si tu te mets devant lui, il va s'excuser pour tout ce qu'il écrit ici",1
mais tu n'es pas contre sa jalousie.,1
Avec raison. On se marie le même jour  soit ensemble soit à deux,1
je ne prends pas le risque quand même,1
Oui je l'avoue,1
je contrôle son téléphone et sa connexion qu'il achète avec son argent ??,1
le plus important c'est qu'on se marie nor,1
eweeeeee donc le suis le doigt entre l'écorce et l'arbre alors,1
Il sait où on s'est tamponné. Je blague pas. Il a laissé une Camerounaise à un cheveux noir,1
Les gars laissez moi,1
la ou on m'a déjà averti qu'elle donne le mal de dents là,1
Je pars emballer le Kdo de 79203495219,1
Je sais mama ?  Je suis entre vous 2?,1
"pardon eh, ne fais pas on me déteste encore plus",1
Ekié bro,1
Euill'  mieux un lâche vivant qu'un héros mort,0
le Chocolat eh. Ou bien tu es cannibal ?,2
Qui te déteste d'abord ?  qui peut ?,1
"en tout cas, mon nigérian mon combat",1
"prends une où tu es, valide mon code promo ça paie. La vie est simple! This message was edited",1
Est ce qu'on conseil une femme amoureuse ?,1
la paix est bien,2
Tsuip.,1
Tout ça à cause des bêtises de 79996751961,1
N'est ce pas tu es le pain beurre au chocolat jusqu'à tu crâne,1
Elle est amoureuse de qui? J'espère que c est pas moi. Tsuippps,1
salaupard pauvre comme ça This message was edited,1
Ekié pourquoi tu fais ca,1
Jamais c'est comme conseiller un nouveau riche ou un joueur de 1xbet This message was edited,1
il faut me dire oh,1
Voilà tu as tout compris,1
qui papa ?? Le gar là te trompe eh. Si tu suis sa bouche tu auras honte un jour,1
Un pauvre qui fait une tasse de lait à 700 rouble dépasse un riche qui mange le tapioca à midi,1
je veux aussi goûter au bonheur,2
"jamais. Il étale non seulement sa pauvreté, mais aussi sa bêtise  pauvre et bête",1
weeeeer ne me décourage pas.,1
Vous blaguez ici comme ça pourtant ça peut donner entre vous . Après chacun va aller prier Dieu en solo en pleurant.. je veux un ou une. La honte,1
et toi belle et bête,1
Je ne suis pas son goût de femme eh je suis sa bestie. Il n'a pas le choix que de me hype,1
Donc je ne peux pas te donner ça ?,1
Maffff maffff maffff,1
au moins je suis mariable,1
Doucement c'est dosé hein,1
euill'. On a commencé à parler de toi quand et où ? Attends je mets mes lunettes,1
Goûte moi alors un peu on voit ce que ça peut donner,1
pardon oh,1
Et tu manges le taureau avc la fourchette?,1
si je te taxe tu vas ne chiba nor la paix est bien,2
Il a bien fait son travail alors. 1010.,2
"je viens de finir de manger, je cure mes dents",1
Met bien,2
horrrrrrr surtout quand j'ai bu une. Le sabotage de ça,1
eweeeeee,1
Tu manges vite hein. Tu es sur que tu peux digérer ça ?,1
je sais nor donc go away,1
voila je t'écoute maintenant.,1
Jusqu'à chier même,1
Comme ça t'aide a mieux réfléchir la,1
j'ai l'impression que je ne lis pas bien. Écris un peu gros stp,2
En gras et lettre majuscules n'est ce pas ?,1
79996751961 envoie encore l'autre  photo bro. Joue bien ton rôle .,2
net net,1
Pourquoi tu fais ça ?,1
Jusqu'à l'anglais est sorti,1
jusqu'à. Mais ca ne fait rien.,1
Go ib bro,1
Elle est célibataire,1
fais d'abord ehh,1
Mon nigérian mon combat eh,1
non j'aime pas me cacher,1
tu es sur?,1
Voilà  un bon garçon,2
la fille la est un peu bandite. On ne sait jamais,1
Tu as des tendances à être nuisibles hein,1
orrrrrrrrrrr. Xa c'est le sabotage,1
meme dans la blague ne dis plus ça où je suis.,1
Ooor ne dit plus ça,1
"Pourtant l'enfant la plus calme de ses parents  l'enfant que tous les parents auraient aimé avoir, mais que seul mes parents ont",1
Rassure toi qu'elle veut t'afficher et s'afficher aussi hoor mon passé,1
et depuis la tu m'embrouilles avec ton nigerian This message was edited,1
tu aimes jouer à cache cache nor,1
je cherche encore le réseau,1
Quand ton agenda est sale,1
rien que ton message me confirme ce que j'ai dit,1
Ekié,1
Elle n'a rien à part plusieurs dragueur scamer insérieux,1
"On doit te délivrer bro cherche moi, on ira chez mon pasteur",1
Hayaaa. Femme,1
C'est toi qui ne me prend pas au sérieux eh,1
Tu vises nor on attend ton histoire dans les groupes de Moscou pour en débattre,1
tu vois ta vie nor,1
au contraire je t'ai pris très au sérieux,1
Voilà un bon garçon timide qui peut être fidèle. Vous voulez mm koi ohh,2
le titre une jeune camerounaise qui a scammé plusieurs scammer et a fuit avec leurs argents,1
Du tout,1
Ça te plaît,1
Je te dis,1
il t'a dit qu'il est à la recherche ?,1
c'est bon à moi,2
te dis,1
Elles aiment seulement les blagueurs,1
Pas besoin. Je sais  on avait arraché sa go Kmer devant moi,1
donc tu es dans la catégorie des blagueurs eh,1
J'ai déjà trouvé ma bibongèle. c'est toi.,2
Il a déjà trouvé une autre alors,1
à partir de maintenant je vais donc te donner le diabète et la carie dentaire,1
Она тебе обман блядь,1
Ikii le russe,1
je ne me plains pas vasy. Ça m'avait manqué,1
stuippppppp ehh,1
Серьёзно??,1
j'espère que tu es un sportif de haut niveau eh,1
c'est le cœur du bandit qui bat,1
weeeeer laisse mon gros corps tranquille. Il répond bien,2
Ton cœur bat ??,1
Ну!,1
Tu n'as jamais fait la biologie? Elle vit comment si son cœur ne bat pas ? Habbaah,1
donc ton sceau de chocolat est bien rempli alors,2
pour toi?,1
tu n'es pas sérieux eh,1
Я уже в сумке брать. Почему ты меня показал это фото во первых?,1
Toujours entrain de me gâter le marché  après crier partout que je suis célibataire,1
parce qu'il n'aime pas la paix,1
a moitié.,1
tu as laissé l'autre moitié où ?,1
blague. passeport russe mon combat,1
Oui,1
Je te dis,1
les gens marchent dehors par catégorie,1
"Ça fait souvent genre,comme ci ça veut se solidifier mais après ça redevient liquide. Ça alterne",1
"Выходи сразу, это просто фото",1
c'est un futur russe,1
j'imagine les réactions qui se passent à l'intérieur,1
il s'y croit,1
Я тебе показал фото а ты подумал о дегустации.  Ты сам как?,1
я в жопе уже,1
Voilà,1
Je vous lis et je vous ris,1
Она красивая брать,1
ikiiii,1
"если умрёшь, никто здесь плакать не будет.",1
ну!,1
да. спокойной,1
Vient me dire ma bibongèle,2
"Но наверно, если умираешь для её, ты просто поспал. Она бомба !! Я тоже",1
Je préfère continuer de vous lire,1
Точно,1
Верно и конкретно,1
or  si tu ne commentes pas y'a de raison que je continue de parler,1
Il dit que tu dépasses Bella de business production,1
Vous êtes dans un échange profond et intéressant,1
C'est toi le centre d'intérêt t'as pas compris ?,1
je l'ai bien compris. C'est ce qui me fait rire nor,2
Précise ton... Elle ne me dit rien. Mm si on nous ferme trois mois dans une maison. Il n'y aura rien,1
tu te moques de nous alors,1
Je vais envoyer ça à ma sœur pour lui dire que je suis déjà une star continuez,1
OK la pédale,1
warrrrr. Mais mieux vaut ne pas essayer ça,1
nuisible,1
Du tout. Je trouve celà intéressant,1
Merde,1
l'enfant de rêve de tous les parents eh,1
J'ai plusieurs chats à fouetter,1
Ikiiiii la princesse,1
bientôt reine,2
oui oui. J'aime ta confiance,1
Kan je pense ke ma go cause aussi des conneries comme ça ailleurs avc d'autres gars,1
Nous sommes 2 alors,1
pendant que tu causes de conneries ici,1
Il met les gens en couple,1
Moi je suis sûr ke je ne rien faire Après mais elle alors?,1
Tu es déjà en couple bro c'était rapide euinn,1
Oui tu doutes,1
ikiiii,1
Обман,1
Ne met pas le cœur,1
Mieux de lui,1
"Elle va faire, mais ne va rien te dire",1
Je te dis,1
mon célibat est fini comme ça,1
Il se croit plus bandit qu'une femme  This message was edited,1
c'est un cardiaque,1
il ne sait même pas,1
Il joue,1
kan je pense ke ma go c'est le chat d'un autre gars,1
Tu as mal??,1
T'es mauvaise hei',0
Si tu n'as pas mis l'enfant c'est que tu n'as rien fait,1
Seule la mère connait le père de son enfant,1
lui même ne laisse?,1
Le plus grand nuisible de ce groupe,1
Voilà,1
79800198418  vois bien,2
Orrrrr,1
Les gars fabrique seulement koi dans le magasin la,1
Cest à cause. Des Cheuveux que les immigrés africains subissent de lourde loi dans le pays ci,1
Les faux documents,1
À chaque pays son Bonas,2
"Les gars faites vraiment attention, il ya trop de faux documents là dehors, et beaucoup d'africains en subissent",1
Abec faut ndem mon quat bro,1
"Derrière chaque réseau mafieux de ce genre, il y a toujours un lourd natif assis qui contrôle mais comme ils aiment bien le paraître, ils font toute  cette scène hollywoodienne pour ne arrêter que les étrangers!!! Cette boutique sera fermée cependant le business va continuer ailleurs!!",2
"Euilll  envoie mm d'abord ta photo ici, il me faut commencer à t'éviter! Un bonassien dans le forum?",2
Bonjour à TOUS,2
Salut svp besoin des bâtons de manioc,1
Bonjour à tous!,2
"bonsoir mon boss, comment vous allez ?",2
1 million frs encore disponible au taux Google,1
Bonsoir à tous,2
"Avant de prêcher sur le changement au Cameroun, rassurezvous d'avoir compris le problème de base de la majorité des Camerounais on a trop faim et est prêt à tout pour manger seul!!! Paul Biya même mort s'il le veut sera toujours président làbas !!",0
Massa,1
Ib,1
C'est qui sur la foto,1
"Joyeux anniversaire, ZOBO AYISSI Zénon Brice!",1
"Joyeux anniversaire, ZOBO AYISSI Zénon Brice!",1
Je taurai,1
Sam Séverin Ango,1
Je vois,1
Il a pris du poid je ne l'ai pas reconnu,1
comme l'honorable Cabral,1
Mangeons vivant,1
La République et le développement passent.,1
Le ventre reste,1
Bonjour les gars qui no comment procéder pour aller en Pologne pour les vacances svp ?,2
Demande un visa,1
Tu vas back après ou alors tu vas continuer ton chemin дальше?,1
On va back nor chef,1
Go a lambassade bro.,1
Ne te fait pas arnaquer,1
"Il ya une autre catégorie de personne la maintenant en Russie , qui porte les pieds pour alllee sengager dans larmée et demain il passe le temps à faire le témoignage partout que ohhh on tue les gens ici , cest monter , cest descendu  .",1
Sauf si larmée russe recrute les gens déjà dans la rue en les arrêtant par force et en les molestant pour les recruter.,1
Il pourrait aussi se faire tromper sur les contrats,1
En mode on te dit x après cest y sur le terrain,1
Il allait voir le corps des lézards. Ils maîtrise noooor,1
Slt a toustes,1
Passer vos commandes oooo,1
Yo pa'apa.,1
Lhistoire si ne peut même pas mamuser.,1
Bjr,1
J'ai besoin de toi seigneur... oui j'ai besoin de toi.,1
Taux youtube ou rien,1
Quelqu'un a un million en Janvier. Hum. Faut que la police fasse une descente chez vous,1
Toujours disponible.,1
Bjr,1
null,1
Manchester United,1
This message was deleted,1
43,1
Нет,1
Hein,1
Lise le pigeon ce quil a sur lui on additionne ou on multiplie,1
Attendons les profs en maths,1
Avec notre arbitre 79013886871,1
23,1
Donne toi même la réponse.,1
Неа,1
Est ce que c'est facile?,1
C'est facile.,1
Propose,1
"Pour commencer nous allons d'abord donner le chiffre de chaque produit.                          Une paire de chaussures 10.  Sur la première ligne   et la deuxième ligne.     L'oiseau 5 sur la deuxième ligne et la troisième ligne. Sur la troisième ligne nous avions deux crème l'une à moitié et l'autre entière1,5.     Sur la 4ème ligne nous avions 1pied de chaussure 5. L'oiseau sans pied0. Et une crème entière 1.    Avec tout ce que j'ai ecrit trouve toi même la réponse.",1
5,1
This message was deleted,1
4ème ligne 5015.voila ma réponse.,1
Laure regarde bien la troisième ligne.,2
Je pensais seulement à ma bouche.,1
Et non à la fleur Michel.,1
Tu as raison,1
Elise j'ai proposé en pensant à la nourriture et j'ai raté. Viens donner ta réponse,1
"Joyeux anniversaire, Momankoukou Sébastien Kevin!",1
This message was deleted,1
This message was deleted,1
"Joyeux anniversaire, Momankoukou Sébastien Kevin!",1
Merci,2
"Решать последнее равенство очень легко, если быть внимательным. Здесь сидит голубь в кедах, да еще придерживает два кулька семечек. Он один тянет на 5 10 4 19",1
79774380461,1
15,1
237694654806,1
Ah oui,1
"Bonjour à tous , ya til une personne qui descend au pays ces jours ci ?",2
Plus precisement à Douala ?,1
Tu vois que jai trouvé Lise,1
Pourtant tu as dis нет toi même tu ne connaissais pas,1
Regarde bien la réponse c'est 43,2
Cest ce que jai écris hier tu as dis нет,1
Voici ça ici va lire ce que tu as écris après,1
Sorry j'avais considéré ta première réponse,1
Comme j'avais lu ta première réponse c'est ce que j'avais en tête,1
Jai supprimé le premier parce que je me suis rendue compte que je navais pas bien calculé,2
Ok,1
J'étais trop pressée de dire niet,1
43 This message was edited,1
This message was deleted,1
23,1
1 pied de chaussures5,1
Dis moi noh je panique déjà...,1
On a déjà écrit la réponse ici 3 fois avec correction. Elle te dit encore quoi This message was edited,1
J'ai pas vus,1
Mais ya pas de details dans ça réponse.,1
1 pied de chaussures5,1
"Решать последнее равенство очень легко, если быть внимательным. Здесь сидит голубь в кедах, да еще придерживает два кулька семечек. Он один тянет на 5 10 4 19",1
Ahh le gar avais la tchouka j'avais pas constater,1
Lise donne mon cadeau suis la seule à avoir trouvé hier,1
D'accord tu me diras quoi te donner si c'est a ma portée je te l'offrirai,1
Toujours disponible,1
Bjr,1
Le ticket est entrée,1
Bonjour à tous!,2
Rentre au pays faire ta vie avec tes 15millions,1
Même google le tour si à peur pers,1
hors tu as brisé mon jeune,1
L'objectif n'est pas encore atteint,1
Maama,1
Une semaine en BT et cest fini.,1
Cest vous qui donnez de limportance à la BT.,1
3 milliards au pays besoin du roubles au taux Google,1
Par contre je connais une personne ds ce grp qui est réellement milliardaire en fcfa,1
Ne nous frustrez plus. Après vous viendrez dire qu'on a choisi de bosser dans les call centers,1
C'est à cause de telles pressions,1
Chacun a son chemin que papa God a tracé.,1
Ton tour arrive,1
Ça tarde trop mon frère,1
Biden est devenu président à 78 ans ainsi que Trump.,1
Même à 60 ans tu peux toujours devenir milliardaire,1
"Biden avc sa présidence de 78 ans, on a vu où il a mené le monde.",1
Pour manger quand grand,1
60 000 fcfa disponibles,1
8500?,1
C bon?,2
Il ya 200 000 fcfa,1
79779396597 toi même regarde le Mongol,1
Ekier bro mongol ce n'est pas un peu fort la? C'est l'enfant de quelqu'un hein,1
C'est que je vois le et je vois le candidat  il n'a sûrement pas sa CNI aussi,1
Peut être il peut être percutant avec son programme politique  ne juge pas le physique,1
Que je commence donc à l'appeler son excellence ?,1
gar laisse moi,1
Hum,1
Bonjour à tous!,2
"Mince, c'est sérieux hein!!!",1
Discour de Donald trump,1
Bonjour à tous!,2
Bonjour à tous 210000 fcfa disponible pour 32600 r. Écrivez seulement si vous voulez prendre m'écrivez pas pour d'autres propositions. Merci pour la bonne compréhension,2
This message was deleted,1
Rectification,1
Bonsoir . Svp le lien pour faire les passport ? This message was edited,2
Merci,2
"1 rouble à 7 FCFA, j'ai 10.000 roubles.",1
Presi ya pas les anniversaires aujourdhui ?,1
C'est ton agenda hein,1
Besoin de 8kg Yaoundé Moscou.,1
Bonjour svp ya til un volé Yaoundé Moscou ..?,2
Qui a volé?,1
Vole  désolé,0
Bonsoir besoin d'une université à Moscou qui délivre encore les invitations,2
Bonsoir besoin de 8kg yaounde moscou svp.....,2
"Bonsoir, besoin aussi d'envoyer un document, Yaoundé Moscou. Le plutôt que possible",2
"Joyeux anniversaire, Christian!",1
"Joyeux anniversaire, Christian!",1
Tu ne dors jamais ???,1
Il a vendu son lit,1
Un enfant avec des problèmes d'adultes,1
Ah ça,1
Bonjour... besoin de 8kg Yaoundé Moscou svp,2
Bjr,1
Quel Christian ?,1
Mon anniversaire c'est bientôt alors dehhhh. Le meilleur Verseau du monde mondial,2
Cest pas moi grand Jacques,1
Je  wanda seulement qu'on souhaite joyeux anniversaire au gens ils ne répondent pas,1
Ils ne savent pas que cest leurs anniversaires,1
S'il ya l'argent ou un cadeau ils vont répondre,1
J'ai déjà dit sa ici,1
Bref c'est mon jour qui m'intéresse actuellement. Temps mieux pour ceux qui ne veulent pas répondre. Comme à dit le big tout à l'heure.,1
Tu es arrivé en CôtedIvoire hein? Laisses le enfants des gens This message was edited,1
Tu mas négligé ici nor,1
Ton niveau me dépassait,1
L'essentiel  n'est pas qui la veut mais qui elle veut.  Estce qu'elle te voulait? demeure la problématique centrale...,1
"Non ohhh, elle ne me voulait pas je suis laid et foiré",1
Weeeer c'est ce qu'on m'a aussi dit bro,1
Ekieee pour dire qu'elle est matérialiste?,1
Ekieee toi aussi tu as essayé? C'est nous les derniers,1
Tous les femmes aimes l'argent,1
Tu me prête les mots? Donc je ne sais pas écrire les pensées ?,1
Piooooooaaannnng,1
Est ce que tes gouts sont Camerounais?,1
Arrete de parlé de moi en Bien,2
Quel grds frères ? pardon,1
Il y a le matérialisme constructif et destructif! Toutes les femmes aiment c'est très vrai mais comment et pourquoi faire?,1
Tu prends ce qui vous arrange vous deux.,1
Oui nor,1
Pardonnez mes trois Masters grand  c'est pas moi ki fais,1
Donc moi je suis juste pas assez camerounais pour toi?... ou je suis laid ... ou alors c'est le tribalisme....,1
ça c'est si elle est avec toi!,1
Massa,1
Vous avez mes mots hein,1
Mon petit la voie est libre. Tu peux go essayé,1
le tribalisme esthétique,1
"Comment elle a su,",1
Ma tribu tu la reconnait comment?,1
La seule explication c'est que je suis trop Camerounais pour toi,1
"Daccord, merci de mavoir enfin donné la permission grand. Cest ça que jattendais pour lépouser",2
79013886871 je suis prêt enfin le doyen ma donné la permission. Le toquer porte coûte combien ? Jai déjà unpeu les miettes pour me lancer,2
Mon petit doucement. Toi on te laisse la place tu veux deja confisquer?,1
"Film dans lequel chef bandit va tuer l'acteur, Quand tu vois tu sais",1
Toquer porte?,1
Viens avec tes petit 8M. Ma famille nest pas compliquée This message was edited,1
Ils ont deja remis les 250.000 du gars qui a demandé ta main la veille de ton depart. Et son carton de cola avec les tampicos,1
On remet largent comme ça?,1
Woukouuuuu mama,1
"Mon père dit que 8M cest pour les vierges seulement  on négocie à 2,5M?",1
Et elle t'a dit qu'elle n'est pas vierge?,1
Mais je le suis Ekie,1
Moins i tu devais même déjà être marié hein,1
Wanda,1
Cest je demande,1
"Voilà, jarrive",1
Seulement si les 2 partis sont d'accord,1
rambo est venu en renfort,1
Tu n'aimes pas la paix eh,1
Toi même tu peux témoigner que tu es vierge ?,1
Pourtant la paix est bien,2
Meme vierge est étonné d'etre dans ce genre de discussion,1
Je te dis,1
Tu veux aller vérifier dans son vagin?,1
Oui,1
Toujours parcequ'elle t'a barré ?,1
Sache que ma mère va vérifié la véracité de tes dires hein,1
Vous avez déjà vu toutes les failles du système hein,1
Ça ne coule pas tjr,1
Hum. Si tu etais Pinocchio ton nez allait devierger la fille qui sur le lit a l'etage,1
Nohhh pas de prétexte,1
va bien te renseigner sur la virginité et la présence de l'hymen,2
Pourquoi tu es même comme ça.,1
Ikiiii c'est bien ca,2
On vérifie à lhôpital. Je veux pas les méthodes barbares pardon,1
Pourtant c'est vrai. Toutes les vierges n'ont pas d'hymeb,1
Voilà bro,1
Just asking,1
Je te dis. Anne dis que si tu n'as pas encore nyass depuis que tu es a mbeng alors tu es vierge Russe,1
ne te justifie pas,1
Quel voisin?,1
warrrrr. Qu'il parte essayer nor,1
Ekieee comment toi même tu peux être laid et foiré en même temps ?. En principe l'un console l'autre,1
Le voisin d'en bas,1
Un gar qui a l'argent n'est pas laid,1
Docta... Laisse nous la science la,1
sérieux ?  Certaines ont donc quoi ?,1
"Je jours la meme j'ai imprimé sa photo, sa mis le son de SLIM elle a eu ses 6 coups dans ma tete.",1
Doté de 8 bâtons tu cries comme ça? Nous on prend à crédit bro,1
Rien,1
Mince. Donc tu veux dire que quoi? La sodo ne compte pas...,1
non c'est un corollaire.,1
Non. Que tu peux être vierge et ne pas d'avoir d'hymen,1
Voilà,1
C'est vous qui faites les enfants des gens ont les couches de nuit n'est ce pas,1
Jamais,1
OK ooh docta,1
Ton jamais là... c'est l'expérience qui parle ?,1
Mari de nuit 2.0. 8G. Je depasse 79670757733,1
jusqu'à tu es fière,1
Corolaire toi meme. On ne parle pas les mots difficile ici. Tu n'as acheté le dictionnaire a personne,1
Je bois l'eau benie en citant le chapellait a la chapelle.,1
N'est ce pas même juda marchait avec jésus,1
C'est le seul qui a tchop les dos du projet la,1
vraiment hein,1
Le credit est fini chez tout le monde en meme temps?,1
Ils sont tous partis ib nor,1
"Ou bien ils sont parti dans le groupe ou on ne m'a pas invité, pour appreter ma surprise d'anniversaire... je suis fier de vous",2
Jétais occupé à demandé les prêts en ib pour les 8M de ma vierge camer de Russie 79013886871,1
"79800198418 , aide moi à cotiser bro",1
On fera des beaux bébés métisses Éwondo  Bami,1
Si tu dote la go la a 8M... deux jours apres tu vas te sentir comme un gars qui a mi l'argent de sa scolarité a 1XBET sur la victoire de arsenal en championat,1
Le Nkui avec le Riz hum,1
"Elle est étudiante en médecine, on aura beaucoup dargent. Pas grave, cest un bon investissement",2
Ekieu,1
Qu'elle finisse d'abord.,1
"Les camerounaises dans le pays ci qui ont fait medecine, sont arrivé jolie dans le pays ci. En 6eme année on appelait mon Frère",1
Vrai vrai? Donc mieux jattends voire en quel état sera ma dulcinée en dernière année ?,1
"Elle marche seule, elle engueule le soleil en gratant la tête",1
"fait d'abord le toqué, montre ta sincérité",1
femme qui t'aime même un peu ne peut pas accepter cette bêtise,1
est ce qu'on conseil les amoureux ?,1
Tu as vu sa reponse? En s'entraine avec son coach pour votre nuit de noce. Aaaaaa l'amour. Elle pense a toi,1
Ekié bro,1
Pour la dote tu fais les prêts? Cest pour entrer ds le mariage avec les dettes?? Nooo pardon. Faut avoir déjà la tête sur les épaules,1
Hum... flo apres tu diras que oooooo je ne savais pas...,1
"Native French speaker project work, Moscow",1
Me,1
null,1
And for the actor ?,1
"Joyeux anniversaire, Meguegho Mekontchou Nadège!",1
"Joyeux anniversaire, Meguegho Mekontchou Nadège!",1
Prix?,1
Price?,1
250,1
La boule ?,1
Intéressant,1
79013886871 voici tes choses,1
déjà commandé,1
Tu vois ta vie norr?,1
Non le paquet à 250,1
Je veux le ndole,1
D'accord,1
Bonjour bonjour !,2
Bonjour besoin de 8kg Yaoundé Moscou,2
500.000 au pays pour 77000 intéressé ib,1
68000r,1
Qui perd?,1
Bonjour! Besoin d'expédier un document de YaoundéDouala pour Moscou.,2
Oui DoualaMoscou depart lundi.Tu viens remettre le document a aéroport a Douala,1
Bsr. Qui vend le mambo ici?,1
J'ai la plaquette,1
photo,1
quand je rentre,1
oki,1
C'est pour mon Valentin du 14,1
OWooooooo,1
Moi je veux quon moffre les Ferrero,1
79259217245,1
Ikiiiii,1
Ikiiii,1
Bon si tu veux xa il faut passer mercredi avant 18h,2
après là je ne serai plus disponible jusqu'au 15,1
MP,1
Tu es sûre que tu pourras supporter ?,1
Mais Pkw pas,1
Eeeehhhh la go moi je Work alors hein,1
Le salaire nest pas encore tombé. Prête moi alors dabord stp,1
en tout cas okay,1
Largent quon ne voit jamais là ??,1
"Ne commence pas pardon, ma Valentine sait que je dois lui faire le Koki le jour là, mon mariage dépend de toi",1
Il faudra choisir ce jour là,1
Le 14 est encore loin,1
"Non je disais que je Work le travail de l'école, on ne me buy pas",1
Voilà. Il fuît les responsabilités This message was edited,1
et la mienne m'attend mercredi avant 20h,1
Waaaaa ne me fait pas ça pardon,1
Après pour te saboter partout,1
La tienne cmt,1
"Reprenons les pourparlers après le 15 février, pour linstant je yamo mon célibat",1
Tu as une Valentine ma'a?,1
Qui est fou?,1
tu as déjà dit même prière ehh,1
Message épinglé et enregistré,1
Très capricieuse,1
Ma relation toxique comme ça,1
Noo pardon,1
Eeeeeehhhhhh,1
c'est déjà enregistré,1
Tu ne veux pas de relation ciseau?,1
Mes 2 dernières relations étaient comme ça et ça na pas donné,1
Ekieeee tu étais d'abord avec les cheveux noirs non,1
Pour moi ci donne un peu même comme parfois je retires un pied dedans pour aller goûter chez le voisin,1
Cheveux noir détermine si cest il ou elle?,1
"Vous parlez comme les blagues, moi je vais vous croire hein",1
"Non je connais perso les cheveux noirs là, c'était il",1
Ne mets plus ma photo ici,1
Je suis dépassée,1
Qui blague?? Parce qu'on rit?,1
"Merde façon depuis au moins 2 semaines, les lélé et les go bi me disent qu'elles me veulent, j'ai peur, je ne comprends pas trop ce qui se passe dans ma vie en ce moment",1
Tu es le voisin chez qui elles veulent goûter de temps en temps. Le plantain est bon avec toutes les sauces,2
Donc tu nes plus vierge ?,1
Maintenant alors je ne suis plus un gars facile hein,1
Tu n'es plus éligible eh,1
Xa c'est votre problème. Mon voisin n'a pas ce pb,1
Noohhh cest plus mon niveau,1
Est ce que avoir une ralation exclu le fait dêtre vierge?,1
Tu n'étais même pas d'abord assez motivé,1
Donc il te charge correctement quand il faut hein,1
Cest tt,1
Questce que tu en sais ?,1
Est ce que je t'ai dit que ma batterie était déchargée ?,1
Rien qu'à te lire,1
Oui ça exclu. Que tu ne vas pas faire? C'est ton frère? C'est que vous n'êtes pas en relation pardon,1
Vous vous disiez seulement  je te yamo  et cest tout?,1
Bon il écrase le Koki ?,2
Oui nor,1
Donc pour toi une relation inclut forcément le sexe?,1
Oui,1
Wanda,1
Avant de l'épouser vous devriez été en relation nor? Mais estce qu'il devait avoir sexe entre vous avant le mariage ?,1
"Ouiiiii jusqu'aaaaaa beaucoup de sexe, sinon bêta on reste bons amis. Je suis ton frère? Pardon si on ne fait pas, mieux on cause dans les grp WhatsApp",2
Cest vous qui poussez les gens à pécher. Le sexe cest après le mariage,1
Mais vous voulez normaliser le contraire,1
Конечно,1
Et vous voulez marier les filles vierges,1
Tsuip pardon quittez làbas,1
Wanda mm,1
Hmm,1
Je ne me marie pas à laveugle,1
"Donc tu veux épouser une fille vierge, mais tu veux le sexe avant le mariage ?",1
Si après il ya incompatibilité dhumeur je fais comment ? Mes 8M dans leau ?,1
"Non on veut devierger nos gos avant, puis les épouser après. Parfois les filles viennent avec un compteur très élevé, ça nous dépasse souvent  tu vas vouloir mettre la tête directement c'est tout qui va rentrer. Bref je ne dis plus rien, d'abord je n'ai pas encore l'age d'aborder les sujets comme ça",1
Parceque 8M ça vaut la virginité ?,1
Sous cotions de mariage nohr?,1
Et ça vaut donner cadeau comme vous donnez là?,1
La virginité coûte combien?,2
Cest la dote pas le cadeau,1
Tu as bien dit arrache donc ce sont des bandits. La virginité coute la virginité du partenaire,2
Akaaaa vous aimez les hommes expérimentés on sait déjà,1
Vous qui ?,1
Donc tu n'épouse plus une filles vierges,1
Et si tu la devierges et décides de ne plus l'épouser. Qui va l'épouser encore ?,1
Laisse le bien se contredire,2
Je vérifie et jépouse,1
Je suis un homme de Parole,1
Tu n'as pas l'âge et en même temps pour toi une relation c'est le sexe. Il faut choisir,1
Elle est obligée de se marier?,1
Avec 7 versions ? Veri gourde,1
Comment ça ?,1
Il faut demander à celles qui ont donné cadeau,1
"Non je dis de façon général, quand je vais commencer. Pour le moment je n'ai pas encore l'âge, donc même si on me donne maintenant, je ne pourrais rien faire",1
Ta parole est evangile ?,1
Elle est communion,1
On lit ça depuis hier,1
Tu es obligé de la devierger ?,1
J'en ri. J'ai toujours les vidéos eh,1
Very good,1
"Oui oui, je dois sentir que je suis le seul maitre nageur, ça doit serrer fort",1
"Non non, elle a dit quelle a eu plusieurs relations donc jai changé davis.",1
"Ne commence pas le chantage là pardon, c'était l'esprit du vin, pas l'esprit divin",1
Ikiii,1
"Après ça sera, pourquoi tu marches comme ça ? Damien marchait comme ça, ou bien jean ou Arnold nohh",2
Ikii. Tout ça pour même pas 5 minutes,1
MDR. Tu lis pour comprendre ?,1
Les balles réelles massa,1
Pourtant toi même tu as eu plusieurs relations avant,1
Tu vas frustré L'enfant d'autrui,1
Que je suis qui?,1
vous trouvez la banane verte où ?,1
Tu étais lune delle ? Quen saistu ?,1
j'ai les photos d'une eh,1
Dune,1
Toi seule sais,1
Tu as dis plusieurs,1
Quand tu suçais le chocolat blanc,1
Ehh anti,1
"Ça dépend, d'après mais estimations, si je commence à faire, je vais arriver au moins à 6 minutes 17 secondes",1
Les souris vont manger ça,1
Bonsoir ! Cest vendredi. Qui complète 19.500 sur mes 500 ci ça fait 20.000 On part nous vivre?,2
Il faut arrêter ça mesdames pardon seulement,1
Vous aimez les rondeurs non vous serez servis,1
"Ma chère on aime ce qui est naturel, là vous avez levé le niveau",1
Ahh mon cher vous allez slmn prendre ce qui est servi vous frustrez trop les enfants des gens koooo vous voulez la chaire,1
Nous qui n'en avons pas on va slmn booster comme on peu,1
Fais un peu voir on va juger,1
Tu es sûre que tu veux voir,1
Si c'est toi wallaye je suis sûre,1
Question,1
Fais voir non,1
"Toi aussi fais voir, je n'ai pas oublié",1
Allez ib cest mieux,1
Elle est timide,1
Moi je suis timide ib mal seulement,1
Chococam,1
"450000f disponibles au pays, besoin du rouble au taux Google",1
La femme est ou pour préparer ça ?,1
C'est mieux d'acheter d'abord la femme viendra après,1
Négocier où bien acheter ?,2
"Joyeux anniversaire, Delabrousse Nora Michele !",1
Ehhh merci Presi,2
"Joyeux anniversaire, Delabrousse Nora Michele !",1
Merde je peux go hein,1
Finis de vite réfléchir,1
"Bon il faut avoir encore plus de motivation, sinon je peux vraiment go hein",2
On y va nor,1
Tu ignore quoi il y'aura des go,1
Lol estce qu'il y'aura mon goût? C'est ça la vraie question,1
Voici Anne qui veux go et je suis sur qu'elle n'est pas la seule.,1
Les babouch ??,1
Dépose moi avec l'affaire là hein,1
Elles seront là,1
Je suis très sélectif maintenant hein  je suis quand même un bel homme,1
Vraiment comme si on doit les supplier,1
Easy hein,1
"Joyeux anniversaire, Defo Alex Fabrice !",1
"Bonsoir à toute la communauté africaine de ce forum. Je me suis abstenue de me prononcer dans ce forum et bien d'autres, pour bien de raisons  qui me sont imputables disons plus simplement personnelles . Je me permets de briser le silence en ce jour pour interpeller chacun d'entre sur un phénomène semble til pas nouveau en Russie  les doyens peuvent me démentir si je me trompe . J'ai échappé à quelque chose de très grave n'eût été la vigilance de la personne qui m'accompagnait ce jour.",2
C'est une technique et mode de fonctionnement des Gangs Racistes,1
Mitino,1
"Bref , il faut éviter de jouer le gentil avec les enfants Européens âgés de 7 ans à 16 ans.",1
"Si c'est vrai, faites attention",1
Seigneur,1
C'est vrai. Et soyons juste prudent,1
"Merci beaucoup davoir sensibiliser la communauté, restons prudent.",2
"Bonjour, svp besoin de faire monter un document DoualaMoscou",2
Asecam 2008,1
Eeeeehhhh il y'a alors mon vrai goût parmis les filles là hein,1
Hum,1
Les filles de l'epoque etaient trop belles. Mais ce sont tes tantines. La photo ci a 16 ans,1
Ekieee tantine comment non? Il y'a 16 ans je gérais déjà les grands dossiers hein,1
L'annee la tu avais echoué le concour d'entree a la Cil,1
Mdrrrrr il y'a 16 ans j'étais déjà un doyen hein,1
This message was deleted,1
Besoins de 8kilo disponible,1
Bonjour à tous,2
Ya til kelkun qui vien du Cameroun cette semaine,1
Je veut un document,1
You deleted this message,1
Je ne veut pas aujourdhui,1
Même vendredi cest mieux,1
"Bonjour à tous 678000au pays, besoin de 104500p",2
Pour les débutants en Russe  je lai trouvé très interessant en plus cest un manuel en Français,1
Bonjour à tous!,2
Salut,1
Y a til quelquun qui vend le Ndole ici ?,1
"Joyeux anniversaire, NKUINGOUA ARMELLE !",1
"Joyeux anniversaire, Mbarga Manga Joseph Arsene !",1
This message was deleted,1
"Joyeux anniversaire, Mbarga Manga Joseph Arsene !",1
Il nest mm pas ds ce grp,1
Merci,2
Merci miss.,2
Euy,1
Sberbank a ça bomayé,1
"Bonjour , svp besoin de faire monter un document Yaounde moscow",2
Me too,1
Besoin de 8kg Yaoundé Moscou svp.,1
"Bonjour, svp besoin de faire monter un document Douala moscow",2
1 la boucle des ceintures,1
Ok et de 2?,1
La couleur des chaussettes,1
Bonsoir à tous,2
Je crois qu'il s'agit plutôt du masque de grossesse. Il est vrai que cela n'est pas l'apanage de toutes les filles.,1
Certaines femmes se transforment carrément pendant la grossesse.,1
OBTENEZ LE DROIT D'ÉTUDIER GRATUITEMENT EN MASTER DANS UNE UNIVERSITÉ TECHNIQUE DE PREMIER PLAN,1
Bonjour.  Besoin de 8kg Yaoundé Moscou svp,2
null,1
Salut a tous. Svp qui ira demain a l'aeroport Domodedovo?,1
"Joyeux anniversaire, EYOMANE ZEH AMANDINE",1
"Joyeux anniversaire, Bileng!",1
Happy birthday to you,1
"Joyeux anniversaire, EYOMANE ZEH AMANDINE",1
"Joyeux anniversaire, Bileng!",1
Cest lanniversaire de 79653368333 aussi?,1
Ton Egal...,1
Merci mon Cœur!!!,2
ah cest toi quil appelait Bileng?,1
Donc le mien ne compte pas hein? Comme je ne mappelle pas mon cœur la,1
On doit bien fêter ça,2
Je croyais que tu disais a Amandine,1
EVA C'EST MA SCRYPTONITE JE SUR SON SUPERMAN.,2
Ikiii,1
Je m'appelle to you?,1
Deux place ou bien on call le renfort?,2
Happy birthday to you doyen Jacques,1
Merci ma fille. Voilà,2
On coupe le gâteau ou?,1
"Chers proches  Dr Charles, Secrétaire général de l'Association d'amitié chinoise des Nations Unies, rappelle  tous ceux qui voient cette méthode qui sauve des vies doivent la transmettre ! C'est aussi une bonne action !",2
Tu préfères cmt?,1
Bonjour! Besoin svp de faire monter un document DoualaMoscou.,2
"Bonjour les gars, quelquun atil un contact sénégalais?",2
HBD  grando jackovich que le seigneur multiplie encore des années comme celleci par n et et te traumatise de ses bienfaits car tu le mérites amplement,2
chambre disponible à 15 minutes du métro Bulvar Dimitri Donskovo.,1
Bonjour. Ceux qui veulent faire monter un document ici en Russie dans moins d'une semaine peuvent m'écrire en privé.  2000 roublesdocument. Non négociable. Uniquement YaoundéMoscou.,2
2000,1
Et tu aides en quoi?,1
Qui a dit que c'était de l'aide?,1
79203495219 79203463440  venez voir,1
"237652314087 toi aussi, approche",1
Ta quoi à voir ??,1
Ya,1
Tu es là seule que j'ai appelée? This message was edited,1
Genre on doit te poser la question ensemble,1
Oui allez vous attendre,1
Yep,1
950k au pays dispo besoin du rouble au taux Google cho cho,1
"J'ai un 2500 roubles là, je prends 17.000 FCFA",1
Imminent départ,1
Douala Moscou 05,1
Ouala. Pas les ooh 2000,1
Kolo,1
Bonjour.  Besoin de 8kg svp Yaoundé Moscou,2
"Bonjour Asecam, comment on va ce matin ?",2
Nous recrutons dans notre compagnie.,1
On ma demandé de chercher des russes mais je voulais donner une chance à une sœur Asecam dabord.,1
En priorité une fille mais si il y a un garçon qui se démarque bien le boss peut le considérer donc les gars qui se sentent capable mon ib est climatisé et vous attend,2
79013886871  je sais que tes horaires de médecine ne te permettront pas sinon je te prenais même sans CV,1
Bonjour.,2
Oui 79016816433,1
On vend au marché,1
Elle parle anglais? Pardon laisse,1
Bonsoir a tous qui a pu payer pour le passport ces jours svp,2
"SVP le travail est EN RUSSE. Tout est en russe, langlais ou le français est juste un plus.",1
Mon ex mon ennemie,1
Quest ce que grando 79653368333 fait labas ? Il va dancer le jazz?,1
Chanter,1
"Sérieux, il chante?",1
Très bien même,2
Ekie,1
C'est le numéro 2 en Russie,1
Je peux venir hein,1
Le numéro 1,1
Parmis les noirs,1
Numéro 2,1
Le numéro 1 c'est moi,1
"Je savais, zéro humilité",1
ou bien ?,2
Venez encourager le projet  je serai également sur scène,1
Daccord je penses que jy serai,1
Merci,2
Tu es en saint?,1
Il va danser la bouillie,1
60 000fcfa disponible,1
Imminent départ,1
40 000 fcfa disponibles,1
"Chers clients,",1
Informez le quartier les africains montre leur cœur,1
"Chers clients,",1
60 000 fcfa disponibles,1
Départ imminement urgemment confirmé,1
This message was deleted,1
60 000 fcfa disponibles,1
70 500fcfa pour 11000 p,1
Partante,1
Tété,1
Même en janvier vous avez toujours l'argent,1
Le meilleur sticker,2
Compliqué,1
Dormez,1
"Tu sors d'où, il est 13h et on ne mange pas encore 3 fois par jour comme tou",1
Toi,1
Imminent départ,1
This message was deleted,1
Rouble disponible besoin du fcfa,1
Bnjr oo,1
Quelquun vends la,1
Plus disponible,1
Bon Cest le Premier dimanche du mois et si il ya quelqu'un qui s'intéresse ou qui cherche un endroit pour rendre grace a Dieu .. Tu es la Bienvenue aujourdhui de 1430,2
350mil disponible au pays besoin du rouble,1
On peut aussi bien le faire à la maison nohhh tonton Emmanuel,2
30ml р,1
"Moi je voulais même déjà dire 40k, mais quand j'ai vu tes 30k j'ai éclaté de rire",1
7G,1
C'est déjà 8. Nous sommes en 2025. Il va falloir évoluer!,1
En vrai.,1
Oui grand .. Mais vraiment cest beaucoup mieux Avec les freres et les souers en Christ,1
"C'est pas faux, bref ton message en partie",1
Les musulmans comme nous on fait comment? On va aussi làbas?,1
Eeeeeeeeh yaya toi avec les pleurs c est une histoire d'amour,1
Они называются les pleurs du mbole,1
Ça fait trois mois que je t'ai tagué,1
okay This message was edited,1
oui vous pouvez aussi venir grand,1
"Joyeux anniversaire, Flanclin!",1
Départ MoscouCameroun samedi,1
"Joyeux anniversaire, yonga muller!",1
15400 rouble disponible besoin de 105000 fcfa.,1
Fermé,1
Douala Moscou  05Fev,1
Bonsoir à tous,2
J'aimerais savoir comment on peut faire un passeport avec le recipicié ?,1
"Tu remplis tout comme il faut et la partie de la carte tu sautes. Tu paies, tu imprimes. Tu certifies la carte et lacte de naissance et tu vas à ton rdv avec. Ils sauront quoi faire",1
C'est au pays ?,1
C'est toujours possible,1
Oui,1
Ça peut seulement être quau pays sinon tu as fais comment pour te retrouver à létranger sans passport ?,1
Avec le récépissé,1
Merde il y'a quoi nor la mère,1
Viens ib je te donne le couloir ou on fait ça au pays,1
"Добрый вечер, босс, возможно ли получить паспорт в стране, находясь здесь?",1
C'est possible de faire son passeport au pays étant ici? Bonsoir boss,2
La je ne sais pas,1
Moi je veux plutôt savoir si cest possible de renouveler son passeport sans CNI. Jai perdu ma CNI. Et le permis aussi. Est ce que je peux renouveler mon permis ayant perdu lancien.,0
79779396597 On te paye pour te moquer de moi dans ce pays?,1
Toi alors hein,1
Tu me fatigue  ta préoccupation la a les phases hein,1
Vous êtes toujours dans les couloirs,1
Moi je pense que c'est possible si tu as la carte de séjour ici,1
"Carte de séjour cest quoi? Jai seulement le visa, lenregistrement et la carte verte",1
"Il ya une carte de séjour qu'on demande a toutes personnes étant sur le territoire étranger d'établir dans son ambassade, je pense c'est aussi avec cette carte que l'on peut voter a l'étranger.",1
La carte consulaire?,1
Oui c'est cà,1
Oki merci. Je compte faire ça.,2
"Moi même je n'ai pas encore fait çà, je le ferai car je compte bien voter ici",2
Мишель русский,1
Tu veux combien ?,2
Bsr,1
Quand on te donne tu me fais signe car j'ai jamais reçu ma part,1
Ekiee,1
"Joyeux anniversaire, Kameni Keren !",1
"Joyeux anniversaire, Kameni Keren !",1
Happy birthday to you,1
Joyeux anniversaire miss,1
Qui ta dit que cétait une fille?,1
Personne. Je connais la personne,1
"Ou pas  , jespère que je ne me trompe pas 237652807095",1
Merci beaucoup,2
Quand je dis quil ya la combine des merci ici. Donc cest seulement elle que tu as vu hein. En plus cest la dernière à souhaiter This message was edited,2
Merci beaucoup les amis,2
This message was deleted,1
Ça c'est déjà pour nous envoyer au chômage ehh,1
Même 3 000 rub ?,1
Vous gérez les gros poissons des bitcoin on ne peut jamais vous envoyer au chaumage,1
J'ai oublié les militaires,1
длякандидатов,1
Cest pour aller où ?,1
En Afrique dans les different pays ou il ya la Russie,1
Hum,1
lol,1
Sa vous rate,1
Mais ça serait bien pour les gars aux pays qui ont ratés le concours de larmée hein,2
"Donc la Russie envoie un message en russe aux africains probablement en Russie pour les inviter à joindre une force armée, afin quils aillent travailler quelque part en Afrique. Surtout ces temps ci.",1
"Joyeux anniversaire, Touyem Ghislain !",1
"Happy Birthday, Frank Yussa!",1
"Joyeux anniversaire, Touyem Ghislain !",1
Départ imminement urgemment confirmé,1
Il y a til un départ Moscou  Dakar?,1
votre nouvel equipementie,1
OKey,1
"Le pays la norhhh ,même satan a peur de nous , cest sûrement la marque dune go de etoo",1
"Merci, frere",2
Bonjour 20000r disponibles,2
Viens,1
Fermé,1
Bonsoir,2
"0,5 L  1500p",1
Donc ASECAM n'organise pas la fête cette année? Ou bien c'est en back back? Depuis je cherche une Valentine là,2
Applaudi pour toi même,1
"Alors la , c est gate, venez chez moi a 1000, j ai fais la reduction ooo",1
Je te donne même seulement hien,1
Je n'ai pas le cardio,1
0.5L  1000L,1
RUD,1
Ты уже нашла?,1
Est ce que nous sommes au déballage ici?,1
Pourquoi tu ne souhaites pas aussi HBD a FRANK YUSSA???,1
Euy je fais ce que je veux nor? Ou bien,2
Non mama je demandais seulement,1
Ok,1
"Non non, maintenant c'est ta tâche ici madame",1
C'est toi qui as dit que tu peux oohhh... peux peux oooohhhh voilà moi oooohhhh peux maintenant ohhhh... tu n'etais pas encore née quand la chanson ci chauffait,1
C'est son ex bro,1
Javais déjà 12ans,1
Tu aimes trop le koki hein,1
Tu es venu ohh tu as commencé parler blablablabla,1
Ne mens pas hein  tu as actuellement 19 ans tu ne pouvais pas avoir 12 ans à l'époque mamiza,1
On t'a soufflé la suite ci,1
Mal mauvais,0
19 ans mm est étonné. Ajoute 10 ans sur ça,1
Ekieeee même par magie ma'a tu ne peux pas avoir 29 ans,1
Tu veux voir mon vrai acte de naissance ?,1
"Oui oui, parce que 29 ans est déjà l'âge que j'accepte de draguer. Confirme moi l'affaire là je te drague là là là en public, j'ai les arguments",1
Bafoussam,1
Maroua,1
Sans oublier kumba,1
Il y'a une pluie de fer à kumba,1
"Joyeux anniversaire, TCHEGHO KAMDOUM !",1
"Joyeux anniversaire, TCHEGHO KAMDOUM !",1
Il a changé de numéro,1
Mais il vous dit merci,2
Et c'est ça qui va sortir ou bien on va renouveler le recepissé pendant 15 ans?,2
Mi même je voulais poser la question,1
Et ceux qui ont les CNI en attente là ils font comment ?,1
Ils doivent ajouter l'argent,1
Waaar les kontinentais,1
Tu joues hein,1
C'est l'huile d'onction pour délivrer le Cameroun? Wanderfout,1
Ils doivent recommencer en payant à nouveau avec le nouveau système,1
"Quand c'est bon, il faut avouer, 10k pour 15 ans c'est mieux de vivre sans confirmation de nationalité!!!",2
ВАЖНЫЕ НОВОСТИ,1
Donc c'est Bon,2
Ils oublient. Moimême j'attends depuis 2022,1
C'est Parce que ça ne sort pas qu'on a changé de système . On ne fait pas les omolettes sans casser les œufs.,1
Halam doula,1
on le vénère alors que l'église est contre lui comment?,1
Seigneur pardonnenous,1
"Chérie coco pardon laisse d'abord l'affaire du pays là, donne moi seulement la position du Koki",1
J'attends l'huile du pays parce que ce qui a démarré sur mi là,1
"Si ça dérange on peut faire même avec l'huile d'olive, peutêtre ça va avoir un goût qu'on ne soupçonne pas hein",1
C est aussi possible,1
"Il y'a une femme au Cameroun qui m'avait dit ceci parfois tu cherches l'enfant croyant même que tu n'es pas fertile, pourtant quand l'enfant sans que c'est au Cameroun qu'il va naitre, il refuse de venir...",1
Le vendeur de chien est capable de convaincre les clients que son chien attrape les oiseaux,1
Moi même je vais descendre cueillir les noix et pressé,1
Ahh bon? Toi c'est le montant pour le nombre d'année qui te plaît et les cni là vont donc sortir? C'est ma question,2
This message was deleted,1
Y aura les crevettes ???,1
Entrance free?,1
Yaura tout,1
Yes,1
Oui free entrance venez avec vos gars This message was edited,1
Et pour la conso?,1
Pour les crevettes et la musique je peux hein,1
Mou je viens chercher,1
La conso cest individuelle This message was edited,1
Estimation des prix,1
Donc si on n'a pas le gar on ne vient pas?,1
Selon les infos reçus la bière  cest dans les 350p,1
Liqueur et jus combien,2
Mon sponsor est entrain d'écrire,1
On go alors? Je sens même que tu es mon goût,1
OK,1
Oui c'est free,1
Je reviens avec plus de détails par rapport à cela svp,1
Ikii. Les gens riches eh,1
Biensur et les gambas,2
Cest une sorte de grand rectangle commercial autour duquel plusieurs restaurants et au centres des espaces avec des places assises pour consommer.,2
Nous vous attendons,1
C'est ce qui est à Nikolskaya?,1
Exactement,1
Aaahhh ok j'y étais hier This message was edited,1
En tt cas je ne veux pas entendre koooooo,1
Anhhhh ok,1
cest pas grave ya les nouveaux on sait jamais,1
Ma'a ne te vex pas pardon,1
Elle a mis les poumons,1
"Biensûr que c'est normal, il propose un service",2
C'est vrai quand même,1
Tu nous tapes maintenant????tu nous tape?,1
Bref c'est pas forceé,1
S'il ne fait pas comme cà qui doit être au courant ?,1
Toi seulement oui,1
Je suis ta moins chère,1
Tu as la bonne chaire,2
Je sens que je vais trouver la femme ce dimanche hein,1
Moi je dois manger les crevettes,1
Apprette seulement la bague,1
Il ya ça là bas mal. Et s'est ci bien fait  This message was edited,2
NB svp ne venez pas à 2000 du Cameroun,1
2000 de la Russie  This message was edited,1
"Oui oui oui, même 3 comme ça, on ne sait jamais, je suis Bantou",1
"Laissez nous faire la bordelerie maintenant, notre descendance aura aussi besoin des conseils sexuels dans 300 ans",1
Hein père,1
J'espère qu'il y aura le mbolé,1
voilà en vrai,1
Tu vas nous mettre le feu là bas non  les artistes vont se charger de mettre l'ambiance nécessaire,1
Ma question elle est très sérieuse hien,1
Les artistes vont faire les efforts de te satisfaire si tu peux danser sur le podium,1
Merci laba,2
Biensûr  parceque c est la seule danse qui me fait   sortir de ma zone de confort.,2
"Ikiiii c'est bon alors, tu vas sortir de cette zone là en vrai",2
En vrai oooo,1
Personne nest né un 7 février ici?,1
Srx?,1
Il le faut,1
Tu est là on cherche encore,1
A ma connaissance non,1
Si c'est le cas que la personne m'excuse car je n'ai pas eu le temps de faire sa connaissance,1
Trop les nerfs,1
Recherche un appartement ou une chambre dans un appartement,1
Je recherche Une Chambre ou Un appartement en bon état dans Moscou.,2
Budget 3040 mille.,1
Bonjour à tous besoin d'un logement pour 3 jours à Dimitri.,2
Départ ce soir Douala  Moscou,1
"Cest quelle annonce ça frère ? Même pas deux jours en avance, nous de Yaoundé on fais comment ?",1
Jai les colis à Yaoundé,1
La personne ellemême me l'a annoncé aujourd'hui  j'ai eu la même réaction,1
La guerre,1
Qu'elle achète beaucoup de bâton de manioc pour remplir ces kilo,1
"Initialement, la personne ne voulait même pas s'encombrer de bagages, puis a compris que c'est quandmême les dos hein",1
La rue,1
Вокруг СВЕТА,1
Merci,2
8mil 23kilo,1
9 ml,1
Ooorje suis sérieux,1
Moi aussi frère,1
Lol la vente aux enchères.,1
This message was deleted,1
8mil 23kilo je suis sérieux si c'est bon 18h mon sac est prêt,2
Ok,1
Il faut attendre les nouveaux qui viendront vers aoûtseptembre,1
OK moi je voulais seulement aider hien,1
Looool non le genre ci il ne faut pas aider bro,1
Bon tu veux combien ?,2
Même 100k je ne vais pas refuser hein,1
Merde bro elle voyage à quelle heure ?,1
D tous les façon à 20hsi tu n'as pas trouvé je suis la,1
"Ne t'inquiète pas, il ne reste plus beaucoup de kg, donc avant 15h, peutêtre tout sera bouclé",1
8 mil FCFA ? ou rouble,1
Rouble,1
"Si on mettait toute notre intelligence pour développer le pays, c'est qu'on est très loin.",1
Merde,1
Et il raconte avec toute la fierté genre il est un héros,1
Bien sûr,2
"Monsieur Emmanuelle n'oublions pas que nous sommes dans un groupe Laïc, respectons aussi nos frères musulmans et nos spécialistes crânien  qui croient au culte des ancêtres et les autres...",1
"La personne dit qu'elle part finalement depuis ydé, donc c'est encore possible de prendre les kg de ydé.",1
Quel quartier à Yaoundé ?,1
Attends je demande même aussi ça une fois,1
Je t'ai dit nor 23kg prêt actuellement à yde 9mil chaud chaud,1
Bro il faut laisser eeeehhhh ce n'est même pas un débat frère,1
Départ Yaoundé  Moscou 20h,1
Ahala entrée pharmacam,1
8mil,1
Mince c est une voyage hien et la personne quitte à quelle heure svp?,1
Jusqu'à 20h au plutard la personne récupère les colis,1
"Je suis une autorité traditionnelle et crânienne, personnellement je suis gêné par ses messages répétés.",1
Donc tu as déjà pris 3kg,1
"son contact stp, il quitte à quelle heure ?",1
Aujourdhui ?,1
Aujourdhui ?,1
Autorité comment nohhh ?,1
"Oui aujourd'hui, il prend les colis au plutard jusqu'à 20h",1
"Dis donc quil voyage léger alors. Il dérange les gens. Il est 15h, les gens sont aux travail",1
Oui,1
Ekieee estce que quelque part c'est mentionné qu'il force quelqu'un?,1
j'ai dis moi que mm si c'est à 20h mon sac est déjà à l'aéroport,1
79013886871 va récupérer ton sac là en vrai,1
départ inattendu et extrêmement urgemment confirmé.,1
79992013143,1
Sacrifier son frère pour largent,1
This message was deleted,1
On appelle ça profiter de la situation,1
Tu connais la personne personnellement bro?,1
Pour sassurer que les colis arrivent à destination,1
C'est bien noté grand je m'excuse pour les inconveniences,2
"Oui, c'est le frère d'un ami militaire курсант",1
Okay,1
cest la même personne qui ma envoyé,1
Ça dépend hein,1
Je sais,1
Je crois que cest pareil ici,1
"Ikiiiii toi tu as d'abord trop les relations, je sais",1
Lol sûrement,1
Noo papa,1
Les débats au Cameroun,1
This message was deleted,1
La majorité des TikToks si sont seulement des mises en scène cest même ce qui est énervant dans lhistoire si,1
Ekieee tu lap seulement ma'a?,1
Tu as déjà trouvé les gens pour tes kilos?,1
"Oui oui, les kilos s'envolent comme les petits pains, il doit en rester quelques uns encore si besoin.",1
Tu as prix ton koki j'espère et ton eru on ne veut plus les pleurs ici quand 237652314087 va te dire de venir prendre le koki seulement après la session de juin,1
Non ohhh moi je veux net net celui de 237652314087,1
En tout tu es prévenu si on t'entend pleurer ici on te bannit du groupe,1
"Entre temps, c'est vendredi, donne moi même d'abord la position pour un bon plat, pour toi ça sera le eru",2
Estce que moi je prépare?,1
Ekieeee tu ne prépare pas comment?,1
Bonsoir a tous,2
Pour visionner,1
Beau débat,1
C'était chaud ehh,1
Bonsoir,2
Pardon la rediffusion est où,1
"Dis nous d'abord où tu as trouvé la go là, peutêtre notre bonheur nous attend en Argentine, nous on force avec les gos d'ici hein",2
Demain il y'a rassemblement à l'ambassade hein,1
C est pour partager l argent de la vente du Cameroun ?,1
"Donc la vente a déjà eu lieu, il faut qu'on aille réclamer nos droits aussi hein",1
off This message was edited,1
Cest mm qui ici siouplait?? Japprécie trop son comportement,1
Depuis longtemps,1
"Donc toi tu as déjà eu ta part? Je comprends pourquoi ces derniers temps tu as l'argent mal seulement. Demain la Cabana fait une inauguration, donne moi même seulement 2 bières, ça va me suffire",1
Non moi aussi je demande juste parceque j ai jamais reçu ma part alors que je suis suis une Camerounaise avec tout  mes documents,1
Pardon allons réclamer ça,1
Déjà prête donne moi juste l heure?,1
10h,1
Ok merci 8h me trouve làbas,2
Je mapprêtais déjà à demander où tu es depuis le matin,1
Même tes  ne peuvent pas m empêcher cette fois,1
Ekieee  ne dis plus ça euinnn . Rien sans ASECAM,1
"Oui je le suis, Mwāmbè Poutine Noir c'est mon nom de notabilité",1
"Enchanté moi c'est Notable Ta'a Kwagne, 23 ème du nom à la chefferie Bafoussam",1
Il y a un autre système digestif sur les doigts??,1
"La consultation au Cameroun, c'est toujours comme chez les mahlams",1
79996751961 Dr Christian a tes balles hein,1
Au moins ça rassure le patient et il guéri psychologiquement déjà,1
"Joyeux anniversaire, Wandji adrien!",1
"Joyeux anniversaire, Wandji adrien!",1
Happy birthday Wandji,1
"Hello, guys I want to ask is there any way to can solve this situation.",1
Hello! You need to ask your Russian speaking friend or your tutor in university for some help.,1
"Ça c'est arrivé à beaucoup de personnes, même ceux qui vivent normalement en Russie avec le VNJ et d'autres sont même allés au МВД de leur rayon, euxmêmes ne comprennent pas ça. C'est probablement une erreur dans la base de données, mais c'est vraiment grave, puisque si ton nom apparaît dans ce registre, tu ne peux pas avoir un compte bancaire, ni faire quoique ce soit, bref c'est assez compliqué. J'ai entendu des gens qui ont leur business ici avec le ИП, qui ont vu leur compte personnel bloqué, mais aussi leur compte business. C'est vraiment dommage. Beaucoup de courage à ceux qui sont dans ce cas, je crois que ça va s'arranger, même comme je sens que ça ne sera pas simplement. This message was edited",1
Bonjour a tous Moscou Douala le 13 février,2
Impossible n'est pas camerounais,1
Je disais la même chose hein,1
Femme,1
null,1
Ce sont des vidéos qui heurtent la sensibilité !,1
J'ai effacé après la première image,1
La base c'est la confiance,1
"Tu laisse tout le monde donné son avis dans ce cas.  C'est une information,  malgré qu'elle soit dure,  c'est une réalité.",1
Publies ta vidéo mais notifies sur le contenu tout en faisant savoir quelle est choquante.,1
Là ça évite ceux qui ne sont pas intéressés à pas louvrir.,1
"Tu es l'administrateur dans ce groupe qui a le plus supprimer les messages et  autres,  pourtant tu es admin ça fait pas longtemps .",1
Inna cherche quoi dans le groupe ci ?,1
Juge des affaires bizarre bizarre,1
J'espère que vous avez les relations. Les pygmées baka  Bakola n'ont pas besoin de prendre l'avion pour arriver à Moscou. Sur ce bonne nuit.,2
Ecorcement stable,1
Les messages comme cà hein!!!!,1
Tu as mangé bro?,1
Moi je Wanda moi seulement,1
79013886871 bonjour,2
Je mexcuse beaucoup . Joyeux anniversaire au 9e du mois de février,1
Diviser pour mieux régner c'est l'une des plus anciennes politiques qu'emploient les satrapes qui n'ont réellement pas de politique! Ça marche également beaucoup sur un peuple qui a besoin du riz promotionnel que du développement durable .,1
On ne me souhaite pas aussi joyeux anniversaire? Ou bien je n'ai pas de longs bras?,2
Euy cest ton anniversaire aussi? Je crois pas,1
J'ai eu 19 ans à 4h,1
"Joyeux anniversaire alors,comme tu cache ton jour de naissance",1
Il ment,1
Merci  il n'y a que toi,2
laisse la me donner le cadeau,1
"Joyeux anniversaire, ENOUGA MOISE JUNIOR!",1
null,1
"Bonjour,",2
Merci beaucoup,2
jusquà il se justifie,1
explique à ton voisin flowers,1
Ya koi,1
Le voisin de qui,1
Fleur English flower,1
"Oki cest un papa qui a violé sa fille, et la mère a appelé le renfort. Au commissariat le papa explique quil la fait parceque la fille était possédée, il le sait parce quil est un tradipraricien. Donc cétait une manière de retirer les démons de sa fille et que lorsquil la violait il voyait en elle sa femme. This message was edited",1
"Humm, qui vivra verra",1
237698580487 bienvenue à toi Junior.,2
Le groupe Asecam Télégramme pour rester en contact avec la grande communauté camerounaise de Russie et lEurope de lEst.,1
"Ici cest Asecam Moscou. Pour tout problème, renseignements et rester en contact avec les étudiants camerounais de Moscou.",1
Mince vous avez changer de president sans me dire?,1
ASAECVCC,1
Ennemie de la paix,1
Il est dans ton université Presi,1
Il est nouveau ?,1
Oui je les ai rencontré à trois dans le métro. Ils sont à МГРИ arrivé il ya un mois,1
Depuis que 79999813624 a eu l'argent les enfants là sont dispersés massah,1
D'accord je serai à l'université demain à 12h si ça leur intéresse on peut se rencontrer,1
"Heinn papa? Je reçois en tout cas. Si les gars te montrent qu'ils n'ont plus besoin de toi tu fais quoi tu force? Chacun est majeur, adultes et vaccinés en plus moi même j'ai aussi des charges qui ce sont ajoutées à mon agenda",1
Effet tchequer,1
Très mal compliqué même d'autres même ne salut pas quand ils te croisent même à l'université tu soulève la tête pour saluer une ou un il passe,1
"C'est quand il arrive au décanat ça bloque Marina ou le decan appel Clémentine qu'on commence à dire grande soeur grand frère, certains sont très mals insolents même quand il te voit au couloir",1
C'est très compliqué,1
Merci,2
Qui ira au concert ??,1
Moi,1
Je veux 10 si exactement comme sur la vidéo,1
Ok. . Oui oui.. la vidéo est sans filtre...,1
"D'accord,super",2
Qui est déjà sur les lieux svp? Je suis en route,1
J'y serai dans 50 minutes,1
This message was deleted,1
метро Ясенево,1
"Il y'a déjà les gens, mais autour de la scène là, il n'y a pas les places, chacun va seulement se chercher dans la jungle ci",1
Ya la fetes vous n'invitez pas le président des immatures comment ?,1
Garde moi la place stp,1
"Que moi même j'ai d'abord trouvé? Je m'envois même d'abord manger, j'ai faim, le reste on va gérer après.",1
Donc Y'ah la nourriture labas ?,1
C'est gratuit ou on vend ?,1
Lol qui a financé pour qu'on donne la nourriture aux gens? La nourriture se vend ici ma'a  c'est un фуд корт non,1
Garde moi la place ehh,1
C'est important de sensibiliser car lorsqu'il y'a une situation critique on vient demander l'assistance morale et financière de la communauté estudiantine,1
Celui qui ne vient pas a mon concert ne me parle plus,1
Hum doyen je suis a Veliki Novgorod,1
Les gars alors au concert danser,1
Pourtant tu offres même la tchop aux gens les gens simplifient,1
Moi quoi?,1
Un gars tres intelligent,1
Cest le concert de qui svp!?,1
Je sais que le message ci c'est pour moi,1
Je suis en route ohh,1
"Hummmmmmm façon j ai fini avec les répétitions là, s'il y a pas le mbolé làbas hien",1
237693112997  fait nous le direct stp,1
Il chante en français ou en russe!?,1
Cest où !?,1
Interessant j'en viens,1
le mangement gratuit là ne laisse personne eh et puis quand c'est moi vous allez parler,1
Mon Cho sera là  donc je dois faire un sia comportement,1
"Viens, tu vas savoir",1
Je vais mettre la corbeille devant le groupe pour les motivations,1
Merde qui m'a envoyé a Veliki Novgorod,1
Точно адрес пожалуйста,1
Улица Никольская10,1
Ahhh donc c'est toi qui est assise jolie jolie là hein,1
"Merde si quelqu'un rentre encore célibataire aujourd'hui, il va seulement aller se laver au village  façon les gos sont nyanga là hein maaamaaa Sarah  voilà alors la rencontre ASECAM du nouvel an",1
Pourtant tu vas rentrer célibataire,1
Est ce qu'il ya alors ton goût làbas ?,1
"A la base je ne suis même pas d'abord célibataire, le combat ci ne me concerne pas",1
Ikiii,1
"Voilà, il y'a pas mon goût, moi je suis chez les babou...",1
Net net,1
Tu n'es pas sur scène ?,1
Tu viens de me convaincre de venir bravo,2
Pourtant tu ne vas pas draguer,1
La tranche d'âge,1
Vous êtes tous des plaisantins,1
J'ai changé ehh,1
Suis maintenant courageux,1
Tu mens,1
Tu vas seulement ambiancer,1
si je te voyais hier à lambassade cest que je venais aujourdhui,1
Tu arrêtes le Tamtan un autre va venir taper,1
"J'ai d'abord enfilé un costume 3 pièces, soit je rentre avec ma future femme soit je rentre soul",1
"Pardon le quartier, quand on arrive ici on fait comment ?",1
Les gars orienté moi même nohh vous voulez vous marier seul ?,1
Les gars orientez le président nohh,1
ils sont déjà concentré dans les conseilles bro,1
Ne leur déconcentre pas j'ai quand même fait le доставка donc je ne peux pas me perdre,1
Le membre du quartier est encore en route,1
C'est obligé de porté le costume ?  Moi je peux venir en tenu de travailler nor,1
Vient seulement comme tu es c'est comme au mboa,1
Entre seulement,1
"Gars la concurrence est rude, les gars sont chauds comme la vapeur du Koki ici. Si tu dors la carte ils vont prendre toutes les belles gos",1
Tu peu être plus chaud qu'un gars qui a 5 millions en poche pour dépenser ?,1
Merde papa tu as alors le vrai secret des gos,1
Weeh,1
79187024315 stp envoie le liens pour rejoindre le groupe whatsapp,1
C est dans le camp de déportation que tu vas te retrouver,1
Cest bon,2
"Le genre d'ambiance que les gars mettent là, wallaye c'est mieux que le concert de Fally",1
Tu es vraiment sûr d'être làbas ? On ne voit pas ta vidéo tu nous dit seulement que ohhh ahhh,1
Il est là ohavec sa babouchka,1
Si tu dis c'est que c'est ça,1
Mais la précision ohhh  personne n'est facile ici ashoueh,1
Ca va alors Anne avait déjà confirmé ta présence,1
Les gars merci pour la presence,2
Père la chasse d'aujourd'hui était très très compliqué,1
Le grand frère là chante seulement tout? Massa,1
il n'y a aucune go célibataire làbas pour moi,1
Père c'était le désert,1
79203495219 si tu n'avais pas mis...... Je t'amenais au concert,1
J'ai même enlevé le costume dans le Plastique du pressing,1
J'étais sur de trouver celle là,1
ça n'a pas payé,1
Si je ne navais pas quoi ??,1
Même 79309676574 n'est pas kem,1
Mis une photo bizarre en pp,1
Même 79295642204 n'est pas venu alors que je devais l'avouer ma flamme,1
Pardon ??,1
Quand c'est ton jour même la poule  te renverse,1
Eh pardon je chasse souvent avec toi?,1
"si vous prenez même les petits si, nous on va faire CMT président... Mekdeu",1
Trouve une bonne femme à ton ami,2
MDR,1
Tu as fini de me narguer?,1
J'assume ce que je dis. C'est bizarre,1
Tu nas pas le niveau,1
Tu as mesuré avec koi! Tu Ndem parfois ou koi?,1
Tu nas juste pas le niveau,1
Comprend comme ça,1
Ça n'empêche que je donne mon avis. Quand t'es laid t'es laid! Rien à faire,1
Très drôle,1
Ya même pas comparaison,1
le gros que j'avais déjà pris est où d'abord ?,1
Il est 1000 000 de fois mieux que toi,1
Ekieu,1
Le désert comment avec toutes les femmes que jai vu laba,1
Bro je suis venu elle recevait juste les conseils,1
Mon seul concurrent en Afrique c'est Pierre Abena. Le reste nkoumbou vide... Si tu ne connais pas qui s'est va guetter google,1
Reine toi même tu m'as lâché aujourd'hui,1
Où comme ça ?,1
c'est leur travail,1
Avec quoi?,1
Tu ndem eh,1
Mets toi de côté,1
Au concert du doyen Jack,1
Toi même si cest seulement pour faire un enfant je refuse,1
Eukieu,1
Faire un enfant avec un enfant. Tu aimes les mauvais rêves einn,0
Tsuipsss,1
Je ne sais même pas pourquoi tu jacasse,1
Vas dormir,1
Il y a deux personnes dans ce groupe qui font toujours comme le Cameroun et la côte d ivoire pourtant au fond c est l amour du coeur  qui les dérange,1
Tu n'étais pas la,1
Je ne savais pas qu'il y'avait concert,1
Tu me connais assez boss,1
237652314087  la petite sœur connait mon nom d'acteur à Moscou?. Explique lui,1
"je devais placé le mot aujourd'hui, je t'ai cherché",1
Tout ça c'est Anne237693112997,1
cependant ce sont tes cousines qui se marient les samedis avec les gars moins charismatiques que moi tu vois ta tête nor?,1
Cest finit ?,1
Reste là à jacasser,1
Vas dormir,1
Nn c'est jusqu'àu matin tu peux venir,1
Et il paie les factures de la mienne,1
Pardon j'étais là quand ça commençait?,1
Toi dabord je ne te crois pas,1
Je meurs toujours pour rien,1
Ça va nor,1
Pardon va làbas didonc,1
Tu fais 1M combien sil te plaît,2
1m60?,1
J'ai reçu trois diplômes de Master en violence. After love na fight,1
Bonsoir svp un site pour voir les matchs,2
tu as la force pour bagarrer nor,1
Crtv,1
Celui qui vend les oeufs ne cherche pas la bagarre.  Une fois de plus va loin. Il est laid et très laid,1
Je laime,1
Moi malheureusement,1
Tes aveugle,1
237693112997,1
L'amour rend aveugle on a dit,1
l'amour de Thom et Jerry. Ahh va làbas avc ça Didonc...,1
Il a l'argent. Ça ne va jamais finir,1
Tu n'as pas honte de dire en public que t'aime un gars laid. Moufff,1
Pense à tes futurs enfants ma belle,1
L'argent arrange tout,1
En plus j'ai assez de beauté dans mes gènes,1
la peyi soeur on a construit son immeuble dans la bouteille. Kan elle va sortir elle va nier tout ce qu'elle écrit ici,1
Pas plus laid que toi,1
Même si je reprends mes esprits tu ne feras jamais parti de mes choix,1
Après Pierre Abena c'est moi. N'en déplaise,1
Envoi un ta photo ici sil te plaît,1
Avec tes outfits,1
on dirait ke tu les en as.,1
Je veux voir quelque chose,1
euilll aussi? L'habit dresse la laideur,1
Envoi dabord,1
Je dis hien le sujet là tourne toujours autour du concert?,1
Tu es abonné capture au fur et à mesure. Tu compares pas quand je jongle encore imagine un peu... Tsuippps,2
Pardon Amène la avc toi,1
Ma vie me dépasse pardon,1
"237652314087  viens poster ma go, la peyi soeur si doit boucler son clapet",1
Allez làbas vous deux didonc,1
79203495219 estce tu as mon profil? Jusqu'ici le seul qui a inventé la sapologie traditionnelle  tu peux supporter? Tsuipsss,1
Tu te crois beau hein,1
Je valide Mr le sapologue,1
Les congolais prennent maintenant une balle perdue,0
Cameroun VS côte d ivoire,1
79203495219 lis ça,1
solidarité masculine oblige,1
Dis moi que tu maimes on quitte,1
D'abord c'est la base,1
Je meurs toujours dans tes choses,1
"Quand on va finir de jouer avec ton cœur, n'oublie pas. Je serai toujours là pour toi",1
"En direct, avant la CAN",1
apparemment tu connais tout ses katas,1
Sinon tout le bruit là depuis c'est pourquoi? Est ce que je calcule toutes les gos d'ici comme toi?,1
Je suis innocente,1
La SG,1
je t'envoie en mission. Stooo tircishh chaque mois. On doit récupérer la peyi soeur ci a son blagueur de gars,1
pardon eh,1
ngue stooo tirrrcisshhh This message was edited,1
Mais estce que je te calcule alors,1
Tu dois ARRACHER,1
Tu passes ton temps à récupérer  après tu ne fais rien,1
La première mitemps est finie.,1
"On n'aime pas le sockoo à moitié, il faut continuer",1
"Il y a de koï, on. A construit ton studio moderne dans la bouteille Cassable attend ça se casse",1
"Elle est averti, elle me connait",1
dabord,1
Oki le nouveau français,1
This message was deleted,1
YAOUNDÉ,1
Elle est encore à Moscou ?,1
Qui sait? J'ai vu dans un groupe j'ai partagé je ne la connais pas,1
Massa elle est où ma part depuis là personne n'a trouvé comme il ya avait le liquide dedans là je dois seulement oubliée,1
Âme sensible bien vouloir s'abstenir.. le dehors est risqué,2
null,1
Pourquoi couvrir ? Quand elle urine dans la marmite là est ce qu'elle a pitié des pauvres gens qui vont manger ça,1
"Merci de prévenir, ça mévite de voir des trucs bizarres.",2
Elle filme même d'abord pourquoi ?,1
Et ru vas te retrouver entrain de manger chez elle alors qu'elle a été découvert et tu as refusé de regarder au nom de la sensibilité,1
"Valsero dit souvent, quand Dieu veut te perdre, il te rend d'abord fou.",1
Nooon je mange seulement la nourriture de la femme maintenant  This message was edited,1
"Tellement que j'ai déjà suivi des histoires comme ça, je ne suis même plus étonné . Je suis plutôt choqué par le niveau de la bêtise de se filmer.",1
La voici,1
Elle a fait quoi svp je veux pas ouvrir la vidéo,1
Rien de grave Ouvre d'abord,1
Elle urine dans la nourriture,1
De quelle femme vp,1
"Quand Dieu doit t'exposer c'est comme ça, elle a l'habitude de faire ça sans que personne ne sache mais ce jour elle même voulait revoir le scénario après oubliant que cette vidéo pouvait sortir et se retrouver sur les rs.",1
Continue à me négliger,1
Lurine soigne les maux de dents  hein,1
"Chacun n'a qu'a soigner son mal de dents avec son urine pas qu'elle va distribuer aux gens ses maladies, pertes blanches et j'en passe",1
Pourquoi  ce sont les filles moins belles qui font toujours les salles trucs,1
Cétait exactement ma première question,1
Mince ma vie ooooooo,1
This message was deleted,1
Comme si elles compensaient la laideur avec la sorcellerie,1
Voilà les scoops journaliers au Cameroun.,1
"Joyeux anniversaire, Oum Elisabeth Oscarine la grande! This message was edited",1
Le charme pour garder les clients là est risqué ehh,1
Aimez vos femmes. La leçon du jour. Mageons home,1
"Hello,",1
"Please Doc, does the Russian consulate service stamp a 90 days tourist visa in Cameroon?",1
"Bonjour a tous, quelqu'un atil un élément de réponse SVP ?",2
No,1
Tourist visa is 30days,1
Merci,2
Salut everyone,1
"11 février 2025, à 20h30",1
"february 11, 2025, at 2030",1
Présidé par qui?,1
Il ya un frère qui a perdu ces documents une femme russe vien de menvoyer sa vous pouvez aider a trouver le propriétaire?,0
Ya aussi le Passport jai juste pas voulu publier pour protéger ses informations personnelles,1
Il a un visa Biélorusse,1
la patte dentifrice á 500 roubles???? Massah,1
C'est pour celui qui donne la valeurs a son argent et à son corps,1
Halaine fraiche pendant une semaine,1
"Pardon si quelq'un t'achete ça, j'investi 200 mille rouble dans ton business This message was edited",1
Le nouveau Qnet,1
Meme si he vais pretter 180 kolo chez 237698329022,1
Je ne t'ai pas parlé du buness ooooh pardon je vends les pattes,1
Jai déjà acheté investi ds son business,1
"Si quelquun sauf Fleur achète, jinvestis.",1
Tu réfléchis sur comment draguer achete la patte je te dis un Secret,1
Ça te rates,1
Le marketing ci c'est déjà le haut niveau,1
"Toi tu peux te permettre dacheter ça, tu as beaucoup de gars.",1
Lodeur de ta bouche va envoûter la go,1
Est ce que c'était dans un intervalle ? Tu as direction réaction,1
moi mm suis pas au courant,1
"Je te dis, surtout que comme je mange trop les oignons et l'ail ces derniers temps ci, ça peut m'aider à WIN ma femme de mariage ici en vrai",1
"Gères ta babouchka tranquillement brother, 237652314087 nous a versé le kosam déjà",1
"Lol la Babouchka ne souffre de rien, mais elle aussi mérite que j'aies une bonne bouche bien fraîche non",2
Je me disais que tu avais déjà trouvé le jour du concert,1
"Lol ne m'affiche pas ici pardon, ma vraie go peut croire à ça ici comme les blagues",1
Au pays j'avais eu un problème on m'a prescrit sensodyne et sa coûtait dans les 5000 CFA à l'époque,1
En plein veille du 14fev,1
Je te dis hein,1
Il fait que la fête soit belle,1
Garde moi deux pattes  stp,1
C'est noté je te trouve ib,1
79259217245  va déjà chercher le reste des 180k tu viens lui donner stp,1
Il a commencé la course de l'enfant,1
79259217245  mon Vp c'est toi que j'attends stp,1
Déjà trois vendu,1
Numéro un sur ma liste dennemis,1
Passez vos commandes chez 79002693886 et ajoutez vos noms à la liste,1
Sérieux test le produit et tu verras,1
75 000 fcfa disponibles pour le rouble,1
Plus de 230 de réunion,1
"Joyeux anniversaire, Michael KUE!",1
"Joyeux anniversaire, Djopa Nana!",1
"Joyeux anniversaire,    Elobo Makia clementine!",1
Merci,2
"Joyeux anniversaire, Michael KUE!",1
Joyeux anniversaire Audrey,1
"Joyeux anniversaire,    Elobo Makia clementine! This message was edited",1
Communiqué,1
C'est la gar routière ?,1
Aucun lait,1
Merci beaucoup presi,2
Merci Eva,2
Happy birthday ma mere,1
Joyeux anniversaire mbombo,1
Merci merci,2
Merci beaucoup,2
départ confirmé,1
ya til un voyage de Douala yde à Moscow cette semaine ?,1
Oui bonjour,2
75 000 fcfa disponibles pour le rouble,1
Salut à tous,1
74 800 rub,1
Prend le,1
Même en découpage sa peut aller?,1
En 2 secondes,1
Donc on te donne 500.000 toi tu nous remets moins de 500.000 ici?,1
Bonjour 50kg disponible pour le 18 février. Yaoundé  Douala  Moscou,2
"Salut,",1
Salut,1
Je veux 23kg,1
Ah bon,2
Qui me donne boss,1
?,1
Personne non boss,1
Je ne vend pas des sous boss,1
lol Insidieusement,1
On ne fait signer personne pas force la vie c'est un choix,1
Живая афро музыка в Москве...,1
Le lien télégramme du groupe Afro qui était en concert dimanche dernier,1
Vous êtes fort ici. Les camerounais que Dieu vous garde,1
Il va nous gardé papa,1
Je ne me brosse jamais,1
C'est un choix brother,1
"Si tu ne peux pas encourager le commerce de quelqu'un, mieux tu passes sans rien dire",1
Franchement,1
"Aka , même encourager est étonné",1
Happy birthday la mère,1
Tu la fermes donc,1
Parceque vous encouragez trop ici n'est ce pas,1
Restes tranquille didc,1
Sinon quoi???,1
Enlève moi une fois du groupe c'est mieux. Encourager encourager......,1
Massa c'est mon produits qui donne les nerfs là papa,1
Merci beaucoup,2
C'est l'école qui dur,1
"Bonsoir,",2
237 6 55 82 52 71 svp ajoutez ce numéro chers administrateurs,1
Bonsoir encore disponible ?,2
Oui oui,1
Même le kaolin ?,1
Oui disponible,1
Combien ? Tu es à rudn?,2
700000 FCFA disponible au pays besoin de l'équivalent en rouble,1
9.000.000 fcfa disponibles.,1
Ib,1
Ok,1
Je veux 10000,1
"Joyeux anniversaire, NDJEBAYI ALAIN DANIEL!",1
Ib,1
"Joyeux anniversaire, NDJEBAYI ALAIN DANIEL!",1
Voila,1
79645644322 joyeux anniversaire mon petit,1
79645644322 joyeux anniversaire mon petit,1
Happy birthday bro,1
79645644322 HBD brotha,1
Merci broo,2
Merci,2
Merci big,2
"Yes, thks lhomme",1
Thks a,1
Hum,1
C'est une copieuhses et une colleuhse,1
Chambre disponible dans un appartement,1
"Bonjour, svp jai besoin des bâtons de manioc.",2
J'ai mais je suis a Yakurtsk  expédié ?,1
"No thanks, je préfère quelquun de Moscou",1
300 rouble batons?,1
"Bientôt 1 rouble va valoir 15 FCFA il faut me croire sur parole, dans quelques mois",2
Ça a déjà été le cas une fois ? This message was edited,1
Je crois en cette prophétie,1
C'est possible lorsqu'on regarde la situation politique,1
C'est même fort possible,1
"Non, mais ça a déjà avoisiné 12 je crois.",1
"Oui justement, ça prend du temps, mais il y'aura une dévaluation du dollar, et le rouble, le yuan etc.. vont prendre de la valeur",1
"OK. Alors c'est possible. Surtout en septembre, octobre la",1
Cool,1
"12,71 je crois",1
C'était le mex,1
8.300.000 fcfa disponibles.,1
"Un truc comme ça, mais 15 sera historique",1
Tu as pris l'argent là où madame?,1
C'est l'argent de la réunion,1
Donc il y'a la réunion qui donne le genre ci? C'est le moukouagne?,1
On cautise 500000 par personne tu vois,1
Et vous prenez les 500000 là où?,1
Tu joues avec les filles de ce groupe hein,1
Moi même je me pose la question,1
Moi j'ai déjà respecté l'affaire ci  donnez nous vos réseaux aussi non,1
"Мы ждём, on peut déjà réservé 500 m carré au pays pour attendre",1
Barre me le,1
On a encore fait quoi norh,1
Les malhonnêtes se dévoilent,1
Ekié  ndjoh comme ça ?,1
Почему ты меня обманываешь на такую сумму?,1
Qui est libre demain pour allez chercher 4 étudiants à l'aéroport et les accompagner à la gare pour qu'ils prennent le bus pour Соф МГРИ à Старый Оскол...,1
"Quand vous m'écrivez inbox mettez une fois le montant de votre commission, j'enverrai a l'université c'est eu qui payerons",1
Bien évidemment j'enverrai le montant le plus raisonnable et juste quelqu'un qui est inscrit à ASECAM pas soucis de sécurité,2
250 dollars,1
Dieu existe ehh,1
c'est quatre étudiants nor,1
Pourquoi tu parles de ib si c est pour exposer,1
Mais ils partent au même endroit nohh,1
"Lol si chaque étudiant donne 5k, ça peut gérer la personne qui va aller les récupérer hein",1
c'est bon l'université va envoyer le bus,2
L'université a déjà assez d'argent mais elle fait aussi le ramassage que les petits gens comme nous allons manger koi,1
Elles voulaient sa petit jetons dedans,1
Mes Quand j'ai dit 250  elle a compris que mieux le bus,1
Apparemment les gens gérais d'abord ça a 5 000,1
Chef tout est chère a Moscou,1
Bus pour l'aéroport qu'on prenait a 200 est maintenant 400,1
Bonsoir. Svp qui vend les noix de palms pour faire lokok ?,2
Aero express train de 400 est maintenant 650,1
Bro même sans les noix l'okok est bon hein,2
Donne un peu la recette stp.  Jai Lokok qui chaume,1
Cest quoi ca encore ?,1
79774380461,1
Quoi comment?,1
C'est pas faut avec une bonne huile de palme sa donne,2
Voilà,1
Jai lhuile. Details un peu stp,1
Tu prépare le sucré ou le salé,1
Sucré mama. Je ne connais pas les histoires de salé,1
OK,1
Rincer les feuilles d'okok et les tremper dans de l'eau la veille.,1
Au métro Беляева il y'a une camerounaise qui vend la pulpe des noix,1
Ib pour son contact,1
Merciiiiii,2
Okay,1
"Chérie coco pardon donne la recette pour le salé, c'est le meilleur",2
Je ne comprends pas comment quelquun peut manger une nourriture avec le sucre,1
Le sucre cest pour les desserts,1
"Je te dis ma chérie, l'autre là me dépasse aussi jusqu'à",1
Il y'a plusieurs types d'algorithmes hein,1
Je parlais comme toi,1
Le caramel n'est pas sucré?,1
Je mange lokok sucré quand jai trop faim. Sinon je ne peux pas laisser le vrai okok avec tout les obstacles du monde pour manger une nourriture sucrée,1
Cest justement un dessert. Pas une nourriture,1
C'est un apéritif,1
Je parle de plat de résistance lorsque je dis nourriture,1
Voilà mm sa vraie catégorie,1
Waaaaa mamaaaa tu connais,1
Cest un apéritif,1
Si cela apporte des éléments nutritionnels au corps,1
Pourquoi ib?,1
Le gros français,1
lol. Cest tjr pour justifier lokok sucré que tu dis que le caramel cest la nourriture ? On aura tt vu,1
Non,1
Je devrais publier?,1
Vous pouvez  déjà envoyer l argent des  terrain au pays,1
Yes bro,1
"Même ci c'est pas aujourd'hui, on aura besoin de cela dans le futur",1
Cassie.vcf file attached,1
Вот,1
Ça cest un débat pour un autre jour. Sinon okok sucrée  salé.,1
Okok salée cest quoi ? Ce nest pas les bassa qui ont voulu tricher le eru ?,1
Cette phrase peut diviser toute une nation eh.,1
Je te dis,1
Un appel de 1hr30  a changer la valeur du rouble.Trump doit appeler Poutine chaque jour unpeu on voit,1
c'est toi le bafang. Pas lui je ne vais jamais regarder un bafang,1
Hummm,1
Tu tires à balles réelles hein,1
Même avec l'huile rouge tu gères. Et dans les boutiques des nigérians là on vend le jus de noix déjà extrait,1
Est ce que c'est la nourriture alors?,1
Faux,1
Toi on t'a déjà embrouillé. C'est le sucré the best,1
"Je mange les 2 et j'aime bien les 2 eh, mais le salé est meilleur",2
Tu aimes trop jouer,1
La radio cassette eh,1
Ekié,1
Bien chaud,2
"Bonne recette,mais il ya ce qu'on appelle la main   de la cuisine. Donc tout ce que vous parlez après c'est juste du sabotage. Que ce soit sucré où salé .c'est un plat camerounais.demandez un peu à la sœur qui fait dans la vente de nourriture Elise Azar . Et vous même allez confirmer.",2
J'ai jamais goûté hein. Faut que je goûte ça un jour,1
Tu ne vas jamais goûter This message was edited,1
Toi même tu sais qui de nous 2 adore les jeux,1
tu veux déjà mentir n'est ce pas,1
Tu vois comment tu es norh,1
Garçon qui sait préparer hummm,1
C'est ta nourriture ?  C'est toi qui prépare ?,1
Malam dit toujours la vérité,1
Jamais,1
c'était une information,1
Faux,1
Regarde comme tu m'offres à l'ennemie,1
"tu peux résister un bafang? Les bassa'a de l'ouest? Seulement façon il vit, le yamoo te contamine à distance",1
"Joyeux anniversaire, Adoumena mbega Cedric joel!",1
"Joyeux anniversaire, Adoumena mbega Cedric joel!",1
Merci à tous,2
La personne qui met le cœur là  tu nas même pas souhaité hbd hein,1
Wekeeeeee donc tu surveille?,1
Blague,1
23794824179 tu réagis alors que tu nas même pas souhaité,1
Ils ont souhaité dans le coeur non ekieee,1
Cest lamour du cœur,1
Je suis bafang je confirme,1
Père pleure,1
Pourquoi tu me fais penser à mon goumin du 14 passé? Le même sticker que mon ex m'avait envoyé,1
Si tu veux encore j'envoie.,1
"Kassango mbena weyo, mobali nanga  bonne chance à ta go",2
Non non,1
Il ya pas une Valentine libre ici ?,1
"Qui peut me louer pour ce soir ? 5000 rouble мои услуги ,  largent pour le kdo et les fleures This message was edited",1
Allo allo 117,1
Cest pour aider la famille nor,1
En attendant celle qui va te louer rince tes yeux  avec cette vidéo,1
Mayole?,1
Tu peux me louer nor tu auras le skidka 10,1
Attend je consulte bae,1
S'il est d'accord je viens.,1
Te louer,1
Pardon cest pas pour les femmes mariées,1
Je ne veux pas le ndôh,1
Sa va alors,1
On va te cogner avec Yandex à Moscou,1
Je voulais acheter le canard pour le toquer porte aujourd'hui mais le rouble a encore chuté,1
"Dans le Toquer porte de ta future femme dépend de la montée, ou de la chute du rouble hien",1
"Pourquoi pas, c'est moi qui imprime l'argent?",1
relation où ton mariage dépend du  rouble  là ma chérie enlève ton pied dedans,1
"en tout cas, la valeur de la relation dépend de la stabilité du rouble",1
déjà que la monnaie en elle même n est pas fidèle en gros toi même tu connais déjà la nature de ta relation,1
L'infidélité c'est quand tu vois d'autres femmes que le nombre que tu as. Je suis fidèle à mes femmes,1
c'est arrivé làbas,1
C'est le geste qui compte,1
c'est le geste qui compte,1
Va manger le eru. L'autre là c'est pas du kok,1
Il veut te dire merci pour le cadeau,2
18 min déjà rien que pour dire merci,2
Il veut t'expliquer pourquoi il n a pas envoyé pour lui,1
"Stresse pas, le meilleur pour la fin.",2
"Oui oui en ses propres termes, il a beaucoup à dire",1
départs très imminents,1
Il vient de mettre fin à la relation,1
"Joyeux anniversaire, Manga Clerence Ashu !",1
"Joyeux anniversaire, Manga Clerence Ashu !",1
Pourquoi Asecam est calme?,1
Bonsoir,2
79996751961,1
"Il ne faut pas nous distraire, nous on mange l'amour, rdv demain vers 13h17",1
Je t'avais oublier,1
Bonne fête,2
Tu fais ça comment?,1
Merci,2
Ne mettez pas les grossesses,1
"On va faire beaucoup d'efforts, mais on ne promet rien",1
après il va venir nous noyer,1
Mais enceintez les femmes russes,1
Joyeux anniversaire Manga Clerence.,1
Il joue son va tout actuellement,1
Avec qui boss? .,1
"vous noyer CMT? Même le bermuda de 100 roubles que les autres refusent, on ne m'a pas proposé.",1
Je connais le bébé tu n'ignores rien,1
J'envoie la photo du bébé?,1
Merci a vous,2
Merci grand frère,2
This message was deleted,1
"237652314087 tu n'es pas la secrétaire pour rien, Mets le gars ci hors du groupe sur Haute instructions  This message was edited",1
où bro,1
"L'huile rouge c'est combien même svp? 0,5L?",2
1500p,1
0.5L ma'a?,1
Tu veux la qualité ou le faux,1
"Lol c'est bon, je go à tiopli stan",2
Ok,1
Encourage la sœur,1
Lol c'est bien ça 0.5L à Tiopli Stan c'est 500р,2
1000 pour le bon,2
Lol mieux le chinois. Le bon c'est seulement comment?,2
Sans odeur bizzard,1
Il ya seulement 7 personnes qui parlent dans ce groupe,1
Lol j'ai déjà pris le moins cher,1
Il faut supprimer mes autres vraiment,1
Avec tout les kilos que tu avais la fois dernière tu prenais même 3 litres au pays plus 2 kilos tu ne devais pas économiser? L'huile rouge c'est pour le koki? Anne t'a finalement donné?,1
"Lol moi je n'avais pas le temps là, sinon wallaye maintenant je vais avoir les réserves",1
"Ellene m'a pas donné le Koki, donc si tu veux me donner je vais prendre hein",1
Achète alors 0.5l à 1500 sans pleurer comme tu n'as pas le temps,1
Je partage huile rouge,1
J'ai pas ohhh achète à wilberries je peux t'envoyer le lien,1
Je suis a Chita,1
No ooo j'ai déjà pris à 600р à Tiopli Stan,1
C'est le faux,1
Waaaaa paaapaaaaa partage aussi ici non,1
Il ya l'eau dedans,1
Lol ça donne la bonne couleur  c'est beau à vu d'oeil,2
Donne moi un peu norn?,1
"Même s'il y'a l'alcool dedans, j'ai déjà pris",1
Montre on voir,1
Mince,1
"Je suis dans le métro, après je vais filmer",1
L'huile rouge bassa,1
Vraiment juste un peu,1
Net net le bon,2
Tu ne veux pas venir prendre à rudn noe,1
"Aujourd'hui je suis ouvert, la personne qui veut me donner à boire, je vais un peu réfléchir, mais il y'a de fortes chances que j'accepte hein",1
Toi tu es un bleu hein donc c'est la couleur qui te blase? C'est la fin qui justifie après tu nous envoie un peu ça on va goûter et juger,1
C'est pas grave si c'est pas le pipi ca va,1
Voici le bon,2
"Lol c'est une soeur qui m'a dit qu'elle a souvent l'habitude de buy làbas, moi je ne connais même pas reconnaître les choses là, je buy par recommandation",1
Ce que j'ai buy ressemble à ça,1
Mais j'ai pris une petite bouteille pour tester,1
Cassie.vcf file attached,1
C'est trop d'explication envoie la koki après on va goûter et juger c'est tout.,1
Elle vend certainement à 700 maxi,1
Je connais même par où on commence pour faire le Koki? Il faut me buch ça pardon,1
"Voilà, il y'a une nigériane chez qui je viens de buy à 600, on m'a dit que c'est la bonne qualité",2
J'espère bien,2
"Les histoires de 1500 pour 0.5L là, c'est seulement l'huile d'onction?",1
En tout cas j'attends la photo de l'huile là,1
L'huile rouge des Nigérians n'est pas comme pour nous,1
Lol ah bon?,2
Oui,1
Tout ce que tu fais est seulement de qualité mama. Qui te peut même,1
Ce qui est certain c'est le bon,2
Tu doutes?,1
"Non non, je sais que ça peut être différent, mais peutêtre làbas au Nigeria c'est bêta hein  en plus ce n'est pas si cher",1
Toi la vraiment.,1
En tout cas on attend la photo,1
A 1500? Pardon il faut m'excuser hein,1
Le moins chère est toujours chère hein.,1
Non à 600 je pense bien,2
"Bêta  je ne use pas l'huile rouge au quotidien en plus, si ça me send au toilette, je vais y aller avec mon téléphone et mon chargeur et je vais bien passer le temps",2
C'est qu'elle ressé?,1
This message was deleted,1
"Tu ne m'as pas dit, c'est que je serai go prendre chez elle au calme",1
Thème de la réunion svp,1
Comment connaître la bonne huile Rouge,2
C est ce qui coûte 1500p là,1
Vous avez trop parler sa ma donné les envies de koki,1
Je viens directement,1
Il faut quoi comme complément les bananes ou les plantains  This message was edited,1
Banane,1
J'en ai. Dis moi maintenant on fait comment,1
Heureusement que tu avais déjà dit que tu aimes manger.,1
Non plantin,1
Moi je peux venir avec le vin pour faire descendre ça,1
J aime pas ça hien,1
Et moi ma bouche pour manger,1
tu es où,1
j'ai honte de répondre à cette question,1
Tu n'es pas dans ze mood du weekend? Je suis déjà prêt,1
Mp la fête est finie ?,1
Tu as téléchargé le sugar daddy?,1
"Ikiii la st Valentin qui a réussi, quand tu vois tu sais",1
Mp veut dire Marie Paul?,1
Chez le gar,1
j'étais prête,1
"Leurs gars qu'on entend toujours parler sans voir, même le st esprit se manifeste de temps en temps",1
Réponds à ma question mr,1
Ton maudia,1
C'est la nourriture qui a fait ça  on m'a convaincu avec,1
c'est l'interview de quelle chaîne?,1
Ta marmite est percée?,1
ou même,1
ASECAM News,1
"on ne m'a ni posté, ni donné un cadeau",1
elle n'a qu'appuyer ma bouche,1
Pas encore  les gars de Moscou ne veulent pas faire la cuisine,1
Lol et toi tu as posté le genre qu'il s'est vu lui seul dans ton statut non,1
Donne moi deux secondes,1
le gar en question a refusé de venir à rudn aujourd'hui  c'est pourquoi j'ai préféré la nourriture,1
Je te dis,1
Jang tu es sûre que ça va?,1
tu connais mon point faible nor,1
"je ne pouvais pas poster un et laisser le reste, donc j'ai rien posté",1
Tu fais Quoi avec un gars que tu ne peux pas manipuler? C'est comme ça tu appliques les conseils que je te donne?,1
ici tu joues dans les 2 camps donc c'est même toi le traître qui m'a vendu,1
C est le faux,1
Lol oui oui,1
Koki qui va ressembler au manka trempé quand tu vois tu sais,1
sois concentrée !! Te voilà qui m'a vendu pour la chop,1
départ très imminent,1
Je prend tout suite,1
Encore toi,1
Et toi,1
237652314087  c'est dans ma galère que la go .... M'a quitté,1
Le dehors chauffe,1
"79013886871  toi tu es dedans mais n'es pas différente de ceux qui sont. Si ça ne va pas, tu prends le somnifère",1
Maintenant on met même les urines mama,1
Et on met aussi la banane la dans le mpem sans sel ou le zom sans sel plus le Macabo si tu veux,1
Bonsoir bonsoir,2
Bsr Svp qui as le bita cola ici,1
null,1
"Joyeux anniversaire, Elomo Mba Joëlle Nadege !",1
79998435637 HBD à toi et aux autres cités,1
Merci,2
Change your name in the database since your status has changed,1
lol,1
No stress me oo,1
A talk na bad talk?,1
Moi,1
Nobi bad talk oo but no stress me,1
HBD à la deuxième femme mariée,1
Hbd to you all,1
Hbd Laurichou,1
"Joyeux anniversaire, Elomo Mba Joëlle Nadege !",1
